frame_index,transport_protocol,receive_time_ns,payload_bytes
0,tcp,51450356505384,6663
1,tcp,51450356519604,121
2,tcp,51450356523474,92
3,tcp,51450356525454,112
4,tcp,51450356526894,94
5,tcp,51450392653614,61
6,tcp,51450434445204,61
7,tcp,51450475937364,49
8,tcp,51450517740204,41
9,tcp,51450559338204,39
10,tcp,51450601047894,35
11,tcp,51450642658224,28
12,tcp,51450826139064,131
13,tcp,51450826150764,26
14,tcp,51450826152384,24
15,tcp,51450826153734,22
16,tcp,51450867818154,19
17,tcp,51450909497334,18
18,tcp,51451076143584,17
19,tcp,51451076154204,17
20,tcp,51451076155914,18
21,tcp,51451076157174,17
22,tcp,51451117757514,17
23,tcp,51451159442184,18
24,tcp,51451184310804,539
25,tcp,51451226032644,80
26,tcp,51451267723614,53
27,tcp,51451309342134,52
28,tcp,51451351055424,45
29,tcp,51451392677094,45
30,tcp,51451434287694,45
31,tcp,51451476067314,41
32,tcp,51451517645604,37
33,tcp,51451559292024,40
34,tcp,51451600962024,39
35,tcp,51451642607994,35
36,tcp,51451684346124,201
37,tcp,51451725936474,39
38,tcp,51451767659844,37
39,tcp,51451809309954,42
40,tcp,51451851022434,39
41,tcp,51451892655624,33
42,tcp,51452076139074,39
43,tcp,51452076152934,37
44,tcp,51452076155004,35
45,tcp,51452076156714,39
46,tcp,51452159417064,36
47,tcp,51452159426244,35
48,tcp,51452184384594,1034
49,tcp,51452259588684,71
50,tcp,51452267652594,48
51,tcp,51452309312244,36
52,tcp,51452359837794,65
53,tcp,51452392634784,20
54,tcp,51452434291284,20
55,tcp,51452475977934,24
56,tcp,51452517632004,20
57,tcp,51452559314514,20
58,tcp,51452600923764,20
59,tcp,51452642707614,20
60,tcp,51452684326674,226
61,tcp,51452726022324,28
62,tcp,51452767684314,28
63,tcp,51452809368084,28
64,tcp,51452850948084,25
65,tcp,51452892651924,26
66,tcp,51452934278364,25
67,tcp,51452975977434,25
68,tcp,51453017669394,22
69,tcp,51453059327514,22
70,tcp,51453101032254,22
71,tcp,51453142606494,22
72,tcp,51453184345524,824
73,tcp,51453225958914,60
74,tcp,51453409482864,42
75,tcp,51453409493934,72
76,tcp,51453409495374,31
77,tcp,51453409497984,29
78,tcp,51453492868674,26
79,tcp,51453492884604,20
80,tcp,51453517715694,18
81,tcp,51453593032914,17
82,tcp,51453601021314,17
83,tcp,51453642601494,18
84,tcp,51453693263574,191
85,tcp,51453725974974,25
86,tcp,51453767602314,21
87,tcp,51453809312184,22
88,tcp,51453850988304,20
89,tcp,51453892669914,20
90,tcp,51453934268724,20
91,tcp,51453975964734,20
92,tcp,51454017654894,20
93,tcp,51454059318234,20
94,tcp,51454100949804,20
95,tcp,51454142601804,20
96,tcp,51454184302584,934
97,tcp,51454225982394,61
98,tcp,51454267647894,39
99,tcp,51454309413024,30
100,tcp,51454350989064,48
101,tcp,51454392602184,26
102,tcp,51454434286494,29
103,tcp,51454475969364,22
104,tcp,51454517627394,20
105,tcp,51454559306844,20
106,tcp,51454600976124,19
107,tcp,51454642677264,20
108,tcp,51454684457604,179
109,tcp,51454726013214,23
110,tcp,51454767677994,22
111,tcp,51454809395694,22
112,tcp,51454850953644,21
113,tcp,51455034439974,22
114,tcp,51455034449244,21
115,tcp,51455034450684,21
116,tcp,51455034451854,22
117,tcp,51455117776194,21
118,tcp,51455117787354,21
119,tcp,51455142641394,22
120,tcp,51455218037094,982
121,tcp,51455225937564,103
122,tcp,51455267598384,37
123,tcp,51455318250384,31
124,tcp,51455350957464,23
125,tcp,51455392645014,22
126,tcp,51455434363434,23
127,tcp,51455476136844,22
128,tcp,51455517683004,22
129,tcp,51455559351474,22
130,tcp,51455742856614,20
131,tcp,51455742872454,20
132,tcp,51455742874614,70
133,tcp,51455742876324,19
134,tcp,51455826193374,20
135,tcp,51455826210294,17
136,tcp,51455850884244,17
137,tcp,51455926362384,18
138,tcp,51455934330354,17
139,tcp,51455975935914,17
140,tcp,51456159461304,18
141,tcp,51456159470934,17
142,tcp,51456259625814,17
143,tcp,51456359874744,18
144,tcp,51456359887074,1140
145,tcp,51456359890134,36
146,tcp,51456359892564,33
147,tcp,51456359894634,32
148,tcp,51456359896524,24
149,tcp,51456392627634,20
150,tcp,51456460127364,20
151,tcp,51456492808254,21
152,tcp,51456560344074,20
153,tcp,51456560356584,19
154,tcp,51456600989874,19
155,tcp,51456642595794,18
156,tcp,51456684296934,192
157,tcp,51456725997624,26
158,tcp,51456767619474,26
159,tcp,51456826230624,29
160,tcp,51456851077194,26
161,tcp,51456892720374,25
162,tcp,51457076131374,27
163,tcp,51457076140374,21
164,tcp,51457494396924,20
165,tcp,51457494407454,19
166,tcp,51457494408804,19
167,tcp,51457494409884,20
168,tcp,51457494411954,648
169,tcp,51457494414384,49
170,tcp,51457494415644,35
171,tcp,51457494417174,36
172,tcp,51457494418254,24
173,tcp,51457494420054,20
174,tcp,51457494421404,17
175,tcp,51457494422484,17
176,tcp,51457594599054,18
177,tcp,51457594609494,17
178,tcp,51457600990764,17
179,tcp,51457694819814,18
180,tcp,51457694835834,219
181,tcp,51457726039914,25
182,tcp,51457767691644,25
183,tcp,51457809267414,26
184,tcp,51457851044334,25
185,tcp,51457892636664,22
186,tcp,51457934285514,22
187,tcp,51457975968114,21
188,tcp,51458017605084,22
189,tcp,51458059381374,21
190,tcp,51458100924294,21
191,tcp,51458142595644,20
192,tcp,51458184380574,1224
193,tcp,51458225939514,212
194,tcp,51458267634174,44
195,tcp,51458309380224,37
196,tcp,51458351011344,54
197,tcp,51458392649124,29
198,tcp,51458434325694,29
199,tcp,51458475911904,28
200,tcp,51458517650394,25
201,tcp,51458559339294,25
202,tcp,51458742803574,21
203,tcp,51458742813924,22
204,tcp,51458742815544,167
205,tcp,51458742816804,31
206,tcp,51458826180384,24
207,tcp,51458826190194,22
208,tcp,51458850964494,20
209,tcp,51458926336434,20
210,tcp,51458934311964,20
211,tcp,51458975912574,20
212,tcp,51459026503914,20
213,tcp,51459201112014,20
214,tcp,51459201124614,20
215,tcp,51459201126594,20
216,tcp,51459301316844,911
217,tcp,51459301327554,51
218,tcp,51459301329354,30
219,tcp,51459401531214,27
220,tcp,51459401542284,23
221,tcp,51459401546514,21
222,tcp,51459434308854,21
223,tcp,51459476092344,19
224,tcp,51459517632114,18
225,tcp,51459559293474,15
226,tcp,51459600959784,15
227,tcp,51459642704574,16
228,tcp,51459826161384,193
229,tcp,51459826171734,21
230,tcp,51459826173354,19
231,tcp,51459826174614,20
232,tcp,51459909510924,17
233,tcp,51459909523704,18
234,tcp,51459934304034,17
235,tcp,51460009672824,18
236,tcp,51460017666984,18
237,tcp,51460059225654,18
238,tcp,51460109880174,17
239,tcp,51460142585094,16
240,tcp,51460184300724,1107
241,tcp,51460225961724,235
242,tcp,51460267739814,45
243,tcp,51460309273644,28
244,tcp,51460350968124,100
245,tcp,51460392714534,32
246,tcp,51460434311904,27
247,tcp,51460475939694,24
248,tcp,51460659358254,22
249,tcp,51460659367434,18
250,tcp,51460759506114,4675
251,tcp,51460759514394,96
252,tcp,51460759516644,204
253,tcp,51460759518264,159
254,tcp,51460992737784,67
255,tcp,51460992747144,51
256,tcp,51460992748674,79
257,tcp,51460992750204,38
258,tcp,51460992751644,37
259,tcp,51461034387174,35
260,tcp,51461034396714,24
261,tcp,51461092867914,20
262,tcp,51461134548444,19
263,tcp,51461193067254,15
264,tcp,51461193080484,446
265,tcp,51461234747604,61
266,tcp,51461267588964,47
267,tcp,51461309309004,41
268,tcp,51461350960914,35
269,tcp,51461409551724,24
270,tcp,51461434313874,21
271,tcp,51461475997194,15
272,tcp,51461517685824,16
273,tcp,51461559354924,15
274,tcp,51461600912694,15
275,tcp,51461642616354,13
276,tcp,51461684316864,209
277,tcp,51461725971654,22
278,tcp,51461767572624,24
279,tcp,51461809269984,23
280,tcp,51461850911454,20
281,tcp,51461892665064,17
282,tcp,51461934363954,17
283,tcp,51461975961324,17
284,tcp,51462017659674,15
285,tcp,51462201351924,15
286,tcp,51462201376224,15
287,tcp,51462201378384,15
288,tcp,51462201382074,1076
289,tcp,51462284506974,186
290,tcp,51462284517324,40
291,tcp,51462309290634,34
292,tcp,51462409488804,62
293,tcp,51462409499514,24
294,tcp,51462434279394,27
295,tcp,51462475962894,25
296,tcp,51462517567914,23
297,tcp,51462559228644,20
298,tcp,51462601025094,17
299,tcp,51462642688974,15
300,tcp,51462684254394,252
301,tcp,51462725967594,21
302,tcp,51462767621484,22
303,tcp,51462809303634,23
304,tcp,51462850959954,21
305,tcp,51462892566504,20
306,tcp,51462934290324,20
307,tcp,51462975888324,19
308,tcp,51463017681264,20
309,tcp,51463059267474,19
310,tcp,51463101003264,19
311,tcp,51463142596854,20
312,tcp,51463184326794,841
313,tcp,51463225951524,89
314,tcp,51463267593804,37
315,tcp,51463309245444,37
316,tcp,51463350939834,83
317,tcp,51463392637734,34
318,tcp,51463434303414,34
319,tcp,51463476122544,26
320,tcp,51463517799564,22
321,tcp,51463559267964,19
322,tcp,51463600923654,20
323,tcp,51463642553424,20
324,tcp,51463684251324,232
325,tcp,51463725892524,33
326,tcp,51463767599064,28
327,tcp,51463809260244,26
328,tcp,51463850901714,26
329,tcp,51463892830284,24
330,tcp,51463934306154,21
331,tcp,51463976270094,22
332,tcp,51464017604484,22
333,tcp,51464059267824,21
334,tcp,51464100990474,22
335,tcp,51464142687384,22
336,tcp,51464184319674,905
337,tcp,51464225959524,128
338,tcp,51464267602524,42
339,tcp,51464309426244,32
340,tcp,51464350947654,45
341,tcp,51464392690374,25
342,tcp,51464434291704,25
343,tcp,51464476053954,19
344,tcp,51464517606954,20
345,tcp,51464559241674,17
346,tcp,51464617805394,19
347,tcp,51464642650254,18
348,tcp,51464826035244,237
349,tcp,51464826045684,30
350,tcp,51464826050094,27
351,tcp,51464826051264,24
352,tcp,51464909474334,22
353,tcp,51464909491434,20
354,tcp,51464934285354,19
355,tcp,51465009631464,17
356,tcp,51465017594754,18
357,tcp,51465059252694,17
358,tcp,51465109809564,17
359,tcp,51465142594224,16
360,tcp,51465209996484,1446
361,tcp,51465225892374,220
362,tcp,51465267640314,75
363,tcp,51465310252704,48
364,tcp,51465350962854,54
365,tcp,51465392587854,25
366,tcp,51465434243094,26
367,tcp,51465475912014,21
368,tcp,51465517574994,16
369,tcp,51465559382964,15
370,tcp,51465742818264,12
371,tcp,51465742831404,13
372,tcp,51465742834464,196
373,tcp,51465742836894,21
374,tcp,51465826134774,20
375,tcp,51465826146474,17
376,tcp,51465851047314,16
377,tcp,51465926288394,17
378,tcp,51465934313964,18
379,tcp,51465975866964,16
380,tcp,51466026506454,17
381,tcp,51466059276264,16
382,tcp,51466100943654,15
383,tcp,51466142623374,16
384,tcp,51466184264664,1115
385,tcp,51466409524494,179
386,tcp,51466409537994,36
387,tcp,51466409540784,34
388,tcp,51466409543304,50
389,tcp,51466451144094,28
390,tcp,51466451154264,26
391,tcp,51466509694494,26
392,tcp,51466551330204,18
393,tcp,51466559279364,17
394,tcp,51466609860444,15
395,tcp,51466651626384,13
396,tcp,51466684293684,167
397,tcp,51466726001304,23
398,tcp,51466767624864,23
399,tcp,51466826237004,23
400,tcp,51466850901324,21
401,tcp,51466892628924,18
402,tcp,51466934295774,18
403,tcp,51466975965684,15
404,tcp,51467017622094,16
405,tcp,51467059298484,15
406,tcp,51467100918354,15
407,tcp,51467142627054,16
408,tcp,51467184369774,654
409,tcp,51467367685464,81
410,tcp,51467367696534,36
411,tcp,51467367698154,28
412,tcp,51467367699414,32
413,tcp,51467451131754,16
414,tcp,51467451142374,15
415,tcp,51467475958344,15
416,tcp,51467551299774,16
417,tcp,51467559359094,15
418,tcp,51467600990844,15
419,tcp,51467651491194,16
420,tcp,51467684309514,249
421,tcp,51467725930734,25
422,tcp,51467767596504,21
423,tcp,51467809261554,23
424,tcp,51467992876404,21
425,tcp,51467992898544,20
426,tcp,51467992900704,20
427,tcp,51467992901964,17
428,tcp,51468076080324,15
429,tcp,51468076089414,12
430,tcp,51468100935894,12
431,tcp,51468176284704,13
432,tcp,51468184298484,1232
433,tcp,51468226057494,279
434,tcp,51468276527514,35
435,tcp,51468309415494,29
436,tcp,51468351093324,85
437,tcp,51468392648934,21
438,tcp,51468434351514,19
439,tcp,51468476076144,28
440,tcp,51468517645074,19
441,tcp,51468559283934,17
442,tcp,51468601008564,17
443,tcp,51468642571734,15
444,tcp,51468684329124,196
445,tcp,51468725976174,23
446,tcp,51468767648244,22
447,tcp,51468809307354,21
448,tcp,51468850944144,19
449,tcp,51468892608024,20
450,tcp,51469117719804,19
451,tcp,51469117731954,17
452,tcp,51469117733664,18
453,tcp,51469117734744,17
454,tcp,51469590338064,17
455,tcp,51469590347604,15
456,tcp,51469590350304,848
457,tcp,51469590352644,93
458,tcp,51469590353994,29
459,tcp,51469590355164,27
460,tcp,51469590356784,53
461,tcp,51469590357864,19
462,tcp,51469590358944,18
463,tcp,51469590359934,15
464,tcp,51469590361014,16
465,tcp,51469590362004,15
466,tcp,51469690513914,15
467,tcp,51469690525884,16
468,tcp,51469690528944,233
469,tcp,51469725977154,22
470,tcp,51469790641074,23
471,tcp,51469809415344,24
472,tcp,51469850926224,23
473,tcp,51469892608914,22
474,tcp,51469934306454,21
475,tcp,51469975965564,19
476,tcp,51470017643484,17
477,tcp,51470059219524,16
478,tcp,51470100921474,16
479,tcp,51470142539994,17
480,tcp,51470184225834,1485
481,tcp,51470225897004,698
482,tcp,51470267637384,48
483,tcp,51470309253474,45
484,tcp,51470350939044,52
485,tcp,51470392628574,34
486,tcp,51470434303344,34
487,tcp,51470475957774,35
488,tcp,51470517628134,27
489,tcp,51470559325944,24
490,tcp,51470600950494,33
491,tcp,51470642597634,22
492,tcp,51470684361324,195
493,tcp,51470725954464,34
494,tcp,51470767631394,30
495,tcp,51470809410024,25
496,tcp,51470850918294,22
497,tcp,51470892559134,18
498,tcp,51470934256764,17
499,tcp,51470975979054,19
500,tcp,51471064703214,5598
501,tcp,51471086001534,147
502,tcp,51471117830484,80
503,tcp,51471142613784,69
504,tcp,51471184298004,561
505,tcp,51471226119834,162
506,tcp,51471267614154,150
507,tcp,51471309234654,58
508,tcp,51471350931474,35
509,tcp,51471392572764,48
510,tcp,51471434264364,26
511,tcp,51471475928424,27
512,tcp,51471517626954,24
513,tcp,51471559283994,19
514,tcp,51471600928344,17
515,tcp,51471642635064,19
516,tcp,51471684380304,1548
517,tcp,51472111921524,80
518,tcp,51472111933404,76
519,tcp,51472111936464,270
520,tcp,51472111944114,69
521,tcp,51472111948164,39
522,tcp,51472111949784,38
523,tcp,51472111951674,19
524,tcp,51472212126354,18
525,tcp,51472212139764,15
526,tcp,51472212142014,12
527,tcp,51472212144084,12
528,tcp,51472212147234,784
529,tcp,51472225900314,184
530,tcp,51472409457834,69
531,tcp,51472409468454,40
532,tcp,51472409470254,25
533,tcp,51472409471694,17
534,tcp,51472492787754,13
535,tcp,51472492798284,12
536,tcp,51472517597604,12
537,tcp,51472592912484,13
538,tcp,51472600890894,12
539,tcp,51472642617594,12
540,tcp,51472701033354,466
541,tcp,51472725981534,29
542,tcp,51472767641364,29
543,tcp,51472951151994,33
544,tcp,51472951164324,17
545,tcp,51473051329554,17
546,tcp,51473151559044,18
547,tcp,51473151568224,12
548,tcp,51473151569664,12
549,tcp,51473151571014,13
550,tcp,51473151572094,12
551,tcp,51473151573174,12
552,tcp,51473184243354,871
553,tcp,51473251837134,152
554,tcp,51473267654634,46
555,tcp,51473309324274,44
556,tcp,51473352146004,115
557,tcp,51473392701534,25
558,tcp,51473434265964,23
559,tcp,51473475913374,22
560,tcp,51473517617304,19
561,tcp,51473559273354,18
562,tcp,51473742773004,15
563,tcp,51473742786954,15
564,tcp,51473742790644,540
565,tcp,51473742793614,36
566,tcp,51473826159714,31
567,tcp,51473826172224,142
568,tcp,51473850999264,27
569,tcp,51473926342134,26
570,tcp,51473934325494,37
571,tcp,51473976068934,19
572,tcp,51474026590344,15
573,tcp,51474059378964,15
574,tcp,51474100953564,15
575,tcp,51474142633644,15
576,tcp,51474184289244,923
577,tcp,51474225933954,249
578,tcp,51474267625374,51
579,tcp,51474309233364,34
580,tcp,51474350921904,39
581,tcp,51474392644734,29
582,tcp,51474434272164,25
583,tcp,51474617950014,31
584,tcp,51474617963874,29
585,tcp,51474617966304,25
586,tcp,51474617968284,23
587,tcp,51475094498214,20
588,tcp,51475094513514,649
589,tcp,51475094516844,41
590,tcp,51475094518914,38
591,tcp,51475094521344,144
592,tcp,51475094523234,39
593,tcp,51475094526024,30
594,tcp,51475094528094,38
595,tcp,51475094529894,21
596,tcp,51475094531694,22
597,tcp,51475094533584,19
598,tcp,51475100937984,12
599,tcp,51475194658314,12
600,tcp,51475194675054,1129
601,tcp,51475225904694,294
602,tcp,51475294748124,53
603,tcp,51475309303104,37
604,tcp,51475394923974,36
605,tcp,51475394936304,25
606,tcp,51475434223824,23
607,tcp,51475475914614,18
608,tcp,51475517681904,15
609,tcp,51475559291424,16
610,tcp,51475600925694,15
611,tcp,51475642555824,15
612,tcp,51475684364424,658
613,tcp,51475726001574,31
614,tcp,51475767736194,29
615,tcp,51475809358764,93
616,tcp,51475851063954,22
617,tcp,51476034491064,18
618,tcp,51476034500334,52
619,tcp,51476034501684,17
620,tcp,51476034502854,17
621,tcp,51476117825664,17
622,tcp,51476117838804,12
623,tcp,51476142612744,12
624,tcp,51476218002774,1161
625,tcp,51476225877684,245
626,tcp,51476267608254,51
627,tcp,51476318225784,40
628,tcp,51476350929804,30
629,tcp,51476392630224,24
630,tcp,51476434243794,19
631,tcp,51476475917304,19
632,tcp,51476517662274,19
633,tcp,51476559476454,19
634,tcp,51476601161304,19
635,tcp,51476642655534,17
636,tcp,51476684337054,880
637,tcp,51476725951884,36
638,tcp,51476909413014,36
639,tcp,51476909425974,159
640,tcp,51476909428674,30
641,tcp,51476909431194,25
642,tcp,51476992825374,46
643,tcp,51476992838154,27
644,tcp,51477017623164,20
645,tcp,51477117815214,25
646,tcp,51477117825564,12
647,tcp,51477142596174,12
648,tcp,51477184251684,718
649,tcp,51477225938154,101
650,tcp,51477409357074,75
651,tcp,51477409368774,27
652,tcp,51477409370304,19
653,tcp,51477451042374,17
654,tcp,51477451051824,12
655,tcp,51477509486484,12
656,tcp,51477551256384,12
657,tcp,51477609674394,12
658,tcp,51477609684474,12
659,tcp,51477651487764,12
660,tcp,51477684256314,308
661,tcp,51477725879334,26
662,tcp,51477767578404,24
663,tcp,51477809229144,44
664,tcp,51477850967004,18
665,tcp,51477892639254,17
666,tcp,51477934260294,17
667,tcp,51477975946314,15
668,tcp,51478017614244,15
669,tcp,51478201072764,15
670,tcp,51478201081674,12
671,tcp,51478201083024,12
672,tcp,51478201085004,1242
673,tcp,51478284417804,415
674,tcp,51478284428154,113
675,tcp,51478309237824,46
676,tcp,51478384599954,36
677,tcp,51478392592494,26
678,tcp,51478434266814,19
679,tcp,51478484778324,19
680,tcp,51478517626794,17
681,tcp,51478559259534,15
682,tcp,51478600928094,15
683,tcp,51478642567314,15
684,tcp,51478684312284,658
685,tcp,51478725976524,37
686,tcp,51478767604584,35
687,tcp,51478809261354,95
688,tcp,51478851060324,26
689,tcp,51478892594064,20
690,tcp,51478934305734,18
691,tcp,51478975965924,15
692,tcp,51479017580034,12
693,tcp,51479059220424,13
694,tcp,51479100926874,12
695,tcp,51479284480254,12
696,tcp,51479284495914,888
697,tcp,51479284499334,203
698,tcp,51479284501494,83
699,tcp,51479367810444,29
700,tcp,51479367821244,120
701,tcp,51479568239994,28
702,tcp,51479568254754,23
703,tcp,51479568257274,19
704,tcp,51479576212104,17
705,tcp,51479576228934,12
706,tcp,51479668350594,12
707,tcp,51479668359954,12
708,tcp,51479684237574,808
709,tcp,51479768562084,33
710,tcp,51479768572074,32
711,tcp,51479809268904,57
712,tcp,51479998252344,25
713,tcp,51479998265124,16
714,tcp,51479998267554,17
715,tcp,51479998269624,12
716,tcp,51480092880504,12
717,tcp,51480092887884,13
718,tcp,51480100924074,12
719,tcp,51480193069044,12
720,tcp,51480193080654,1662
721,tcp,51480225982674,993
722,tcp,51480293315004,142
723,tcp,51480309260664,58
724,tcp,51480350955054,126
725,tcp,51480393505884,53
726,tcp,51480434243664,34
727,tcp,51480475952364,29
728,tcp,51480517580874,29
729,tcp,51480559300464,25
730,tcp,51480601058484,25
731,tcp,51480642524544,23
732,tcp,51480684256104,1401
733,tcp,51480725912784,45
734,tcp,51480767577204,42
735,tcp,51480809337564,130
736,tcp,51480850983264,36
737,tcp,51480892699974,25
738,tcp,51480934253694,79
739,tcp,51480975921534,32
740,tcp,51481159454754,28
741,tcp,51481159467264,26
742,tcp,51481159469064,12
743,tcp,51481259541684,12
744,tcp,51481259549154,585
745,tcp,51481259551224,118
746,tcp,51481359837954,49
747,tcp,51481359853704,34
748,tcp,51481359856044,25
749,tcp,51481392630804,22
750,tcp,51481660498614,6396
751,tcp,51481660508154,161
752,tcp,51481660510044,81
753,tcp,51481660511574,134
754,tcp,51481660512834,74
755,tcp,51481660517334,80
756,tcp,51481894150224,328
757,tcp,51481894159404,73
758,tcp,51481894161474,76
759,tcp,51481894163004,78
760,tcp,51481894164174,63
761,tcp,51481967832414,63
762,tcp,51481967839704,69
763,tcp,51481994225004,54
764,tcp,51482068139844,57
765,tcp,51482068153704,62
766,tcp,51482100908034,47
767,tcp,51482168397234,52
768,tcp,51482184301944,1086
769,tcp,51482226095244,320
770,tcp,51482268572274,97
771,tcp,51482309230044,47
772,tcp,51482492831664,43
773,tcp,51482492844084,27
774,tcp,51482576138094,21
775,tcp,51482576154294,21
776,tcp,51482593000764,19
777,tcp,51482593013544,21
778,tcp,51482676255084,23
779,tcp,51482676263544,19
780,tcp,51482693296584,513
781,tcp,51482725929414,34
782,tcp,51482776498974,32
783,tcp,51482809321974,57
784,tcp,51482850966684,23
785,tcp,51482892642084,23
786,tcp,51482934373464,21
787,tcp,51482976079464,17
788,tcp,51483017633544,15
789,tcp,51483059319204,15
790,tcp,51483101007294,15
791,tcp,51483142629414,15
792,tcp,51483184376364,666
793,tcp,51483225975354,214
794,tcp,51483267664074,68
795,tcp,51483309257754,43
796,tcp,51483350991744,41
797,tcp,51483392625564,30
798,tcp,51483434235804,23
799,tcp,51483475895274,20
800,tcp,51483517609284,19
801,tcp,51483559257594,15
802,tcp,51483600920394,15
803,tcp,51483642673554,15
804,tcp,51483684283794,513
805,tcp,51483725954334,31
806,tcp,51483767601384,32
807,tcp,51483809339874,101
808,tcp,51483850964064,28
809,tcp,51484034465334,26
810,tcp,51484034478924,51
811,tcp,51484034481624,17
812,tcp,51484034483514,15
813,tcp,51484117757364,13
814,tcp,51484117770054,12
815,tcp,51484142599704,12
816,tcp,51484218050034,876
817,tcp,51484225907034,264
818,tcp,51484267646694,42
819,tcp,51484318199244,29
820,tcp,51484367834964,21
821,tcp,51484392643014,18
822,tcp,51484576213044,19
823,tcp,51484576226454,20
824,tcp,51484576229244,18
825,tcp,51484576231404,17
826,tcp,51484659400314,17
827,tcp,51484659413454,17
828,tcp,51484684239864,708
829,tcp,51484890240864,48
830,tcp,51484890251394,46
831,tcp,51484890253464,99
832,tcp,51484890254724,36
833,tcp,51484967892054,32
834,tcp,51484967900424,65
835,tcp,51484990398084,21
836,tcp,51485618246454,17
837,tcp,51485618256444,22
838,tcp,51485618257884,17
839,tcp,51485818470624,17
840,tcp,51485818480704,939
841,tcp,51485818483134,334
842,tcp,51485818484574,53
843,tcp,51485818486014,35
844,tcp,51485818487094,35
845,tcp,51485818488174,26
846,tcp,51485818489164,23
847,tcp,51485818490154,22
848,tcp,51485818491144,19
849,tcp,51485818492134,18
850,tcp,51485818493124,19
851,tcp,51485818494114,17
852,tcp,51485818495284,653
853,tcp,51485918663304,32
854,tcp,51485918675814,27
855,tcp,51485918678514,85
856,tcp,51485918680674,22
857,tcp,51485918682564,20
858,tcp,51485934332304,77
859,tcp,51486018790014,24
860,tcp,51486018802524,23
861,tcp,51486059256444,20
862,tcp,51486118970364,12
863,tcp,51486284393334,12
864,tcp,51486284408274,1089
865,tcp,51486284411334,305
866,tcp,51486326036964,40
867,tcp,51486326049474,35
868,tcp,51486426160794,28
869,tcp,51486426171144,24
870,tcp,51486434316234,19
871,tcp,51486475933764,19
872,tcp,51486526260864,19
873,tcp,51486576130494,18
874,tcp,51486600957264,17
875,tcp,51486642639414,15
876,tcp,51486684256404,913
877,tcp,51486726000474,36
878,tcp,51486767588844,37
879,tcp,51486809246874,95
880,tcp,51486850969974,24
881,tcp,51486892655184,25
882,tcp,51486934289184,24
883,tcp,51487117855974,12
884,tcp,51487117866324,12
885,tcp,51487117867764,13
886,tcp,51487218166284,12
887,tcp,51487218175554,12
888,tcp,51487218189414,672
889,tcp,51487638421284,89
890,tcp,51487638434334,49
891,tcp,51487638436944,36
892,tcp,51487638439824,34
893,tcp,51487638442164,76
894,tcp,51487638444684,30
895,tcp,51487638446664,26
896,tcp,51487638448644,21
897,tcp,51487638450804,19
898,tcp,51487638452874,17
899,tcp,51487642623654,17
900,tcp,51487738586154,365
901,tcp,51487738599744,27
902,tcp,51487767658944,29
903,tcp,51487838769114,100
904,tcp,51487850905884,25
905,tcp,51487892679654,20
906,tcp,51487938981144,18
907,tcp,51487975947564,15
908,tcp,51488017640874,15
909,tcp,51488059338504,13
910,tcp,51488100944694,12
911,tcp,51488142635214,12
912,tcp,51488184297114,1219
913,tcp,51488225938224,432
914,tcp,51488409477474,78
915,tcp,51488409487284,37
916,tcp,51488409488814,37
917,tcp,51488409490164,25
918,tcp,51488492841414,19
919,tcp,51488492854644,20
920,tcp,51488517690324,19
921,tcp,51488593067394,17
922,tcp,51488600992614,15
923,tcp,51488642747754,15
924,tcp,51488693295714,542
925,tcp,51488725964814,33
926,tcp,51488767706634,28
927,tcp,51488809288974,111
928,tcp,51488850904704,25
929,tcp,51488892631764,19
930,tcp,51488934250824,20
931,tcp,51488975924874,12
932,tcp,51489017590194,12
933,tcp,51489059418684,13
934,tcp,51489100927764,12
935,tcp,51489142684974,12
936,tcp,51489184281714,868
937,tcp,51489226041264,159
938,tcp,51489267648354,69
939,tcp,51489309216564,29
940,tcp,51489350881524,94
941,tcp,51489392623884,26
942,tcp,51489434270484,18
943,tcp,51489476088444,12
944,tcp,51489517596714,12
945,tcp,51489559384524,12
946,tcp,51489600957774,12
947,tcp,51489642726774,12
948,tcp,51489684242424,821
949,tcp,51489725913594,31
950,tcp,51489767593404,32
951,tcp,51489809314614,62
952,tcp,51489850926474,27
953,tcp,51489892616364,20
954,tcp,51489934335144,24
955,tcp,51489975918294,12
956,tcp,51490201259124,12
957,tcp,51490201273434,13
958,tcp,51490201275594,12
959,tcp,51490201277304,12
960,tcp,51490301325174,1578
961,tcp,51490301332644,687
962,tcp,51490301334444,58
963,tcp,51490401468444,54
964,tcp,51490401478614,70
965,tcp,51490401480054,63
966,tcp,51490434274974,55
967,tcp,51490475938134,52
968,tcp,51490517564214,43
969,tcp,51490559317824,33
970,tcp,51490600935354,32
971,tcp,51490642600134,30
972,tcp,51490684329174,1164
973,tcp,51490725967944,48
974,tcp,51490767586464,44
975,tcp,51490809297054,57
976,tcp,51490850926194,27
977,tcp,51490892720214,23
978,tcp,51490934242524,31
979,tcp,51490975938174,17
980,tcp,51491017592694,15
981,tcp,51491059263864,16
982,tcp,51491100946554,12
983,tcp,51491142542484,12
984,tcp,51491184301044,570
985,tcp,51491225898774,104
986,tcp,51491284513524,39
987,tcp,51491309260914,29
988,tcp,51491350952154,26
989,tcp,51491534493834,17
990,tcp,51491534504004,15
991,tcp,51491534505444,15
992,tcp,51491534506614,15
993,tcp,51491617836894,12
994,tcp,51491617849314,12
995,tcp,51491642543424,12
996,tcp,51491718057924,524
997,tcp,51491725962084,31
998,tcp,51491767569804,27
999,tcp,51491818211994,27
1000,tcp,51492098255634,6027
1001,tcp,51492098270214,101
1002,tcp,51492098273634,145
1003,tcp,51492098275614,65
1004,tcp,51492098277594,32
1005,tcp,51492098279574,50
1006,tcp,51492159482994,27
1007,tcp,51492159493614,23
1008,tcp,51492198387204,1055
1009,tcp,51492259664334,372
1010,tcp,51492267637524,51
1011,tcp,51492309334974,39
1012,tcp,51492359912544,45
1013,tcp,51492392610804,31
1014,tcp,51492434333544,26
1015,tcp,51492476084544,35
1016,tcp,51492517703154,24
1017,tcp,51492559238784,21
1018,tcp,51492600987354,21
1019,tcp,51492642649884,17
1020,tcp,51492684267414,372
1021,tcp,51492725918514,31
1022,tcp,51492767706774,27
1023,tcp,51492809338884,33
1024,tcp,51492851090064,26
1025,tcp,51492892609224,19
1026,tcp,51492934297674,19
1027,tcp,51493117751784,15
1028,tcp,51493117762044,15
1029,tcp,51493117763484,15
1030,tcp,51493117766994,15
1031,tcp,51493201163784,15
1032,tcp,51493201174674,853
1033,tcp,51493226162094,381
1034,tcp,51493301332884,52
1035,tcp,51493309215174,41
1036,tcp,51493350904434,107
1037,tcp,51493401570384,36
1038,tcp,51493434319674,30
1039,tcp,51493617808524,25
1040,tcp,51493617825264,19
1041,tcp,51493617827514,19
1042,tcp,51493617829494,19
1043,tcp,51493701240954,19
1044,tcp,51493701266064,362
1045,tcp,51493801388274,35
1046,tcp,51493801395474,30
1047,tcp,51493809159774,139
1048,tcp,51493850915544,33
1049,tcp,51493901584554,21
1050,tcp,51493934302434,20
1051,tcp,51493975914654,19
1052,tcp,51494017622634,15
1053,tcp,51494059325394,16
1054,tcp,51494266273824,15
1055,tcp,51494266289574,15
1056,tcp,51494266297494,521
1057,tcp,51494266300374,292
1058,tcp,51494366444094,40
1059,tcp,51494366454174,35
1060,tcp,51494366455794,56
1061,tcp,51494392590444,26
1062,tcp,51494434257744,21
1063,tcp,51494475971484,27
1064,tcp,51494517578214,22
1065,tcp,51494559229044,18
1066,tcp,51494600947464,18
1067,tcp,51494784442884,19
1068,tcp,51494784454044,478
1069,tcp,51494784456474,30
1070,tcp,51494784457734,24
1071,tcp,51494826032244,95
1072,tcp,51494867656434,27
1073,tcp,51494892737094,23
1074,tcp,51494934268674,26
1075,tcp,51495117665724,17
1076,tcp,51495117674184,17
1077,tcp,51495117675624,25
1078,tcp,51495217820694,13
1079,tcp,51495217829064,12
1080,tcp,51495217831134,1335
1081,tcp,51495318017154,520
1082,tcp,51495318027954,44
1083,tcp,51495318029754,38
1084,tcp,51495350934924,72
1085,tcp,51495392574414,31
1086,tcp,51495434256924,26
1087,tcp,51495475916214,32
1088,tcp,51495517607544,20
1089,tcp,51495717960684,21
1090,tcp,51495717970224,15
1091,tcp,51495717971934,15
1092,tcp,51495742732104,736
1093,tcp,51495742744794,36
1094,tcp,51495818096484,24
1095,tcp,51495818108364,129
1096,tcp,51495850957824,52
1097,tcp,51495892608654,20
1098,tcp,51495951215124,35
1099,tcp,51495975993564,17
1100,tcp,51496051402494,15
1101,tcp,51496059287844,22
1102,tcp,51496100940654,15
1103,tcp,51496151624154,15
1104,tcp,51496184388294,1133
1105,tcp,51496225909704,381
1106,tcp,51496267634604,39
1107,tcp,51496309271844,37
1108,tcp,51496350959754,119
1109,tcp,51496392607704,39
1110,tcp,51496434355824,28
1111,tcp,51496475954814,28
1112,tcp,51496517575134,17
1113,tcp,51496559315784,17
1114,tcp,51496600974534,19
1115,tcp,51496642675494,17
1116,tcp,51496684330284,722
1117,tcp,51496725916764,37
1118,tcp,51496767647694,32
1119,tcp,51496809297984,110
1120,tcp,51496850880144,24
1121,tcp,51496892601534,19
1122,tcp,51496934281164,26
1123,tcp,51496976082654,18
1124,tcp,51497017693164,18
1125,tcp,51497059273974,25
1126,tcp,51497100959184,22
1127,tcp,51497142662394,17
1128,tcp,51497184276594,700
1129,tcp,51497225929134,216
1130,tcp,51497267589684,51
1131,tcp,51497309234034,41
1132,tcp,51497350914024,54
1133,tcp,51497392588614,31
1134,tcp,51497434241964,33
1135,tcp,51497475937344,36
1136,tcp,51497517629934,31
1137,tcp,51497559210024,24
1138,tcp,51497600883624,24
1139,tcp,51497642555424,20
1140,tcp,51497684276094,325
1141,tcp,51497726049504,23
1142,tcp,51497767636254,19
1143,tcp,51497809318314,17
1144,tcp,51497850903714,15
1145,tcp,51497892648864,15
1146,tcp,51497934300324,15
1147,tcp,51497975946564,15
1148,tcp,51498017599464,15
1149,tcp,51498059228154,15
1150,tcp,51498100971684,15
1151,tcp,51498142564734,15
1152,tcp,51498326133414,1244
1153,tcp,51498326146644,350
1154,tcp,51498326149884,121
1155,tcp,51498326152764,44
1156,tcp,51498409412664,66
1157,tcp,51498409428234,36
1158,tcp,51498970185294,30
1159,tcp,51498970193934,27
1160,tcp,51498970195194,24
1161,tcp,51498970196364,22
1162,tcp,51498970197444,23
1163,tcp,51498970198524,21
1164,tcp,51498970200774,628
1165,tcp,51498970202394,33
1166,tcp,51498970203744,24
1167,tcp,51498970205274,125
1168,tcp,51498970206354,19
1169,tcp,51498970207344,17
1170,tcp,51498970208424,17
1171,tcp,51499051183134,17
1172,tcp,51499051191504,17
1173,tcp,51499070356104,17
1174,tcp,51499151305254,17
1175,tcp,51499151315064,17
1176,tcp,51499184215554,857
1177,tcp,51499251428994,249
1178,tcp,51499267612884,131
1179,tcp,51499309313304,38
1180,tcp,51499351549674,32
1181,tcp,51499392621444,27
1182,tcp,51499434261204,24
1183,tcp,51499475874504,25
1184,tcp,51499517611284,21
1185,tcp,51499559264634,21
1186,tcp,51499600944894,22
1187,tcp,51499642639464,21
1188,tcp,51499684259964,638
1189,tcp,51499725894234,35
1190,tcp,51499767640734,31
1191,tcp,51499809278964,50
1192,tcp,51499850984334,27
1193,tcp,51499892647944,22
1194,tcp,51499934374194,108
1195,tcp,51499975919544,29
1196,tcp,51500201128434,23
1197,tcp,51500201143014,18
1198,tcp,51500201145264,12
1199,tcp,51500201151564,12
1200,tcp,51500301278184,1573
1201,tcp,51500301287364,687
1202,tcp,51500301290154,162
1203,tcp,51500384347914,57
1204,tcp,51500384358804,131
1205,tcp,51500392605774,58
1206,tcp,51500434314024,46
1207,tcp,51500484480924,42
1208,tcp,51500517582294,41
1209,tcp,51500559319524,46
1210,tcp,51500600933994,50
1211,tcp,51500642623524,33
1212,tcp,51500684330874,1140
1213,tcp,51500725869834,51
1214,tcp,51500767601484,46
1215,tcp,51500809310994,160
1216,tcp,51500850925914,36
1217,tcp,51500892639744,29
1218,tcp,51500934309834,104
1219,tcp,51500975867694,30
1220,tcp,51501017590884,34
1221,tcp,51501059295534,38
1222,tcp,51501100960764,19
1223,tcp,51501284435304,19
1224,tcp,51501284450154,583
1225,tcp,51501284453754,76
1226,tcp,51501284455734,60
1227,tcp,51501367924074,50
1228,tcp,51501367939554,51
1229,tcp,51501568462974,52
1230,tcp,51501568475934,43
1231,tcp,51501568478274,42
1232,tcp,51501576119904,34
1233,tcp,51501576130344,28
1234,tcp,51501668524164,25
1235,tcp,51501668533254,21
1236,tcp,51501684250134,567
1237,tcp,51501768714414,35
1238,tcp,51501768723684,35
1239,tcp,51501809288394,53
1240,tcp,51501868919154,33
1241,tcp,51501892566204,29
1242,tcp,51501934290834,33
1243,tcp,51501975934014,25
1244,tcp,51502017581514,22
1245,tcp,51502201099434,28
1246,tcp,51502201109064,21
1247,tcp,51502201110414,20
1248,tcp,51502201112664,1081
1249,tcp,51502284537534,234
1250,tcp,51502424350104,6596
1251,tcp,51502424359464,99
1252,tcp,51502424361624,104
1253,tcp,51502424362974,135
1254,tcp,51502501727874,80
1255,tcp,51502501740924,71
1256,tcp,51502517642484,100
1257,tcp,51502742857134,51
1258,tcp,51502742873784,33
1259,tcp,51502742876394,33
1260,tcp,51502842932274,298
1261,tcp,51502842940014,31
1262,tcp,51502842941634,42
1263,tcp,51502842942984,29
1264,tcp,51502850970804,19
1265,tcp,51502943135844,27
1266,tcp,51502943145114,21
1267,tcp,51502975898094,17
1268,tcp,51503043345714,18
1269,tcp,51503059311174,18
1270,tcp,51503284409634,17
1271,tcp,51503284419804,18
1272,tcp,51503284422144,930
1273,tcp,51503284424034,64
1274,tcp,51503326087014,433
1275,tcp,51503326100964,42
1276,tcp,51503526395334,37
1277,tcp,51503526405774,145
1278,tcp,51503526407304,29
1279,tcp,51503534387424,22
1280,tcp,51503534397594,20
1281,tcp,51503626576224,15
1282,tcp,51503626585764,15
1283,tcp,51503642534754,15
1284,tcp,51503684239854,256
1285,tcp,51503742763254,23
1286,tcp,51503909369364,22
1287,tcp,51503909379174,20
1288,tcp,51503909380614,17
1289,tcp,51503951003544,21
1290,tcp,51503951012994,15
1291,tcp,51504009542694,15
1292,tcp,51504051254004,15
1293,tcp,51504059273724,15
1294,tcp,51504109730154,15
1295,tcp,51504151512024,15
1296,tcp,51504184341144,1054
1297,tcp,51504225956154,100
1298,tcp,51504267641724,340
1299,tcp,51504309348354,41
1300,tcp,51504350994324,35
1301,tcp,51504392672154,39
1302,tcp,51504434250174,32
1303,tcp,51504476104134,31
1304,tcp,51504517651194,123
1305,tcp,51504559572834,29
1306,tcp,51504600941964,27
1307,tcp,51504642608094,20
1308,tcp,51504684323634,418
1309,tcp,51504726056364,33
1310,tcp,51504767614854,34
1311,tcp,51504809302764,36
1312,tcp,51504850930104,20
1313,tcp,51504892651764,17
1314,tcp,51504934263444,206
1315,tcp,51504975958464,38
1316,tcp,51505017616764,38
1317,tcp,51505059260304,31
1318,tcp,51505100891964,15
1319,tcp,51505142579334,13
1320,tcp,51505184250684,485
1321,tcp,51505225992144,81
1322,tcp,51505267676184,403
1323,tcp,51505309318284,38
1324,tcp,51505350987924,32
1325,tcp,51505392559194,64
1326,tcp,51505434422334,24
1327,tcp,51505475940684,21
1328,tcp,51506034238764,18
1329,tcp,51506034248844,15
1330,tcp,51506034250284,15
1331,tcp,51506134388784,16
1332,tcp,51506134396794,145
1333,tcp,51506134398144,17
1334,tcp,51506134399224,16
1335,tcp,51506134401114,56
1336,tcp,51506134402284,18
1337,tcp,51506134403364,20
1338,tcp,51506134404714,25
1339,tcp,51506134405704,12
1340,tcp,51506134406784,13
1341,tcp,51506134407954,13
1342,tcp,51506134408944,12
1343,tcp,51506334660294,13
1344,tcp,51506334672084,1287
1345,tcp,51506334674154,91
1346,tcp,51506334675594,512
1347,tcp,51506367846174,32
1348,tcp,51506367859134,26
1349,tcp,51506434794024,32
1350,tcp,51506434804284,21
1351,tcp,51506475982164,17
1352,tcp,51506517565044,60
1353,tcp,51506559219114,17
1354,tcp,51506600954274,17
1355,tcp,51506642592234,15
1356,tcp,51506684263224,379
1357,tcp,51506725899924,25
1358,tcp,51506767620324,26
1359,tcp,51506809305444,141
1360,tcp,51506850938004,27
1361,tcp,51506892562464,26
1362,tcp,51506934309594,19
1363,tcp,51506976070314,12
1364,tcp,51507017689374,13
1365,tcp,51507059299704,13
1366,tcp,51507242765154,12
1367,tcp,51507242774694,13
1368,tcp,51507242776854,679
1369,tcp,51507242778744,72
1370,tcp,51507326056644,284
1371,tcp,51507326067624,33
1372,tcp,51507350946594,26
1373,tcp,51507426255264,38
1374,tcp,51507434394144,26
1375,tcp,51507475986474,25
1376,tcp,51507526443534,42
1377,tcp,51507559233054,15
1378,tcp,51507600920694,15
1379,tcp,51507642619854,23
1380,tcp,51507684276174,284
1381,tcp,51507725953014,21
1382,tcp,51507951099804,30
1383,tcp,51507951109254,19
1384,tcp,51507951110874,17
1385,tcp,51507951111954,16
1386,tcp,51507992720754,17
1387,tcp,51507992730474,12
1388,tcp,51508051223184,13
1389,tcp,51508092907494,13
1390,tcp,51508100963934,12
1391,tcp,51508151410914,13
1392,tcp,51508201157424,1504
1393,tcp,51508251605394,77
1394,tcp,51508301377284,506
1395,tcp,51508309282704,32
1396,tcp,51508351833624,27
1397,tcp,51508392597504,110
1398,tcp,51508434435354,21
1399,tcp,51508475982234,17
1400,tcp,51508517621724,16
1401,tcp,51508559252844,12
1402,tcp,51508742699574,12
1403,tcp,51508742708304,13
1404,tcp,51508742710014,220
1405,tcp,51508742712624,22
1406,tcp,51508826153784,23
1407,tcp,51508826163504,13
1408,tcp,51508850940774,12
1409,tcp,51508951159734,13
1410,tcp,51508951173144,13
1411,tcp,51508975983444,12
1412,tcp,51509017571994,13
1413,tcp,51509059394544,13
1414,tcp,51509100994614,12
1415,tcp,51509142632034,13
1416,tcp,51509184386994,988
1417,tcp,51509226035394,83
1418,tcp,51509267598654,451
1419,tcp,51509309267664,29
1420,tcp,51509350952784,25
1421,tcp,51509392612524,72
1422,tcp,51509434316994,23
1423,tcp,51509475949104,20
1424,tcp,51509517568614,26
1425,tcp,51509559284694,21
1426,tcp,51509600948844,18
1427,tcp,51509642586264,16
1428,tcp,51509684361474,458
1429,tcp,51509725950654,30
1430,tcp,51509767632804,38
1431,tcp,51509809253934,33
1432,tcp,51509850908994,24
1433,tcp,51509892598794,20
1434,tcp,51509934315234,19
1435,tcp,51509975940864,12
1436,tcp,51510017589984,13
1437,tcp,51510059274024,13
1438,tcp,51510100952304,12
1439,tcp,51510142523394,13
1440,tcp,51510467958984,2307
1441,tcp,51510467970144,342
1442,tcp,51510467973024,844
1443,tcp,51510467975634,65
1444,tcp,51510467978064,79
1445,tcp,51510467980674,345
1446,tcp,51510467983014,66
1447,tcp,51510568207374,78
1448,tcp,51510568222224,106
1449,tcp,51510568225374,49
1450,tcp,51510600994914,49
1451,tcp,51510801493584,63
1452,tcp,51510801511944,405
1453,tcp,51510801515274,45
1454,tcp,51510826105614,40
1455,tcp,51510826118484,175
1456,tcp,51510901508784,31
1457,tcp,51510901518684,35
1458,tcp,51511442262174,34
1459,tcp,51511442275764,17
1460,tcp,51511442278284,19
1461,tcp,51511442280444,16
1462,tcp,51511442282604,12
1463,tcp,51511542407334,13
1464,tcp,51511542417954,500
1465,tcp,51511542421014,88
1466,tcp,51511542422454,247
1467,tcp,51511542423984,52
1468,tcp,51511542425154,50
1469,tcp,51511542426324,57
1470,tcp,51511542427944,34
1471,tcp,51511542429024,40
1472,tcp,51511542430104,45
1473,tcp,51511559310684,33
1474,tcp,51511659421644,32
1475,tcp,51511659432894,39
1476,tcp,51511684281354,364
1477,tcp,51511759526034,43
1478,tcp,51511767590124,56
1479,tcp,51511809290544,60
1480,tcp,51511859637894,36
1481,tcp,51511892650794,43
1482,tcp,51511934274624,39
1483,tcp,51511975977924,12
1484,tcp,51512017587084,13
1485,tcp,51512059309374,13
1486,tcp,51512100936534,12
1487,tcp,51512142551454,13
1488,tcp,51512184260694,1231
1489,tcp,51512225966514,147
1490,tcp,51512267622024,344
1491,tcp,51512309256114,35
1492,tcp,51512492775474,28
1493,tcp,51512492785014,42
1494,tcp,51512576179464,22
1495,tcp,51512576193684,18
1496,tcp,51512592916044,126
1497,tcp,51512592930984,18
1498,tcp,51512676292764,19
1499,tcp,51512676300954,18
1500,tcp,51512799413574,6175
1501,tcp,51512799425094,107
1502,tcp,51512799427794,95
1503,tcp,51512893639524,98
1504,tcp,51512893653744,68
1505,tcp,51512893656264,84
1506,tcp,51512934276234,87
1507,tcp,51512975938764,67
1508,tcp,51513017570784,74
1509,tcp,51513059243844,66
1510,tcp,51513100914204,50
1511,tcp,51513142578444,62
1512,tcp,51513184253304,864
1513,tcp,51513367725594,195
1514,tcp,51513367736934,470
1515,tcp,51513367738824,62
1516,tcp,51513367740264,64
1517,tcp,51513451167294,148
1518,tcp,51513451180614,59
1519,tcp,51513476097114,67
1520,tcp,51513551378604,76
1521,tcp,51513559406514,45
1522,tcp,51513600918834,48
1523,tcp,51513651540324,55
1524,tcp,51513684301404,277
1525,tcp,51513725924964,45
1526,tcp,51513767645184,47
1527,tcp,51513809323194,62
1528,tcp,51513851008584,31
1529,tcp,51514219005804,37
1530,tcp,51514219013454,20
1531,tcp,51514219014894,20
1532,tcp,51514219015974,23
1533,tcp,51514219016964,20
1534,tcp,51514219017954,20
1535,tcp,51514219018944,23
1536,tcp,51514219020924,1064
1537,tcp,51514319144394,108
1538,tcp,51514319157714,344
1539,tcp,51514319159784,51
1540,tcp,51514534382724,49
1541,tcp,51514534392894,171
1542,tcp,51514534394514,44
1543,tcp,51514534396134,49
1544,tcp,51514534397304,61
1545,tcp,51514634503584,37
1546,tcp,51514634511414,45
1547,tcp,51514642633284,50
1548,tcp,51514734656034,354
1549,tcp,51514734666924,43
1550,tcp,51514767611784,52
1551,tcp,51514834821444,90
1552,tcp,51514850935764,30
1553,tcp,51514892555904,27
1554,tcp,51515076132414,29
1555,tcp,51515076145734,17
1556,tcp,51515076148164,16
1557,tcp,51515076150414,17
1558,tcp,51515159531364,12
1559,tcp,51515159544594,13
1560,tcp,51515184260304,1226
1561,tcp,51515284477824,85
1562,tcp,51515284488624,477
1563,tcp,51515492794794,35
1564,tcp,51515492809824,32
1565,tcp,51515492812704,48
1566,tcp,51515492814774,27
1567,tcp,51515492816304,26
1568,tcp,51515592917814,31
1569,tcp,51515592929064,19
1570,tcp,51515693133804,22
1571,tcp,51515693144064,21
1572,tcp,51515693145864,301
1573,tcp,51515725974714,23
1574,tcp,51515793399294,24
1575,tcp,51515809269894,58
1576,tcp,51515850847104,18
1577,tcp,51515893591074,21
1578,tcp,51515934297084,18
1579,tcp,51515976090744,12
1580,tcp,51516034530984,13
1581,tcp,51516201072924,13
1582,tcp,51516201088494,12
1583,tcp,51516201090654,13
1584,tcp,51516201093444,1055
1585,tcp,51516284358834,84
1586,tcp,51516284368554,456
1587,tcp,51516309312864,31
1588,tcp,51516384549714,26
1589,tcp,51516392620104,33
1590,tcp,51516434241234,17
1591,tcp,51516484702254,17
1592,tcp,51516517640634,97
1593,tcp,51516559214604,22
1594,tcp,51516600970194,18
1595,tcp,51516642558204,18
1596,tcp,51516826186014,280
1597,tcp,51516826200684,28
1598,tcp,51516826206264,24
1599,tcp,51516826208244,113
1600,tcp,51516909440694,26
1601,tcp,51516909450414,23
1602,tcp,51516934305714,69
1603,tcp,51517034554014,21
1604,tcp,51517034567244,22
1605,tcp,51517059279894,23
1606,tcp,51517101177234,17
1607,tcp,51517142660664,18
1608,tcp,51517326127014,730
1609,tcp,51517326137184,74
1610,tcp,51517326139164,273
1611,tcp,51517426272894,33
1612,tcp,51517426282974,32
1613,tcp,51517426284414,36
1614,tcp,51517434294144,29
1615,tcp,51517526504814,30
1616,tcp,51517526514894,30
1617,tcp,51517559300274,20
1618,tcp,51517626765354,18
1619,tcp,51517784455344,38
1620,tcp,51517784468844,286
1621,tcp,51517784472174,22
1622,tcp,51517827176544,39
1623,tcp,51517827190944,23
1624,tcp,51518027546964,19
1625,tcp,51518027562714,17
1626,tcp,51518027564154,17
1627,tcp,51518034469944,17
1628,tcp,51518034482544,17
1629,tcp,51518127711384,17
1630,tcp,51518127721644,17
1631,tcp,51518142612954,17
1632,tcp,51518367882324,1512
1633,tcp,51518367892044,112
1634,tcp,51518367893934,426
1635,tcp,51518367895644,42
1636,tcp,51518432442294,32
1637,tcp,51518432453094,112
1638,tcp,51518468065194,25
1639,tcp,51518532729384,24
1640,tcp,51518532739194,48
1641,tcp,51518559235194,23
1642,tcp,51518600929854,23
1643,tcp,51518642601834,18
1644,tcp,51518684324664,249
1645,tcp,51518725901424,22
1646,tcp,51518767607874,24
1647,tcp,51518809283724,20
1648,tcp,51518850999624,17
1649,tcp,51518909494944,18
1650,tcp,51518934294084,18
1651,tcp,51518975964354,17
1652,tcp,51519017587464,18
1653,tcp,51519059366814,18
1654,tcp,51519101006844,17
1655,tcp,51519142604124,18
1656,tcp,51519326068134,957
1657,tcp,51519326078844,161
1658,tcp,51519326082804,476
1659,tcp,51519326084424,34
1660,tcp,51519409445934,27
1661,tcp,51519409459794,128
1662,tcp,51519434303754,26
1663,tcp,51519534517584,23
1664,tcp,51519534532614,34
1665,tcp,51519559245534,23
1666,tcp,51519600960894,24
1667,tcp,51519642652224,21
1668,tcp,51519830233734,365
1669,tcp,51519830245524,26
1670,tcp,51519830247234,26
1671,tcp,51519830248764,85
1672,tcp,51519926310714,24
1673,tcp,51519926318904,26
1674,tcp,51519934332234,22
1675,tcp,51520034585034,12
1676,tcp,51520034597364,13
1677,tcp,51520059388854,13
1678,tcp,51520134786714,12
1679,tcp,51520142644794,13
1680,tcp,51520234973994,1468
1681,tcp,51520234984254,265
1682,tcp,51520267630224,504
1683,tcp,51520332313404,46
1684,tcp,51520350877974,47
1685,tcp,51520392621324,289
1686,tcp,51520434264234,41
1687,tcp,51520617741474,37
1688,tcp,51520617751824,35
1689,tcp,51520617753354,22
1690,tcp,51520617754524,22
1691,tcp,51520701062394,22
1692,tcp,51520701073014,410
1693,tcp,51520725920034,28
1694,tcp,51520801240584,26
1695,tcp,51520809288834,55
1696,tcp,51520850979444,22
1697,tcp,51521042253744,25
1698,tcp,51521042266704,21
1699,tcp,51521042269134,12
1700,tcp,51521042270934,13
1701,tcp,51521134597704,13
1702,tcp,51521134608234,12
1703,tcp,51521142587274,13
1704,tcp,51521234852394,606
1705,tcp,51521234862654,76
1706,tcp,51521267630124,266
1707,tcp,51521367916134,30
1708,tcp,51521367929724,21
1709,tcp,51521392669014,18
1710,tcp,51521434283754,15
1711,tcp,51521475960594,15
1712,tcp,51521517603054,16
1713,tcp,51521559259644,15
1714,tcp,51521601139524,15
1715,tcp,51521784422004,16
1716,tcp,51521784438654,331
1717,tcp,51521784441534,23
1718,tcp,51521784446844,22
1719,tcp,51521884499664,26
1720,tcp,51521884507134,12
1721,tcp,51521892595974,13
1722,tcp,51521934284964,39
1723,tcp,51521984728254,19
1724,tcp,51522017586264,18
1725,tcp,51522059284614,17
1726,tcp,51522100907814,12
1727,tcp,51522142609134,13
1728,tcp,51522201095544,1157
1729,tcp,51522225952374,131
1730,tcp,51522267702834,297
1731,tcp,51522309301734,41
1732,tcp,51522350966514,27
1733,tcp,51522392696994,91
1734,tcp,51522434318124,32
1735,tcp,51522475932414,28
1736,tcp,51522659459874,74
1737,tcp,51522659469594,25
1738,tcp,51522659471124,27
1739,tcp,51522659472294,26
1740,tcp,51522742800504,290
1741,tcp,51522742810224,23
1742,tcp,51522767738694,34
1743,tcp,51522842981304,23
1744,tcp,51522850885464,20
1745,tcp,51522892598034,20
1746,tcp,51522943155174,20
1747,tcp,51522976076994,17
1748,tcp,51523017577344,18
1749,tcp,51523059311154,18
1750,tcp,51523159522104,5613
1751,tcp,51523159532364,109
1752,tcp,51523201198224,1018
1753,tcp,51523225966764,499
1754,tcp,51523267592664,146
1755,tcp,51523309316304,70
1756,tcp,51523350900174,71
1757,tcp,51523392608334,69
1758,tcp,51523434304704,42
1759,tcp,51523475964444,43
1760,tcp,51523517550204,35
1761,tcp,51523559212284,29
1762,tcp,51523600931874,25
1763,tcp,51523642555164,24
1764,tcp,51523684293474,256
1765,tcp,51523725944124,31
1766,tcp,51523767578394,30
1767,tcp,51523809296454,28
1768,tcp,51523850897694,32
1769,tcp,51523892640324,25
1770,tcp,51523934404644,26
1771,tcp,51523975933884,24
1772,tcp,51524017705134,24
1773,tcp,51524059352724,24
1774,tcp,51524100935784,24
1775,tcp,51524142562224,24
1776,tcp,51524184318894,1129
1777,tcp,51524225983674,379
1778,tcp,51524267582304,134
1779,tcp,51524309300094,36
1780,tcp,51524351000424,33
1781,tcp,51524392652604,24
1782,tcp,51524434226124,23
1783,tcp,51524475953724,22
1784,tcp,51524517654324,22
1785,tcp,51524559289494,21
1786,tcp,51524600889564,22
1787,tcp,51524642597454,22
1788,tcp,51524684291034,376
1789,tcp,51524867758464,36
1790,tcp,51524867768184,35
1791,tcp,51524867769714,48
1792,tcp,51524867770974,24
1793,tcp,51524909505774,22
1794,tcp,51524951099454,79
1795,tcp,51524975924244,25
1796,tcp,51525017594154,19
1797,tcp,51525059190804,19
1798,tcp,51525100959714,13
1799,tcp,51525142624134,13
1800,tcp,51525184253544,1634
1801,tcp,51525225951174,614
1802,tcp,51525267645924,194
1803,tcp,51525309340854,67
1804,tcp,51525350931834,124
1805,tcp,51525392619834,86
1806,tcp,51525434351124,38
1807,tcp,51525475935894,17
1808,tcp,51525517590414,17
1809,tcp,51525559256994,16
1810,tcp,51525600920694,17
1811,tcp,51525642688074,17
1812,tcp,51525684229014,427
1813,tcp,51525725955804,50
1814,tcp,51525767615274,19
1815,tcp,51525809284194,57
1816,tcp,51525992777274,22
1817,tcp,51525992790234,18
1818,tcp,51525992792664,21
1819,tcp,51525992794734,16
1820,tcp,51526034432604,16
1821,tcp,51526076170554,21
1822,tcp,51526176365034,15
1823,tcp,51526176373134,13
1824,tcp,51526184220864,1273
1825,tcp,51526225964934,637
1826,tcp,51526267739064,43
1827,tcp,51526309309164,38
1828,tcp,51526350903474,89
1829,tcp,51526392616584,34
1830,tcp,51526434267594,23
1831,tcp,51526475920494,26
1832,tcp,51526517646834,21
1833,tcp,51526559254194,17
1834,tcp,51526600983414,17
1835,tcp,51526642612824,17
1836,tcp,51526684257714,382
1837,tcp,51526867736844,31
1838,tcp,51526867747284,30
1839,tcp,51526867749174,164
1840,tcp,51526867750344,35
1841,tcp,51526909454634,22
1842,tcp,51526951068204,66
1843,tcp,51526975995954,25
1844,tcp,51527017564614,23
1845,tcp,51527059233624,24
1846,tcp,51527100908934,13
1847,tcp,51527142700164,13
1848,tcp,51527184278634,639
1849,tcp,51527225936574,281
1850,tcp,51527267581014,61
1851,tcp,51527309330484,25
1852,tcp,51527350900224,26
1853,tcp,51527392698294,25
1854,tcp,51527434323924,18
1855,tcp,51527475968274,18
1856,tcp,51527517650424,16
1857,tcp,51527559326994,12
1858,tcp,51527742786864,13
1859,tcp,51527742796404,13
1860,tcp,51527742798204,186
1861,tcp,51527742799464,32
1862,tcp,51527784435084,23
1863,tcp,51527826038484,17
1864,tcp,51527850963174,16
1865,tcp,51527892623454,16
1866,tcp,51528076174584,15
1867,tcp,51528076188354,16
1868,tcp,51528159447894,16
1869,tcp,51528159458604,15
1870,tcp,51528176213724,16
1871,tcp,51528176220474,16
1872,tcp,51528390213294,1550
1873,tcp,51528390223644,481
1874,tcp,51528390225984,136
1875,tcp,51528390227604,27
1876,tcp,51528390228684,24
1877,tcp,51528476694744,18
1878,tcp,51528476704014,15
1879,tcp,51528476705364,16
1880,tcp,51528517596594,16
1881,tcp,51528576886704,15
1882,tcp,51528742720074,16
1883,tcp,51528742729974,16
1884,tcp,51528742731594,267
1885,tcp,51528784426614,24
1886,tcp,51528784441464,22
1887,tcp,51528842837694,13
1888,tcp,51529194255024,13
1889,tcp,51529194267984,13
1890,tcp,51529194270234,13
1891,tcp,51529194271944,13
1892,tcp,51529194273744,13
1893,tcp,51529194275544,13
1894,tcp,51529194277434,13
1895,tcp,51529194279414,13
1896,tcp,51529194282294,972
1897,tcp,51529294468584,543
1898,tcp,51529294483164,39
1899,tcp,51529309337934,29
1900,tcp,51529351145004,49
1901,tcp,51529576213044,25
1902,tcp,51529576226814,15
1903,tcp,51529576229064,15
1904,tcp,51529576231134,13
1905,tcp,51529576233114,12
1906,tcp,51529676289174,13
1907,tcp,51529676298984,13
1908,tcp,51529684341024,477
1909,tcp,51529726044414,32
1910,tcp,51529776431274,26
1911,tcp,51529809300894,75
1912,tcp,51529850891064,23
1913,tcp,51529892636304,17
1914,tcp,51529934270754,19
1915,tcp,51529975892964,15
1916,tcp,51530017657464,15
1917,tcp,51530059252674,15
1918,tcp,51530100982074,13
1919,tcp,51530142621744,13
1920,tcp,51530184272034,2123
1921,tcp,51530225955444,969
1922,tcp,51530267618424,152
1923,tcp,51530309259174,61
1924,tcp,51530350903164,68
1925,tcp,51530392694124,35
1926,tcp,51530434280244,23
1927,tcp,51530475928554,25
1928,tcp,51530517623304,22
1929,tcp,51530559432894,15
1930,tcp,51530600996784,16
1931,tcp,51530642538534,16
1932,tcp,51530684321934,335
1933,tcp,51530725902294,37
1934,tcp,51530767640874,24
1935,tcp,51530809271274,21
1936,tcp,51530851085364,13
1937,tcp,51530892597684,13
1938,tcp,51530934322764,13
1939,tcp,51530975899164,13
1940,tcp,51531017706324,13
1941,tcp,51531059220084,13
1942,tcp,51531101080794,13
1943,tcp,51531142674564,13
1944,tcp,51531184251504,595
1945,tcp,51531225911694,306
1946,tcp,51531267586824,35
1947,tcp,51531309264024,24
1948,tcp,51531350870934,24
1949,tcp,51531392602674,15
1950,tcp,51531434262504,12
1951,tcp,51531475983894,13
1952,tcp,51531517609884,13
1953,tcp,51531559254414,12
1954,tcp,51531600939174,13
1955,tcp,51531642763974,13
1956,tcp,51531684219504,295
1957,tcp,51531725952774,22
1958,tcp,51531767596224,21
1959,tcp,51531809308704,117
1960,tcp,51531850975554,22
1961,tcp,51531892628634,15
1962,tcp,51531934273884,13
1963,tcp,51531975936144,13
1964,tcp,51532017611274,13
1965,tcp,51532059204144,13
1966,tcp,51532101028404,13
1967,tcp,51532142602194,13
1968,tcp,51532184352924,1216
1969,tcp,51532225989984,439
1970,tcp,51532267613364,98
1971,tcp,51532635730014,30
1972,tcp,51532635740634,28
1973,tcp,51532635743694,26
1974,tcp,51532635745494,17
1975,tcp,51532635747384,15
1976,tcp,51532635749094,15
1977,tcp,51532635750894,15
1978,tcp,51532678413594,15
1979,tcp,51532678420884,15
1980,tcp,51532867776024,294
1981,tcp,51532867790244,43
1982,tcp,51532867793124,26
1983,tcp,51532867795194,19
1984,tcp,51532909447914,15
1985,tcp,51532909459704,15
1986,tcp,51532967842884,15
1987,tcp,51533009509284,15
1988,tcp,51533068082994,15
1989,tcp,51533068096134,15
1990,tcp,51533109715014,15
1991,tcp,51533142636654,15
1992,tcp,51533209859094,840
1993,tcp,51533225862804,425
1994,tcp,51533267601114,52
1995,tcp,51533326009854,42
1996,tcp,51533350896654,126
1997,tcp,51533392592304,43
1998,tcp,51533434292184,20
1999,tcp,51533475903054,15
2000,tcp,51533617783104,7097
2001,tcp,51533617792554,62
2002,tcp,51533617794354,71
2003,tcp,51533676214614,89
2004,tcp,51533826204744,218
2005,tcp,51533826218334,60
2006,tcp,51534326395224,121
2007,tcp,51534326407644,29
2008,tcp,51534326408994,22
2009,tcp,51534326410974,23
2010,tcp,51534326412054,13
2011,tcp,51534326413134,13
2012,tcp,51534326414124,13
2013,tcp,51534326415204,13
2014,tcp,51534326416194,13
2015,tcp,51534326417274,13
2016,tcp,51534326419614,1216
2017,tcp,51534328083624,297
2018,tcp,51534328088844,287
2019,tcp,51534328090644,35
2020,tcp,51534634478724,32
2021,tcp,51534634486734,81
2022,tcp,51534634488174,30
2023,tcp,51534634489344,26
2024,tcp,51534634490694,22
2025,tcp,51534634491864,13
2026,tcp,51534659486664,13
2027,tcp,51534659496744,13
2028,tcp,51534734625414,307
2029,tcp,51534734636484,23
2030,tcp,51534767583234,31
2031,tcp,51534809264394,15
2032,tcp,51534850909014,13
2033,tcp,51534892612854,18
2034,tcp,51535076183244,13
2035,tcp,51535076193594,13
2036,tcp,51535076195124,13
2037,tcp,51535117834254,13
2038,tcp,51535117843884,13
2039,tcp,51535176269634,13
2040,tcp,51535218015504,1279
2041,tcp,51535418406174,248
2042,tcp,51535418416794,395
2043,tcp,51535418418864,39
2044,tcp,51535518626574,21
2045,tcp,51535518639444,48
2046,tcp,51535518641874,19
2047,tcp,51535518643854,17
2048,tcp,51535518645744,16
2049,tcp,51535559300544,13
2050,tcp,51535618851744,13
2051,tcp,51535642624254,13
2052,tcp,51535684255284,160
2053,tcp,51535725993054,19
2054,tcp,51535767651354,15
2055,tcp,51535809321534,13
2056,tcp,51535850890014,13
2057,tcp,51535892654964,13
2058,tcp,51535934252154,13
2059,tcp,51535975940964,13
2060,tcp,51536017595394,13
2061,tcp,51536059250274,13
2062,tcp,51536100900834,13
2063,tcp,51536142568494,13
2064,tcp,51536184308424,1441
2065,tcp,51536225972034,379
2066,tcp,51536267660394,409
2067,tcp,51536309339664,34
2068,tcp,51536351032884,25
2069,tcp,51536392658154,68
2070,tcp,51536434326174,19
2071,tcp,51536475940194,20
2072,tcp,51536517609114,28
2073,tcp,51536559264804,18
2074,tcp,51536601016254,16
2075,tcp,51536642606424,15
2076,tcp,51536684283084,299
2077,tcp,51536725976664,22
2078,tcp,51536767539294,20
2079,tcp,51536809289034,13
2080,tcp,51536850934104,13
2081,tcp,51536892647034,13
2082,tcp,51536934291204,13
2083,tcp,51536975935734,13
2084,tcp,51537017550384,13
2085,tcp,51537201114744,13
2086,tcp,51537201125094,13
2087,tcp,51537201126534,13
2088,tcp,51537201128604,836
2089,tcp,51537242804094,177
2090,tcp,51537284478054,266
2091,tcp,51537309336684,41
2092,tcp,51537350908404,36
2093,tcp,51537392656884,42
2094,tcp,51537434280084,22
2095,tcp,51537475976544,19
2096,tcp,51537517626204,16
2097,tcp,51537559274694,13
2098,tcp,51537600961974,13
2099,tcp,51537642577434,13
2100,tcp,51537684279654,277
2101,tcp,51537725942274,53
2102,tcp,51537767630724,92
2103,tcp,51537809304144,21
2104,tcp,51537850994034,18
2105,tcp,51537892631724,16
2106,tcp,51537934325214,13
2107,tcp,51537976068744,13
2108,tcp,51538017605004,13
2109,tcp,51538201090614,13
2110,tcp,51538201101504,13
2111,tcp,51538201102854,13
2112,tcp,51538201104834,1372
2113,tcp,51538242813264,177
2114,tcp,51538284514854,384
2115,tcp,51538343081544,26
2116,tcp,51538350926484,26
2117,tcp,51538392687474,97
2118,tcp,51538434459894,25
2119,tcp,51538476061944,18
2120,tcp,51538517694864,63
2121,tcp,51538559409594,18
2122,tcp,51538600975914,15
2123,tcp,51538642651044,17
2124,tcp,51538684277484,198
2125,tcp,51538726221084,24
2126,tcp,51538767626934,43
2127,tcp,51538809325644,17
2128,tcp,51538850945334,15
2129,tcp,51538892573484,16
2130,tcp,51538934307564,13
2131,tcp,51538975972614,13
2132,tcp,51539017597884,13
2133,tcp,51539059294794,13
2134,tcp,51539100967764,13
2135,tcp,51539142681414,13
2136,tcp,51539184256014,1160
2137,tcp,51539225923134,284
2138,tcp,51539267687994,433
2139,tcp,51539492735424,31
2140,tcp,51539492744784,26
2141,tcp,51539492746224,64
2142,tcp,51539592928644,25
2143,tcp,51539592937104,22
2144,tcp,51539592938724,20
2145,tcp,51539592939804,13
2146,tcp,51539693117184,13
2147,tcp,51539693127354,13
2148,tcp,51539693129154,311
2149,tcp,51539725883124,23
2150,tcp,51539767592814,24
2151,tcp,51539809290444,15
2152,tcp,51539850870714,13
2153,tcp,51539892566904,13
2154,tcp,51539934268494,13
2155,tcp,51539976061704,13
2156,tcp,51540017543064,13
2157,tcp,51540059254824,13
2158,tcp,51540242735304,13
2159,tcp,51540242745474,13
2160,tcp,51540242747634,2412
2161,tcp,51540284438964,412
2162,tcp,51540284453724,980
2163,tcp,51540342893694,60
2164,tcp,51540384667644,41
2165,tcp,51540392596194,104
2166,tcp,51540585070194,37
2167,tcp,51540585079734,32
2168,tcp,51540585081534,87
2169,tcp,51540617775384,22
2170,tcp,51540617786364,19
2171,tcp,51540685222554,16
2172,tcp,51540685233714,200
2173,tcp,51540725992374,16
2174,tcp,51540785503974,13
2175,tcp,51540826268034,13
2176,tcp,51540850936494,13
2177,tcp,51540892662834,13
2178,tcp,51540934392684,13
2179,tcp,51540975940014,13
2180,tcp,51541017638994,13
2181,tcp,51541059268584,13
2182,tcp,51541100953884,13
2183,tcp,51541142564934,13
2184,tcp,51541184295054,667
2185,tcp,51541225925724,186
2186,tcp,51541267639824,243
2187,tcp,51541451141274,34
2188,tcp,51541451151624,25
2189,tcp,51541451153244,21
2190,tcp,51541451154414,13
2191,tcp,51541534423944,13
2192,tcp,51541534472094,13
2193,tcp,51541559223264,13
2194,tcp,51541659444294,13
2195,tcp,51541659454104,13
2196,tcp,51541684225164,291
2197,tcp,51541725920094,23
2198,tcp,51541767594234,35
2199,tcp,51541809387804,23
2200,tcp,51541850941344,13
2201,tcp,51541892601264,13
2202,tcp,51541951113954,13
2203,tcp,51541975959084,13
2204,tcp,51542017603794,13
2205,tcp,51542059258944,13
2206,tcp,51542100949824,13
2207,tcp,51542284486914,13
2208,tcp,51542284500684,1387
2209,tcp,51542284502754,186
2210,tcp,51542284504284,423
2211,tcp,51542367847794,32
2212,tcp,51542367862014,20
2213,tcp,51542392620384,67
2214,tcp,51542468091414,17
2215,tcp,51542475964344,18
2216,tcp,51542517693024,71
2217,tcp,51542701067754,21
2218,tcp,51542701078014,18
2219,tcp,51542701079454,18
2220,tcp,51542742715524,280
2221,tcp,51542742726144,39
2222,tcp,51542801209764,95
2223,tcp,51542842903884,21
2224,tcp,51542901396054,18
2225,tcp,51542901405324,20
2226,tcp,51542943182694,13
2227,tcp,51542975979954,13
2228,tcp,51543017625834,13
2229,tcp,51543059322564,13
2230,tcp,51543100938924,13
2231,tcp,51543284449014,13
2232,tcp,51543284460084,1086
2233,tcp,51543284462154,249
2234,tcp,51543284463504,431
2235,tcp,51543367731324,37
2236,tcp,51543367741584,28
2237,tcp,51543392557824,116
2238,tcp,51543467927604,27
2239,tcp,51543476069184,20
2240,tcp,51543517744224,15
2241,tcp,51543568130724,13
2242,tcp,51543601015284,13
2243,tcp,51543642611934,13
2244,tcp,51543684358254,253
2245,tcp,51543725952294,21
2246,tcp,51543767649294,47
2247,tcp,51543809307594,18
2248,tcp,51543850920714,15
2249,tcp,51543892661634,17
2250,tcp,51544034468874,7542
2251,tcp,51544034478414,71
2252,tcp,51544034480124,73
2253,tcp,51544093055274,68
2254,tcp,51544100900394,42
2255,tcp,51544142548344,30
2256,tcp,51544184250204,1075
2257,tcp,51544226047734,147
2258,tcp,51544267622784,274
2259,tcp,51544309406634,37
2260,tcp,51544350907074,31
2261,tcp,51544392661944,64
2262,tcp,51544434258774,22
2263,tcp,51544476080784,20
2264,tcp,51544517548284,59
2265,tcp,51544559257344,19
2266,tcp,51544600947954,19
2267,tcp,51544642587174,18
2268,tcp,51544684258614,288
2269,tcp,51544725966774,22
2270,tcp,51544767593484,89
2271,tcp,51544809321444,20
2272,tcp,51544850918364,13
2273,tcp,51544892647224,13
2274,tcp,51544934373474,13
2275,tcp,51545117785734,13
2276,tcp,51545117795004,13
2277,tcp,51545217920094,13
2278,tcp,51545217927024,13
2279,tcp,51545217928284,13
2280,tcp,51545217930264,1225
2281,tcp,51545318115474,287
2282,tcp,51545318128884,333
2283,tcp,51545318131944,37
2284,tcp,51545350920564,24
2285,tcp,51545392630164,69
2286,tcp,51545434241484,21
2287,tcp,51545475960264,21
2288,tcp,51545517572574,18
2289,tcp,51545559259494,13
2290,tcp,51545600926794,13
2291,tcp,51545642650434,13
2292,tcp,51545684280654,198
2293,tcp,51545725878114,19
2294,tcp,51545767625244,22
2295,tcp,51545809307754,13
2296,tcp,51545992781484,13
2297,tcp,51545992791474,13
2298,tcp,51545992792914,13
2299,tcp,51545992794084,13
2300,tcp,51546076089984,13
2301,tcp,51546076100244,13
2302,tcp,51546100902084,13
2303,tcp,51546306234564,13
2304,tcp,51546306250224,1501
2305,tcp,51546306256974,367
2306,tcp,51546306259674,406
2307,tcp,51546384691164,41
2308,tcp,51546384700344,28
2309,tcp,51546406339764,81
2310,tcp,51546484994724,23
2311,tcp,51546485005614,22
2312,tcp,51546517718724,27
2313,tcp,51546559328514,15
2314,tcp,51546600906984,16
2315,tcp,51546642603444,16
2316,tcp,51546684282084,288
2317,tcp,51546725913924,22
2318,tcp,51546784553604,39
2319,tcp,51546809497824,18
2320,tcp,51546851033274,13
2321,tcp,51546892582404,13
2322,tcp,51546934395864,13
2323,tcp,51546975935454,13
2324,tcp,51547017588264,13
2325,tcp,51547059308574,13
2326,tcp,51547100930874,13
2327,tcp,51547142650464,13
2328,tcp,51547184291124,826
2329,tcp,51547226072634,176
2330,tcp,51547267625094,285
2331,tcp,51547309302564,39
2332,tcp,51547350937824,25
2333,tcp,51547392569754,36
2334,tcp,51547434326154,27
2335,tcp,51547475939904,23
2336,tcp,51547517579934,45
2337,tcp,51547559264784,25
2338,tcp,51547600956294,22
2339,tcp,51547642587594,25
2340,tcp,51547684255074,276
2341,tcp,51547725974124,33
2342,tcp,51547767574554,92
2343,tcp,51547809256524,21
2344,tcp,51547850949384,20
2345,tcp,51547892615424,18
2346,tcp,51547934320974,13
2347,tcp,51547975963254,13
2348,tcp,51548017570344,13
2349,tcp,51548059248084,13
2350,tcp,51548100934554,13
2351,tcp,51548142670884,13
2352,tcp,51548184285624,1707
2353,tcp,51548226030954,310
2354,tcp,51548267530134,473
2355,tcp,51548309336754,37
2356,tcp,51548350881924,28
2357,tcp,51548392581804,71
2358,tcp,51548434260354,20
2359,tcp,51548475984354,17
2360,tcp,51548517624834,13
2361,tcp,51548559318594,13
2362,tcp,51548600941164,13
2363,tcp,51548642645724,13
2364,tcp,51548684424624,248
2365,tcp,51548726016144,20
2366,tcp,51548767676334,44
2367,tcp,51548951068614,19
2368,tcp,51548951078694,15
2369,tcp,51548951080134,13
2370,tcp,51548951081304,13
2371,tcp,51548992788384,13
2372,tcp,51549034398534,13
2373,tcp,51549059244834,13
2374,tcp,51549100976124,13
2375,tcp,51549142586094,13
2376,tcp,51549184295964,960
2377,tcp,51549225903054,303
2378,tcp,51549267719394,308
2379,tcp,51549309323604,25
2380,tcp,51549350966244,21
2381,tcp,51549392732274,110
2382,tcp,51549434283024,20
2383,tcp,51549476024934,19
2384,tcp,51549517596564,17
2385,tcp,51549701036454,13
2386,tcp,51549701045814,13
2387,tcp,51549701047254,13
2388,tcp,51549701048514,189
2389,tcp,51549784434684,21
2390,tcp,51549784446924,29
2391,tcp,51549992736804,15
2392,tcp,51549992746614,13
2393,tcp,51549992748054,18
2394,tcp,51549992749134,13
2395,tcp,51549992750214,13
2396,tcp,51550092834624,13
2397,tcp,51550092842004,13
2398,tcp,51550242740694,13
2399,tcp,51550242749694,13
2400,tcp,51550293118464,2462
2401,tcp,51550342878924,532
2402,tcp,51550342890444,760
2403,tcp,51550342892514,48
2404,tcp,51550443048834,27
2405,tcp,51550443062514,116
2406,tcp,51550443064584,25
2407,tcp,51550475958954,26
2408,tcp,51550517654784,31
2409,tcp,51550559254404,17
2410,tcp,51550600924674,19
2411,tcp,51550642612224,24
2412,tcp,51550684377984,182
2413,tcp,51550874251794,18
2414,tcp,51550874265744,18
2415,tcp,51550874268534,13
2416,tcp,51550874270784,13
2417,tcp,51550968067794,13
2418,tcp,51550968081744,13
2419,tcp,51550976125584,13
2420,tcp,51551068254174,13
2421,tcp,51551068264794,13
2422,tcp,51551100942354,13
2423,tcp,51551142638904,13
2424,tcp,51551184309714,626
2425,tcp,51551242826724,181
2426,tcp,51551267620554,131
2427,tcp,51551309311254,39
2428,tcp,51551350964874,35
2429,tcp,51551392553514,139
2430,tcp,51551434343754,32
2431,tcp,51551475964524,30
2432,tcp,51551517666654,58
2433,tcp,51551559234774,33
2434,tcp,51551601055974,40
2435,tcp,51551642585394,42
2436,tcp,51551684375364,307
2437,tcp,51551725921884,28
2438,tcp,51551767570284,39
2439,tcp,51551809255224,20
2440,tcp,51551850981744,13
2441,tcp,51551892578304,13
2442,tcp,51551934278274,13
2443,tcp,51551976031164,13
2444,tcp,51552017593344,13
2445,tcp,51552059262264,13
2446,tcp,51552100984014,13
2447,tcp,51552142557984,13
2448,tcp,51552184348944,1380
2449,tcp,51552225957384,136
2450,tcp,51552267569874,372
2451,tcp,51552309315294,36
2452,tcp,51552350928054,27
2453,tcp,51552392622894,105
2454,tcp,51552434270754,23
2455,tcp,51552475936254,27
2456,tcp,51552517575024,22
2457,tcp,51552559282194,13
2458,tcp,51552600895404,13
2459,tcp,51552642724704,13
2460,tcp,51552684273474,281
2461,tcp,51552726000084,40
2462,tcp,51552767593764,83
2463,tcp,51552809221824,22
2464,tcp,51552850912974,21
2465,tcp,51552892614834,13
2466,tcp,51552934288614,13
2467,tcp,51552975957264,13
2468,tcp,51553017613764,13
2469,tcp,51553059321204,13
2470,tcp,51553101184344,13
2471,tcp,51553142585424,13
2472,tcp,51553184315364,1074
2473,tcp,51553225941804,263
2474,tcp,51553409444334,468
2475,tcp,51553409457024,41
2476,tcp,51553409458914,30
2477,tcp,51553409460354,109
2478,tcp,51553451185794,27
2479,tcp,51553492775784,21
2480,tcp,51553517599404,24
2481,tcp,51553701015624,20
2482,tcp,51553701025164,16
2483,tcp,51553701026514,15
2484,tcp,51553701028134,251
2485,tcp,51553784389554,21
2486,tcp,51553784399544,43
2487,tcp,51553809231444,15
2488,tcp,51553884566034,13
2489,tcp,51553892567934,13
2490,tcp,51553934344404,13
2491,tcp,51553984765464,13
2492,tcp,51554017632384,13
2493,tcp,51554059221654,13
2494,tcp,51554100978954,13
2495,tcp,51554142587484,13
2496,tcp,51554184269544,1244
2497,tcp,51554225949444,184
2498,tcp,51554267634294,369
2499,tcp,51554309314284,37
2500,tcp,51554451141414,6470
2501,tcp,51554451151854,93
2502,tcp,51554451153744,42
2503,tcp,51554475994734,45
2504,tcp,51554659422294,13
2505,tcp,51554659432824,13
2506,tcp,51554659434354,13
2507,tcp,51554659435524,13
2508,tcp,51554701150254,271
2509,tcp,51554742809094,91
2510,tcp,51554767714344,20
2511,tcp,51554809303974,13
2512,tcp,51554851072704,13
2513,tcp,51554892681414,13
2514,tcp,51554934385164,13
2515,tcp,51554975896764,13
2516,tcp,51555017682954,13
2517,tcp,51555059272314,13
2518,tcp,51555100935114,13
2519,tcp,51555142611324,13
2520,tcp,51555184318494,1635
2521,tcp,51555225943314,627
2522,tcp,51555267579474,75
2523,tcp,51555309282864,42
2524,tcp,51555350953584,36
2525,tcp,51555392621874,13
2526,tcp,51555434356404,13
2527,tcp,51555476090394,13
2528,tcp,51555517611534,13
2529,tcp,51555559337064,13
2530,tcp,51555600879894,13
2531,tcp,51555642662664,13
2532,tcp,51555684369744,81
2533,tcp,51555726046134,13
2534,tcp,51555767579784,13
2535,tcp,51555809278404,13
2536,tcp,51555850940034,13
2537,tcp,51555892598874,13
2538,tcp,51555934318734,13
2539,tcp,51555975959934,13
2540,tcp,51556017626694,13
2541,tcp,51556059323424,13
2542,tcp,51556100913684,13
2543,tcp,51556142571804,13
2544,tcp,51556184304804,1412
2545,tcp,51556225929714,647
2546,tcp,51556267639134,52
2547,tcp,51556309247124,33
2548,tcp,51556492703664,26
2549,tcp,51556492714554,101
2550,tcp,51556492716084,25
2551,tcp,51556492717614,23
2552,tcp,51556676180364,13
2553,tcp,51556676191974,13
2554,tcp,51556676193504,13
2555,tcp,51556701134484,13
2556,tcp,51556701148884,302
2557,tcp,51556776342984,34
2558,tcp,51556776355404,23
2559,tcp,51556809310884,13
2560,tcp,51556876559424,13
2561,tcp,51557098354974,13
2562,tcp,51557098369374,13
2563,tcp,51557098371444,13
2564,tcp,51557098373154,13
2565,tcp,51557098374864,13
2566,tcp,51557198430834,13
2567,tcp,51557198440734,13
2568,tcp,51557198442714,809
2569,tcp,51557225934654,349
2570,tcp,51557267775024,64
2571,tcp,51557309327214,29
2572,tcp,51557509687914,41
2573,tcp,51557509696194,27
2574,tcp,51557609836674,17
2575,tcp,51557710088214,15
2576,tcp,51557710097844,13
2577,tcp,51557710099194,13
2578,tcp,51557710100184,13
2579,tcp,51557710101264,13
2580,tcp,51557710102614,273
2581,tcp,51557725998594,64
2582,tcp,51557810293854,23
2583,tcp,51557810303304,13
2584,tcp,51557851053234,13
2585,tcp,51557892573024,13
2586,tcp,51557934301434,13
2587,tcp,51557975965404,13
2588,tcp,51558017654304,13
2589,tcp,51558059202084,13
2590,tcp,51558100911864,13
2591,tcp,51558142606524,13
2592,tcp,51558201075564,1693
2593,tcp,51558225938244,595
2594,tcp,51558267624804,107
2595,tcp,51558309294084,33
2596,tcp,51558350938974,29
2597,tcp,51558392668284,13
2598,tcp,51558576147594,13
2599,tcp,51558576160734,13
2600,tcp,51558576163074,13
2601,tcp,51558576165054,13
2602,tcp,51558659557974,13
2603,tcp,51558659570844,13
2604,tcp,51558684199344,216
2605,tcp,51558759689094,41
2606,tcp,51558767590374,21
2607,tcp,51558809222934,13
2608,tcp,51558859944414,13
2609,tcp,51559042288194,13
2610,tcp,51559042302234,13
2611,tcp,51559042304574,13
2612,tcp,51559042306824,13
2613,tcp,51559117859754,13
2614,tcp,51559117874604,13
2615,tcp,51559142655564,13
2616,tcp,51559218083304,1121
2617,tcp,51559225964604,664
2618,tcp,51559418492334,75
2619,tcp,51559418506374,26
2620,tcp,51559418508804,25
2621,tcp,51559451179974,13
2622,tcp,51559451193474,13
2623,tcp,51559518598704,13
2624,tcp,51559518609054,13
2625,tcp,51559559296164,13
2626,tcp,51559618888764,13
2627,tcp,51559659484254,13
2628,tcp,51559684266924,307
2629,tcp,51559725998214,34
2630,tcp,51559767692604,25
2631,tcp,51559809391314,20
2632,tcp,51559850948184,13
2633,tcp,51559892586594,13
2634,tcp,51559934293044,13
2635,tcp,51559976075454,13
2636,tcp,51560017661124,13
2637,tcp,51560059332384,13
2638,tcp,51560100961704,13
2639,tcp,51560142561324,13
2640,tcp,51560201214594,1800
2641,tcp,51560226004194,948
2642,tcp,51560267686704,100
2643,tcp,51560309284074,41
2644,tcp,51560351012934,26
2645,tcp,51560392615794,13
2646,tcp,51560434282644,13
2647,tcp,51560475906654,13
2648,tcp,51560517608694,13
2649,tcp,51560559204714,13
2650,tcp,51560601105024,13
2651,tcp,51560826046524,13
2652,tcp,51560826056244,201
2653,tcp,51560826057864,26
2654,tcp,51560826059124,15
2655,tcp,51560826060204,13
2656,tcp,51560867692314,13
2657,tcp,51560910502164,13
2658,tcp,51560934249744,13
2659,tcp,51560975923524,13
2660,tcp,51561017588304,13
2661,tcp,51561059253984,13
2662,tcp,51561100976094,13
2663,tcp,51561142635114,13
2664,tcp,51561184294584,500
2665,tcp,51561225957474,288
2666,tcp,51561267635214,46
2667,tcp,51561309362724,36
2668,tcp,51561350962434,33
2669,tcp,51561392568534,32
2670,tcp,51561434239974,19
2671,tcp,51561475867494,18
2672,tcp,51561517555134,13
2673,tcp,51561559247364,13
2674,tcp,51561600970734,13
2675,tcp,51561642541104,13
2676,tcp,51561684271134,308
2677,tcp,51561725912784,28
2678,tcp,51561767701314,27
2679,tcp,51561809277174,18
2680,tcp,51561850890834,13
2681,tcp,51561892595844,13
2682,tcp,51561934361784,13
2683,tcp,51562117736064,13
2684,tcp,51562117749384,13
2685,tcp,51562117751994,13
2686,tcp,51562117754334,13
2687,tcp,51562201111524,13
2688,tcp,51562201120794,1405
2689,tcp,51562225931544,516
2690,tcp,51562301281794,81
2691,tcp,51562309296924,30
2692,tcp,51562350914184,33
2693,tcp,51562401464484,88
2694,tcp,51562434248964,19
2695,tcp,51562476050184,19
2696,tcp,51562659437244,13
2697,tcp,51562659450114,13
2698,tcp,51562659452454,13
2699,tcp,51562701037134,13
2700,tcp,51562701047304,291
2701,tcp,51562759511934,115
2702,tcp,51562801256724,25
2703,tcp,51562809216504,13
2704,tcp,51562859730624,13
2705,tcp,51563034478224,13
2706,tcp,51563034490734,13
2707,tcp,51563034492714,13
2708,tcp,51563076125094,13
2709,tcp,51563076134994,13
2710,tcp,51563134594224,13
2711,tcp,51563176326594,13
2712,tcp,51563476896714,1082
2713,tcp,51563476907514,590
2714,tcp,51563476909584,99
2715,tcp,51563476911204,34
2716,tcp,51563476912374,37
2717,tcp,51563894330124,13
2718,tcp,51563894339844,13
2719,tcp,51563894341104,13
2720,tcp,51563894342274,13
2721,tcp,51563894343354,13
2722,tcp,51563894344344,13
2723,tcp,51563894345424,13
2724,tcp,51563894347224,244
2725,tcp,51563894348484,45
2726,tcp,51563894349744,20
2727,tcp,51563894350824,13
2728,tcp,51563894351814,13
2729,tcp,51563894352894,13
2730,tcp,51563934338004,13
2731,tcp,51563994479154,13
2732,tcp,51564034460034,13
2733,tcp,51564094683714,13
2734,tcp,51564100932144,13
2735,tcp,51564142691154,13
2736,tcp,51564194812764,1205
2737,tcp,51564225889404,454
2738,tcp,51564267576504,41
2739,tcp,51564309317064,22
2740,tcp,51564350901834,71
2741,tcp,51564392612064,19
2742,tcp,51564576157074,13
2743,tcp,51564576170214,13
2744,tcp,51564576172464,13
2745,tcp,51564576174624,13
2746,tcp,51564806238564,13
2747,tcp,51564806248554,13
2748,tcp,51564806250264,308
2749,tcp,51564806252154,48
2750,tcp,51565006533384,6979
2751,tcp,51565006544544,71
2752,tcp,51565006546524,39
2753,tcp,51565006547694,52
2754,tcp,51565006548954,29
2755,tcp,51565006550124,13
2756,tcp,51565106760444,20
2757,tcp,51565106770254,13
2758,tcp,51565106771604,13
2759,tcp,51565142620314,24
2760,tcp,51565184281854,1272
2761,tcp,51565367768544,221
2762,tcp,51565367783484,536
2763,tcp,51565367786814,26
2764,tcp,51565367789244,30
2765,tcp,51565451067594,69
2766,tcp,51565451078484,16
2767,tcp,51565476108924,13
2768,tcp,51565551246684,13
2769,tcp,51565559286384,13
2770,tcp,51565600965024,13
2771,tcp,51565659542514,13
2772,tcp,51565684313304,219
2773,tcp,51565725975204,17
2774,tcp,51565767621534,64
2775,tcp,51565809295584,17
2776,tcp,51565850858664,13
2777,tcp,51565892612544,21
2778,tcp,51565934230434,13
2779,tcp,51565976088354,13
2780,tcp,51566017585104,13
2781,tcp,51566059364364,13
2782,tcp,51566101042194,13
2783,tcp,51566142592404,13
2784,tcp,51566184309654,1731
2785,tcp,51566242824234,231
2786,tcp,51566267662794,520
2787,tcp,51566309334864,34
2788,tcp,51566350906224,22
2789,tcp,51566392621224,148
2790,tcp,51566576134194,22
2791,tcp,51566576146254,20
2792,tcp,51566576148414,19
2793,tcp,51566576150124,13
2794,tcp,51566659543404,13
2795,tcp,51566659558614,13
2796,tcp,51566684215464,230
2797,tcp,51566759831664,23
2798,tcp,51566767660134,97
2799,tcp,51566809326174,23
2800,tcp,51566860050624,13
2801,tcp,51566892626394,13
2802,tcp,51566934321954,13
2803,tcp,51566976057834,13
2804,tcp,51567017561514,13
2805,tcp,51567059310444,13
2806,tcp,51567100955424,13
2807,tcp,51567142616604,13
2808,tcp,51567184270134,959
2809,tcp,51567225932214,229
2810,tcp,51567267547224,186
2811,tcp,51567309227124,40
2812,tcp,51567350884074,41
2813,tcp,51567392589894,41
2814,tcp,51567434365284,26
2815,tcp,51567617771334,20
2816,tcp,51567617783034,80
2817,tcp,51567617784744,26
2818,tcp,51567617785914,23
2819,tcp,51567701166144,21
2820,tcp,51567701178474,306
2821,tcp,51567726013794,59
2822,tcp,51567801379254,107
2823,tcp,51567809240034,22
2824,tcp,51567851006964,21
2825,tcp,51567901623054,22
2826,tcp,51567934317444,13
2827,tcp,51567975992754,13
2828,tcp,51568017596154,13
2829,tcp,51568059247524,13
2830,tcp,51568242748434,13
2831,tcp,51568242758334,13
2832,tcp,51568242760584,1927
2833,tcp,51568284509064,321
2834,tcp,51568284519684,428
2835,tcp,51568342883964,36
2836,tcp,51568384725234,30
2837,tcp,51568392628944,139
2838,tcp,51568443140094,24
2839,tcp,51568484990904,23
2840,tcp,51568517673954,24
2841,tcp,51568559352054,13
2842,tcp,51568600966434,13
2843,tcp,51568659550764,30
2844,tcp,51568684290234,258
2845,tcp,51568725967614,56
2846,tcp,51568909566174,75
2847,tcp,51568909575984,23
2848,tcp,51568909577424,20
2849,tcp,51568909578504,15
2850,tcp,51568992775404,13
2851,tcp,51568992787284,13
2852,tcp,51569193099024,13
2853,tcp,51569193108114,13
2854,tcp,51569193109554,13
2855,tcp,51569201082744,13
2856,tcp,51569201093364,1328
2857,tcp,51569293316814,409
2858,tcp,51569293330944,353
2859,tcp,51569309221614,31
2860,tcp,51569393550264,23
2861,tcp,51569393560614,96
2862,tcp,51569434257084,19
2863,tcp,51569493723864,17
2864,tcp,51569517724254,73
2865,tcp,51569559379404,16
2866,tcp,51569600916564,16
2867,tcp,51569642596284,13
2868,tcp,51569684270424,285
2869,tcp,51569726032944,29
2870,tcp,51569767644444,114
2871,tcp,51569992847034,21
2872,tcp,51569992861614,13
2873,tcp,51569992864044,18
2874,tcp,51569992865934,13
2875,tcp,51570034507674,13
2876,tcp,51570034520364,13
2877,tcp,51570092936844,13
2878,tcp,51570134677584,13
2879,tcp,51570142607034,13
2880,tcp,51570242839134,3714
2881,tcp,51570335182644,712
2882,tcp,51570335195604,1056
2883,tcp,51570335198754,47
2884,tcp,51570351010674,29
2885,tcp,51570404464464,290
2886,tcp,51570434359584,41
2887,tcp,51570475961814,32
2888,tcp,51570517690404,23
2889,tcp,51570559257894,21
2890,tcp,51570600926544,21
2891,tcp,51570642546684,19
2892,tcp,51570684253854,222
2893,tcp,51570725928084,39
2894,tcp,51570767574324,77
2895,tcp,51570809268444,22
2896,tcp,51570850918374,16
2897,tcp,51570892603944,13
2898,tcp,51570934204824,13
2899,tcp,51570975997584,13
2900,tcp,51571017605574,13
2901,tcp,51571059273954,13
2902,tcp,51571101039444,13
2903,tcp,51571142614854,13
2904,tcp,51571184330664,714
2905,tcp,51571225878444,137
2906,tcp,51571267685514,186
2907,tcp,51571451080764,45
2908,tcp,51571451090934,42
2909,tcp,51571451092644,156
2910,tcp,51571451093994,48
2911,tcp,51571534415544,55
2912,tcp,51571534424994,60
2913,tcp,51571559251584,43
2914,tcp,51571634659884,48
2915,tcp,51571642599144,55
2916,tcp,51571684450764,327
2917,tcp,51571734849504,47
2918,tcp,51571909469394,151
2919,tcp,51571909479114,39
2920,tcp,51571909482804,39
2921,tcp,51571909484244,42
2922,tcp,51572122181154,35
2923,tcp,51572122190604,35
2924,tcp,51572122192764,39
2925,tcp,51572122194024,31
2926,tcp,51572122195104,31
2927,tcp,51572217914694,38
2928,tcp,51572217922884,1320
2929,tcp,51572418299154,213
2930,tcp,51572418309504,324
2931,tcp,51572418311394,29
2932,tcp,51572518492644,23
2933,tcp,51572518504164,132
2934,tcp,51572518505694,25
2935,tcp,51572518506864,28
2936,tcp,51572518507854,20
2937,tcp,51572559355074,13
2938,tcp,51572618759844,13
2939,tcp,51572659538304,13
2940,tcp,51572759715324,312
2941,tcp,51572759723514,45
2942,tcp,51572767635594,82
2943,tcp,51572809263114,21
2944,tcp,51572850914124,19
2945,tcp,51572892644874,13
2946,tcp,51572934352944,13
2947,tcp,51572975906034,13
2948,tcp,51573017607984,13
2949,tcp,51573059324874,13
2950,tcp,51573101020524,13
2951,tcp,51573142603314,13
2952,tcp,51573184369164,1205
2953,tcp,51573225955914,358
2954,tcp,51573267772974,345
2955,tcp,51573309302754,42
2956,tcp,51573351094974,28
2957,tcp,51573392621424,224
2958,tcp,51573434251734,31
2959,tcp,51573476073744,25
2960,tcp,51573517586604,18
2961,tcp,51573559464234,13
2962,tcp,51573600960804,13
2963,tcp,51573642612984,13
2964,tcp,51573684325464,249
2965,tcp,51573726002664,50
2966,tcp,51573767611104,76
2967,tcp,51573809244384,20
2968,tcp,51573850929864,18
2969,tcp,51573892666014,18
2970,tcp,51573934265904,13
2971,tcp,51573976053894,13
2972,tcp,51574017589164,13
2973,tcp,51574059208494,13
2974,tcp,51574100955894,13
2975,tcp,51574142579454,13
2976,tcp,51574184320014,1382
2977,tcp,51574225957434,213
2978,tcp,51574267615644,279
2979,tcp,51574309277094,36
2980,tcp,51574350973644,33
2981,tcp,51574392628434,63
2982,tcp,51574576159134,19
2983,tcp,51574576174614,16
2984,tcp,51574576177314,13
2985,tcp,51574576190184,13
2986,tcp,51574617809514,13
2987,tcp,51574676302404,13
2988,tcp,51574684265244,309
2989,tcp,51574725899514,30
2990,tcp,51574767627654,111
2991,tcp,51574809331584,17
2992,tcp,51574850888184,13
2993,tcp,51574892602104,19
2994,tcp,51574934300994,13
2995,tcp,51574975965864,13
2996,tcp,51575017647654,13
2997,tcp,51575059293984,13
2998,tcp,51575100909984,13
2999,tcp,51575142675384,13
3000,tcp,51575451026994,8309
3001,tcp,51575451045264,79
3002,tcp,51575451049044,34
3003,tcp,51575451050394,33
3004,tcp,51575451051654,20
3005,tcp,51575451052734,13
3006,tcp,51575451053724,13
3007,tcp,51575492756574,13
3008,tcp,51575534381484,13
3009,tcp,51575559227154,13
3010,tcp,51575601003354,13
3011,tcp,51575659448364,13
3012,tcp,51575684320044,213
3013,tcp,51575725961244,21
3014,tcp,51575767628274,59
3015,tcp,51575809297284,16
3016,tcp,51575851011564,13
3017,tcp,51575892650514,13
3018,tcp,51575934362634,13
3019,tcp,51575975972514,13
3020,tcp,51576017722614,13
3021,tcp,51576059368494,13
3022,tcp,51576101000514,13
3023,tcp,51576142611744,13
3024,tcp,51576184388934,1733
3025,tcp,51576225960294,298
3026,tcp,51576267595284,488
3027,tcp,51576309417474,33
3028,tcp,51576350930694,26
3029,tcp,51576392643714,121
3030,tcp,51576434263224,24
3031,tcp,51576475941594,23
3032,tcp,51576659545644,13
3033,tcp,51576659555904,13
3034,tcp,51576659557434,13
3035,tcp,51576659558514,13
3036,tcp,51576701049414,267
3037,tcp,51576742804554,46
3038,tcp,51576801249924,111
3039,tcp,51576809334624,18
3040,tcp,51576850934064,13
3041,tcp,51576892610634,13
3042,tcp,51576934288104,13
3043,tcp,51577117749414,13
3044,tcp,51577117759674,13
3045,tcp,51577117761114,13
3046,tcp,51577117762284,13
3047,tcp,51577201054674,13
3048,tcp,51577201065204,974
3049,tcp,51577225955604,186
3050,tcp,51577301222424,289
3051,tcp,51577309289484,51
3052,tcp,51577350958134,43
3053,tcp,51577401506004,62
3054,tcp,51577434336204,30
3055,tcp,51577475879844,22
3056,tcp,51577517675304,59
3057,tcp,51577559309214,25
3058,tcp,51577600953294,22
3059,tcp,51577642558944,17
3060,tcp,51577684391934,200
3061,tcp,51577725953394,73
3062,tcp,51577767534924,72
3063,tcp,51577809330114,18
3064,tcp,51577850955924,16
3065,tcp,51577892600904,13
3066,tcp,51577934265414,13
3067,tcp,51577975963494,13
3068,tcp,51578017541064,13
3069,tcp,51578059236894,13
3070,tcp,51578100950364,13
3071,tcp,51578142615504,13
3072,tcp,51578184270384,1925
3073,tcp,51578225963784,287
3074,tcp,51578267566734,422
3075,tcp,51578309347614,35
3076,tcp,51578351087814,27
3077,tcp,51578392553154,161
3078,tcp,51578434329354,24
3079,tcp,51578475947874,20
3080,tcp,51578517668544,13
3081,tcp,51578559208134,13
3082,tcp,51578600952204,13
3083,tcp,51578642562174,13
3084,tcp,51578684304084,252
3085,tcp,51578725938264,67
3086,tcp,51578767683954,77
3087,tcp,51578809280154,20
3088,tcp,51578850941064,15
3089,tcp,51578892720594,21
3090,tcp,51578934310224,15
3091,tcp,51578975971044,13
3092,tcp,51579017644824,13
3093,tcp,51579059302404,13
3094,tcp,51579100915614,13
3095,tcp,51579142567614,13
3096,tcp,51579184245984,1363
3097,tcp,51579552234384,279
3098,tcp,51579552243384,401
3099,tcp,51579552245274,30
3100,tcp,51579552249324,23
3101,tcp,51579552251124,43
3102,tcp,51579552252204,15
3103,tcp,51579552253374,15
3104,tcp,51579552254454,13
3105,tcp,51579652376124,13
3106,tcp,51579652385844,13
3107,tcp,51579652387194,13
3108,tcp,51579684303444,284
3109,tcp,51579725881194,81
3110,tcp,51579767565684,104
3111,tcp,51579809252694,23
3112,tcp,51579850941774,13
3113,tcp,51579892647414,13
3114,tcp,51579934317324,13
3115,tcp,51579975963654,13
3116,tcp,51580017677214,13
3117,tcp,51580059244704,13
3118,tcp,51580101119184,13
3119,tcp,51580284485454,13
3120,tcp,51580284499314,2127
3121,tcp,51580284502554,505
3122,tcp,51580326145464,647
3123,tcp,51580326155724,40
3124,tcp,51580384632324,25
3125,tcp,51580426409694,117
3126,tcp,51580434302694,26
3127,tcp,51580484829144,17
3128,tcp,51580526633784,78
3129,tcp,51580559332674,17
3130,tcp,51580600956504,17
3131,tcp,51580642605894,13
3132,tcp,51580684261044,204
3133,tcp,51580725981444,28
3134,tcp,51580784523384,71
3135,tcp,51580809330714,15
3136,tcp,51580850877144,13
3137,tcp,51580892669544,22
3138,tcp,51580934254944,13
3139,tcp,51580975886154,13
3140,tcp,51581017635984,13
3141,tcp,51581059330914,13
3142,tcp,51581100950784,13
3143,tcp,51581142683064,13
3144,tcp,51581184298524,750
3145,tcp,51581225951694,68
3146,tcp,51581267604144,278
3147,tcp,51581309243454,24
3148,tcp,51581492791704,22
3149,tcp,51581492802234,16
3150,tcp,51581492803494,13
3151,tcp,51581492804664,13
3152,tcp,51581576184444,13
3153,tcp,51581576199474,13
3154,tcp,51581600960274,13
3155,tcp,51581676375774,13
3156,tcp,51581684275884,300
3157,tcp,51581784473154,37
3158,tcp,51581784482694,126
3159,tcp,51581809328994,19
3160,tcp,51581850963624,13
3161,tcp,51581892590334,13
3162,tcp,51582076105104,13
3163,tcp,51582076114914,13
3164,tcp,51582076116264,13
3165,tcp,51582076117434,13
3166,tcp,51582290233284,13
3167,tcp,51582290246874,13
3168,tcp,51582290250564,1486
3169,tcp,51582290253084,221
3170,tcp,51582290255154,359
3171,tcp,51582390347034,32
3172,tcp,51582390356844,26
3173,tcp,51582392547714,81
3174,tcp,51582490701084,18
3175,tcp,51582490718004,13
3176,tcp,51582517623504,47
3177,tcp,51582590914104,13
3178,tcp,51582600971784,13
3179,tcp,51582701200374,13
3180,tcp,51582701213064,313
3181,tcp,51582725919684,74
3182,tcp,51582767646474,107
3183,tcp,51582951081954,22
3184,tcp,51582951092214,18
3185,tcp,51582951093834,15
3186,tcp,51582951095004,13
3187,tcp,51583034542824,13
3188,tcp,51583034555874,13
3189,tcp,51583059248544,13
3190,tcp,51583134711204,13
3191,tcp,51583142670534,13
3192,tcp,51583367704734,1004
3193,tcp,51583367715714,307
3194,tcp,51583367717244,279
3195,tcp,51583467838914,39
3196,tcp,51583467845754,33
3197,tcp,51583467849534,178
3198,tcp,51583467850794,34
3199,tcp,51583475916864,31
3200,tcp,51583576164444,32
3201,tcp,51583576177224,24
3202,tcp,51583970196864,17
3203,tcp,51583970205324,22
3204,tcp,51583970207214,221
3205,tcp,51583970208564,35
3206,tcp,51583970210004,74
3207,tcp,51583970211084,20
3208,tcp,51583970212254,15
3209,tcp,51583970213244,13
3210,tcp,51583970214324,13
3211,tcp,51584034398904,13
3212,tcp,51584034409344,13
3213,tcp,51584070362904,13
3214,tcp,51584134544064,13
3215,tcp,51584142617784,13
3216,tcp,51584184282294,1310
3217,tcp,51584242824054,238
3218,tcp,51584267698434,309
3219,tcp,51584309293554,26
3220,tcp,51584351035374,20
3221,tcp,51584392614384,70
3222,tcp,51584434319844,19
3223,tcp,51584475905334,15
3224,tcp,51584659448454,18
3225,tcp,51584659457904,13
3226,tcp,51584659459344,13
3227,tcp,51584759618364,13
3228,tcp,51584759626734,305
3229,tcp,51584759628714,39
3230,tcp,51584859821484,109
3231,tcp,51584859834084,22
3232,tcp,51584859835434,13
3233,tcp,51584892591294,19
3234,tcp,51584934321054,17
3235,tcp,51584976143694,13
3236,tcp,51585017627664,13
3237,tcp,51585059303964,13
3238,tcp,51585100907274,13
3239,tcp,51585142592664,13
3240,tcp,51585184329714,2038
3241,tcp,51585225978024,247
3242,tcp,51585267670884,571
3243,tcp,51585309417924,41
3244,tcp,51585351013134,21
3245,tcp,51585392618784,120
3246,tcp,51585434345844,20
3247,tcp,51585475955904,22
3248,tcp,51585517668654,20
3249,tcp,51585559239744,15
3250,tcp,51585992737614,7936
3251,tcp,51585992747874,163
3252,tcp,51585992750034,198
3253,tcp,51585992751294,116
3254,tcp,51585992753094,54
3255,tcp,51585992754264,24
3256,tcp,51585992755524,44
3257,tcp,51585992756784,41
3258,tcp,51586051259394,16
3259,tcp,51586051267764,39
3260,tcp,51586051269114,38
3261,tcp,51586059252924,13
3262,tcp,51586100933094,38
3263,tcp,51586142593194,38
3264,tcp,51586184343204,1696
3265,tcp,51586225937064,677
3266,tcp,51586267681674,146
3267,tcp,51586309223604,39
3268,tcp,51586350881904,56
3269,tcp,51586392726954,48
3270,tcp,51586434255924,24
3271,tcp,51586475980824,39
3272,tcp,51586517644614,39
3273,tcp,51586559287344,22
3274,tcp,51586600920894,37
3275,tcp,51586642593414,39
3276,tcp,51586684307784,313
3277,tcp,51586725896784,139
3278,tcp,51586767635274,40
3279,tcp,51586809274854,27
3280,tcp,51586850923254,31
3281,tcp,51586892643024,31
3282,tcp,51586934290974,13
3283,tcp,51586975894734,31
3284,tcp,51587017555464,31
3285,tcp,51587059308624,13
3286,tcp,51587284508514,31
3287,tcp,51587284518504,31
3288,tcp,51587284521204,948
3289,tcp,51587284523274,428
3290,tcp,51587284524804,56
3291,tcp,51587326084644,25
3292,tcp,51587368879644,41
3293,tcp,51587392598964,35
3294,tcp,51587434297314,19
3295,tcp,51587475948234,34
3296,tcp,51587517558204,32
3297,tcp,51587559273564,16
3298,tcp,51587601015564,32
3299,tcp,51587642559564,32
3300,tcp,51587684217144,300
3301,tcp,51587725929624,153
3302,tcp,51587909538624,35
3303,tcp,51587909551854,18
3304,tcp,51587909554464,34
3305,tcp,51587909556804,35
3306,tcp,51587992779624,16
3307,tcp,51587992789884,32
3308,tcp,51588017567784,32
3309,tcp,51588092962404,16
3310,tcp,51588100913814,32
3311,tcp,51588142579404,32
3312,tcp,51588201142134,1899
3313,tcp,51588242804754,678
3314,tcp,51588301393584,163
3315,tcp,51588309266694,31
3316,tcp,51588350960004,45
3317,tcp,51588409483134,48
3318,tcp,51588434342214,22
3319,tcp,51588475945344,39
3320,tcp,51588517654944,39
3321,tcp,51588559340964,20
3322,tcp,51588600996744,40
3323,tcp,51588642626694,38
3324,tcp,51588684278334,148
3325,tcp,51588725986404,95
3326,tcp,51588767746044,43
3327,tcp,51588809261964,26
3328,tcp,51588851034294,41
3329,tcp,51588892632294,40
3330,tcp,51588934322094,22
3331,tcp,51588976082274,42
3332,tcp,51589017657954,40
3333,tcp,51589059344964,22
3334,tcp,51589101162384,40
3335,tcp,51589142645634,40
3336,tcp,51589184353614,1372
3337,tcp,51589225990494,657
3338,tcp,51589409527944,124
3339,tcp,51589409541354,27
3340,tcp,51589409543784,38
3341,tcp,51589409549544,36
3342,tcp,51589492779024,21
3343,tcp,51589492789104,35
3344,tcp,51589517642064,35
3345,tcp,51589592958474,16
3346,tcp,51589600985214,35
3347,tcp,51589793299554,35
3348,tcp,51589793310444,313
3349,tcp,51589793312874,140
3350,tcp,51589826071884,43
3351,tcp,51589826082234,24
3352,tcp,51589893429594,35
3353,tcp,51589893439584,31
3354,tcp,51589934434944,13
3355,tcp,51589993656744,31
3356,tcp,51590034618624,31
3357,tcp,51590059306434,13
3358,tcp,51590101005324,31
3359,tcp,51590142684504,31
3360,tcp,51590201247954,2864
3361,tcp,51590242871784,1048
3362,tcp,51590267590104,179
3363,tcp,51590309312754,37
3364,tcp,51590350988964,59
3365,tcp,51590392633404,52
3366,tcp,51590434331844,31
3367,tcp,51590475974394,46
3368,tcp,51590517591654,49
3369,tcp,51590559460104,25
3370,tcp,51590601012474,42
3371,tcp,51590642699754,42
3372,tcp,51590684342574,226
3373,tcp,51590725973694,81
3374,tcp,51590767643424,36
3375,tcp,51590809483254,16
3376,tcp,51590850976854,38
3377,tcp,51590892685464,33
3378,tcp,51590934302724,13
3379,tcp,51590975924304,33
3380,tcp,51591159516114,33
3381,tcp,51591159525834,13
3382,tcp,51591159527364,33
3383,tcp,51591159528624,33
3384,tcp,51591201155604,759
3385,tcp,51591242856204,375
3386,tcp,51591267603414,58
3387,tcp,51591309315264,24
3388,tcp,51591351075714,47
3389,tcp,51591392734824,41
3390,tcp,51591434302944,18
3391,tcp,51591476073834,36
3392,tcp,51591517722684,35
3393,tcp,51591559252734,16
3394,tcp,51591601002204,35
3395,tcp,51591826049994,35
3396,tcp,51591826060884,293
3397,tcp,51591826063044,137
3398,tcp,51591826064304,38
3399,tcp,51591867814854,22
3400,tcp,51591867824124,33
3401,tcp,51591926243574,33
3402,tcp,51591967985394,13
3403,tcp,51591975978114,33
3404,tcp,51592026388284,33
3405,tcp,51592068188244,13
3406,tcp,51592100962734,33
3407,tcp,51592142638224,33
3408,tcp,51592201311114,1524
3409,tcp,51592242907584,454
3410,tcp,51592343064804,130
3411,tcp,51592343072364,34
3412,tcp,51592350910554,40
3413,tcp,51592392630414,40
3414,tcp,51592434375024,21
3415,tcp,51592475964834,42
3416,tcp,51592517710974,19
3417,tcp,51592559296824,13
3418,tcp,51592601002644,17
3419,tcp,51592642667514,17
3420,tcp,51592684377294,306
3421,tcp,51592726151064,130
3422,tcp,51592767791004,29
3423,tcp,51592809319254,22
3424,tcp,51592851015714,28
3425,tcp,51592892694534,30
3426,tcp,51592934363904,22
3427,tcp,51592975984494,24
3428,tcp,51593017664844,26
3429,tcp,51593059311804,18
3430,tcp,51593242816314,32
3431,tcp,51593242829634,19
3432,tcp,51593242833774,1276
3433,tcp,51593242836924,618
3434,tcp,51593284434924,199
3435,tcp,51593326148304,34
3436,tcp,51593350896234,42
3437,tcp,51593534558154,37
3438,tcp,51593534568144,20
3439,tcp,51593534569674,30
3440,tcp,51593534570844,22
3441,tcp,51593617844784,18
3442,tcp,51593617859364,19
3443,tcp,51593642662104,19
3444,tcp,51593718011724,259
3445,tcp,51594018544134,89
3446,tcp,51594018556374,28
3447,tcp,51594018558714,25
3448,tcp,51594018560514,26
3449,tcp,51594018562404,23
3450,tcp,51594118797834,20
3451,tcp,51594118810614,21
3452,tcp,51594118818084,21
3453,tcp,51594118820244,18
3454,tcp,51594118822044,21
3455,tcp,51594142576104,21
3456,tcp,51594218964324,1007
3457,tcp,51594225931944,381
3458,tcp,51594267603564,62
3459,tcp,51594319175004,25
3460,tcp,51594351144984,34
3461,tcp,51594392669994,37
3462,tcp,51594576254964,21
3463,tcp,51594576269364,28
3464,tcp,51594676455114,28
3465,tcp,51594776697744,19
3466,tcp,51594776711334,24
3467,tcp,51594776713224,24
3468,tcp,51594776716284,278
3469,tcp,51594776718984,154
3470,tcp,51594776720604,31
3471,tcp,51594809387274,17
3472,tcp,51594876965754,23
3473,tcp,51594892768494,24
3474,tcp,51594934417074,15
3475,tcp,51594977206314,22
3476,tcp,51595017650154,22
3477,tcp,51595059280914,13
3478,tcp,51595100968284,22
3479,tcp,51595142667084,22
3480,tcp,51595390191654,1480
3481,tcp,51595390200654,565
3482,tcp,51595451133714,64
3483,tcp,51595451143884,27
3484,tcp,51595451145324,26
3485,tcp,51595490440314,26
3486,tcp,51595490455344,15
3487,tcp,51595490457324,24
3488,tcp,51595551365634,23
3489,tcp,51595590689514,13
3490,tcp,51595601033934,22
3491,tcp,51595651484694,22
3492,tcp,51595690870764,210
3493,tcp,51595726015224,68
3494,tcp,51595767678024,24
3495,tcp,51595826213754,13
3496,tcp,51595850960694,22
3497,tcp,51595892588304,22
3498,tcp,51595934270814,13
3499,tcp,51595975949994,22
3500,tcp,51596341122114,8914
3501,tcp,51596341130844,88
3502,tcp,51596341132644,76
3503,tcp,51596341133904,55
3504,tcp,51596416286604,1912
3505,tcp,51596416297404,326
3506,tcp,51596416299204,539
3507,tcp,51596416300734,29
3508,tcp,51596416302264,16
3509,tcp,51596416303704,113
3510,tcp,51596516484144,21
3511,tcp,51596516493774,13
3512,tcp,51596517520044,13
3513,tcp,51596559318024,13
3514,tcp,51596616681234,13
3515,tcp,51596642645334,13
3516,tcp,51596684384364,325
3517,tcp,51596726032404,102
3518,tcp,51596767662894,94
3519,tcp,51596809314984,18
3520,tcp,51596850983094,13
3521,tcp,51596892624474,13
3522,tcp,51596934401754,13
3523,tcp,51596976046284,13
3524,tcp,51597344175354,13
3525,tcp,51597344185254,13
3526,tcp,51597344186604,13
3527,tcp,51597344187594,13
3528,tcp,51597344190114,1127
3529,tcp,51597344191824,271
3530,tcp,51597544457934,274
3531,tcp,51597544471434,40
3532,tcp,51597544474494,13
3533,tcp,51597544476654,22
3534,tcp,51597544478634,13
3535,tcp,51597644651424,13
3536,tcp,51597644665824,13
3537,tcp,51597644671494,13
3538,tcp,51597644673204,13
3539,tcp,51597644674914,13
3540,tcp,51597684340344,341
3541,tcp,51597744769674,78
3542,tcp,51597945086994,82
3543,tcp,51597945097074,16
3544,tcp,51597945098604,13
3545,tcp,51597951057684,26
3546,tcp,51597951067584,17
3547,tcp,51598045232784,13
3548,tcp,51598045243134,13
3549,tcp,51598059224094,13
3550,tcp,51598259584974,13
3551,tcp,51598259592804,13
3552,tcp,51598774415484,2157
3553,tcp,51598774425204,288
3554,tcp,51598774427184,443
3555,tcp,51598774428534,40
3556,tcp,51598774429974,13
3557,tcp,51598774431234,99
3558,tcp,51598774432314,16
3559,tcp,51598774433304,13
3560,tcp,51598774434294,13
3561,tcp,51598774435284,13
3562,tcp,51598774436274,13
3563,tcp,51598774437264,13
3564,tcp,51598774438794,276
3565,tcp,51598774440054,44
3566,tcp,51598774441404,72
3567,tcp,51598874621934,15
3568,tcp,51598874632014,13
3569,tcp,51598892584764,19
3570,tcp,51598974797784,13
3571,tcp,51598975825314,13
3572,tcp,51599017684314,38
3573,tcp,51599242887984,15
3574,tcp,51599242901484,13
3575,tcp,51599242903554,13
3576,tcp,51599342998224,1552
3577,tcp,51599343006054,361
3578,tcp,51599343010194,488
3579,tcp,51599343012984,30
3580,tcp,51599350979604,13
3581,tcp,51599392637094,83
3582,tcp,51599443195134,13
3583,tcp,51599476070244,13
3584,tcp,51599517640434,13
3585,tcp,51599559318264,13
3586,tcp,51599601033354,13
3587,tcp,51599642685624,13
3588,tcp,51599684296764,202
3589,tcp,51599725975044,56
3590,tcp,51599767698864,57
3591,tcp,51599809302084,20
3592,tcp,51599850981354,13
3593,tcp,51599892641454,13
3594,tcp,51599934333594,13
3595,tcp,51599976081714,13
3596,tcp,51600017682234,13
3597,tcp,51600059380764,13
3598,tcp,51600100952304,13
3599,tcp,51600142600164,13
3600,tcp,51600207128814,3672
3601,tcp,51600242807334,730
3602,tcp,51600284516754,1015
3603,tcp,51600309271074,39
3604,tcp,51600350970324,18
3605,tcp,51600392658234,154
3606,tcp,51600434348754,20
3607,tcp,51600476166444,13
3608,tcp,51600517620084,282
3609,tcp,51600559302504,20
3610,tcp,51600600968724,13
3611,tcp,51600642635484,21
3612,tcp,51600684338334,175
3613,tcp,51600867824304,38
3614,tcp,51600867836904,46
3615,tcp,51600867838524,13
3616,tcp,51600867839604,13
3617,tcp,51600909526884,21
3618,tcp,51600951164754,13
3619,tcp,51600975927894,13
3620,tcp,51601017707784,21
3621,tcp,51601059250794,13
3622,tcp,51601101024834,13
3623,tcp,51601142598624,21
3624,tcp,51601184395074,846
3625,tcp,51601225979034,194
3626,tcp,51601267642554,326
3627,tcp,51601309317234,32
3628,tcp,51601351130064,17
3629,tcp,51601392654534,19
3630,tcp,51601434387444,13
3631,tcp,51601475970864,13
3632,tcp,51601517788734,19
3633,tcp,51601559267394,13
3634,tcp,51601601048004,13
3635,tcp,51601642637544,19
3636,tcp,51601684343454,287
3637,tcp,51601725992574,90
3638,tcp,51601767651864,106
3639,tcp,51601809322674,18
3640,tcp,51601851004554,13
3641,tcp,51601892787954,19
3642,tcp,51601934277504,13
3643,tcp,51601976130564,13
3644,tcp,51602017597344,19
3645,tcp,51602059334844,13
3646,tcp,51602100986754,13
3647,tcp,51602142731094,19
3648,tcp,51602184302544,1791
3649,tcp,51602225988834,247
3650,tcp,51602267623914,322
3651,tcp,51602309242434,27
3652,tcp,51602351005224,15
3653,tcp,51602392656414,123
3654,tcp,51602434295904,21
3655,tcp,51602475955464,13
3656,tcp,51602517639504,145
3657,tcp,51602559287994,15
3658,tcp,51602601019464,13
3659,tcp,51602642617914,23
3660,tcp,51602684327064,350
3661,tcp,51602726097144,70
3662,tcp,51602909380974,90
3663,tcp,51602909390424,13
3664,tcp,51602909391954,13
3665,tcp,51602909396094,19
3666,tcp,51602951273904,13
3667,tcp,51602992820424,13
3668,tcp,51603017699034,19
3669,tcp,51603201101394,13
3670,tcp,51603201111474,13
3671,tcp,51603201112824,19
3672,tcp,51603284599974,1452
3673,tcp,51603284618424,322
3674,tcp,51603284620944,384
3675,tcp,51603309318384,33
3676,tcp,51603514229934,13
3677,tcp,51603514240554,138
3678,tcp,51603514242984,18
3679,tcp,51603514244874,13
3680,tcp,51603592871484,174
3681,tcp,51603592879314,18
3682,tcp,51603614336484,13
3683,tcp,51603693149484,19
3684,tcp,51603693161814,279
3685,tcp,51603726094164,49
3686,tcp,51603767726904,73
3687,tcp,51603809335794,15
3688,tcp,51603850994634,13
3689,tcp,51603909570414,26
3690,tcp,51604076095254,13
3691,tcp,51604076105694,13
3692,tcp,51604176249054,65
3693,tcp,51604276478634,13
3694,tcp,51604276490694,13
3695,tcp,51604276493214,19
3696,tcp,51604276497174,1359
3697,tcp,51604276500054,210
3698,tcp,51604276505904,346
3699,tcp,51604376693724,33
3700,tcp,51604376703984,13
3701,tcp,51604392567384,26
3702,tcp,51604434291114,15
3703,tcp,51604476972084,13
3704,tcp,51604517629854,19
3705,tcp,51604577164674,13
3706,tcp,51604600924134,13
3707,tcp,51604642634184,19
3708,tcp,51604684300404,304
3709,tcp,51604726015044,106
3710,tcp,51604767628164,84
3711,tcp,51604809344604,17
3712,tcp,51604850941254,13
3713,tcp,51604892635374,19
3714,tcp,51604934311764,13
3715,tcp,51604976062944,13
3716,tcp,51605017672014,19
3717,tcp,51605059261734,13
3718,tcp,51605101069254,13
3719,tcp,51605142658164,19
3720,tcp,51605184329334,1330
3721,tcp,51605225947854,231
3722,tcp,51605267712624,359
3723,tcp,51605309347884,28
3724,tcp,51605350989174,13
3725,tcp,51605392612734,131
3726,tcp,51605576197254,20
3727,tcp,51605576210574,18
3728,tcp,51605576212914,25
3729,tcp,51605576215074,15
3730,tcp,51605659485774,13
3731,tcp,51605659496304,19
3732,tcp,51605684359434,146
3733,tcp,51605759699604,45
3734,tcp,51605767658124,37
3735,tcp,51605809349094,15
3736,tcp,51605859894624,13
3737,tcp,51606034544304,23
3738,tcp,51606034557444,13
3739,tcp,51606034559694,13
3740,tcp,51606034561674,66
3741,tcp,51606117808254,13
3742,tcp,51606117818514,13
3743,tcp,51606142626744,19
3744,tcp,51606218015244,1943
3745,tcp,51606242818614,296
3746,tcp,51606318230244,490
3747,tcp,51606318240954,30
3748,tcp,51606350970264,13
3749,tcp,51606392752584,20
3750,tcp,51606620261154,9417
3751,tcp,51606620270874,167
3752,tcp,51606620273574,97
3753,tcp,51606620275284,65
3754,tcp,51606620276454,60
3755,tcp,51606642586374,60
3756,tcp,51606826131474,326
3757,tcp,51606826141644,136
3758,tcp,51606826146234,125
3759,tcp,51606826147764,21
3760,tcp,51606909435744,52
3761,tcp,51606909450054,52
3762,tcp,51606934292844,13
3763,tcp,51607009619154,52
3764,tcp,51607017635544,52
3765,tcp,51607059321654,13
3766,tcp,51607109839104,52
3767,tcp,51607142632044,52
3768,tcp,51607184274684,1061
3769,tcp,51607225980504,266
3770,tcp,51607267640154,268
3771,tcp,51607309295484,31
3772,tcp,51607350997164,54
3773,tcp,51607392698934,66
3774,tcp,51607434268764,15
3775,tcp,51607476074664,52
3776,tcp,51607517725314,52
3777,tcp,51607559404854,13
3778,tcp,51607601001864,52
3779,tcp,51607642672764,52
3780,tcp,51607826110314,342
3781,tcp,51607826120664,71
3782,tcp,51607826122644,129
3783,tcp,51607826123904,18
3784,tcp,51607909497114,55
3785,tcp,51607909507644,52
3786,tcp,51607934298234,13
3787,tcp,51608009715714,52
3788,tcp,51608017654704,52
3789,tcp,51608059337844,13
3790,tcp,51608159556534,52
3791,tcp,51608159566974,52
3792,tcp,51608314299204,2158
3793,tcp,51608314314234,405
3794,tcp,51608314316394,494
3795,tcp,51608384564184,31
3796,tcp,51608384576424,52
3797,tcp,51608414420874,113
3798,tcp,51608514667824,18
3799,tcp,51608514681684,52
3800,tcp,51608517652404,52
3801,tcp,51608614904604,13
3802,tcp,51608614917024,52
3803,tcp,51608642591484,52
3804,tcp,51608684283444,234
3805,tcp,51608726002224,78
3806,tcp,51608767613994,85
3807,tcp,51608809433304,16
3808,tcp,51608850953634,52
3809,tcp,51608892660444,52
3810,tcp,51608934289404,13
3811,tcp,51608976061734,52
3812,tcp,51609159435654,52
3813,tcp,51609159445554,13
3814,tcp,51609159447444,52
3815,tcp,51609159448704,52
3816,tcp,51609259617174,1551
3817,tcp,51609259627704,346
3818,tcp,51609267624834,395
3819,tcp,51609360092454,26
3820,tcp,51609360107304,52
3821,tcp,51609392655354,133
3822,tcp,51609434376924,17
3823,tcp,51609617820684,52
3824,tcp,51609617834994,52
3825,tcp,51609617837424,13
3826,tcp,51609617839404,52
3827,tcp,51609701166894,52
3828,tcp,51609701180754,313
3829,tcp,51609725924184,110
3830,tcp,51609801373794,133
3831,tcp,51609809428704,13
3832,tcp,51609851095644,52
3833,tcp,51609901553784,52
3834,tcp,51609934372734,13
3835,tcp,51609975969924,52
3836,tcp,51610034600694,52
3837,tcp,51610059241074,13
3838,tcp,51610101034464,52
3839,tcp,51610142669004,52
3840,tcp,51610207161474,3056
3841,tcp,51610242860694,536
3842,tcp,51610284570564,782
3843,tcp,51610309324794,33
3844,tcp,51610350936474,52
3845,tcp,51610392753714,194
3846,tcp,51610434330654,21
3847,tcp,51610476132594,52
3848,tcp,51610517654994,52
3849,tcp,51610559316984,13
3850,tcp,51610600970694,52
3851,tcp,51610642700274,52
3852,tcp,51610684292604,209
3853,tcp,51610725972774,81
3854,tcp,51610909576284,93
3855,tcp,51610909609944,17
3856,tcp,51610909612734,52
3857,tcp,51610909614804,52
3858,tcp,51610992847974,13
3859,tcp,51610992858054,52
3860,tcp,51611017613904,52
3861,tcp,51611222399724,13
3862,tcp,51611222420964,52
3863,tcp,51611222423124,52
3864,tcp,51611222426364,728
3865,tcp,51611301268524,109
3866,tcp,51611301276444,200
3867,tcp,51611826185874,18
3868,tcp,51611826195324,55
3869,tcp,51611826196944,55
3870,tcp,51611926324014,13
3871,tcp,51611926330944,52
3872,tcp,51611926332294,52
3873,tcp,51611926333374,13
3874,tcp,51611926334364,52
3875,tcp,51611926335354,52
3876,tcp,51611926337514,325
3877,tcp,51611926342014,132
3878,tcp,51611926344354,123
3879,tcp,51611926345704,18
3880,tcp,51611926347414,52
3881,tcp,51611926348494,60
3882,tcp,51611934299904,13
3883,tcp,51612026492574,52
3884,tcp,51612026503374,52
3885,tcp,51612059281284,13
3886,tcp,51612126667974,52
3887,tcp,51612159471984,52
3888,tcp,51612226797384,1766
3889,tcp,51612226807014,232
3890,tcp,51612267617784,345
3891,tcp,51612634602594,22
3892,tcp,51612634609974,55
3893,tcp,51612634611864,171
3894,tcp,51612634613034,22
3895,tcp,51612634614114,52
3896,tcp,51612634615284,52
3897,tcp,51612634616274,13
3898,tcp,51612634617354,52
3899,tcp,51612734754954,52
3900,tcp,51612734765754,349
3901,tcp,51612734767914,140
3902,tcp,51612767648244,101
3903,tcp,51612809243904,16
3904,tcp,51612850870164,55
3905,tcp,51612892635204,62
3906,tcp,51612934255524,15
3907,tcp,51612976046754,52
3908,tcp,51613034419674,52
3909,tcp,51613059293604,13
3910,tcp,51613100923644,52
3911,tcp,51613142575194,52
3912,tcp,51613184340774,1444
3913,tcp,51613225987284,346
3914,tcp,51613267664664,408
3915,tcp,51613309328184,33
3916,tcp,51613350967584,52
3917,tcp,51613392703104,209
3918,tcp,51613434240084,26
3919,tcp,51613476116724,52
3920,tcp,51613517682504,73
3921,tcp,51613559335134,17
3922,tcp,51613600985064,52
3923,tcp,51613642592064,59
3924,tcp,51613684301664,273
3925,tcp,51613726007844,79
3926,tcp,51613767557244,105
3927,tcp,51613809296544,16
3928,tcp,51613850956554,52
3929,tcp,51613892578854,52
3930,tcp,51613934343984,13
3931,tcp,51613975947024,52
3932,tcp,51614017626114,52
3933,tcp,51614059235094,13
3934,tcp,51614100998514,52
3935,tcp,51614142588324,52
3936,tcp,51614184289464,1534
3937,tcp,51614225892144,275
3938,tcp,51614267623074,395
3939,tcp,51614309476854,27
3940,tcp,51614351001324,52
3941,tcp,51614392600584,119
3942,tcp,51614434264824,17
3943,tcp,51614475975234,52
3944,tcp,51614517645594,57
3945,tcp,51614559338274,13
3946,tcp,51614600932584,52
3947,tcp,51614642669994,52
3948,tcp,51614684237304,321
3949,tcp,51614726015394,122
3950,tcp,51614767678554,125
3951,tcp,51614809363044,19
3952,tcp,51614850924684,52
3953,tcp,51614892719064,52
3954,tcp,51614934320934,13
3955,tcp,51614975936124,52
3956,tcp,51615017619714,52
3957,tcp,51615059273064,13
3958,tcp,51615100932444,52
3959,tcp,51615142605954,52
3960,tcp,51615184301334,2214
3961,tcp,51615225957564,338
3962,tcp,51615267710904,475
3963,tcp,51615309280284,34
3964,tcp,51615350959104,13
3965,tcp,51615392625234,94
3966,tcp,51615434330514,20
3967,tcp,51615475931934,16
3968,tcp,51615517665384,66
3969,tcp,51615559346454,13
3970,tcp,51615600909354,13
3971,tcp,51615642570534,23
3972,tcp,51615826154874,233
3973,tcp,51615826170084,48
3974,tcp,51615826172694,50
3975,tcp,51615926407494,16
3976,tcp,51615926418024,13
3977,tcp,51615967888944,16
3978,tcp,51615967895694,13
3979,tcp,51616026563454,13
3980,tcp,51616026573804,16
3981,tcp,51616059291234,13
3982,tcp,51616126784754,13
3983,tcp,51616142597934,16
3984,tcp,51616184240394,1745
3985,tcp,51616226981214,318
3986,tcp,51616267526214,497
3987,tcp,51616309218444,25
3988,tcp,51616350923274,15
3989,tcp,51616392636654,49
3990,tcp,51616434340854,18
3991,tcp,51616476045594,13
3992,tcp,51616517645754,16
3993,tcp,51616559335914,13
3994,tcp,51616600935084,13
3995,tcp,51616642568814,16
3996,tcp,51616684249794,241
3997,tcp,51616725959484,86
3998,tcp,51616767572424,89
3999,tcp,51616809251604,17
4000,tcp,51616951140834,9063
4001,tcp,51616951151364,106
4002,tcp,51616951153164,16
4003,tcp,51616998435654,16
4004,tcp,51617159405784,16
4005,tcp,51617159417484,13
4006,tcp,51617159419194,16
4007,tcp,51617159420364,16
4008,tcp,51617242675404,1099
4009,tcp,51617810212974,410
4010,tcp,51617810225754,39
4011,tcp,51617810227824,28
4012,tcp,51617810229264,16
4013,tcp,51617810230344,16
4014,tcp,51617910541014,13
4015,tcp,51617910562434,16
4016,tcp,51617910563784,16
4017,tcp,51617910564954,13
4018,tcp,51617910565944,16
4019,tcp,51617910566934,16
4020,tcp,51617910570174,341
4021,tcp,51617910572604,132
4022,tcp,51617910574314,21
4023,tcp,51617910575484,21
4024,tcp,51617910577194,18
4025,tcp,51617910578274,18
4026,tcp,51618110764014,13
4027,tcp,51618110778864,16
4028,tcp,51618210900084,16
4029,tcp,51618210910254,13
4030,tcp,51618210911604,16
4031,tcp,51618210912774,16
4032,tcp,51618210914754,2155
4033,tcp,51618311037684,626
4034,tcp,51618311047944,119
4035,tcp,51618311049744,25
4036,tcp,51618350940264,23
4037,tcp,51618411262944,16
4038,tcp,51618434331474,13
4039,tcp,51618475941264,16
4040,tcp,51618659414544,16
4041,tcp,51618659424894,13
4042,tcp,51618659426334,16
4043,tcp,51618701231784,16
4044,tcp,51618701245284,287
4045,tcp,51618759595344,79
4046,tcp,51618801321144,27
4047,tcp,51618809277054,17
4048,tcp,51618859699014,16
4049,tcp,51619034454534,16
4050,tcp,51619034464344,13
4051,tcp,51619034465784,16
4052,tcp,51619076144964,16
4053,tcp,51619076158464,13
4054,tcp,51619134590694,16
4055,tcp,51619176342054,16
4056,tcp,51619234845204,1538
4057,tcp,51619234860504,710
4058,tcp,51619276625904,66
4059,tcp,51619328287884,24
4060,tcp,51619351000734,16
4061,tcp,51619392599544,16
4062,tcp,51619434293484,13
4063,tcp,51619475925504,16
4064,tcp,51619517680284,16
4065,tcp,51619701174444,13
4066,tcp,51619701188394,16
4067,tcp,51619701189744,16
4068,tcp,51619701191364,313
4069,tcp,51619784431824,138
4070,tcp,51619784441904,18
4071,tcp,51619809284424,13
4072,tcp,51619884672024,16
4073,tcp,51619892601474,16
4074,tcp,51619984882524,13
4075,tcp,51619984892604,16
4076,tcp,51620017603284,16
4077,tcp,51620059222434,13
4078,tcp,51620101045164,16
4079,tcp,51620142591954,16
4080,tcp,51620207153634,3065
4081,tcp,51620242801824,1024
4082,tcp,51620284523034,154
4083,tcp,51620309259444,33
4084,tcp,51620492827134,20
4085,tcp,51620492840994,16
4086,tcp,51620492843514,13
4087,tcp,51620492845404,16
4088,tcp,51620706322164,16
4089,tcp,51620706332784,13
4090,tcp,51620706336654,16
4091,tcp,51620706337734,16
4092,tcp,51620706339174,232
4093,tcp,51620801260014,102
4094,tcp,51620801271624,21
4095,tcp,51620809287474,18
4096,tcp,51620901497514,16
4097,tcp,51620901506964,16
4098,tcp,51620934334914,13
4099,tcp,51621001689204,16
4100,tcp,51621017597964,16
4101,tcp,51621059252124,13
4102,tcp,51621101905464,16
4103,tcp,51621142590324,16
4104,tcp,51621184351404,851
4105,tcp,51621225954894,285
4106,tcp,51621267560994,33
4107,tcp,51621309235314,24
4108,tcp,51621350949324,18
4109,tcp,51621392696814,18
4110,tcp,51621434252604,17
4111,tcp,51621475901904,16
4112,tcp,51621517615014,16
4113,tcp,51621559308234,13
4114,tcp,51621600878154,16
4115,tcp,51621642597924,16
4116,tcp,51621684261894,323
4117,tcp,51621725986434,145
4118,tcp,51621767561934,25
4119,tcp,51621809285754,18
4120,tcp,51621850932264,21
4121,tcp,51621892719804,18
4122,tcp,51621934289274,16
4123,tcp,51621975967374,16
4124,tcp,51622017655644,16
4125,tcp,51622059305394,13
4126,tcp,51622100983404,16
4127,tcp,51622142635494,16
4128,tcp,51622201240254,1651
4129,tcp,51622225990794,519
4130,tcp,51622267694724,85
4131,tcp,51622309214064,20
4132,tcp,51622350977394,18
4133,tcp,51622392564414,16
4134,tcp,51622434374094,13
4135,tcp,51622659470214,16
4136,tcp,51622659483624,16
4137,tcp,51622659485784,13
4138,tcp,51622659487674,16
4139,tcp,51622659489384,16
4140,tcp,51622701156054,351
4141,tcp,51622743887874,108
4142,tcp,51622767631494,21
4143,tcp,51622951131774,16
4144,tcp,51622951144824,16
4145,tcp,51622951147344,16
4146,tcp,51622951149414,13
4147,tcp,51623034521094,16
4148,tcp,51623034533784,16
4149,tcp,51623059315644,13
4150,tcp,51623134744824,16
4151,tcp,51623142603444,16
4152,tcp,51623234925714,1530
4153,tcp,51623234935074,597
4154,tcp,51623267618394,108
4155,tcp,51623335141974,23
4156,tcp,51623351020494,29
4157,tcp,51623617834044,18
4158,tcp,51623617843674,13
4159,tcp,51623617845204,16
4160,tcp,51623617846374,16
4161,tcp,51623717957964,13
4162,tcp,51623717965974,16
4163,tcp,51623717967234,16
4164,tcp,51623717968854,272
4165,tcp,51623725863834,95
4166,tcp,51623818163514,18
4167,tcp,51623818174224,13
4168,tcp,51623850964104,16
4169,tcp,51623892669204,16
4170,tcp,51623934344964,13
4171,tcp,51623975984274,16
4172,tcp,51624159461064,16
4173,tcp,51624159470964,13
4174,tcp,51624159472314,16
4175,tcp,51624201186144,16
4176,tcp,51624384369804,1570
4177,tcp,51624384378444,499
4178,tcp,51624384380424,45
4179,tcp,51624384382044,24
4180,tcp,51624384383124,16
4181,tcp,51624392595084,16
4182,tcp,51624434331414,13
4183,tcp,51624484502724,16
4184,tcp,51624517577454,16
4185,tcp,51624559334844,13
4186,tcp,51624601004304,16
4187,tcp,51624642555684,16
4188,tcp,51624684249444,333
4189,tcp,51624725965254,141
4190,tcp,51624909501174,28
4191,tcp,51624909515394,13
4192,tcp,51624909518184,16
4193,tcp,51625009684944,16
4194,tcp,51625009697184,13
4195,tcp,51625009699524,16
4196,tcp,51625109836494,16
4197,tcp,51625109846844,13
4198,tcp,51625109848284,16
4199,tcp,51625142658234,16
4200,tcp,51625210116744,1600
4201,tcp,51625242971154,634
4202,tcp,51625310325444,57
4203,tcp,51625310335974,21
4204,tcp,51625350980244,16
4205,tcp,51625392553224,16
4206,tcp,51625434310344,13
4207,tcp,51625617819174,16
4208,tcp,51625617830694,16
4209,tcp,51625617832314,13
4210,tcp,51625617833394,16
4211,tcp,51625701170514,16
4212,tcp,51625701183114,228
4213,tcp,51625725934194,79
4214,tcp,51625801341324,19
4215,tcp,51625809313524,13
4216,tcp,51625850916294,16
4217,tcp,51625901485764,16
4218,tcp,51626076138684,13
4219,tcp,51626076152904,16
4220,tcp,51626076155604,16
4221,tcp,51626076157584,13
4222,tcp,51626176227504,16
4223,tcp,51626176235514,16
4224,tcp,51626184241464,1793
4225,tcp,51626276481744,691
4226,tcp,51626276492454,96
4227,tcp,51626309302314,25
4228,tcp,51626350975824,18
4229,tcp,51626409539904,18
4230,tcp,51626434302234,13
4231,tcp,51626475956034,16
4232,tcp,51626517716124,16
4233,tcp,51626559351744,13
4234,tcp,51626601030294,16
4235,tcp,51626642594544,16
4236,tcp,51626826151074,303
4237,tcp,51626826166014,146
4238,tcp,51626826168174,27
4239,tcp,51626826169344,16
4240,tcp,51626909651904,16
4241,tcp,51626909676024,16
4242,tcp,51626934303984,13
4243,tcp,51627009813264,16
4244,tcp,51627017603214,16
4245,tcp,51627059274744,13
4246,tcp,51627110005404,16
4247,tcp,51627284348454,16
4248,tcp,51627284359884,965
4249,tcp,51627284361684,380
4250,tcp,51627772276614,8455
4251,tcp,51627772287144,75
4252,tcp,51627772289034,44
4253,tcp,51627772290204,52
4254,tcp,51627795178374,24
4255,tcp,51627795188904,18
4256,tcp,51627795190434,20
4257,tcp,51627795191604,18
4258,tcp,51627795192684,16
4259,tcp,51627795193674,16
4260,tcp,51627795198444,228
4261,tcp,51627795199974,99
4262,tcp,51627795201144,18
4263,tcp,51627809314944,13
4264,tcp,51627872617974,16
4265,tcp,51627892544154,16
4266,tcp,51627934325304,13
4267,tcp,51627975908724,16
4268,tcp,51628017614994,16
4269,tcp,51628059307404,13
4270,tcp,51628100992974,16
4271,tcp,51628142606904,16
4272,tcp,51628184292744,2199
4273,tcp,51628242890304,676
4274,tcp,51628409407494,107
4275,tcp,51628409418834,23
4276,tcp,51628409420364,83
4277,tcp,51628409421444,29
4278,tcp,51628492812564,20
4279,tcp,51628492826064,16
4280,tcp,51628517684964,16
4281,tcp,51628592980314,13
4282,tcp,51628600908864,16
4283,tcp,51628642649064,16
4284,tcp,51628693163544,282
4285,tcp,51628726008054,92
4286,tcp,51628793399964,66
4287,tcp,51628809349134,18
4288,tcp,51628850944434,16
4289,tcp,51628892703174,16
4290,tcp,51629076134064,13
4291,tcp,51629076147744,16
4292,tcp,51629076150264,16
4293,tcp,51629076152064,13
4294,tcp,51629159504214,16
4295,tcp,51629159514474,16
4296,tcp,51629259694464,1569
4297,tcp,51629259702474,680
4298,tcp,51629267601684,35
4299,tcp,51629356218924,21
4300,tcp,51629356229364,57
4301,tcp,51629392609884,71
4302,tcp,51629434256934,17
4303,tcp,51629475980214,16
4304,tcp,51629517552474,16
4305,tcp,51629559274944,13
4306,tcp,51629601021714,16
4307,tcp,51629642589204,16
4308,tcp,51629684261184,322
4309,tcp,51629725921914,143
4310,tcp,51629767579314,49
4311,tcp,51629809224114,13
4312,tcp,51629850935154,16
4313,tcp,51629892597864,16
4314,tcp,51629934254364,13
4315,tcp,51629975986194,16
4316,tcp,51630017591124,16
4317,tcp,51630059269674,13
4318,tcp,51630242747724,16
4319,tcp,51630242757264,16
4320,tcp,51630284495664,4307
4321,tcp,51630443103294,1487
4322,tcp,51630443114274,343
4323,tcp,51630443116254,26
4324,tcp,51630443117874,73
4325,tcp,51630443119224,18
4326,tcp,51630443120304,13
4327,tcp,51630475889304,13
4328,tcp,51630517642914,13
4329,tcp,51630559313454,13
4330,tcp,51630617865474,13
4331,tcp,51630642574704,13
4332,tcp,51630684317874,217
4333,tcp,51630725942154,83
4334,tcp,51630767618814,15
4335,tcp,51630809300964,13
4336,tcp,51630851075004,13
4337,tcp,51630892577424,13
4338,tcp,51630934302144,13
4339,tcp,51630975914274,13
4340,tcp,51631017578424,13
4341,tcp,51631059255894,13
4342,tcp,51631101008964,13
4343,tcp,51631142600214,13
4344,tcp,51631184277504,854
4345,tcp,51631225939134,403
4346,tcp,51631267629294,37
4347,tcp,51631309211904,17
4348,tcp,51631350953634,13
4349,tcp,51631392566124,13
4350,tcp,51631434357984,13
4351,tcp,51631475911974,13
4352,tcp,51631517661174,13
4353,tcp,51631559303814,13
4354,tcp,51631600989204,13
4355,tcp,51631642612584,13
4356,tcp,51631684281234,299
4357,tcp,51631725984534,145
4358,tcp,51631767602154,21
4359,tcp,51631809257484,15
4360,tcp,51631850971134,13
4361,tcp,51631892584524,13
4362,tcp,51631934309964,13
4363,tcp,51631976057094,13
4364,tcp,51632017649064,13
4365,tcp,51632059265334,13
4366,tcp,51632100960174,13
4367,tcp,51632142561594,13
4368,tcp,51632184298824,1778
4369,tcp,51632225969994,488
4370,tcp,51632267590044,74
4371,tcp,51632309279934,19
4372,tcp,51632351062884,71
4373,tcp,51632392572684,20
4374,tcp,51632434295244,13
4375,tcp,51632475922584,13
4376,tcp,51632517604284,13
4377,tcp,51632559251424,13
4378,tcp,51632601024654,13
4379,tcp,51632642556234,13
4380,tcp,51632684382384,355
4381,tcp,51632725935564,142
4382,tcp,51632767593954,21
4383,tcp,51632951084064,15
4384,tcp,51632951096394,13
4385,tcp,51632951098734,13
4386,tcp,51632951100714,13
4387,tcp,51632992819044,13
4388,tcp,51633034452414,13
4389,tcp,51633059342544,13
4390,tcp,51633100936674,13
4391,tcp,51633142618734,13
4392,tcp,51633184226814,1336
4393,tcp,51633225924174,562
4394,tcp,51633267601644,128
4395,tcp,51633309243024,27
4396,tcp,51633350949654,15
4397,tcp,51633392615604,13
4398,tcp,51633576134874,13
4399,tcp,51633576144324,13
4400,tcp,51633576145764,13
4401,tcp,51633576146934,13
4402,tcp,51633659519334,13
4403,tcp,51633659534364,13
4404,tcp,51633684302994,242
4405,tcp,51633759709404,72
4406,tcp,51633767601234,31
4407,tcp,51633809332524,13
4408,tcp,51633859845114,13
4409,tcp,51633892576944,13
4410,tcp,51633934333344,13
4411,tcp,51633975919554,13
4412,tcp,51634017576054,13
4413,tcp,51634059303654,13
4414,tcp,51634100889864,13
4415,tcp,51634142588214,13
4416,tcp,51634184225724,1517
4417,tcp,51634225978164,536
4418,tcp,51634267599564,49
4419,tcp,51634309312224,19
4420,tcp,51634350937404,26
4421,tcp,51634392686064,13
4422,tcp,51634434299364,13
4423,tcp,51634475956314,13
4424,tcp,51634517572764,13
4425,tcp,51634559295594,13
4426,tcp,51634600990254,13
4427,tcp,51634642703994,13
4428,tcp,51634684238364,323
4429,tcp,51634725994404,139
4430,tcp,51634767613824,18
4431,tcp,51634809217944,13
4432,tcp,51634851029784,13
4433,tcp,51634892709144,13
4434,tcp,51634934309484,13
4435,tcp,51634975954734,13
4436,tcp,51635017733184,13
4437,tcp,51635059406514,13
4438,tcp,51635101003704,13
4439,tcp,51635142607374,13
4440,tcp,51635184361884,1757
4441,tcp,51635225965194,535
4442,tcp,51635267647794,74
4443,tcp,51635309255694,17
4444,tcp,51635350958094,13
4445,tcp,51635392594704,13
4446,tcp,51635434308174,13
4447,tcp,51635475962244,13
4448,tcp,51635517623154,13
4449,tcp,51635701094724,13
4450,tcp,51635701104354,13
4451,tcp,51635701105704,13
4452,tcp,51635701106964,201
4453,tcp,51635742841854,83
4454,tcp,51635784466134,22
4455,tcp,51635809289484,13
4456,tcp,51635850837804,18
4457,tcp,51636034423404,13
4458,tcp,51636034433754,13
4459,tcp,51636034435104,13
4460,tcp,51636034436184,13
4461,tcp,51636117783564,13
4462,tcp,51636117793824,13
4463,tcp,51636142621674,13
4464,tcp,51636886350624,1917
4465,tcp,51636886358544,749
4466,tcp,51636886360434,100
4467,tcp,51636886361874,23
4468,tcp,51636886362954,13
4469,tcp,51636886363944,13
4470,tcp,51636886365024,13
4471,tcp,51636886366104,13
4472,tcp,51636886369974,13
4473,tcp,51636886371054,13
4474,tcp,51636886372134,13
4475,tcp,51636886373124,13
4476,tcp,51636886375284,282
4477,tcp,51636886377174,152
4478,tcp,51636886379154,16
4479,tcp,51636886380324,13
4480,tcp,51636886381404,13
4481,tcp,51636986503434,13
4482,tcp,51636986514144,13
4483,tcp,51636986515404,13
4484,tcp,51637017576744,13
4485,tcp,51637059294084,13
4486,tcp,51637100933754,13
4487,tcp,51637142644704,13
4488,tcp,51637184270694,1104
4489,tcp,51637225961394,380
4490,tcp,51637267634274,48
4491,tcp,51637309348464,24
4492,tcp,51637350933414,19
4493,tcp,51637392651654,13
4494,tcp,51637434298794,13
4495,tcp,51637475971944,13
4496,tcp,51637701127014,13
4497,tcp,51637701136824,13
4498,tcp,51637701138354,13
4499,tcp,51637701140064,13
4500,tcp,51637924271124,8374
4501,tcp,51637924281474,107
4502,tcp,51637924283274,19
4503,tcp,51637924284444,16
4504,tcp,51637924285614,13
4505,tcp,51637924286694,13
4506,tcp,51638001670134,13
4507,tcp,51638001679314,13
4508,tcp,51638017580064,13
4509,tcp,51638059258344,13
4510,tcp,51638101925184,13
4511,tcp,51638142724974,13
4512,tcp,51638367752064,1920
4513,tcp,51638367766374,555
4514,tcp,51638367769704,129
4515,tcp,51638467903884,28
4516,tcp,51638467912614,35
4517,tcp,51638467914054,13
4518,tcp,51638467915224,13
4519,tcp,51638475930354,13
4520,tcp,51638517595764,13
4521,tcp,51638568092964,13
4522,tcp,51638600977614,13
4523,tcp,51638642634744,13
4524,tcp,51638684243454,165
4525,tcp,51638725994994,69
4526,tcp,51638767602084,22
4527,tcp,51638809294404,15
4528,tcp,51638851003194,13
4529,tcp,51638892618564,13
4530,tcp,51638934292884,13
4531,tcp,51638975930394,13
4532,tcp,51639017600664,13
4533,tcp,51639201040914,13
4534,tcp,51639201053784,13
4535,tcp,51639201055854,13
4536,tcp,51639284453364,1590
4537,tcp,51639284463894,647
4538,tcp,51639284468484,45
4539,tcp,51639309270324,24
4540,tcp,51639384625884,13
4541,tcp,51639392555064,13
4542,tcp,51639585043914,13
4543,tcp,51639585053904,13
4544,tcp,51639585055344,13
4545,tcp,51639617744244,13
4546,tcp,51639617754594,13
4547,tcp,51639717924954,13
4548,tcp,51639717936654,330
4549,tcp,51639725910114,150
4550,tcp,51639818237964,17
4551,tcp,51639818252634,13
4552,tcp,51639850937664,13
4553,tcp,51639918495714,13
4554,tcp,51639934332654,13
4555,tcp,51639976192014,13
4556,tcp,51640018705494,13
4557,tcp,51640059326454,13
4558,tcp,51640101048294,13
4559,tcp,51640142688324,13
4560,tcp,51640184305764,2348
4561,tcp,51640226034804,880
4562,tcp,51640267617864,200
4563,tcp,51640309263924,29
4564,tcp,51640350922944,18
4565,tcp,51640392602214,13
4566,tcp,51640434277254,13
4567,tcp,51640475907564,13
4568,tcp,51640517580084,13
4569,tcp,51640559227044,13
4570,tcp,51640600915854,13
4571,tcp,51640642586394,13
4572,tcp,51640684345404,232
4573,tcp,51640725952314,90
4574,tcp,51640767633744,13
4575,tcp,51640809289884,13
4576,tcp,51640850987784,13
4577,tcp,51640892597574,13
4578,tcp,51640934234994,13
4579,tcp,51640975957554,13
4580,tcp,51641017619094,13
4581,tcp,51641059295754,13
4582,tcp,51641100926604,13
4583,tcp,51641142547914,13
4584,tcp,51641184270474,847
4585,tcp,51641226001224,372
4586,tcp,51641267715684,58
4587,tcp,51641309338884,33
4588,tcp,51641351072334,34
4589,tcp,51641392615794,18
4590,tcp,51641434337184,13
4591,tcp,51641476091964,13
4592,tcp,51641517637944,13
4593,tcp,51641885730744,13
4594,tcp,51641885743704,13
4595,tcp,51641885746314,13
4596,tcp,51641885750004,301
4597,tcp,51641885753424,151
4598,tcp,51641885755854,18
4599,tcp,51641885771154,13
4600,tcp,51642085983714,13
4601,tcp,51642085997754,13
4602,tcp,51642086000184,13
4603,tcp,51642086002254,13
4604,tcp,51642086004054,13
4605,tcp,51642117739224,13
4606,tcp,51642117748854,13
4607,tcp,51642186108984,13
4608,tcp,51642217965834,1785
4609,tcp,51642286277994,472
4610,tcp,51642286291404,87
4611,tcp,51642318135294,27
4612,tcp,51642386358894,92
4613,tcp,51642392631534,24
4614,tcp,51642434281464,13
4615,tcp,51642486496854,13
4616,tcp,51642534438864,13
4617,tcp,51642559276884,13
4618,tcp,51642600960744,13
4619,tcp,51642642627324,13
4620,tcp,51642684206334,348
4621,tcp,51642725991444,159
4622,tcp,51642767577744,24
4623,tcp,51642809246214,13
4624,tcp,51642850885614,13
4625,tcp,51642892720044,13
4626,tcp,51642934325604,13
4627,tcp,51642976086684,13
4628,tcp,51643017573534,13
4629,tcp,51643059293034,13
4630,tcp,51643101163644,13
4631,tcp,51643142589744,13
4632,tcp,51643367785854,1484
4633,tcp,51643367796294,540
4634,tcp,51643367798274,163
4635,tcp,51643426221054,29
4636,tcp,51643426229604,13
4637,tcp,51643426230954,13
4638,tcp,51643626602364,13
4639,tcp,51643626614694,13
4640,tcp,51643626617124,13
4641,tcp,51643626619194,13
4642,tcp,51643659438504,13
4643,tcp,51643659452274,13
4644,tcp,51643726803054,279
4645,tcp,51643726831854,97
4646,tcp,51643826975394,22
4647,tcp,51643826985654,13
4648,tcp,51643850890734,13
4649,tcp,51643927165734,13
4650,tcp,51643934218134,13
4651,tcp,51643975917114,13
4652,tcp,51644027336004,13
4653,tcp,51644059272864,13
4654,tcp,51644100939984,13
4655,tcp,51644142613764,13
4656,tcp,51644184316074,1365
4657,tcp,51644225967174,461
4658,tcp,51644267543844,33
4659,tcp,51644309333184,13
4660,tcp,51644350948824,13
4661,tcp,51644392709904,13
4662,tcp,51644434356864,13
4663,tcp,51644475936324,13
4664,tcp,51644517646824,13
4665,tcp,51644559315654,13
4666,tcp,51644601004914,13
4667,tcp,51644642639274,13
4668,tcp,51644684347344,326
4669,tcp,51644725994754,150
4670,tcp,51644767595544,16
4671,tcp,51644809346814,13
4672,tcp,51644850959574,13
4673,tcp,51644892583944,13
4674,tcp,51644934325224,13
4675,tcp,51644975922774,13
4676,tcp,51645017654064,13
4677,tcp,51645059275104,13
4678,tcp,51645101018994,13
4679,tcp,51645142583244,13
4680,tcp,51645184260174,2241
4681,tcp,51645225949794,726
4682,tcp,51645267579204,116
4683,tcp,51645309262704,45
4684,tcp,51645350904624,31
4685,tcp,51645392601174,19
4686,tcp,51645434295204,13
4687,tcp,51645617770014,19
4688,tcp,51645617780994,19
4689,tcp,51645617782524,13
4690,tcp,51645617783694,19
4691,tcp,51645659507514,19
4692,tcp,51645701105154,212
4693,tcp,51645725996634,68
4694,tcp,51645767677434,25
4695,tcp,51645809340864,16
4696,tcp,51645850935894,19
4697,tcp,51645892589154,19
4698,tcp,51645934274364,13
4699,tcp,51645976082964,19
4700,tcp,51646017600504,19
4701,tcp,51646059299124,13
4702,tcp,51646100939424,19
4703,tcp,51646142613744,19
4704,tcp,51646184232894,1971
4705,tcp,51646225938714,716
4706,tcp,51646267579104,105
4707,tcp,51646309280154,28
4708,tcp,51646350914694,31
4709,tcp,51646392636804,23
4710,tcp,51646434375384,19
4711,tcp,51646476085254,19
4712,tcp,51646517678664,19
4713,tcp,51646559246784,13
4714,tcp,51646600914084,19
4715,tcp,51646642612614,19
4716,tcp,51646684199724,309
4717,tcp,51646725975024,155
4718,tcp,51646767561144,30
4719,tcp,51646809257514,17
4720,tcp,51646850950554,19
4721,tcp,51646892585094,19
4722,tcp,51646934294514,13
4723,tcp,51646975990344,19
4724,tcp,51647017606254,19
4725,tcp,51647059287864,13
4726,tcp,51647101076304,19
4727,tcp,51647142723984,19
4728,tcp,51647184289854,1110
4729,tcp,51647225955174,453
4730,tcp,51647267619144,46
4731,tcp,51647309287974,23
4732,tcp,51647350926744,22
4733,tcp,51647392607814,23
4734,tcp,51647434293024,15
4735,tcp,51647475934674,19
4736,tcp,51647517598194,19
4737,tcp,51647559259014,13
4738,tcp,51647601044574,19
4739,tcp,51647642604594,19
4740,tcp,51647826141324,334
4741,tcp,51647826156714,144
4742,tcp,51647826160134,25
4743,tcp,51647826161934,17
4744,tcp,51647867800524,19
4745,tcp,51647909419674,19
4746,tcp,51647934332394,13
4747,tcp,51647975931654,19
4748,tcp,51648017658534,19
4749,tcp,51648059269674,13
4750,tcp,51648201160704,8349
4751,tcp,51648201174294,97
4752,tcp,51648259662594,2096
4753,tcp,51648259671054,697
4754,tcp,51648267567204,53
4755,tcp,51648309279684,36
4756,tcp,51648350889924,57
4757,tcp,51648392592594,15
4758,tcp,51648434349354,13
4759,tcp,51648475982994,13
4760,tcp,51648517585764,13
4761,tcp,51648559292304,13
4762,tcp,51648600952044,13
4763,tcp,51648642608634,13
4764,tcp,51648684291414,281
4765,tcp,51648725882664,81
4766,tcp,51648767584164,22
4767,tcp,51648809293944,15
4768,tcp,51648851112444,13
4769,tcp,51648892676514,13
4770,tcp,51648934401144,13
4771,tcp,51648976104084,13
4772,tcp,51649201192824,13
4773,tcp,51649201205244,13
4774,tcp,51649201207674,13
4775,tcp,51649201209654,13
4776,tcp,51649686306864,1424
4777,tcp,51649686315414,693
4778,tcp,51649697027844,50
4779,tcp,51649697045574,25
4780,tcp,51649697047194,13
4781,tcp,51649697048274,13
4782,tcp,51649697049354,13
4783,tcp,51649697050434,13
4784,tcp,51649697051424,13
4785,tcp,51649697052414,13
4786,tcp,51649697054304,13
4787,tcp,51649697055474,13
4788,tcp,51649697056734,203
4789,tcp,51649786557954,104
4790,tcp,51649786571724,22
4791,tcp,51649951063014,13
4792,tcp,51649951076424,13
4793,tcp,51649951077864,13
4794,tcp,51649992743274,13
4795,tcp,51649992753084,13
4796,tcp,51650051135724,13
4797,tcp,51650092855494,13
4798,tcp,51650100925614,13
4799,tcp,51650193021984,13
4800,tcp,51650293189464,3660
4801,tcp,51650293199544,1238
4802,tcp,51650293201434,190
4803,tcp,51650309316114,33
4804,tcp,51650393336604,86
4805,tcp,51650393347314,17
4806,tcp,51650434330704,13
4807,tcp,51650475871374,13
4808,tcp,51650517615894,13
4809,tcp,51650559320904,13
4810,tcp,51650600969304,13
4811,tcp,51650642656314,13
4812,tcp,51650684319564,178
4813,tcp,51650726015664,60
4814,tcp,51650767652004,13
4815,tcp,51650809254054,13
4816,tcp,51651076178664,13
4817,tcp,51651076190994,13
4818,tcp,51651076193424,13
4819,tcp,51651076195584,13
4820,tcp,51651076197384,13
4821,tcp,51651076199364,13
4822,tcp,51651176297274,13
4823,tcp,51651176305644,13
4824,tcp,51651184271904,864
4825,tcp,51651225935154,505
4826,tcp,51651276509484,48
4827,tcp,51651309315924,31
4828,tcp,51651350922204,31
4829,tcp,51651392663664,30
4830,tcp,51651434355714,25
4831,tcp,51651476066214,28
4832,tcp,51651517768974,28
4833,tcp,51651559312794,25
4834,tcp,51651600926634,29
4835,tcp,51651642660894,28
4836,tcp,51651684325764,321
4837,tcp,51651725940414,168
4838,tcp,51651909477774,38
4839,tcp,51651909491094,31
4840,tcp,51651909493704,34
4841,tcp,51651909500094,32
4842,tcp,51651992858454,25
4843,tcp,51651992873124,28
4844,tcp,51652017604944,28
4845,tcp,51652093100184,25
4846,tcp,51652100973654,29
4847,tcp,51652142634924,28
4848,tcp,51652201189194,1444
4849,tcp,51652242867114,579
4850,tcp,51652301420214,58
4851,tcp,51652309303764,17
4852,tcp,51652350889974,23
4853,tcp,51652392606414,13
4854,tcp,51652434342114,13
4855,tcp,51652475897094,13
4856,tcp,51652517561154,13
4857,tcp,51652559253924,13
4858,tcp,51652927375884,13
4859,tcp,51652927384254,13
4860,tcp,51652927386774,345
4861,tcp,51652927388664,132
4862,tcp,51652927389924,20
4863,tcp,51652927391004,13
4864,tcp,51652927392084,13
4865,tcp,51652927393254,13
4866,tcp,51653027515014,13
4867,tcp,51653027524644,13
4868,tcp,51653027526084,13
4869,tcp,51653059262784,13
4870,tcp,51653100990474,13
4871,tcp,51653142673704,13
4872,tcp,51653201110884,1477
4873,tcp,51653242852164,581
4874,tcp,51653284406154,123
4875,tcp,51653309333814,33
4876,tcp,51653350994454,13
4877,tcp,51653392789824,13
4878,tcp,51653434271724,13
4879,tcp,51653475958824,13
4880,tcp,51653517697944,13
4881,tcp,51653701249254,13
4882,tcp,51653701268154,13
4883,tcp,51653701270134,13
4884,tcp,51653701272474,283
4885,tcp,51653930225094,81
4886,tcp,51653930237424,55
4887,tcp,51653930239584,13
4888,tcp,51653930241204,13
4889,tcp,51653930242824,13
4890,tcp,51654009541194,13
4891,tcp,51654009553074,13
4892,tcp,51654030368274,13
4893,tcp,51654109755654,13
4894,tcp,51654109765734,13
4895,tcp,51654142675584,13
4896,tcp,51654209979474,1564
4897,tcp,51654242903994,544
4898,tcp,51654310267824,48
4899,tcp,51654310281144,13
4900,tcp,51654350918304,13
4901,tcp,51654392616024,13
4902,tcp,51654434270364,13
4903,tcp,51654475940994,13
4904,tcp,51654517618284,13
4905,tcp,51654559281174,13
4906,tcp,51654600957384,13
4907,tcp,51654642579144,13
4908,tcp,51654684243834,310
4909,tcp,51654725892054,142
4910,tcp,51654767671224,21
4911,tcp,51654809248074,13
4912,tcp,51655034439414,13
4913,tcp,51655034451114,13
4914,tcp,51655034453454,13
4915,tcp,51655034455614,13
4916,tcp,51655076100774,13
4917,tcp,51655076110854,13
4918,tcp,51655134567474,13
4919,tcp,51655176311904,13
4920,tcp,51655234778334,1539
4921,tcp,51655234788234,577
4922,tcp,51655276524834,44
4923,tcp,51655334887854,20
4924,tcp,51655350947274,13
4925,tcp,51655392653904,13
4926,tcp,51655435089624,13
4927,tcp,51655475941974,13
4928,tcp,51655517555454,13
4929,tcp,51655559283684,13
4930,tcp,51655601017314,13
4931,tcp,51655642656624,13
4932,tcp,51655684276314,56
4933,tcp,51655725892494,52
4934,tcp,51655767623424,13
4935,tcp,51655809306564,13
4936,tcp,51655850904564,13
4937,tcp,51655892625774,13
4938,tcp,51655934327004,13
4939,tcp,51655975996014,13
4940,tcp,51656017632714,13
4941,tcp,51656059227204,13
4942,tcp,51656100993864,13
4943,tcp,51656142653514,13
4944,tcp,51656184203004,1904
4945,tcp,51656225929434,759
4946,tcp,51656267721114,59
4947,tcp,51656309291664,26
4948,tcp,51656350972014,30
4949,tcp,51656392585314,13
4950,tcp,51656434341264,13
4951,tcp,51656475895794,13
4952,tcp,51656517631494,13
4953,tcp,51656559258834,13
4954,tcp,51656601090564,13
4955,tcp,51656642659944,13
4956,tcp,51656826075354,318
4957,tcp,51656826086964,143
4958,tcp,51656826088944,19
4959,tcp,51656826090114,13
4960,tcp,51656867759214,13
4961,tcp,51656909416074,13
4962,tcp,51656967977634,13
4963,tcp,51656976025614,13
4964,tcp,51657159453984,13
4965,tcp,51657159464334,13
4966,tcp,51657159465774,13
4967,tcp,51657159466854,13
4968,tcp,51657242730894,1050
4969,tcp,51657512447124,407
4970,tcp,51657512460084,50
4971,tcp,51657512463234,32
4972,tcp,51657512465934,52
4973,tcp,51657512468814,18
4974,tcp,51657512471334,13
4975,tcp,51657534393624,13
4976,tcp,51657534403074,13
4977,tcp,51657612588774,13
4978,tcp,51657612602004,13
4979,tcp,51657642540234,13
4980,tcp,51657684236694,342
4981,tcp,51657725933964,106
4982,tcp,51657767640144,17
4983,tcp,51657809253084,13
4984,tcp,51657850980864,13
4985,tcp,51657892707294,13
4986,tcp,51657934261014,13
4987,tcp,51657975873054,13
4988,tcp,51658017662124,13
4989,tcp,51658059299634,13
4990,tcp,51658100951004,13
4991,tcp,51658142591214,13
4992,tcp,51658201388574,2138
4993,tcp,51658225999164,641
4994,tcp,51658409466234,134
4995,tcp,51658409481624,23
4996,tcp,51658409484414,92
4997,tcp,51658409486484,16
4998,tcp,51658451160714,13
4999,tcp,51658492750434,13
5000,tcp,51658693155324,9454
5001,tcp,51658693164684,118
5002,tcp,51658693166304,104
5003,tcp,51658693168194,63
5004,tcp,51658693169544,236
5005,tcp,51658909447734,76
5006,tcp,51658909460964,20
5007,tcp,51658909463484,13
5008,tcp,51658909465284,13
5009,tcp,51658909467174,13
5010,tcp,51658951117194,13
5011,tcp,51658993912644,13
5012,tcp,51659017700454,13
5013,tcp,51659059310874,13
5014,tcp,51659100993114,13
5015,tcp,51659142618564,13
5016,tcp,51659184337974,1550
5017,tcp,51659225922474,684
5018,tcp,51659267613354,53
5019,tcp,51659309320704,19
5020,tcp,51659351111754,79
5021,tcp,51659392586364,19
5022,tcp,51659434329714,13
5023,tcp,51659617778244,13
5024,tcp,51659617788594,13
5025,tcp,51659617793274,13
5026,tcp,51659617794534,13
5027,tcp,51659659555704,13
5028,tcp,51659701200774,321
5029,tcp,51659726030694,141
5030,tcp,51659767661184,18
5031,tcp,51659809430544,13
5032,tcp,51659850983094,13
5033,tcp,51659892664074,13
5034,tcp,51659934375024,13
5035,tcp,51659976122694,13
5036,tcp,51660017704314,13
5037,tcp,51660059488164,13
5038,tcp,51660101042784,13
5039,tcp,51660142669044,13
5040,tcp,51660207575064,3199
5041,tcp,51660226040814,1353
5042,tcp,51660267691554,121
5043,tcp,51660309361464,30
5044,tcp,51660351039114,204
5045,tcp,51660392629014,28
5046,tcp,51660434354904,13
5047,tcp,51660475984134,16
5048,tcp,51660517689234,16
5049,tcp,51660559380744,13
5050,tcp,51660742804614,16
5051,tcp,51660742814424,16
5052,tcp,51660742816584,220
5053,tcp,51660742818024,70
5054,tcp,51660784527534,78
5055,tcp,51660826149474,15
5056,tcp,51660850932774,16
5057,tcp,51660926331894,16
5058,tcp,51660934313454,13
5059,tcp,51660976093524,16
5060,tcp,51661017644544,16
5061,tcp,51661059379434,13
5062,tcp,51661100961144,16
5063,tcp,51661142641314,16
5064,tcp,51661184315994,630
5065,tcp,51661225988514,361
5066,tcp,51661267635564,32
5067,tcp,51661309385934,13
5068,tcp,51661350965214,16
5069,tcp,51661392570594,16
5070,tcp,51661434313404,13
5071,tcp,51661475973864,16
5072,tcp,51661517623164,16
5073,tcp,51661559348964,13
5074,tcp,51661601012214,16
5075,tcp,51661642650624,16
5076,tcp,51661684364724,337
5077,tcp,51661726028244,137
5078,tcp,51661767749094,21
5079,tcp,51661809385344,13
5080,tcp,51661851041304,16
5081,tcp,51661892702214,16
5082,tcp,51661934294814,13
5083,tcp,51661976131404,16
5084,tcp,51662017764684,16
5085,tcp,51662059319394,13
5086,tcp,51662101006854,16
5087,tcp,51662284476714,16
5088,tcp,51662284493364,1796
5089,tcp,51662284497054,473
5090,tcp,51662284499484,86
5091,tcp,51662326165524,24
5092,tcp,51662367858924,29
5093,tcp,51662392664994,25
5094,tcp,51662434384404,13
5095,tcp,51662476128834,16
5096,tcp,51662517631434,16
5097,tcp,51662559316644,13
5098,tcp,51662784428784,16
5099,tcp,51662784438144,16
5100,tcp,51662784440574,355
5101,tcp,51662784442554,147
5102,tcp,51662784443814,18
5103,tcp,51662842899354,13
5104,tcp,51662868879654,16
5105,tcp,51662892600234,16
5106,tcp,51662943084114,13
5107,tcp,51662975943294,16
5108,tcp,51663017707074,16
5109,tcp,51663059271864,13
5110,tcp,51663101014944,16
5111,tcp,51663284485074,16
5112,tcp,51663284499204,1459
5113,tcp,51663284502354,584
5114,tcp,51663326076504,141
5115,tcp,51663326087484,24
5116,tcp,51663384579204,21
5117,tcp,51663426267114,16
5118,tcp,51663434285844,13
5119,tcp,51663484901214,16
5120,tcp,51663526466994,16
5121,tcp,51663559297914,13
5122,tcp,51663600915174,16
5123,tcp,51663642587154,16
5124,tcp,51663826105344,273
5125,tcp,51663826119474,84
5126,tcp,51663826122534,30
5127,tcp,51663867901344,15
5128,tcp,51663867910884,16
5129,tcp,51663926262384,16
5130,tcp,51663968156934,13
5131,tcp,51663976139034,16
5132,tcp,51664026493314,16
5133,tcp,51664068406764,13
5134,tcp,51664126736124,16
5135,tcp,51664142644884,16
5136,tcp,51664227127254,1529
5137,tcp,51664227141204,506
5138,tcp,51664267634994,40
5139,tcp,51664327302834,16
5140,tcp,51664350961674,16
5141,tcp,51664392605934,16
5142,tcp,51664434324084,13
5143,tcp,51664475966544,16
5144,tcp,51664517636634,16
5145,tcp,51664559333724,13
5146,tcp,51664600994274,16
5147,tcp,51664642626114,16
5148,tcp,51664684373784,326
5149,tcp,51664726037664,143
5150,tcp,51664767688044,18
5151,tcp,51664809310164,13
5152,tcp,51664850978724,16
5153,tcp,51664892634864,16
5154,tcp,51664934278314,13
5155,tcp,51664975982964,16
5156,tcp,51665017636044,16
5157,tcp,51665059316934,13
5158,tcp,51665100973794,16
5159,tcp,51665142694374,16
5160,tcp,51665201234874,1692
5161,tcp,51665226033564,683
5162,tcp,51665267626074,77
5163,tcp,51665309343324,25
5164,tcp,51665350921434,16
5165,tcp,51665392661184,16
5166,tcp,51665434432974,13
5167,tcp,51665476094604,16
5168,tcp,51665517658134,16
5169,tcp,51665559399684,13
5170,tcp,51665600975544,16
5171,tcp,51665784376824,16
5172,tcp,51665784386634,229
5173,tcp,51665784388254,96
5174,tcp,51665884521804,16
5175,tcp,51665884529634,13
5176,tcp,51665926241124,16
5177,tcp,51665926252014,16
5178,tcp,51665984669844,13
5179,tcp,51665984679474,16
5180,tcp,51666017622984,16
5181,tcp,51666059326284,13
5182,tcp,51666100924374,16
5183,tcp,51666284409084,16
5184,tcp,51666284419074,1994
5185,tcp,51666284421144,779
5186,tcp,51666326056494,96
5187,tcp,51666326066484,22
5188,tcp,51666384562344,16
5189,tcp,51666426272664,16
5190,tcp,51666434217864,13
5191,tcp,51666484780764,16
5192,tcp,51666526570464,16
5193,tcp,51666559329474,13
5194,tcp,51666626760444,16
5195,tcp,51666642634104,16
5196,tcp,51666684243084,243
5197,tcp,51666727044384,128
5198,tcp,51666767592084,23
5199,tcp,51666809304564,13
5200,tcp,51666850960344,16
5201,tcp,51666892624944,16
5202,tcp,51666934309074,13
5203,tcp,51666976077714,16
5204,tcp,51667017662304,16
5205,tcp,51667059277314,13
5206,tcp,51667100931384,16
5207,tcp,51667142596524,16
5208,tcp,51667184238354,1069
5209,tcp,51667225874244,388
5210,tcp,51667267608684,49
5211,tcp,51667309309824,25
5212,tcp,51667351025274,22
5213,tcp,51667392578994,16
5214,tcp,51667434383814,13
5215,tcp,51667475954994,16
5216,tcp,51667517647224,16
5217,tcp,51667701163524,13
5218,tcp,51667701174774,16
5219,tcp,51667701176124,16
5220,tcp,51667701177654,349
5221,tcp,51667784516394,123
5222,tcp,51667784530524,21
5223,tcp,51667809359274,13
5224,tcp,51667884678294,16
5225,tcp,51667892623674,16
5226,tcp,51667934273334,13
5227,tcp,51667984924074,16
5228,tcp,51668017558074,16
5229,tcp,51668201121264,13
5230,tcp,51668201137464,16
5231,tcp,51668201139354,16
5232,tcp,51668284406814,2212
5233,tcp,51668301465324,740
5234,tcp,51668301480894,100
5235,tcp,51668401485384,26
5236,tcp,51668401495014,16
5237,tcp,51668401499334,16
5238,tcp,51668434322874,13
5239,tcp,51668475953724,16
5240,tcp,51669010211094,16
5241,tcp,51669010219824,13
5242,tcp,51669010221174,16
5243,tcp,51669110330694,16
5244,tcp,51669110339964,286
5245,tcp,51669110341944,86
5246,tcp,51669110343204,18
5247,tcp,51669110344284,13
5248,tcp,51669110345364,16
5249,tcp,51669110346354,16
5250,tcp,51669511022664,9493
5251,tcp,51669511039674,196
5252,tcp,51669511043364,73
5253,tcp,51669511046064,75
5254,tcp,51669542437794,79
5255,tcp,51669542448234,67
5256,tcp,51669611136684,1544
5257,tcp,51669611148114,774
5258,tcp,51669611150004,113
5259,tcp,51669611151534,24
5260,tcp,51669611152794,55
5261,tcp,51669611156754,57
5262,tcp,51669611158194,13
5263,tcp,51669611159364,55
5264,tcp,51669611160444,52
5265,tcp,51669611161614,13
5266,tcp,51669642657474,52
5267,tcp,51669642671874,52
5268,tcp,51669711267984,310
5269,tcp,51669725968404,178
5270,tcp,51669767634354,57
5271,tcp,51669811417194,16
5272,tcp,51669850946634,52
5273,tcp,51669892565694,52
5274,tcp,51669934304994,13
5275,tcp,51669975951684,52
5276,tcp,51670017640494,52
5277,tcp,51670059304374,13
5278,tcp,51670101075984,52
5279,tcp,51670142787384,52
5280,tcp,51670184277654,2616
5281,tcp,51670226020014,1122
5282,tcp,51670267671024,124
5283,tcp,51670309329144,35
5284,tcp,51670351018224,129
5285,tcp,51670392635664,59
5286,tcp,51670434422934,13
5287,tcp,51670476075204,52
5288,tcp,51670517583024,52
5289,tcp,51670559292174,13
5290,tcp,51670600889454,52
5291,tcp,51670642611654,52
5292,tcp,51670684290744,234
5293,tcp,51670726008804,136
5294,tcp,51670767676374,59
5295,tcp,51670809331704,13
5296,tcp,51670850893524,55
5297,tcp,51670892686464,52
5298,tcp,51670934322624,13
5299,tcp,51671117878074,52
5300,tcp,51671117888064,52
5301,tcp,51671117889594,13
5302,tcp,51671117890674,52
5303,tcp,51671159468154,52
5304,tcp,51671201062554,853
5305,tcp,51671225890404,234
5306,tcp,51671267622774,85
5307,tcp,51671309196834,17
5308,tcp,51671350952604,59
5309,tcp,51671392609464,55
5310,tcp,51671434293324,13
5311,tcp,51671475931824,52
5312,tcp,51671517692094,52
5313,tcp,51671559262734,13
5314,tcp,51671600928234,52
5315,tcp,51671642596164,52
5316,tcp,51671684267784,323
5317,tcp,51671725942194,187
5318,tcp,51671767685724,62
5319,tcp,51671809248804,18
5320,tcp,51671851000974,52
5321,tcp,51671892636684,52
5322,tcp,51671934227844,13
5323,tcp,51671976040584,52
5324,tcp,51672017528694,52
5325,tcp,51672059396154,13
5326,tcp,51672242718774,52
5327,tcp,51672242731554,52
5328,tcp,51672242734254,1279
5329,tcp,51672242736234,376
5330,tcp,51672326092254,148
5331,tcp,51672326101254,24
5332,tcp,51672350940804,55
5333,tcp,51672451174254,57
5334,tcp,51672451190454,13
5335,tcp,51672475960524,52
5336,tcp,51672517625934,52
5337,tcp,51672559333284,13
5338,tcp,51672600882324,52
5339,tcp,51672642542964,52
5340,tcp,51672684230874,349
5341,tcp,51672725944794,144
5342,tcp,51672909377574,63
5343,tcp,51672909388554,18
5344,tcp,51672909390084,52
5345,tcp,51672909391344,52
5346,tcp,51672992697684,13
5347,tcp,51672992706864,52
5348,tcp,51673017607704,52
5349,tcp,51673092849054,13
5350,tcp,51673100937444,52
5351,tcp,51673142597634,52
5352,tcp,51673201176204,1476
5353,tcp,51673242841614,720
5354,tcp,51673301410914,145
5355,tcp,51673309247034,23
5356,tcp,51673350947994,71
5357,tcp,51673392619254,57
5358,tcp,51673434271704,15
5359,tcp,51673475940984,52
5360,tcp,51673517648424,52
5361,tcp,51673559280174,13
5362,tcp,51673600906254,52
5363,tcp,51673642669044,52
5364,tcp,51673684289544,269
5365,tcp,51673725943884,119
5366,tcp,51673767569784,63
5367,tcp,51673809315114,13
5368,tcp,51673850987184,52
5369,tcp,51673892630364,52
5370,tcp,51673934279574,13
5371,tcp,51673976074134,52
5372,tcp,51674017605174,52
5373,tcp,51674059218384,13
5374,tcp,51674100888114,52
5375,tcp,51674142589524,52
5376,tcp,51674201092764,1526
5377,tcp,51674226150654,572
5378,tcp,51674267656944,69
5379,tcp,51674309271234,15
5380,tcp,51674350934664,52
5381,tcp,51674392598634,52
5382,tcp,51674434315614,13
5383,tcp,51674475943224,52
5384,tcp,51674517613314,52
5385,tcp,51674559278634,13
5386,tcp,51674601003354,52
5387,tcp,51674642564094,52
5388,tcp,51674684344254,333
5389,tcp,51674725883214,181
5390,tcp,51674767601004,58
5391,tcp,51674809305114,13
5392,tcp,51674850846144,52
5393,tcp,51674892561774,52
5394,tcp,51674934278844,13
5395,tcp,51674975993304,52
5396,tcp,51675017606964,52
5397,tcp,51675059288574,13
5398,tcp,51675242768964,52
5399,tcp,51675242779044,52
5400,tcp,51675242781744,2283
5401,tcp,51675242783544,648
5402,tcp,51675326126514,168
5403,tcp,51675326139834,20
5404,tcp,51675350924304,20
5405,tcp,51675426297774,16
5406,tcp,51675434295714,13
5407,tcp,51675475926564,16
5408,tcp,51675517617174,16
5409,tcp,51675559296804,13
5410,tcp,51675601011264,16
5411,tcp,51675642628434,16
5412,tcp,51675684272334,227
5413,tcp,51675726086964,79
5414,tcp,51675767635734,16
5415,tcp,51675809235264,13
5416,tcp,51675850997334,16
5417,tcp,51675892693344,16
5418,tcp,51675934356684,13
5419,tcp,51675975954594,16
5420,tcp,51676017683724,16
5421,tcp,51676059300174,13
5422,tcp,51676100987904,16
5423,tcp,51676142619474,16
5424,tcp,51676184248794,1950
5425,tcp,51676225942464,753
5426,tcp,51676267593384,47
5427,tcp,51676309310724,13
5428,tcp,51676350966414,23
5429,tcp,51676392608514,18
5430,tcp,51676434286074,13
5431,tcp,51676475971284,16
5432,tcp,51676517594394,16
5433,tcp,51676559242794,13
5434,tcp,51676600937454,16
5435,tcp,51676642583514,16
5436,tcp,51676684270254,291
5437,tcp,51676726037904,139
5438,tcp,51676767552834,16
5439,tcp,51676809329214,13
5440,tcp,51676850954484,16
5441,tcp,51676892619894,16
5442,tcp,51676934292594,13
5443,tcp,51676975998414,16
5444,tcp,51677017646454,16
5445,tcp,51677059266594,13
5446,tcp,51677100978714,16
5447,tcp,51677142684444,16
5448,tcp,51677184308454,1105
5449,tcp,51677226010494,398
5450,tcp,51677267750064,52
5451,tcp,51677309525184,23
5452,tcp,51677351155764,35
5453,tcp,51677392578354,18
5454,tcp,51677434370574,13
5455,tcp,51677475940134,16
5456,tcp,51677659444554,16
5457,tcp,51677659454274,13
5458,tcp,51677659455804,16
5459,tcp,51677659456974,16
5460,tcp,51677701182774,224
5461,tcp,51677742739104,106
5462,tcp,51677767560744,22
5463,tcp,51677809315434,13
5464,tcp,51677850924774,16
5465,tcp,51677892669024,16
5466,tcp,51677934400854,13
5467,tcp,51677976070224,16
5468,tcp,51678017676864,16
5469,tcp,51678059295924,13
5470,tcp,51678100927764,16
5471,tcp,51678142653834,16
5472,tcp,51678184273344,2145
5473,tcp,51678226040184,571
5474,tcp,51678267661764,110
5475,tcp,51678309265884,19
5476,tcp,51678350941464,18
5477,tcp,51678392626224,16
5478,tcp,51678434301624,13
5479,tcp,51678475971804,16
5480,tcp,51678517629204,16
5481,tcp,51678559371744,13
5482,tcp,51678601050564,16
5483,tcp,51678642693834,16
5484,tcp,51678826214364,282
5485,tcp,51678826231734,84
5486,tcp,51678826234884,28
5487,tcp,51678826236864,13
5488,tcp,51678867825864,16
5489,tcp,51678926344314,16
5490,tcp,51678934417314,13
5491,tcp,51679026536634,16
5492,tcp,51679026548514,16
5493,tcp,51679059270354,13
5494,tcp,51679100951784,16
5495,tcp,51679142550144,16
5496,tcp,51679184262534,1598
5497,tcp,51679225976364,644
5498,tcp,51679267633224,62
5499,tcp,51679451145834,19
5500,tcp,51679551241314,8910
5501,tcp,51679551250044,142
5502,tcp,51679551251934,28
5503,tcp,51679551256074,39
5504,tcp,51679551257334,16
5505,tcp,51679598447484,13
5506,tcp,51679742750154,16
5507,tcp,51679742760684,16
5508,tcp,51679742762934,322
5509,tcp,51679742764914,169
5510,tcp,51679826088174,24
5511,tcp,51679826098704,16
5512,tcp,51679850935194,16
5513,tcp,51679926257634,16
5514,tcp,51679934320194,13
5515,tcp,51679975916664,16
5516,tcp,51680026460754,16
5517,tcp,51680059236954,13
5518,tcp,51680242874484,16
5519,tcp,51680242889784,16
5520,tcp,51680342968164,3069
5521,tcp,51680342975634,1107
5522,tcp,51680365850484,271
5523,tcp,51680365860564,29
5524,tcp,51680443159224,22
5525,tcp,51680443168674,16
5526,tcp,51680443170114,13
5527,tcp,51680475947214,16
5528,tcp,51680517579954,16
5529,tcp,51680559254994,13
5530,tcp,51680600875854,16
5531,tcp,51680642600664,16
5532,tcp,51680684211894,217
5533,tcp,51680725849314,96
5534,tcp,51680767629654,20
5535,tcp,51680809333044,13
5536,tcp,51680850892434,16
5537,tcp,51680892592674,16
5538,tcp,51680934296604,13
5539,tcp,51680975995224,16
5540,tcp,51681017646954,16
5541,tcp,51681059239374,13
5542,tcp,51681100952664,16
5543,tcp,51681142604304,16
5544,tcp,51681184245414,883
5545,tcp,51681225888684,342
5546,tcp,51681267610884,59
5547,tcp,51681309285924,16
5548,tcp,51681351020634,16
5549,tcp,51681392611974,16
5550,tcp,51681434448294,13
5551,tcp,51681475978794,16
5552,tcp,51681517659504,16
5553,tcp,51681559366494,13
5554,tcp,51681600941364,16
5555,tcp,51681784402404,16
5556,tcp,51681784413924,330
5557,tcp,51681784416174,195
5558,tcp,51681784417704,31
5559,tcp,51681867838704,21
5560,tcp,51681867853464,16
5561,tcp,51681892563864,16
5562,tcp,51681968095824,13
5563,tcp,51681976064154,16
5564,tcp,51682017625074,16
5565,tcp,51682068368154,13
5566,tcp,51682101000354,16
5567,tcp,51682142703834,16
5568,tcp,51682184289954,1688
5569,tcp,51682225998474,573
5570,tcp,51682267611234,136
5571,tcp,51682309316784,25
5572,tcp,51682350924414,18
5573,tcp,51682392604944,16
5574,tcp,51682434250914,13
5575,tcp,51682476109554,16
5576,tcp,51682517632044,16
5577,tcp,51682559256144,13
5578,tcp,51682742763534,16
5579,tcp,51682742773254,16
5580,tcp,51682742775054,350
5581,tcp,51682842887724,177
5582,tcp,51682842896274,20
5583,tcp,51682842897804,15
5584,tcp,51682943071584,16
5585,tcp,51682943081574,16
5586,tcp,51682943082924,13
5587,tcp,51682975920954,16
5588,tcp,51683017655304,16
5589,tcp,51683059251504,13
5590,tcp,51683101029324,16
5591,tcp,51683142594654,16
5592,tcp,51683184278244,1173
5593,tcp,51683225931954,508
5594,tcp,51683267576664,103
5595,tcp,51683309246394,25
5596,tcp,51683350866444,100
5597,tcp,51683534400114,25
5598,tcp,51683534412624,21
5599,tcp,51683534415054,18
5600,tcp,51683534417124,20
5601,tcp,51683617741014,17
5602,tcp,51683617752714,16
5603,tcp,51683818135284,16
5604,tcp,51683818146174,246
5605,tcp,51683818147704,99
5606,tcp,51683826046014,24
5607,tcp,51683826055194,13
5608,tcp,51683918470884,16
5609,tcp,51683918491404,16
5610,tcp,51683934265614,13
5611,tcp,51684159496374,16
5612,tcp,51684159510414,16
5613,tcp,51684159512754,13
5614,tcp,51684259624344,16
5615,tcp,51684259632534,16
5616,tcp,51684259635234,1464
5617,tcp,51684259636944,480
5618,tcp,51684359855184,121
5619,tcp,51684359864904,20
5620,tcp,51684359869224,27
5621,tcp,51684392678274,18
5622,tcp,51684460100784,15
5623,tcp,51684475939794,18
5624,tcp,51684517633914,16
5625,tcp,51684560380314,13
5626,tcp,51684600936744,16
5627,tcp,51684642525384,16
5628,tcp,51684684169914,317
5629,tcp,51684726122784,181
5630,tcp,51684767672184,20
5631,tcp,51684809261634,13
5632,tcp,51684850906704,16
5633,tcp,51684892649514,16
5634,tcp,51685076148804,13
5635,tcp,51685076161944,16
5636,tcp,51685076164374,16
5637,tcp,51685076166264,13
5638,tcp,51685159499964,16
5639,tcp,51685159511754,16
5640,tcp,51685259679324,1441
5641,tcp,51685259687334,608
5642,tcp,51685267574664,107
5643,tcp,51685356241224,19
5644,tcp,51685356251214,21
5645,tcp,51685392565764,16
5646,tcp,51685434252414,13
5647,tcp,51685492822074,16
5648,tcp,51685517667744,16
5649,tcp,51685559329014,13
5650,tcp,51685600912794,16
5651,tcp,51685642624374,16
5652,tcp,51685684386444,201
5653,tcp,51685725946104,99
5654,tcp,51685767566424,19
5655,tcp,51685951140234,16
5656,tcp,51685951153734,16
5657,tcp,51686034424974,16
5658,tcp,51686034436314,13
5659,tcp,51686134544124,16
5660,tcp,51686134552134,16
5661,tcp,51686134553574,13
5662,tcp,51686134557984,16
5663,tcp,51686142591474,16
5664,tcp,51686898180714,1960
5665,tcp,51686898192504,663
5666,tcp,51686898194934,85
5667,tcp,51686898197274,15
5668,tcp,51686898199164,35
5669,tcp,51686898200694,18
5670,tcp,51686898202134,13
5671,tcp,51686998357554,16
5672,tcp,51686998369884,16
5673,tcp,51686998372314,13
5674,tcp,51686998374384,16
5675,tcp,51686998376364,16
5676,tcp,51686998379784,316
5677,tcp,51686998382844,175
5678,tcp,51686998385184,28
5679,tcp,51686998387254,16
5680,tcp,51686998389774,16
5681,tcp,51686998391754,16
5682,tcp,51686998393914,13
5683,tcp,51686998395894,16
5684,tcp,51687017672544,16
5685,tcp,51687098519094,13
5686,tcp,51687117832914,16
5687,tcp,51687198769194,16
5688,tcp,51687198780354,1069
5689,tcp,51687225935154,378
5690,tcp,51687299017314,118
5691,tcp,51687309238434,31
5692,tcp,51687350943174,18
5693,tcp,51687399046824,16
5694,tcp,51687434306754,13
5695,tcp,51687475939314,16
5696,tcp,51687517636764,16
5697,tcp,51687559314324,13
5698,tcp,51687600975324,16
5699,tcp,51687642642804,16
5700,tcp,51687826093944,342
5701,tcp,51687826104294,164
5702,tcp,51687909530064,21
5703,tcp,51687909545184,17
5704,tcp,51687926289504,22
5705,tcp,51687926303994,18
5706,tcp,51688009726524,15
5707,tcp,51688009739034,16
5708,tcp,51688026556344,16
5709,tcp,51688059301404,13
5710,tcp,51688242848034,16
5711,tcp,51688242861534,16
5712,tcp,51688284466014,2113
5713,tcp,51688284475824,703
5714,tcp,51688284477714,53
5715,tcp,51688342931994,31
5716,tcp,51688384709634,71
5717,tcp,51688443149964,26
5718,tcp,51688443159234,18
5719,tcp,51688543388004,16
5720,tcp,51688543400244,16
5721,tcp,51688559252394,13
5722,tcp,51688600958394,16
5723,tcp,51688642548384,16
5724,tcp,51688684314144,161
5725,tcp,51688867749534,87
5726,tcp,51688867759614,20
5727,tcp,51688867761054,13
5728,tcp,51688867762134,16
5729,tcp,51689366339184,16
5730,tcp,51689366348724,13
5731,tcp,51689366350074,16
5732,tcp,51689366351154,16
5733,tcp,51689366352144,13
5734,tcp,51689366353134,16
5735,tcp,51689366354214,16
5736,tcp,51689466474354,1576
5737,tcp,51689466483894,671
5738,tcp,51689466485964,116
5739,tcp,51689466487494,19
5740,tcp,51689466488664,16
5741,tcp,51689466489834,16
5742,tcp,51689466490914,13
5743,tcp,51689475984654,16
5744,tcp,51689566667844,16
5745,tcp,51689566681434,13
5746,tcp,51689600949024,16
5747,tcp,51689642607144,16
5748,tcp,51689684268054,322
5749,tcp,51689725918794,184
5750,tcp,51690068155944,9264
5751,tcp,51690068168634,85
5752,tcp,51690068171514,118
5753,tcp,51690068173764,36
5754,tcp,51690068175924,21
5755,tcp,51690068177994,18
5756,tcp,51690068180064,18
5757,tcp,51690068182854,16
5758,tcp,51690126659634,18
5759,tcp,51690142691964,18
5760,tcp,51690242858724,4032
5761,tcp,51690326985684,1349
5762,tcp,51690326994504,322
5763,tcp,51690326996484,52
5764,tcp,51690350935764,84
5765,tcp,51690392600184,25
5766,tcp,51690434265324,13
5767,tcp,51690659387454,13
5768,tcp,51690659397084,13
5769,tcp,51690659398524,13
5770,tcp,51690659399694,13
5771,tcp,51690701152224,13
5772,tcp,51690701166084,233
5773,tcp,51690759505524,87
5774,tcp,51690801457584,13
5775,tcp,51690809378574,13
5776,tcp,51690859778844,13
5777,tcp,51690901622004,13
5778,tcp,51690934252584,13
5779,tcp,51691117776084,13
5780,tcp,51691117785714,13
5781,tcp,51691117787154,13
5782,tcp,51691117788414,13
5783,tcp,51691201131024,13
5784,tcp,51691201143984,873
5785,tcp,51691225910274,378
5786,tcp,51691301363034,49
5787,tcp,51691309235784,30
5788,tcp,51691350976074,44
5789,tcp,51691401505044,20
5790,tcp,51691434271254,13
5791,tcp,51691475933784,13
5792,tcp,51691517542224,13
5793,tcp,51691559243094,13
5794,tcp,51691600940994,13
5795,tcp,51691642608834,13
5796,tcp,51691684383774,303
5797,tcp,51691867762014,155
5798,tcp,51691867775964,16
5799,tcp,51691867778754,13
5800,tcp,51691867781004,13
5801,tcp,51691951036674,13
5802,tcp,51691951046574,13
5803,tcp,51691975952364,13
5804,tcp,51692051222244,13
5805,tcp,51692059232424,13
5806,tcp,51692251632444,13
5807,tcp,51692251645584,13
5808,tcp,51692284403514,1634
5809,tcp,51692284413414,485
5810,tcp,51692284415394,92
5811,tcp,51692351795424,23
5812,tcp,51692351808654,24
5813,tcp,51692392618794,20
5814,tcp,51692451973164,13
5815,tcp,51692492841084,13
5816,tcp,51692517637524,13
5817,tcp,51692593041594,13
5818,tcp,51692601098934,13
5819,tcp,51692642582904,13
5820,tcp,51692693239944,353
5821,tcp,51692725920744,144
5822,tcp,51692767709004,18
5823,tcp,51692809239774,13
5824,tcp,51692850986364,13
5825,tcp,51692892630984,13
5826,tcp,51692934341214,13
5827,tcp,51692975973144,13
5828,tcp,51693017704704,13
5829,tcp,51693059347974,13
5830,tcp,51693100929324,13
5831,tcp,51693142615164,13
5832,tcp,51693184338894,1475
5833,tcp,51693242821704,594
5834,tcp,51693267604284,131
5835,tcp,51693309255564,23
5836,tcp,51693350907564,16
5837,tcp,51693392554164,13
5838,tcp,51693434249184,13
5839,tcp,51693617816784,13
5840,tcp,51693617829924,13
5841,tcp,51693700984074,13
5842,tcp,51693700992984,13
5843,tcp,51693717949434,13
5844,tcp,51693717961854,285
5845,tcp,51693726001914,86
5846,tcp,51693801239934,16
5847,tcp,51693818127174,13
5848,tcp,51693850926684,13
5849,tcp,51693892604874,13
5850,tcp,51693934274784,13
5851,tcp,51693975905094,13
5852,tcp,51694017680844,13
5853,tcp,51694059262104,13
5854,tcp,51694100998794,13
5855,tcp,51694142602734,13
5856,tcp,51694184323764,956
5857,tcp,51694225985484,430
5858,tcp,51694267617594,36
5859,tcp,51694309269054,16
5860,tcp,51694350951384,13
5861,tcp,51694392664224,13
5862,tcp,51694434408654,13
5863,tcp,51694475948694,13
5864,tcp,51694517633004,13
5865,tcp,51694559394264,13
5866,tcp,51694601056614,13
5867,tcp,51694642582434,13
5868,tcp,51694684319304,327
5869,tcp,51694725890934,148
5870,tcp,51694767629964,16
5871,tcp,51694809316254,13
5872,tcp,51695034464124,13
5873,tcp,51695034479064,13
5874,tcp,51695034481134,13
5875,tcp,51695034486714,13
5876,tcp,51695034488604,13
5877,tcp,51695076139884,13
5878,tcp,51695118855144,13
5879,tcp,51695142603354,13
5880,tcp,51695219076084,1666
5881,tcp,51695225887014,563
5882,tcp,51695267668344,56
5883,tcp,51695319273174,23
5884,tcp,51695350960194,18
5885,tcp,51695392629114,13
5886,tcp,51695434344744,13
5887,tcp,51695475931314,13
5888,tcp,51695517642894,13
5889,tcp,51695559321984,13
5890,tcp,51695600953464,13
5891,tcp,51695642631384,13
5892,tcp,51695684288604,211
5893,tcp,51695725944114,79
5894,tcp,51695767731204,13
5895,tcp,51695809295094,13
5896,tcp,51695850948714,13
5897,tcp,51696034403184,13
5898,tcp,51696034413624,13
5899,tcp,51696034415064,13
5900,tcp,51696034416234,13
5901,tcp,51696076144554,13
5902,tcp,51696117748584,13
5903,tcp,51696142693254,13
5904,tcp,51696217968534,1942
5905,tcp,51696225991044,711
5906,tcp,51696318164364,117
5907,tcp,51696318174264,22
5908,tcp,51696350880714,38
5909,tcp,51696392741784,18
5910,tcp,51696434253924,15
5911,tcp,51696475940574,13
5912,tcp,51696517601664,13
5913,tcp,51696559216584,13
5914,tcp,51696600933834,13
5915,tcp,51696642608514,13
5916,tcp,51696826152534,324
5917,tcp,51696826164864,154
5918,tcp,51696826166934,23
5919,tcp,51696826168194,13
5920,tcp,51696909433404,13
5921,tcp,51696909442674,13
5922,tcp,51696934419744,13
5923,tcp,51697009576674,13
5924,tcp,51697017555084,13
5925,tcp,51697059315354,13
5926,tcp,51697109783844,13
5927,tcp,51697142594604,13
5928,tcp,51697184282694,1103
5929,tcp,51697225900764,472
5930,tcp,51697267625484,118
5931,tcp,51697309326714,28
5932,tcp,51697350896004,17
5933,tcp,51697392605244,13
5934,tcp,51697434249864,13
5935,tcp,51697475947224,13
5936,tcp,51697517654844,13
5937,tcp,51697559303604,13
5938,tcp,51697600939224,13
5939,tcp,51697659516174,13
5940,tcp,51697826022924,338
5941,tcp,51697826032914,128
5942,tcp,51697826034894,23
5943,tcp,51697826036064,15
5944,tcp,51697909436094,13
5945,tcp,51697909449684,13
5946,tcp,51698306226924,13
5947,tcp,51698306237184,13
5948,tcp,51698306238534,13
5949,tcp,51698306239614,13
5950,tcp,51698306240604,13
5951,tcp,51698306241684,13
5952,tcp,51698306244294,2127
5953,tcp,51698306246094,601
5954,tcp,51698350582974,99
5955,tcp,51698350593864,20
5956,tcp,51698406407274,24
5957,tcp,51698406419964,13
5958,tcp,51698450715354,13
5959,tcp,51698506606794,13
5960,tcp,51698550889314,13
5961,tcp,51698559342834,13
5962,tcp,51698606790204,13
5963,tcp,51698651107104,13
5964,tcp,51698684430594,280
5965,tcp,51698725956144,83
5966,tcp,51698767623714,22
5967,tcp,51698809335114,13
5968,tcp,51698850941394,27
5969,tcp,51698892634074,15
5970,tcp,51698934323064,13
5971,tcp,51698975970114,13
5972,tcp,51699017658834,13
5973,tcp,51699059357814,13
5974,tcp,51699101042844,13
5975,tcp,51699142711944,13
5976,tcp,51699184308864,1573
5977,tcp,51699225995334,720
5978,tcp,51699267663624,42
5979,tcp,51699309333174,19
5980,tcp,51699350937924,38
5981,tcp,51699392569764,16
5982,tcp,51699434307444,13
5983,tcp,51699475984554,16
5984,tcp,51699517647984,16
5985,tcp,51699559272444,13
5986,tcp,51699600925434,15
5987,tcp,51699642622884,16
5988,tcp,51699684344814,199
5989,tcp,51699725947854,106
5990,tcp,51699767635494,24
5991,tcp,51699809287314,19
5992,tcp,51699851004744,13
5993,tcp,51699892622724,13
5994,tcp,51699934424484,13
5995,tcp,51699975951474,13
5996,tcp,51700017673314,13
5997,tcp,51700059294804,13
5998,tcp,51700100953644,13
5999,tcp,51700142624724,13
6000,tcp,51700414303044,7659
6001,tcp,51700414314294,94
6002,tcp,51700414319604,36
6003,tcp,51700414320954,21
6004,tcp,51700414322124,13
6005,tcp,51700414323204,13
6006,tcp,51700451074164,13
6007,tcp,51700492877454,13
6008,tcp,51700517737254,13
6009,tcp,51700559291964,13
6010,tcp,51700600956474,13
6011,tcp,51700642678134,13
6012,tcp,51700684298904,176
6013,tcp,51700725992124,70
6014,tcp,51700767630444,19
6015,tcp,51700809250854,13
6016,tcp,51700851014454,13
6017,tcp,51700892530104,13
6018,tcp,51700934329344,13
6019,tcp,51700975980894,13
6020,tcp,51701017630644,13
6021,tcp,51701059283724,13
6022,tcp,51701100982524,13
6023,tcp,51701142638124,13
6024,tcp,51701326126164,861
6025,tcp,51701326137864,336
6026,tcp,51701326139754,42
6027,tcp,51701326141464,29
6028,tcp,51701426241714,35
6029,tcp,51701426248824,35
6030,tcp,51701434334424,25
6031,tcp,51701476074714,28
6032,tcp,51701526685764,28
6033,tcp,51701559254424,25
6034,tcp,51701600960154,28
6035,tcp,51701659572744,28
6036,tcp,51701684212944,318
6037,tcp,51701725973844,151
6038,tcp,51701767606764,38
6039,tcp,51701809290894,29
6040,tcp,51701850916344,34
6041,tcp,51701892673914,36
6042,tcp,51701934291714,27
6043,tcp,51701975952894,31
6044,tcp,51702017600214,31
6045,tcp,51702059360934,27
6046,tcp,51702100934904,31
6047,tcp,51702284479644,31
6048,tcp,51702284493954,1749
6049,tcp,51702367847724,505
6050,tcp,51702367861854,89
6051,tcp,51702498307134,29
6052,tcp,51702498322524,55
6053,tcp,51702498324864,16
6054,tcp,51702498326844,13
6055,tcp,51702498328464,13
6056,tcp,51702593033394,13
6057,tcp,51702593044734,13
6058,tcp,51702601020444,13
6059,tcp,51702693270804,13
6060,tcp,51702693285024,315
6061,tcp,51702725932344,142
6062,tcp,51702793576524,20
6063,tcp,51702809274864,13
6064,tcp,51702851001114,13
6065,tcp,51702893841744,13
6066,tcp,51702934396914,13
6067,tcp,51702975971244,13
6068,tcp,51703017629094,13
6069,tcp,51703059379194,13
6070,tcp,51703101006354,13
6071,tcp,51703142710824,13
6072,tcp,51703184345004,1455
6073,tcp,51703226007984,603
6074,tcp,51703267648554,148
6075,tcp,51703309328184,33
6076,tcp,51703350963354,19
6077,tcp,51703392680244,13
6078,tcp,51703434329094,13
6079,tcp,51703476070824,13
6080,tcp,51703517630124,13
6081,tcp,51703559378154,13
6082,tcp,51703601021514,13
6083,tcp,51703642635174,13
6084,tcp,51703684337574,280
6085,tcp,51703725941964,93
6086,tcp,51703767640764,30
6087,tcp,51703809305724,13
6088,tcp,51703851074454,13
6089,tcp,51703892621514,13
6090,tcp,51703934427684,13
6091,tcp,51703975984464,13
6092,tcp,51704017704324,13
6093,tcp,51704059300974,13
6094,tcp,51704101000404,13
6095,tcp,51704142663294,13
6096,tcp,51704184367494,1519
6097,tcp,51704226077454,475
6098,tcp,51704267748894,41
6099,tcp,51704309382174,15
6100,tcp,51704351008074,13
6101,tcp,51704392592214,13
6102,tcp,51704434357074,13
6103,tcp,51704476128234,13
6104,tcp,51704517684294,13
6105,tcp,51704559372474,13
6106,tcp,51704601053094,13
6107,tcp,51704642683764,13
6108,tcp,51704684437554,305
6109,tcp,51704725996764,133
6110,tcp,51704767614834,22
6111,tcp,51704809461954,15
6112,tcp,51704851018374,13
6113,tcp,51704892737064,13
6114,tcp,51704934330024,13
6115,tcp,51704976097314,13
6116,tcp,51705017683614,13
6117,tcp,51705059397264,13
6118,tcp,51705242942184,13
6119,tcp,51705242958114,13
6120,tcp,51705242962434,1955
6121,tcp,51705242965584,612
6122,tcp,51705284464944,118
6123,tcp,51705326192994,46
6124,tcp,51705351031644,27
6125,tcp,51705392659344,19
6126,tcp,51705434399094,13
6127,tcp,51705659459934,19
6128,tcp,51705659470554,19
6129,tcp,51705659472084,13
6130,tcp,51705659476044,19
6131,tcp,51705701095284,19
6132,tcp,51705701105634,145
6133,tcp,51705759598524,64
6134,tcp,51705801278604,26
6135,tcp,51705809225064,16
6136,tcp,51705859789314,19
6137,tcp,51705901541394,19
6138,tcp,51705934284384,13
6139,tcp,51705975973914,19
6140,tcp,51706017656604,19
6141,tcp,51706059317604,13
6142,tcp,51706100957004,19
6143,tcp,51706142722314,19
6144,tcp,51706201168314,1989
6145,tcp,51706225985724,689
6146,tcp,51706301328054,120
6147,tcp,51706309293054,29
6148,tcp,51706350942354,28
6149,tcp,51706392687594,24
6150,tcp,51706434328614,13
6151,tcp,51706476106614,19
6152,tcp,51706517656644,19
6153,tcp,51706559327904,13
6154,tcp,51706601032464,19
6155,tcp,51706642708224,19
6156,tcp,51706684418634,315
6157,tcp,51706726064874,162
6158,tcp,51706767785094,24
6159,tcp,51706809357534,16
6160,tcp,51706851018714,19
6161,tcp,51706892639934,19
6162,tcp,51706934333604,13
6163,tcp,51706975946544,19
6164,tcp,51707017685574,19
6165,tcp,51707059316244,13
6166,tcp,51707101027554,19
6167,tcp,51707284405074,19
6168,tcp,51707284415604,1048
6169,tcp,51707367770004,426
6170,tcp,51707367781254,41
6171,tcp,51707384553294,21
6172,tcp,51707384563464,19
6173,tcp,51707568098214,19
6174,tcp,51707568107934,13
6175,tcp,51707668222044,19
6176,tcp,51708086352144,19
6177,tcp,51708086361864,13
6178,tcp,51708086363214,19
6179,tcp,51708086364294,19
6180,tcp,51708086366454,273
6181,tcp,51708086368164,126
6182,tcp,51708086369424,28
6183,tcp,51708086370864,16
6184,tcp,51708086371944,19
6185,tcp,51708086372934,19
6186,tcp,51708086373924,13
6187,tcp,51708086375094,19
6188,tcp,51708086376174,19
6189,tcp,51708086377254,13
6190,tcp,51708100961304,19
6191,tcp,51708186496494,19
6192,tcp,51708201093054,2131
6193,tcp,51708286676034,650
6194,tcp,51708286686204,104
6195,tcp,51708309234084,24
6196,tcp,51708350971944,19
6197,tcp,51708392543664,19
6198,tcp,51708434381964,13
6199,tcp,51708475948194,19
6200,tcp,51708534483474,19
6201,tcp,51708559254174,13
6202,tcp,51708600939564,19
6203,tcp,51708642687324,19
6204,tcp,51708826253394,242
6205,tcp,51708826264554,74
6206,tcp,51708826266264,24
6207,tcp,51708826267344,16
6208,tcp,51708909539844,19
6209,tcp,51708909550644,19
6210,tcp,51708934368504,13
6211,tcp,51709009735674,19
6212,tcp,51709017603744,19
6213,tcp,51709059315954,13
6214,tcp,51709109907924,19
6215,tcp,51709142610504,19
6216,tcp,51709210073244,1549
6217,tcp,51709225865364,683
6218,tcp,51709267626264,74
6219,tcp,51709310352234,19
6220,tcp,51709350964464,22
6221,tcp,51709392651564,19
6222,tcp,51709434312564,13
6223,tcp,51709475933694,19
6224,tcp,51709517609364,19
6225,tcp,51709559328684,13
6226,tcp,51709600944864,19
6227,tcp,51709642637364,19
6228,tcp,51709684318344,315
6229,tcp,51709867727004,153
6230,tcp,51709867736814,24
6231,tcp,51709867738524,18
6232,tcp,51709867739694,19
6233,tcp,51709951129374,19
6234,tcp,51709951139364,13
6235,tcp,51709975926624,19
6236,tcp,51710051292804,19
6237,tcp,51710059253934,13
6238,tcp,51710159447064,19
6239,tcp,51710159456604,19
6240,tcp,51710259614544,3245
6241,tcp,51710284439424,1111
6242,tcp,51710284449684,186
6243,tcp,51710309248284,20
6244,tcp,51710384630844,43
6245,tcp,51710392559214,24
6246,tcp,51710434278624,16
6247,tcp,51710476085334,24
6248,tcp,51710517703404,22
6249,tcp,51710559426504,13
6250,tcp,51710784253074,8960
6251,tcp,51710784262434,145
6252,tcp,51710784264324,228
6253,tcp,51710784265674,88
6254,tcp,51710784267114,18
6255,tcp,51710809276404,15
6256,tcp,51710851074744,19
6257,tcp,51710892635934,13
6258,tcp,51710934306924,13
6259,tcp,51710976059184,13
6260,tcp,51711017765274,13
6261,tcp,51711059327184,13
6262,tcp,51711101178624,13
6263,tcp,51711142650264,13
6264,tcp,51711184356714,721
6265,tcp,51711226012044,362
6266,tcp,51711267785724,60
6267,tcp,51711309348624,30
6268,tcp,51711351065604,33
6269,tcp,51711392637864,36
6270,tcp,51711434319024,27
6271,tcp,51711475957794,29
6272,tcp,51711517666224,31
6273,tcp,51711559322814,27
6274,tcp,51711600968154,29
6275,tcp,51711642683064,31
6276,tcp,51711826103064,340
6277,tcp,51711826112874,170
6278,tcp,51711909402114,41
6279,tcp,51711909412374,27
6280,tcp,51711926287014,29
6281,tcp,51711926294664,31
6282,tcp,51711934312764,27
6283,tcp,51712009549074,29
6284,tcp,51712026597774,31
6285,tcp,51712059304044,27
6286,tcp,51712101023004,29
6287,tcp,51712142631354,31
6288,tcp,51712184309094,1505
6289,tcp,51712226003124,563
6290,tcp,51712267667274,90
6291,tcp,51712309312164,13
6292,tcp,51712351002414,13
6293,tcp,51712392678984,13
6294,tcp,51712434338994,13
6295,tcp,51712476061554,13
6296,tcp,51712517679444,13
6297,tcp,51712559316684,13
6298,tcp,51712600985604,13
6299,tcp,51712642599804,13
6300,tcp,51712826130414,308
6301,tcp,51712826141484,140
6302,tcp,51712826143464,18
6303,tcp,51712974303894,13
6304,tcp,51712974319104,13
6305,tcp,51712974321894,13
6306,tcp,51712974323604,13
6307,tcp,51713026508574,13
6308,tcp,51713026523694,13
6309,tcp,51713059374234,13
6310,tcp,51713100986364,13
6311,tcp,51713142683724,13
6312,tcp,51713184301974,1453
6313,tcp,51713226056124,612
6314,tcp,51713267649444,135
6315,tcp,51713309383254,28
6316,tcp,51713351061894,15
6317,tcp,51713392684554,13
6318,tcp,51713434347804,13
6319,tcp,51713476082064,13
6320,tcp,51713517674214,13
6321,tcp,51713559305244,13
6322,tcp,51713601033474,13
6323,tcp,51713642683314,13
6324,tcp,51713684472834,267
6325,tcp,51713726020254,81
6326,tcp,51713767750014,41
6327,tcp,51713809352964,15
6328,tcp,51713850974724,13
6329,tcp,51713892690984,13
6330,tcp,51713934373674,13
6331,tcp,51713975978694,13
6332,tcp,51714017782434,13
6333,tcp,51714059300334,13
6334,tcp,51714242774964,13
6335,tcp,51714242784684,13
6336,tcp,51714242787294,1554
6337,tcp,51714242789274,572
6338,tcp,51714284553414,37
6339,tcp,51714326136384,16
6340,tcp,51714350950914,13
6341,tcp,51714392646834,13
6342,tcp,51714434276424,13
6343,tcp,51714617755914,13
6344,tcp,51714617765634,13
6345,tcp,51714701144514,13
6346,tcp,51714701159544,13
6347,tcp,51714717948414,13
6348,tcp,51714717957414,327
6349,tcp,51714801260514,146
6350,tcp,51714801268524,26
6351,tcp,51714818143074,15
6352,tcp,51714850944204,13
6353,tcp,51714901459134,13
6354,tcp,51714934321824,13
6355,tcp,51714975924864,13
6356,tcp,51715017741474,13
6357,tcp,51715059321744,13
6358,tcp,51715259621244,13
6359,tcp,51715259629254,13
6360,tcp,51715284503994,1750
6361,tcp,51715284523704,678
6362,tcp,51715284526584,64
6363,tcp,51715492791354,25
6364,tcp,51715492801884,32
6365,tcp,51715492803234,13
6366,tcp,51715492804404,13
6367,tcp,51715534528494,13
6368,tcp,51715534543434,13
6369,tcp,51715592948484,13
6370,tcp,51715634684904,13
6371,tcp,51715642594554,13
6372,tcp,51715693188234,230
6373,tcp,51715734891354,87
6374,tcp,51715767604104,15
6375,tcp,51715809337374,13
6376,tcp,51715992840264,13
6377,tcp,51715992852954,13
6378,tcp,51715992855024,13
6379,tcp,51716034527634,13
6380,tcp,51716034539694,13
6381,tcp,51716093008734,13
6382,tcp,51716134739124,13
6383,tcp,51716142678834,13
6384,tcp,51716234946204,1644
6385,tcp,51716234962944,699
6386,tcp,51716267640054,46
6387,tcp,51716335169034,30
6388,tcp,51716350946034,22
6389,tcp,51716392613874,13
6390,tcp,51716435402214,13
6391,tcp,51716475942534,13
6392,tcp,51716517666084,13
6393,tcp,51716559288474,13
6394,tcp,51716600960544,13
6395,tcp,51716642618934,13
6396,tcp,51716684282094,240
6397,tcp,51716725921314,131
6398,tcp,51716767629204,21
6399,tcp,51716809244394,13
6400,tcp,51716851032384,13
6401,tcp,51716892700134,13
6402,tcp,51716934391914,13
6403,tcp,51716975947524,13
6404,tcp,51717017621394,13
6405,tcp,51717059326584,13
6406,tcp,51717100972104,13
6407,tcp,51717142651464,13
6408,tcp,51717184256844,1102
6409,tcp,51717225947724,409
6410,tcp,51717267625104,141
6411,tcp,51717309324984,36
6412,tcp,51717350977164,13
6413,tcp,51717392713404,13
6414,tcp,51717434268834,13
6415,tcp,51717476102994,13
6416,tcp,51717517687134,13
6417,tcp,51717559362714,13
6418,tcp,51717742755534,13
6419,tcp,51717742765614,13
6420,tcp,51717742767864,307
6421,tcp,51717742769754,147
6422,tcp,51717826218114,19
6423,tcp,51717826230534,13
6424,tcp,51717926419614,13
6425,tcp,51717926426004,13
6426,tcp,51717934259784,13
6427,tcp,51717975913764,13
6428,tcp,51718026675654,13
6429,tcp,51718059332244,13
6430,tcp,51718101026814,13
6431,tcp,51718142784024,13
6432,tcp,51718201299684,2125
6433,tcp,51718225962744,628
6434,tcp,51718267635174,85
6435,tcp,51718309355484,30
6436,tcp,51718350960054,15
6437,tcp,51718392634644,13
6438,tcp,51718434293664,13
6439,tcp,51718617821934,13
6440,tcp,51718617832824,13
6441,tcp,51718617834174,13
6442,tcp,51718617835344,13
6443,tcp,51718701177324,13
6444,tcp,51718701191184,284
6445,tcp,51718725986634,82
6446,tcp,51718801393404,22
6447,tcp,51718809324024,13
6448,tcp,51718909493394,39
6449,tcp,51718909503564,15
6450,tcp,51718934362014,13
6451,tcp,51718976080074,13
6452,tcp,51719017698684,13
6453,tcp,51719059318374,13
6454,tcp,51719101039764,13
6455,tcp,51719142696804,13
6456,tcp,51719184306054,1548
6457,tcp,51719225999274,707
6458,tcp,51719267701134,71
6459,tcp,51719309372844,20
6460,tcp,51719492841534,13
6461,tcp,51719492851524,13
6462,tcp,51719492853144,13
6463,tcp,51719492854224,13
6464,tcp,51719576259564,13
6465,tcp,51719576276124,13
6466,tcp,51719601264804,13
6467,tcp,51719676421104,13
6468,tcp,51719684241924,318
6469,tcp,51719725966284,147
6470,tcp,51719776581294,19
6471,tcp,51719809272444,13
6472,tcp,51719850960714,13
6473,tcp,51719892674004,13
6474,tcp,51719934351564,13
6475,tcp,51719976075204,13
6476,tcp,51720017643684,13
6477,tcp,51720059291364,13
6478,tcp,51720101023914,13
6479,tcp,51720142697874,13
6480,tcp,51720207209604,3463
6481,tcp,51720242956794,1432
6482,tcp,51720284570544,115
6483,tcp,51720309291564,30
6484,tcp,51720350960124,233
6485,tcp,51720392689434,71
6486,tcp,51720434359254,13
6487,tcp,51720476062554,16
6488,tcp,51720517622034,16
6489,tcp,51720559287444,13
6490,tcp,51720601085424,16
6491,tcp,51720642667044,16
6492,tcp,51720684329304,232
6493,tcp,51720725997324,97
6494,tcp,51720767718894,18
6495,tcp,51720809320224,13
6496,tcp,51720850955664,16
6497,tcp,51720892622874,16
6498,tcp,51720934390704,13
6499,tcp,51720976129734,16
6500,tcp,51721208349894,8819
6501,tcp,51721208362944,86
6502,tcp,51721208365734,140
6503,tcp,51721208367624,86
6504,tcp,51721208369604,897
6505,tcp,51721367795874,320
6506,tcp,51721367809194,79
6507,tcp,51721367812434,25
6508,tcp,51721367814684,57
6509,tcp,51721551281034,55
6510,tcp,51721551288954,13
6511,tcp,51721551290484,52
6512,tcp,51721576344774,52
6513,tcp,51721576354944,13
6514,tcp,51721676570034,52
6515,tcp,51721676580924,52
6516,tcp,51721876991214,319
6517,tcp,51721877006874,186
6518,tcp,51721877009934,61
6519,tcp,51721977167964,17
6520,tcp,51721977181914,55
6521,tcp,51721977184884,55
6522,tcp,51721977187134,13
6523,tcp,51721977189564,52
6524,tcp,51722017645734,52
6525,tcp,51722217976284,13
6526,tcp,51722217983034,52
6527,tcp,51722450200314,52
6528,tcp,51722450213904,1633
6529,tcp,51722450216424,545
6530,tcp,51722450217864,128
6531,tcp,51722450219754,17
6532,tcp,51722450221374,60
6533,tcp,51722450222544,57
6534,tcp,51722518400514,13
6535,tcp,51722518410864,52
6536,tcp,51722518412484,52
6537,tcp,51722559333144,13
6538,tcp,51722618605884,52
6539,tcp,51722718811524,52
6540,tcp,51722718821064,349
6541,tcp,51722725945194,139
6542,tcp,51722767650924,58
6543,tcp,51722809341534,18
6544,tcp,51722850994704,52
6545,tcp,51722892742104,52
6546,tcp,51722934288444,13
6547,tcp,51722975994084,52
6548,tcp,51723017638074,52
6549,tcp,51723059338134,13
6550,tcp,51723100944864,52
6551,tcp,51723142648614,52
6552,tcp,51723201294504,1512
6553,tcp,51723225996354,662
6554,tcp,51723267635574,148
6555,tcp,51723309319344,24
6556,tcp,51723350962704,62
6557,tcp,51723392599404,52
6558,tcp,51723434312964,13
6559,tcp,51723475936344,52
6560,tcp,51723517681314,52
6561,tcp,51723559297404,13
6562,tcp,51723601048314,52
6563,tcp,51723642703104,52
6564,tcp,51723684366174,271
6565,tcp,51723725952024,120
6566,tcp,51723767638494,62
6567,tcp,51723809303814,16
6568,tcp,51723851028894,52
6569,tcp,51723892679724,52
6570,tcp,51723934388874,13
6571,tcp,51723975953574,52
6572,tcp,51724017763614,52
6573,tcp,51724059354684,13
6574,tcp,51724101010014,52
6575,tcp,51724142682174,52
6576,tcp,51724184325354,1554
6577,tcp,51724367731584,489
6578,tcp,51724367742384,74
6579,tcp,51724367744094,13
6580,tcp,51724367745444,52
6581,tcp,51724409424174,52
6582,tcp,51724451109654,13
6583,tcp,51724476038214,52
6584,tcp,51724517600304,52
6585,tcp,51724559263284,13
6586,tcp,51724600924554,52
6587,tcp,51724642637034,52
6588,tcp,51724684315854,327
6589,tcp,51724725963984,177
6590,tcp,51724767676734,55
6591,tcp,51724809273024,13
6592,tcp,51724850939784,52
6593,tcp,51724892588274,52
6594,tcp,51724934298864,13
6595,tcp,51724975971924,52
6596,tcp,51725017644804,52
6597,tcp,51725059350264,13
6598,tcp,51725101009644,52
6599,tcp,51725142671004,52
6600,tcp,51725184312744,1714
6601,tcp,51725226030984,709
6602,tcp,51725267733654,116
6603,tcp,51725309331834,20
6604,tcp,51725351030184,60
6605,tcp,51725392701804,52
6606,tcp,51725434386204,13
6607,tcp,51725475993924,52
6608,tcp,51725517612624,52
6609,tcp,51725559261744,13
6610,tcp,51725600949024,52
6611,tcp,51725642677884,52
6612,tcp,51725684400804,221
6613,tcp,51725726004744,117
6614,tcp,51725767700304,56
6615,tcp,51725951127324,13
6616,tcp,51725951139024,55
6617,tcp,51725951140824,52
6618,tcp,51725951142444,13
6619,tcp,51725992803804,52
6620,tcp,51726034501254,52
6621,tcp,51726059347014,13
6622,tcp,51726100982994,52
6623,tcp,51726142615464,52
6624,tcp,51726184320744,1945
6625,tcp,51726225929094,818
6626,tcp,51726551161104,142
6627,tcp,51726551170374,21
6628,tcp,51726551172354,61
6629,tcp,51726551176944,52
6630,tcp,51726551178204,13
6631,tcp,51726551179374,52
6632,tcp,51726551180814,52
6633,tcp,51726618853794,13
6634,tcp,51726618864144,52
6635,tcp,51726642586164,52
6636,tcp,51726684311244,297
6637,tcp,51726725943084,179
6638,tcp,51726767648274,64
6639,tcp,51726809249424,13
6640,tcp,51726850883334,52
6641,tcp,51726892685994,52
6642,tcp,51726934299564,13
6643,tcp,51726976050204,52
6644,tcp,51727017636594,52
6645,tcp,51727059303354,13
6646,tcp,51727100909184,52
6647,tcp,51727142668464,52
6648,tcp,51727184326854,973
6649,tcp,51727225983984,426
6650,tcp,51727267638054,117
6651,tcp,51727309277184,20
6652,tcp,51727350967974,52
6653,tcp,51727392680454,52
6654,tcp,51727434294384,13
6655,tcp,51727475997954,52
6656,tcp,51727659463494,52
6657,tcp,51727659473574,13
6658,tcp,51727659475104,52
6659,tcp,51727659476454,52
6660,tcp,51727701137904,227
6661,tcp,51727742790984,145
6662,tcp,51727767683274,59
6663,tcp,51727842963774,13
6664,tcp,51727850921034,52
6665,tcp,51728034503124,52
6666,tcp,51728034513564,13
6667,tcp,51728034515184,52
6668,tcp,51728034516444,52
6669,tcp,51728117828544,13
6670,tcp,51728117838714,52
6671,tcp,51728142611664,52
6672,tcp,51728218050294,2124
6673,tcp,51728242891194,838
6674,tcp,51728318263584,137
6675,tcp,51728318274564,21
6676,tcp,51728350934844,52
6677,tcp,51728392710414,52
6678,tcp,51728434396344,13
6679,tcp,51728476085784,52
6680,tcp,51728517743634,52
6681,tcp,51728559350184,13
6682,tcp,51728601258864,52
6683,tcp,51728642735994,52
6684,tcp,51728684317794,281
6685,tcp,51728725989864,137
6686,tcp,51728767627914,58
6687,tcp,51728809362444,13
6688,tcp,51728851020024,52
6689,tcp,51728892766434,52
6690,tcp,51728934281634,13
6691,tcp,51728976042264,52
6692,tcp,51729017702364,52
6693,tcp,51729201104994,13
6694,tcp,51729201115254,52
6695,tcp,51729284469384,52
6696,tcp,51729384590694,1579
6697,tcp,51729384600414,729
6698,tcp,51729384602664,145
6699,tcp,51729384604194,22
6700,tcp,51729384605544,58
6701,tcp,51729392708154,52
6702,tcp,51729434355204,13
6703,tcp,51729484809744,52
6704,tcp,51729517657494,52
6705,tcp,51729559271514,13
6706,tcp,51729601028454,52
6707,tcp,51729642602964,52
6708,tcp,51729826157604,324
6709,tcp,51729826171644,175
6710,tcp,51729826174704,58
6711,tcp,51729826176954,15
6712,tcp,51729909479154,52
6713,tcp,51729909492384,52
6714,tcp,51729934403844,13
6715,tcp,51730009803864,52
6716,tcp,51730017552234,52
6717,tcp,51730059461904,13
6718,tcp,51730110044154,52
6719,tcp,51730142752854,52
6720,tcp,51730210298574,3060
6721,tcp,51730243029144,1163
6722,tcp,51730310615094,149
6723,tcp,51730310628864,25
6724,tcp,51730350972084,88
6725,tcp,51730392739554,57
6726,tcp,51730434355914,16
6727,tcp,51730476050124,52
6728,tcp,51730517783574,52
6729,tcp,51730559270244,13
6730,tcp,51730742815074,52
6731,tcp,51730742828844,52
6732,tcp,51730742831724,218
6733,tcp,51730742834154,114
6734,tcp,51730826209344,58
6735,tcp,51730826221674,13
6736,tcp,51730850992284,52
6737,tcp,51730926404274,52
6738,tcp,51730934358654,13
6739,tcp,51730976068074,52
6740,tcp,51731034625314,52
6741,tcp,51731059350294,13
6742,tcp,51731101014534,52
6743,tcp,51731142686694,52
6744,tcp,51731184373884,865
6745,tcp,51731225974404,261
6746,tcp,51731267622084,73
6747,tcp,51731309305314,24
6748,tcp,51731351218044,52
6749,tcp,51731392710744,52
6750,tcp,51731634720654,7676
6751,tcp,51731634731274,118
6752,tcp,51731634734784,62
6753,tcp,51731634736944,60
6754,tcp,51731634739014,60
6755,tcp,51731724441384,59
6756,tcp,51731724451104,322
6757,tcp,51731734868154,182
6758,tcp,51731824680054,65
6759,tcp,51731824690674,19
6760,tcp,51731850972474,52
6761,tcp,51731892642384,52
6762,tcp,51731934364404,13
6763,tcp,51731975980134,52
6764,tcp,51732017701164,52
6765,tcp,51732059225004,13
6766,tcp,51732101019564,52
6767,tcp,51732142642044,52
6768,tcp,51732184393134,1675
6769,tcp,51732225994914,534
6770,tcp,51732267671214,125
6771,tcp,51732309280284,24
6772,tcp,51732351004104,52
6773,tcp,51732392616324,52
6774,tcp,51732434345184,13
6775,tcp,51732475997814,52
6776,tcp,51732517608234,52
6777,tcp,51732559266984,13
6778,tcp,51732600990354,52
6779,tcp,51732642668364,52
6780,tcp,51732684282024,297
6781,tcp,51732725923404,182
6782,tcp,51732767630034,59
6783,tcp,51732809300394,15
6784,tcp,51732850945284,52
6785,tcp,51732892670274,52
6786,tcp,51732934393644,13
6787,tcp,51732975985794,52
6788,tcp,51733017643014,52
6789,tcp,51733201044384,13
6790,tcp,51733201054824,52
6791,tcp,51733201056174,52
6792,tcp,51733201058244,1344
6793,tcp,51733284438564,611
6794,tcp,51733284448374,156
6795,tcp,51733309386654,26
6796,tcp,51733409574204,52
6797,tcp,51733409584104,52
6798,tcp,51733434288384,13
6799,tcp,51733617792354,52
6800,tcp,51733617802164,52
6801,tcp,51733617803514,13
6802,tcp,51733659453264,52
6803,tcp,51733659464784,52
6804,tcp,51733717923564,242
6805,tcp,51733759619034,109
6806,tcp,51733818140454,59
6807,tcp,51733818150714,13
6808,tcp,51733859787144,52
6809,tcp,51733892600604,52
6810,tcp,51733934253864,13
6811,tcp,51733975983534,52
6812,tcp,51734017625724,52
6813,tcp,51734076172524,13
6814,tcp,51734100874194,52
6815,tcp,51734142654444,52
6816,tcp,51734184287634,1529
6817,tcp,51734226000294,598
6818,tcp,51734267623584,67
6819,tcp,51734309294754,19
6820,tcp,51734350955214,52
6821,tcp,51734392716744,52
6822,tcp,51734434322034,13
6823,tcp,51734476063584,52
6824,tcp,51734517749424,52
6825,tcp,51734559383514,13
6826,tcp,51734600991144,52
6827,tcp,51734642666364,52
6828,tcp,51734684321694,323
6829,tcp,51734725952994,185
6830,tcp,51734767659444,57
6831,tcp,51734809299024,13
6832,tcp,51734850979464,52
6833,tcp,51734892596544,52
6834,tcp,51734934425484,13
6835,tcp,51734975985774,52
6836,tcp,51735242771694,52
6837,tcp,51735242782314,13
6838,tcp,51735242783664,52
6839,tcp,51735242784744,52
6840,tcp,51735284508024,2243
6841,tcp,51735342961944,654
6842,tcp,51735342970134,163
6843,tcp,51735342971934,32
6844,tcp,51735350968614,38
6845,tcp,51735451211154,16
6846,tcp,51735451224834,13
6847,tcp,51735475893924,16
6848,tcp,51735517658334,16
6849,tcp,51735559258584,13
6850,tcp,51735600985464,16
6851,tcp,51735642650784,16
6852,tcp,51735684268044,199
6853,tcp,51735726037584,86
6854,tcp,51735767635224,18
6855,tcp,51735809441844,13
6856,tcp,51735850968204,16
6857,tcp,51735892623444,16
6858,tcp,51735934380474,13
6859,tcp,51735976064424,16
6860,tcp,51736017672954,16
6861,tcp,51736059301014,13
6862,tcp,51736100974704,16
6863,tcp,51736142596464,16
6864,tcp,51736184309574,1923
6865,tcp,51736225959144,734
6866,tcp,51736267673784,41
6867,tcp,51736309305894,19
6868,tcp,51736351033584,16
6869,tcp,51736392669384,16
6870,tcp,51736434360984,13
6871,tcp,51736475980044,16
6872,tcp,51736517693874,16
6873,tcp,51736559350104,13
6874,tcp,51736601018934,16
6875,tcp,51736642699824,16
6876,tcp,51736684513824,314
6877,tcp,51736726095084,145
6878,tcp,51736767605514,20
6879,tcp,51736809345354,13
6880,tcp,51736850991414,16
6881,tcp,51736892710284,16
6882,tcp,51736934309364,13
6883,tcp,51736975985844,16
6884,tcp,51737017768704,16
6885,tcp,51737059420794,13
6886,tcp,51737100997014,16
6887,tcp,51737142664944,16
6888,tcp,51737184317394,1084
6889,tcp,51737225991354,386
6890,tcp,51737267603574,49
6891,tcp,51737309316234,29
6892,tcp,51737351000634,46
6893,tcp,51737392806084,18
6894,tcp,51737434344234,13
6895,tcp,51737475997854,16
6896,tcp,51737517671994,16
6897,tcp,51737559268374,13
6898,tcp,51737601229614,16
6899,tcp,51737642693424,16
6900,tcp,51737684492484,261
6901,tcp,51737726081664,140
6902,tcp,51737767696224,18
6903,tcp,51737809351464,13
6904,tcp,51737851078344,16
6905,tcp,51737892802434,16
6906,tcp,51737934355794,13
6907,tcp,51737976080604,16
6908,tcp,51738017700474,16
6909,tcp,51738059269584,13
6910,tcp,51738100956594,16
6911,tcp,51738142724424,16
6912,tcp,51738490202994,1771
6913,tcp,51738490213344,519
6914,tcp,51738490215144,101
6915,tcp,51738490217214,26
6916,tcp,51738490218294,30
6917,tcp,51738490219374,16
6918,tcp,51738490220454,13
6919,tcp,51738490221534,16
6920,tcp,51738570332604,16
6921,tcp,51738570343044,13
6922,tcp,51738601013334,16
6923,tcp,51738642687114,16
6924,tcp,51738701219424,158
6925,tcp,51738726061494,69
6926,tcp,51738767689554,22
6927,tcp,51738809256324,13
6928,tcp,51738850934064,16
6929,tcp,51738909542424,16
6930,tcp,51738934399434,13
6931,tcp,51738975983394,16
6932,tcp,51739017660684,16
6933,tcp,51739059406734,13
6934,tcp,51739101068184,16
6935,tcp,51739142592384,16
6936,tcp,51739184353284,1584
6937,tcp,51739225917264,687
6938,tcp,51739267690494,69
6939,tcp,51739309365894,17
6940,tcp,51739351012944,16
6941,tcp,51739392725694,16
6942,tcp,51739434367164,13
6943,tcp,51739617857634,16
6944,tcp,51739617867894,16
6945,tcp,51739617869424,13
6946,tcp,51739617870594,16
6947,tcp,51739659417384,16
6948,tcp,51739701131124,319
6949,tcp,51739725949974,150
6950,tcp,51739767667044,18
6951,tcp,51739809380694,13
6952,tcp,51739851014694,16
6953,tcp,51739892717544,16
6954,tcp,51739934326704,13
6955,tcp,51739975976904,16
6956,tcp,51740017644024,16
6957,tcp,51740059364604,13
6958,tcp,51740100945144,16
6959,tcp,51740528840334,16
6960,tcp,51740528852754,2868
6961,tcp,51740528855544,1013
6962,tcp,51740528856984,128
6963,tcp,51740528858424,21
6964,tcp,51740528859774,112
6965,tcp,51740528860944,20
6966,tcp,51740528862024,13
6967,tcp,51740570252754,16
6968,tcp,51740570262924,16
6969,tcp,51740570264454,13
6970,tcp,51740629074684,16
6971,tcp,51740642644974,16
6972,tcp,51740684317944,231
6973,tcp,51740729194824,92
6974,tcp,51740767626354,16
6975,tcp,51740809412004,13
6976,tcp,51740851021434,16
6977,tcp,51740892644814,16
6978,tcp,51740934312024,13
6979,tcp,51740975960964,16
6980,tcp,51741017646444,16
6981,tcp,51741059412024,13
6982,tcp,51741100987344,16
6983,tcp,51741142706844,16
6984,tcp,51741184330674,858
6985,tcp,51741226000944,408
6986,tcp,51741267622074,42
6987,tcp,51741309456684,19
6988,tcp,51741351002304,18
6989,tcp,51741392655114,16
6990,tcp,51741434327364,13
6991,tcp,51741475962804,16
6992,tcp,51741517690314,16
6993,tcp,51741559364274,13
6994,tcp,51741600958764,16
6995,tcp,51741642616074,16
6996,tcp,51741684290844,308
6997,tcp,51741725934474,154
6998,tcp,51741767640114,22
6999,tcp,51741809303724,13
7000,tcp,51741951151644,7974
7001,tcp,51741951164244,117
7002,tcp,51741951167304,39
7003,tcp,51741975952944,49
7004,tcp,51742017675144,43
7005,tcp,51742059277554,36
7006,tcp,51742100972934,43
7007,tcp,51742142639874,40
7008,tcp,51742184333994,1762
7009,tcp,51742225968444,544
7010,tcp,51742267627194,113
7011,tcp,51742309296024,30
7012,tcp,51742350919584,33
7013,tcp,51742392663294,30
7014,tcp,51742434281274,24
7015,tcp,51742475946594,29
7016,tcp,51742517655384,27
7017,tcp,51742559288754,24
7018,tcp,51742600990254,29
7019,tcp,51742642601394,27
7020,tcp,51742684310904,309
7021,tcp,51742726168914,154
7022,tcp,51742767684564,34
7023,tcp,51742809298584,28
7024,tcp,51742851036894,37
7025,tcp,51742892655054,32
7026,tcp,51742934327484,24
7027,tcp,51742976036544,29
7028,tcp,51743017607904,27
7029,tcp,51743059358454,24
7030,tcp,51743100946554,29
7031,tcp,51743142587124,27
7032,tcp,51743184318054,1476
7033,tcp,51743226006054,607
7034,tcp,51743267706564,73
7035,tcp,51743309283324,34
7036,tcp,51743351036304,44
7037,tcp,51743576143854,33
7038,tcp,51743576155284,31
7039,tcp,51743576156994,36
7040,tcp,51743576158254,32
7041,tcp,51743676320874,26
7042,tcp,51743676329064,34
7043,tcp,51743717899434,30
7044,tcp,51743717907534,284
7045,tcp,51743776555494,119
7046,tcp,51743776572414,33
7047,tcp,51743809346274,28
7048,tcp,51743876882904,36
7049,tcp,51743892678984,33
7050,tcp,51743934452574,28
7051,tcp,51743975987844,36
7052,tcp,51744017618964,31
7053,tcp,51744059374194,28
7054,tcp,51744101021064,36
7055,tcp,51744142737144,31
7056,tcp,51744326146974,1364
7057,tcp,51744326159664,449
7058,tcp,51744326162094,42
7059,tcp,51744326164254,26
7060,tcp,51744367856664,29
7061,tcp,51744409548624,27
7062,tcp,51744434289624,24
7063,tcp,51744475943514,29
7064,tcp,51744517687944,27
7065,tcp,51744559337334,24
7066,tcp,51744600949374,29
7067,tcp,51744642648984,27
7068,tcp,51744684338964,317
7069,tcp,51744725980974,157
7070,tcp,51744767650974,35
7071,tcp,51744809327094,26
7072,tcp,51744851047764,32
7073,tcp,51744892694904,30
7074,tcp,51744934433934,24
7075,tcp,51744975954714,29
7076,tcp,51745017706254,27
7077,tcp,51745059297414,24
7078,tcp,51745101069474,29
7079,tcp,51745142729394,27
7080,tcp,51745184413614,1394
7081,tcp,51745226020884,739
7082,tcp,51745267591074,47
7083,tcp,51745309368984,24
7084,tcp,51745351065894,29
7085,tcp,51745392782784,27
7086,tcp,51745434309864,24
7087,tcp,51745617857484,29
7088,tcp,51745617868194,27
7089,tcp,51745617869544,24
7090,tcp,51745617870804,29
7091,tcp,51745701263814,27
7092,tcp,51745701290364,210
7093,tcp,51745726029564,99
7094,tcp,51745801400244,32
7095,tcp,51745809291084,26
7096,tcp,51745851014094,29
7097,tcp,51745901593554,27
7098,tcp,51745934394684,24
7099,tcp,51745976143614,29
7100,tcp,51746017703454,27
7101,tcp,51746059396854,24
7102,tcp,51746101221294,29
7103,tcp,51746142714894,27
7104,tcp,51746184415134,1994
7105,tcp,51746226014034,700
7106,tcp,51746267650284,67
7107,tcp,51746309269974,31
7108,tcp,51746350982364,38
7109,tcp,51746392691874,33
7110,tcp,51746434330104,30
7111,tcp,51746476110174,37
7112,tcp,51746517684324,33
7113,tcp,51746559295104,28
7114,tcp,51746600934864,37
7115,tcp,51746642718534,32
7116,tcp,51746684260734,315
7117,tcp,51746725985004,151
7118,tcp,51746767629354,35
7119,tcp,51746809384944,31
7120,tcp,51746850996624,38
7121,tcp,51746892776064,32
7122,tcp,51746934314844,28
7123,tcp,51746976125424,37
7124,tcp,51747017773374,30
7125,tcp,51747059451564,26
7126,tcp,51747101028864,34
7127,tcp,51747142794624,30
7128,tcp,51747184380474,1114
7129,tcp,51747226090524,435
7130,tcp,51747409531314,57
7131,tcp,51747409541754,38
7132,tcp,51747409543284,50
7133,tcp,51747409544454,39
7134,tcp,51747451318314,31
7135,tcp,51747492883374,42
7136,tcp,51747517728504,34
7137,tcp,51747559467084,31
7138,tcp,51747601090554,42
7139,tcp,51747642682524,34
7140,tcp,51747684407874,307
7141,tcp,51747725996064,157
7142,tcp,51747767731044,34
7143,tcp,51747809355864,28
7144,tcp,51747851011464,37
7145,tcp,51747892679304,32
7146,tcp,51747934432104,28
7147,tcp,51747976051164,37
7148,tcp,51748017703344,32
7149,tcp,51748059388014,28
7150,tcp,51748101086904,37
7151,tcp,51748142744124,32
7152,tcp,51748184468664,2158
7153,tcp,51748226119494,720
7154,tcp,51748409613744,66
7155,tcp,51748409627784,34
7156,tcp,51748409630304,40
7157,tcp,51748409632194,37
7158,tcp,51748451261154,32
7159,tcp,51748492941234,39
7160,tcp,51748517655684,33
7161,tcp,51748559430624,31
7162,tcp,51748601153004,38
7163,tcp,51748642803744,31
7164,tcp,51748684658244,283
7165,tcp,51748725963834,110
7166,tcp,51748767716184,36
7167,tcp,51748809316074,28
7168,tcp,51748850975184,37
7169,tcp,51748892650044,34
7170,tcp,51748934344884,28
7171,tcp,51748976138274,37
7172,tcp,51749017737264,32
7173,tcp,51749059365774,28
7174,tcp,51749101164474,37
7175,tcp,51749142696234,35
7176,tcp,51749184409704,1435
7177,tcp,51749226046584,665
7178,tcp,51749267778414,125
7179,tcp,51749309302614,20
7180,tcp,51749351122914,29
7181,tcp,51749392688604,22
7182,tcp,51749434339974,13
7183,tcp,51749476092144,16
7184,tcp,51749517744684,16
7185,tcp,51749559393714,13
7186,tcp,51749600956434,16
7187,tcp,51749642654874,16
7188,tcp,51749684359974,200
7189,tcp,51749726082264,122
7190,tcp,51749767641564,26
7191,tcp,51749809411014,16
7192,tcp,51749851043664,16
7193,tcp,51749892744624,16
7194,tcp,51749934363324,13
7195,tcp,51749976117654,16
7196,tcp,51750017706024,16
7197,tcp,51750059346144,13
7198,tcp,51750101133234,16
7199,tcp,51750142608384,16
