frame_index,transport_protocol,receive_time_ns,payload_bytes
0,tcp,52101330828804,6663
1,tcp,52101345983274,121
2,tcp,52101349019694,92
3,tcp,52101383648814,112
4,tcp,52101425317104,94
5,tcp,52101466980894,61
6,tcp,52101508726134,61
7,tcp,52101550315674,49
8,tcp,52101592130214,41
9,tcp,52101633681054,39
10,tcp,52101675361854,35
11,tcp,52101717040854,28
12,tcp,52101758574504,131
13,tcp,52101800420994,26
14,tcp,52101841892724,24
15,tcp,52102140304014,22
16,tcp,52102140314544,19
17,tcp,52102140316164,18
18,tcp,52102140317874,17
19,tcp,52102140319044,17
20,tcp,52102140320304,18
21,tcp,52102140321384,17
22,tcp,52102175343174,17
23,tcp,52102217109564,18
24,tcp,52102258676154,539
25,tcp,52102300427064,80
26,tcp,52102342202544,53
27,tcp,52102383776514,52
28,tcp,52102425372174,45
29,tcp,52102466958564,45
30,tcp,52102508696964,45
31,tcp,52102550351754,41
32,tcp,52102591964154,37
33,tcp,52102633587804,40
34,tcp,52102675345554,39
35,tcp,52102716945534,35
36,tcp,52102758589254,201
37,tcp,52102800327654,39
38,tcp,52102842201414,37
39,tcp,52102883685384,42
40,tcp,52102925450064,39
41,tcp,52102966968864,33
42,tcp,52103008843344,39
43,tcp,52103050273584,37
44,tcp,52103092098744,35
45,tcp,52103133656694,39
46,tcp,52103175366744,36
47,tcp,52103217051864,35
48,tcp,52103258611524,1034
49,tcp,52103300544864,71
50,tcp,52103341938384,48
51,tcp,52103383639254,36
52,tcp,52103425302594,65
53,tcp,52103466983484,20
54,tcp,52103508708384,20
55,tcp,52103550321234,24
56,tcp,52103592160074,20
57,tcp,52103633634234,20
58,tcp,52103675305764,20
59,tcp,52103717066304,20
60,tcp,52103758631724,226
61,tcp,52103800517364,28
62,tcp,52103842032474,28
63,tcp,52103883648384,28
64,tcp,52103925341064,25
65,tcp,52103966959494,26
66,tcp,52104008795724,25
67,tcp,52104050345214,25
68,tcp,52104091944564,22
69,tcp,52104133721484,22
70,tcp,52104175282674,22
71,tcp,52104216922524,22
72,tcp,52104258670104,824
73,tcp,52104300513084,60
74,tcp,52104342141594,42
75,tcp,52104383623314,72
76,tcp,52104425420394,31
77,tcp,52104467011734,29
78,tcp,52104508849314,26
79,tcp,52104550474224,20
80,tcp,52104591963594,18
81,tcp,52104633676344,17
82,tcp,52104675205314,17
83,tcp,52104717168624,18
84,tcp,52104758594724,191
85,tcp,52104800619954,25
86,tcp,52104841992774,21
87,tcp,52104883691124,22
88,tcp,52104925258704,20
89,tcp,52104967076574,20
90,tcp,52105008643074,20
91,tcp,52105050325404,20
92,tcp,52105091994054,20
93,tcp,52105133703654,20
94,tcp,52105175296164,20
95,tcp,52105217221134,20
96,tcp,52105258796814,934
97,tcp,52105300327674,61
98,tcp,52105342001004,39
99,tcp,52105383610074,30
100,tcp,52105425421014,48
101,tcp,52105466894544,26
102,tcp,52105508664804,29
103,tcp,52105550318874,22
104,tcp,52105591984374,20
105,tcp,52105633625754,20
106,tcp,52105675347954,19
107,tcp,52105716930204,20
108,tcp,52105758825564,179
109,tcp,52105800349944,23
110,tcp,52105842138294,22
111,tcp,52105883612814,22
112,tcp,52105925559024,21
113,tcp,52105967154864,22
114,tcp,52106008577094,21
115,tcp,52106050291554,21
116,tcp,52106091944364,22
117,tcp,52106133610134,21
118,tcp,52106175275904,21
119,tcp,52106216993154,22
120,tcp,52106258616624,982
121,tcp,52106300642934,103
122,tcp,52106341933494,37
123,tcp,52106383848564,31
124,tcp,52106425306704,23
125,tcp,52106467245714,22
126,tcp,52106508653994,23
127,tcp,52106550465294,22
128,tcp,52106592087144,22
129,tcp,52106633690634,22
130,tcp,52106675329854,20
131,tcp,52106717102454,20
132,tcp,52106758749504,70
133,tcp,52106800358934,19
134,tcp,52106842035504,20
135,tcp,52106883625494,17
136,tcp,52106925360384,17
137,tcp,52106967027954,18
138,tcp,52107008610384,17
139,tcp,52107050252304,17
140,tcp,52107092056494,18
141,tcp,52107133669884,17
142,tcp,52107175419084,17
143,tcp,52107216967494,18
144,tcp,52107258763944,1140
145,tcp,52107300541224,36
146,tcp,52107342022674,33
147,tcp,52107383723274,32
148,tcp,52107425291034,24
149,tcp,52107467152554,20
150,tcp,52107508758114,20
151,tcp,52107550309494,21
152,tcp,52107591917754,20
153,tcp,52107633725184,19
154,tcp,52107675394824,19
155,tcp,52107716996064,18
156,tcp,52107758632404,192
157,tcp,52107800325984,26
158,tcp,52107841915344,26
159,tcp,52107883712604,29
160,tcp,52107925303314,26
161,tcp,52107966963954,25
162,tcp,52108008730614,27
163,tcp,52108308266634,21
164,tcp,52108308276714,20
165,tcp,52108308277974,19
166,tcp,52108308279054,19
167,tcp,52108308280044,20
168,tcp,52108308281934,648
169,tcp,52108308284274,49
170,tcp,52108341981084,35
171,tcp,52108383658644,36
172,tcp,52108425447264,24
173,tcp,52108466900004,20
174,tcp,52108508716614,17
175,tcp,52108550293284,17
176,tcp,52108592120334,18
177,tcp,52108633696824,17
178,tcp,52108675380684,17
179,tcp,52108716943944,18
180,tcp,52108758704034,219
181,tcp,52108800400494,25
182,tcp,52108842025404,25
183,tcp,52108883774064,26
184,tcp,52108925431014,25
185,tcp,52108967016684,22
186,tcp,52109008623504,22
187,tcp,52109050386114,21
188,tcp,52109091946494,22
189,tcp,52109134174854,21
190,tcp,52109175323844,21
191,tcp,52109216940114,20
192,tcp,52109258610744,1224
193,tcp,52109300506554,212
194,tcp,52109341945344,44
195,tcp,52109383844124,37
196,tcp,52109425308924,54
197,tcp,52109467012854,29
198,tcp,52109508707154,29
199,tcp,52109550327114,28
200,tcp,52109591965254,25
201,tcp,52109633660724,25
202,tcp,52109675414874,21
203,tcp,52109972370414,22
204,tcp,52109972386794,167
205,tcp,52109972389134,31
206,tcp,52109972391654,24
207,tcp,52109972393814,22
208,tcp,52109972395794,20
209,tcp,52109972397594,20
210,tcp,52110008805834,20
211,tcp,52110050415894,20
212,tcp,52110092235654,20
213,tcp,52110133656084,20
214,tcp,52110175337514,20
215,tcp,52110217046754,20
216,tcp,52110258599934,911
217,tcp,52110300409704,51
218,tcp,52110341995644,30
219,tcp,52110383694084,27
220,tcp,52110425217834,23
221,tcp,52110466947324,21
222,tcp,52110508633074,21
223,tcp,52110550278594,19
224,tcp,52110591930684,18
225,tcp,52110633699144,15
226,tcp,52110675290034,15
227,tcp,52110716972814,16
228,tcp,52110758706534,193
229,tcp,52110800384544,21
230,tcp,52111096230204,19
231,tcp,52111096238934,20
232,tcp,52111096240194,17
233,tcp,52111096242354,18
234,tcp,52111096243434,17
235,tcp,52111096244514,18
236,tcp,52111096245594,18
237,tcp,52111133589564,18
238,tcp,52111251695034,17
239,tcp,52111251704664,16
240,tcp,52111293401124,1107
241,tcp,52111556305074,235
242,tcp,52111556322804,45
243,tcp,52111556326404,28
244,tcp,52111556329644,100
245,tcp,52111556333604,32
246,tcp,52111556335854,27
247,tcp,52111556337654,24
248,tcp,52111652176404,22
249,tcp,52111652191344,18
250,tcp,52111956743064,4675
251,tcp,52111956756924,96
252,tcp,52111956759804,204
253,tcp,52111956762414,159
254,tcp,52111956764484,67
255,tcp,52111956766464,51
256,tcp,52111956768534,79
257,tcp,52111966953744,38
258,tcp,52112008893384,37
259,tcp,52112050476624,35
260,tcp,52112116425024,24
261,tcp,52112417055624,20
262,tcp,52112417067504,19
263,tcp,52112417068854,15
264,tcp,52112417073894,446
265,tcp,52112417076054,61
266,tcp,52112458812204,47
267,tcp,52112458821474,41
268,tcp,52112458823094,35
269,tcp,52112518028334,24
270,tcp,52112518042464,21
271,tcp,52112617360704,15
272,tcp,52112617378974,16
273,tcp,52112659104414,15
274,tcp,52112718244674,15
275,tcp,52112718254034,13
276,tcp,52112758680864,209
277,tcp,52112817647424,22
278,tcp,52112859293844,24
279,tcp,52112918480994,23
280,tcp,52112958905304,20
281,tcp,52112966996304,17
282,tcp,52113017832354,17
283,tcp,52113059487954,17
284,tcp,52113118705884,15
285,tcp,52113159111564,15
286,tcp,52113175249194,15
287,tcp,52113218102694,15
288,tcp,52113259646514,1076
289,tcp,52113318951114,186
290,tcp,52113359342754,40
291,tcp,52113383617014,34
292,tcp,52113425202054,62
293,tcp,52113466981224,24
294,tcp,52113519135234,27
295,tcp,52113559557744,25
296,tcp,52113591901134,23
297,tcp,52113633780744,20
298,tcp,52113675382704,17
299,tcp,52113719399274,15
300,tcp,52113759827544,252
301,tcp,52113800270934,21
302,tcp,52113842003934,22
303,tcp,52113883556124,23
304,tcp,52113925329894,21
305,tcp,52113966928974,20
306,tcp,52114008692574,20
307,tcp,52114050268434,19
308,tcp,52114091952834,20
309,tcp,52114133604654,19
310,tcp,52114175433954,19
311,tcp,52114216935744,20
312,tcp,52114258655424,841
313,tcp,52114300302474,89
314,tcp,52114342020624,37
315,tcp,52114383559314,37
316,tcp,52114425439554,83
317,tcp,52114467188484,34
318,tcp,52114508535384,34
319,tcp,52114550328324,26
320,tcp,52114591903194,22
321,tcp,52114633611984,19
322,tcp,52114675244184,20
323,tcp,52114716969174,20
324,tcp,52114758593094,232
325,tcp,52114800509784,33
326,tcp,52114841966124,28
327,tcp,52114883661954,26
328,tcp,52114925256264,26
329,tcp,52114967117514,24
330,tcp,52115008595004,21
331,tcp,52115050400184,22
332,tcp,52115091974514,22
333,tcp,52115133577104,21
334,tcp,52115175268434,22
335,tcp,52115216915664,22
336,tcp,52115258673414,905
337,tcp,52115300241084,128
338,tcp,52115341958154,42
339,tcp,52115383572714,32
340,tcp,52115425390314,45
341,tcp,52115466912624,25
342,tcp,52115508699444,25
343,tcp,52115550215544,19
344,tcp,52115591991834,20
345,tcp,52115633599104,17
346,tcp,52115675390154,19
347,tcp,52115716911744,18
348,tcp,52115758647444,237
349,tcp,52115800334724,30
350,tcp,52115841896094,27
351,tcp,52115883675444,24
352,tcp,52115925220884,22
353,tcp,52115967063864,20
354,tcp,52116008545674,19
355,tcp,52116050292084,17
356,tcp,52116091978194,18
357,tcp,52116133553604,17
358,tcp,52116175219914,17
359,tcp,52116217027074,16
360,tcp,52116258565854,1446
361,tcp,52116333785424,220
362,tcp,52116341909544,75
363,tcp,52116383641644,48
364,tcp,52116425440704,54
365,tcp,52116467028984,25
366,tcp,52116508827864,26
367,tcp,52116550298604,21
368,tcp,52116592355334,16
369,tcp,52116633617814,15
370,tcp,52116675399774,12
371,tcp,52116716837664,13
372,tcp,52116758721684,196
373,tcp,52116800347404,21
374,tcp,52116841960614,20
375,tcp,52116883572564,17
376,tcp,52116925505994,16
377,tcp,52116966915444,17
378,tcp,52117008629724,18
379,tcp,52117050328974,16
380,tcp,52117092074214,17
381,tcp,52117133633334,16
382,tcp,52117175484864,15
383,tcp,52117217050194,16
384,tcp,52117258597884,1115
385,tcp,52117300376334,179
386,tcp,52117341916464,36
387,tcp,52117383769884,34
388,tcp,52117425242694,50
389,tcp,52117466924934,28
390,tcp,52117508664864,26
391,tcp,52117550270334,26
392,tcp,52117591945644,18
393,tcp,52117633660104,17
394,tcp,52117675268454,15
395,tcp,52117717056894,13
396,tcp,52117758710604,167
397,tcp,52117800357744,23
398,tcp,52117841913264,23
399,tcp,52117883675694,23
400,tcp,52117925343624,21
401,tcp,52117966912824,18
402,tcp,52118008614414,18
403,tcp,52118050247424,15
404,tcp,52118092118394,16
405,tcp,52118133749424,15
406,tcp,52118175278934,15
407,tcp,52118216936514,16
408,tcp,52118258720364,654
409,tcp,52118300352384,81
410,tcp,52118342122914,36
411,tcp,52118383608684,28
412,tcp,52118425406934,32
413,tcp,52118467148754,16
414,tcp,52118508704274,15
415,tcp,52118550268974,15
416,tcp,52118591991174,16
417,tcp,52118633710494,15
418,tcp,52118675234874,15
419,tcp,52118717041134,16
420,tcp,52118758623924,249
421,tcp,52118800337034,25
422,tcp,52118841892644,21
423,tcp,52118883651834,23
424,tcp,52118925217524,21
425,tcp,52118966888874,20
426,tcp,52119008537004,20
427,tcp,52119050280534,17
428,tcp,52119091908954,15
429,tcp,52119133599294,12
430,tcp,52119175337784,12
431,tcp,52119217044864,13
432,tcp,52119258607944,1232
433,tcp,52119300549204,279
434,tcp,52119342272034,35
435,tcp,52119383597334,29
436,tcp,52119425285244,85
437,tcp,52119466945074,21
438,tcp,52119508659984,19
439,tcp,52119550229364,28
440,tcp,52119591994854,19
441,tcp,52119633586464,17
442,tcp,52119675375894,17
443,tcp,52119716941674,15
444,tcp,52119758690604,196
445,tcp,52119800392014,23
446,tcp,52119841917474,22
447,tcp,52119883569564,21
448,tcp,52119925292754,19
449,tcp,52119966928464,20
450,tcp,52120008609354,19
451,tcp,52120050324534,17
452,tcp,52120091906154,18
453,tcp,52120133756424,17
454,tcp,52120175243544,17
455,tcp,52120216940094,15
456,tcp,52120258627284,848
457,tcp,52120300231854,93
458,tcp,52120341904824,29
459,tcp,52120383587154,27
460,tcp,52120425222414,53
461,tcp,52120467026424,19
462,tcp,52120508545044,18
463,tcp,52120550252574,15
464,tcp,52120591893414,16
465,tcp,52120633620114,15
466,tcp,52120675291194,15
467,tcp,52120716970914,16
468,tcp,52120758692664,233
469,tcp,52120800370764,22
470,tcp,52120841941674,23
471,tcp,52120883579814,24
472,tcp,52120925431074,23
473,tcp,52120966913604,22
474,tcp,52121008702584,21
475,tcp,52121050274394,19
476,tcp,52121092104864,17
477,tcp,52121133659304,16
478,tcp,52121175342624,16
479,tcp,52121216965734,17
480,tcp,52121258762094,1485
481,tcp,52121300342814,698
482,tcp,52121341974474,48
483,tcp,52121383652574,45
484,tcp,52121425379904,52
485,tcp,52121467010754,34
486,tcp,52121508590214,34
487,tcp,52121550383784,35
488,tcp,52121591914284,27
489,tcp,52121633741874,24
490,tcp,52121675225034,33
491,tcp,52121716949484,22
492,tcp,52121758588524,195
493,tcp,52121800268604,34
494,tcp,52121841903324,30
495,tcp,52121883574674,25
496,tcp,52121925321984,22
497,tcp,52121966996124,18
498,tcp,52122008575224,17
499,tcp,52122050323164,19
500,tcp,52122114966024,5598
501,tcp,52122160423134,147
502,tcp,52122175298334,80
503,tcp,52122216840984,69
504,tcp,52122258820584,561
505,tcp,52122300263244,162
506,tcp,52122342133494,150
507,tcp,52122383574084,58
508,tcp,52122425268564,35
509,tcp,52122466886274,48
510,tcp,52122508778304,26
511,tcp,52122550287024,27
512,tcp,52122592106064,24
513,tcp,52122633574374,19
514,tcp,52122675442374,17
515,tcp,52122716910504,19
516,tcp,52122758764104,1548
517,tcp,52122800436534,80
518,tcp,52122841998444,76
519,tcp,52122883718844,270
520,tcp,52122925247274,69
521,tcp,52122967008984,39
522,tcp,52123008516534,38
523,tcp,52123050364284,19
524,tcp,52123091889384,18
525,tcp,52123133646324,15
526,tcp,52123175199504,12
527,tcp,52123216938444,12
528,tcp,52123258547334,784
529,tcp,52123300387974,184
530,tcp,52123342009284,69
531,tcp,52123383616104,40
532,tcp,52123425323094,25
533,tcp,52123467003804,17
534,tcp,52123508729154,13
535,tcp,52123550271534,12
536,tcp,52123592091474,12
537,tcp,52123633600464,13
538,tcp,52123675327434,12
539,tcp,52123716854784,12
540,tcp,52123758618114,466
541,tcp,52123800405834,29
542,tcp,52123841922384,29
543,tcp,52123883677704,33
544,tcp,52123925217204,17
545,tcp,52123966903224,17
546,tcp,52124008728834,18
547,tcp,52124050215144,12
548,tcp,52124092272414,12
549,tcp,52124133877434,13
550,tcp,52124175379224,12
551,tcp,52124216925654,12
552,tcp,52124258626524,871
553,tcp,52124300406774,152
554,tcp,52124341927284,46
555,tcp,52124383673694,44
556,tcp,52124425321374,115
557,tcp,52124467014144,25
558,tcp,52124508649494,23
559,tcp,52124804227224,22
560,tcp,52124804237214,19
561,tcp,52124804238474,18
562,tcp,52124804239464,15
563,tcp,52124804240454,15
564,tcp,52124804242254,540
565,tcp,52124804244054,36
566,tcp,52124841876744,31
567,tcp,52124883777864,142
568,tcp,52124925278304,27
569,tcp,52124966866764,26
570,tcp,52125008645664,37
571,tcp,52125050250054,19
572,tcp,52125092078994,15
573,tcp,52125133596714,15
574,tcp,52125175275534,15
575,tcp,52125216860214,15
576,tcp,52125258833064,923
577,tcp,52125300322254,249
578,tcp,52125342037614,51
579,tcp,52125383601504,34
580,tcp,52125425394894,39
581,tcp,52125466988844,29
582,tcp,52125508854324,25
583,tcp,52125550280064,31
584,tcp,52125592149054,29
585,tcp,52125633718344,25
586,tcp,52125675194034,23
587,tcp,52125717195324,20
588,tcp,52125758528454,649
589,tcp,52125800522724,41
590,tcp,52125841931004,38
591,tcp,52125883641414,144
592,tcp,52125925306014,39
593,tcp,52125966966564,30
594,tcp,52126008636744,38
595,tcp,52126050299994,21
596,tcp,52126092076824,22
597,tcp,52126133949414,19
598,tcp,52126175263104,12
599,tcp,52126217088084,12
600,tcp,52126258562424,1129
601,tcp,52126300478844,294
602,tcp,52126342066854,53
603,tcp,52126383570984,37
604,tcp,52126425374184,36
605,tcp,52126466985954,25
606,tcp,52126508695914,23
607,tcp,52126550256294,18
608,tcp,52126591950054,15
609,tcp,52126888348044,16
610,tcp,52126888365594,15
611,tcp,52126888367754,15
612,tcp,52126888371624,658
613,tcp,52126888379814,31
614,tcp,52126888381614,29
615,tcp,52126888383684,93
616,tcp,52126925478534,22
617,tcp,52127043396624,18
618,tcp,52127043406434,52
619,tcp,52127085072114,17
620,tcp,52127092077984,17
621,tcp,52127133836724,17
622,tcp,52127243646714,12
623,tcp,52127243656254,12
624,tcp,52127285370084,1161
625,tcp,52127300422944,245
626,tcp,52127342010954,51
627,tcp,52127383554594,40
628,tcp,52127443862064,30
629,tcp,52127485596054,24
630,tcp,52127508610314,19
631,tcp,52127550338634,19
632,tcp,52127591974884,19
633,tcp,52127644117734,19
634,tcp,52127685860184,19
635,tcp,52127717041404,17
636,tcp,52127758681524,880
637,tcp,52127800533954,36
638,tcp,52127844354774,36
639,tcp,52127886190464,159
640,tcp,52127925330924,30
641,tcp,52127966924694,25
642,tcp,52128008878734,46
643,tcp,52128050264334,27
644,tcp,52128091993644,20
645,tcp,52128133622424,25
646,tcp,52128175430394,12
647,tcp,52128216941004,12
648,tcp,52128258682644,718
649,tcp,52128300338424,101
650,tcp,52128341979264,75
651,tcp,52128383756544,27
652,tcp,52128425251764,19
653,tcp,52128467004384,17
654,tcp,52128508560264,12
655,tcp,52128550226754,12
656,tcp,52128591869934,12
657,tcp,52128633699594,12
658,tcp,52128675279774,12
659,tcp,52128717085044,12
660,tcp,52128758596284,308
661,tcp,52128800282664,26
662,tcp,52128841906044,24
663,tcp,52128883657674,44
664,tcp,52128925397514,18
665,tcp,52128967013064,17
666,tcp,52129264193514,17
667,tcp,52129264203504,15
668,tcp,52129264204944,15
669,tcp,52129264206024,15
670,tcp,52129264207104,12
671,tcp,52129264208094,12
672,tcp,52129264210164,1242
673,tcp,52129300325994,415
674,tcp,52129418182794,113
675,tcp,52129418193054,46
676,tcp,52129460077344,36
677,tcp,52129466881524,26
678,tcp,52129508577084,19
679,tcp,52129618446744,19
680,tcp,52129618458984,17
681,tcp,52129660152114,15
682,tcp,52129675298664,15
683,tcp,52129972238544,15
684,tcp,52129972252224,658
685,tcp,52129972255644,37
686,tcp,52129972258254,35
687,tcp,52129972260774,95
688,tcp,52129972263204,26
689,tcp,52129972265454,20
690,tcp,52130084977674,18
691,tcp,52130084988834,15
692,tcp,52130126521854,12
693,tcp,52130168231004,13
694,tcp,52130175240654,12
695,tcp,52130285191854,12
696,tcp,52130285203734,888
697,tcp,52130326715874,203
698,tcp,52130368480824,83
699,tcp,52130383693884,29
700,tcp,52130425304844,120
701,tcp,52130485403334,28
702,tcp,52130526955614,23
703,tcp,52130568791664,19
704,tcp,52130592071154,17
705,tcp,52130633586354,12
706,tcp,52130932261074,12
707,tcp,52130932270164,12
708,tcp,52130932272774,808
709,tcp,52130932274754,33
710,tcp,52130932275924,32
711,tcp,52130932277274,57
712,tcp,52130932278354,25
713,tcp,52130966897574,16
714,tcp,52131084912504,17
715,tcp,52131084922494,12
716,tcp,52131126778344,12
717,tcp,52131133635984,13
718,tcp,52131175313184,12
719,tcp,52131285177804,12
720,tcp,52131326943294,1662
721,tcp,52131326953464,993
722,tcp,52131341995614,142
723,tcp,52131383678754,58
724,tcp,52131425190444,126
725,tcp,52131527222994,53
726,tcp,52131527232624,34
727,tcp,52131550321224,29
728,tcp,52131591875034,29
729,tcp,52131633680664,25
730,tcp,52131675286494,25
731,tcp,52131716947224,23
732,tcp,52131758608134,1401
733,tcp,52131800491794,45
734,tcp,52131842024814,42
735,tcp,52131883676814,130
736,tcp,52131925242864,36
737,tcp,52131967132914,25
738,tcp,52132008720834,79
739,tcp,52132050257184,32
740,tcp,52132091983704,28
741,tcp,52132133553084,26
742,tcp,52132175330814,12
743,tcp,52132216959774,12
744,tcp,52132258623114,585
745,tcp,52132300304634,118
746,tcp,52132341963924,49
747,tcp,52132383599454,34
748,tcp,52132425257574,25
749,tcp,52132466884104,22
750,tcp,52132796344134,6396
751,tcp,52132796363124,161
752,tcp,52132796366004,81
753,tcp,52132796368074,134
754,tcp,52132796370774,74
755,tcp,52132796377704,80
756,tcp,52132796380224,328
757,tcp,52132825656324,73
758,tcp,52132918312854,76
759,tcp,52132918322214,78
760,tcp,52132985258904,63
761,tcp,52132985270514,63
762,tcp,52133008540734,69
763,tcp,52133050264824,54
764,tcp,52133185501164,57
765,tcp,52133185514124,62
766,tcp,52133185516644,47
767,tcp,52133217012054,52
768,tcp,52133258582694,1086
769,tcp,52133300465364,320
770,tcp,52133341977954,97
771,tcp,52133383605474,47
772,tcp,52133425291674,43
773,tcp,52133466896694,27
774,tcp,52133508697554,21
775,tcp,52133550246594,21
776,tcp,52133592097224,19
777,tcp,52133633576244,21
778,tcp,52133675227794,23
779,tcp,52133716880874,19
780,tcp,52133758587054,513
781,tcp,52133800219704,34
782,tcp,52133841958284,32
783,tcp,52133883582744,57
784,tcp,52133925375774,23
785,tcp,52133967130734,23
786,tcp,52134008627394,21
787,tcp,52134050216574,17
788,tcp,52134091998264,15
789,tcp,52134133578174,15
790,tcp,52134175253664,15
791,tcp,52134217018524,15
792,tcp,52134258640014,666
793,tcp,52134300412704,214
794,tcp,52134341937084,68
795,tcp,52134383697174,43
796,tcp,52134425371764,41
797,tcp,52134466991454,30
798,tcp,52134508680534,23
799,tcp,52134550459974,20
800,tcp,52134591917124,19
801,tcp,52134633592614,15
802,tcp,52134675318234,15
803,tcp,52134716990484,15
804,tcp,52134758735094,513
805,tcp,52134800349384,31
806,tcp,52134842131254,32
807,tcp,52134883625394,101
808,tcp,52134925326084,28
809,tcp,52134966886284,26
810,tcp,52135008882264,51
811,tcp,52135050299184,17
812,tcp,52135092067104,15
813,tcp,52135133588514,13
814,tcp,52135175350944,12
815,tcp,52135216901874,12
816,tcp,52135258665564,876
817,tcp,52135300342044,264
818,tcp,52135342020054,42
819,tcp,52135383693924,29
820,tcp,52135425443844,21
821,tcp,52135467008994,18
822,tcp,52135508982744,19
823,tcp,52135550351064,20
824,tcp,52135591903254,18
825,tcp,52135633740744,17
826,tcp,52135675313994,17
827,tcp,52135717039524,17
828,tcp,52135758623124,708
829,tcp,52135800421824,48
830,tcp,52135842117564,46
831,tcp,52135883597844,99
832,tcp,52135925253804,36
833,tcp,52135966944054,32
834,tcp,52136008756884,65
835,tcp,52136050332474,21
836,tcp,52136092131534,17
837,tcp,52136133647274,22
838,tcp,52136175272184,17
839,tcp,52136217014454,17
840,tcp,52136258723064,939
841,tcp,52136300329794,334
842,tcp,52136342010144,53
843,tcp,52136383605354,35
844,tcp,52136425296234,35
845,tcp,52136466918084,26
846,tcp,52136508732714,23
847,tcp,52136550256644,22
848,tcp,52136591925654,19
849,tcp,52136633528064,18
850,tcp,52136675276184,19
851,tcp,52136716903434,17
852,tcp,52136758606464,653
853,tcp,52136800382574,32
854,tcp,52136841994794,27
855,tcp,52136883531684,85
856,tcp,52136925268734,22
857,tcp,52136967203964,20
858,tcp,52137008645904,77
859,tcp,52137050403924,24
860,tcp,52137091942254,23
861,tcp,52137133694784,20
862,tcp,52137175336344,12
863,tcp,52137216953784,12
864,tcp,52137258581394,1089
865,tcp,52137300297114,305
866,tcp,52137341943624,40
867,tcp,52137383767974,35
868,tcp,52137425273724,28
869,tcp,52137466935984,24
870,tcp,52137508548024,19
871,tcp,52137550365534,19
872,tcp,52137592090884,19
873,tcp,52137633673494,18
874,tcp,52137675325134,17
875,tcp,52137716903154,15
876,tcp,52137758645604,913
877,tcp,52137800292204,36
878,tcp,52137842020074,37
879,tcp,52137883539054,95
880,tcp,52137925226154,24
881,tcp,52137966936474,25
882,tcp,52138008671184,24
883,tcp,52138050244884,12
884,tcp,52138091960154,12
885,tcp,52138133550144,13
886,tcp,52138175337954,12
887,tcp,52138216991124,12
888,tcp,52138258651224,672
889,tcp,52138300315014,89
890,tcp,52138341877554,49
891,tcp,52138383965064,36
892,tcp,52138425351834,34
893,tcp,52138467076014,76
894,tcp,52138508615334,30
895,tcp,52138550319444,26
896,tcp,52138591943634,21
897,tcp,52138633579344,19
898,tcp,52138675262484,17
899,tcp,52138716946164,17
900,tcp,52138758593214,365
901,tcp,52138800383274,27
902,tcp,52138841869404,29
903,tcp,52138883626524,100
904,tcp,52138925251344,25
905,tcp,52138967033754,20
906,tcp,52139008615464,18
907,tcp,52139050265394,15
908,tcp,52139091997854,15
909,tcp,52139133572814,13
910,tcp,52139175308694,12
911,tcp,52139216905524,12
912,tcp,52139258640324,1219
913,tcp,52139556238824,432
914,tcp,52139556248184,78
915,tcp,52139556250074,37
916,tcp,52139556251334,37
917,tcp,52139709922194,25
918,tcp,52139709931824,19
919,tcp,52139709933354,20
920,tcp,52139709934524,19
921,tcp,52139709935514,17
922,tcp,52139751749514,15
923,tcp,52139751770124,15
924,tcp,52139758608234,542
925,tcp,52139800335654,33
926,tcp,52139841986304,28
927,tcp,52139910102264,111
928,tcp,52139925401634,25
929,tcp,52139966930334,19
930,tcp,52140008604474,20
931,tcp,52140050381214,12
932,tcp,52140091930344,12
933,tcp,52140133709604,13
934,tcp,52140175345494,12
935,tcp,52140217033674,12
936,tcp,52140258660564,868
937,tcp,52140300547014,159
938,tcp,52140342167064,69
939,tcp,52140667148604,29
940,tcp,52140667158954,94
941,tcp,52140667160484,26
942,tcp,52140667161564,18
943,tcp,52140667162644,12
944,tcp,52140667163724,12
945,tcp,52140667164804,12
946,tcp,52140709162764,12
947,tcp,52140751665264,12
948,tcp,52140793401684,821
949,tcp,52140834982674,31
950,tcp,52140867577254,32
951,tcp,52140909461454,62
952,tcp,52140993663114,27
953,tcp,52140993679674,20
954,tcp,52141008758724,24
955,tcp,52141050465894,12
956,tcp,52141092171444,12
957,tcp,52141133720484,13
958,tcp,52141175322174,12
959,tcp,52141217050134,12
960,tcp,52141258754244,1578
961,tcp,52141300421364,687
962,tcp,52141341983994,58
963,tcp,52141383735534,54
964,tcp,52141425354684,70
965,tcp,52141467047814,63
966,tcp,52141508634384,55
967,tcp,52141550431644,52
968,tcp,52141591974654,43
969,tcp,52141633645104,33
970,tcp,52141675438494,32
971,tcp,52141717046664,30
972,tcp,52141758676974,1164
973,tcp,52141800533724,48
974,tcp,52141842085014,44
975,tcp,52141883601654,57
976,tcp,52141925376324,27
977,tcp,52141966993764,23
978,tcp,52142008765824,31
979,tcp,52142050329624,17
980,tcp,52142091933564,15
981,tcp,52142133621654,16
982,tcp,52142175335394,12
983,tcp,52142216900274,12
984,tcp,52142258620044,570
985,tcp,52142300330814,104
986,tcp,52142342178834,39
987,tcp,52142383699164,29
988,tcp,52142425374744,26
989,tcp,52142466987774,17
990,tcp,52142508786564,15
991,tcp,52142550413814,15
992,tcp,52142591964384,15
993,tcp,52142633665704,12
994,tcp,52142675337774,12
995,tcp,52142717012004,12
996,tcp,52142758593534,524
997,tcp,52142800282794,31
998,tcp,52142841942174,27
999,tcp,52142883758694,27
1000,tcp,52143000629634,6027
1001,tcp,52143000649074,101
1002,tcp,52143042324564,145
1003,tcp,52143083993124,65
1004,tcp,52143125645754,32
1005,tcp,52143133813974,50
1006,tcp,52143175294524,27
1007,tcp,52143216991704,23
1008,tcp,52143258666114,1055
1009,tcp,52143300306864,372
1010,tcp,52143342099714,51
1011,tcp,52143383615094,39
1012,tcp,52143425438364,45
1013,tcp,52143466901724,31
1014,tcp,52143508645524,26
1015,tcp,52143550297254,35
1016,tcp,52143592050414,24
1017,tcp,52143633662814,21
1018,tcp,52143675299784,21
1019,tcp,52143717009654,17
1020,tcp,52143758623314,372
1021,tcp,52143800311584,31
1022,tcp,52143842047104,27
1023,tcp,52143883718004,33
1024,tcp,52143925564224,26
1025,tcp,52143967038474,19
1026,tcp,52144008627924,19
1027,tcp,52144050336084,15
1028,tcp,52144092073764,15
1029,tcp,52144133793714,15
1030,tcp,52144175346624,15
1031,tcp,52144216953084,15
1032,tcp,52144258635954,853
1033,tcp,52144300326114,381
1034,tcp,52144341978384,52
1035,tcp,52144383751254,41
1036,tcp,52144425289944,107
1037,tcp,52144467146874,36
1038,tcp,52144508646864,30
1039,tcp,52144550530704,25
1040,tcp,52144848281934,19
1041,tcp,52144848292554,19
1042,tcp,52144848293814,19
1043,tcp,52144848294894,19
1044,tcp,52144848296964,362
1045,tcp,52144848298854,35
1046,tcp,52144848299934,30
1047,tcp,52144917128424,139
1048,tcp,52144960112784,33
1049,tcp,52145001639504,21
1050,tcp,52145043346134,20
1051,tcp,52145050260924,19
1052,tcp,52145117582004,15
1053,tcp,52145133639174,16
1054,tcp,52145175528144,15
1055,tcp,52145216991324,15
1056,tcp,52145258624064,521
1057,tcp,52145300692404,292
1058,tcp,52145342009604,40
1059,tcp,52145383710654,35
1060,tcp,52145425316034,56
1061,tcp,52145724271464,26
1062,tcp,52145724281364,21
1063,tcp,52145724282804,27
1064,tcp,52145724284424,22
1065,tcp,52145724285594,18
1066,tcp,52145724286674,18
1067,tcp,52145724287664,19
1068,tcp,52145758691694,478
1069,tcp,52145876590614,30
1070,tcp,52145876601054,24
1071,tcp,52145918317674,95
1072,tcp,52145925298074,27
1073,tcp,52145967036924,23
1074,tcp,52146076853844,26
1075,tcp,52146076868424,17
1076,tcp,52146118511064,17
1077,tcp,52146133590834,25
1078,tcp,52146175417074,13
1079,tcp,52146216890334,12
1080,tcp,52146277115994,1335
1081,tcp,52146318904344,520
1082,tcp,52146342045414,44
1083,tcp,52146383598774,38
1084,tcp,52146425336274,72
1085,tcp,52146477460134,31
1086,tcp,52146519129864,26
1087,tcp,52146550291464,32
1088,tcp,52146591953184,20
1089,tcp,52146633600864,21
1090,tcp,52146677705994,15
1091,tcp,52146719352864,15
1092,tcp,52146758637234,736
1093,tcp,52146800349444,36
1094,tcp,52146841945644,24
1095,tcp,52146883638774,129
1096,tcp,52147180245384,52
1097,tcp,52147180255734,20
1098,tcp,52147180257444,35
1099,tcp,52147180258614,17
1100,tcp,52147180259784,15
1101,tcp,52147180261944,22
1102,tcp,52147180263024,15
1103,tcp,52147216949634,15
1104,tcp,52147335003804,1133
1105,tcp,52147376549694,381
1106,tcp,52147376562474,39
1107,tcp,52147383646104,37
1108,tcp,52147425404394,119
1109,tcp,52147576817604,39
1110,tcp,52147576827594,28
1111,tcp,52147576828944,28
1112,tcp,52147591951104,17
1113,tcp,52147633627584,17
1114,tcp,52147675448784,19
1115,tcp,52147716901254,17
1116,tcp,52147758595824,722
1117,tcp,52147800366534,37
1118,tcp,52147841987124,32
1119,tcp,52147883617794,110
1120,tcp,52147925474544,24
1121,tcp,52147967144004,19
1122,tcp,52148008679274,26
1123,tcp,52148050334874,18
1124,tcp,52148092172364,18
1125,tcp,52148134006164,25
1126,tcp,52148175423624,22
1127,tcp,52148217020544,17
1128,tcp,52148258558514,700
1129,tcp,52148300411844,216
1130,tcp,52148341919124,51
1131,tcp,52148383839864,41
1132,tcp,52148425331304,54
1133,tcp,52148724246504,31
1134,tcp,52148724256044,33
1135,tcp,52148724257394,36
1136,tcp,52148724258744,31
1137,tcp,52148724259824,24
1138,tcp,52148724260904,24
1139,tcp,52148724261984,20
1140,tcp,52148758603914,325
1141,tcp,52148876792004,23
1142,tcp,52148876804514,19
1143,tcp,52148918371554,17
1144,tcp,52148925623034,15
1145,tcp,52148966978664,15
1146,tcp,52149077123724,15
1147,tcp,52149077144874,15
1148,tcp,52149118698144,15
1149,tcp,52149133580004,15
1150,tcp,52149175373844,15
1151,tcp,52149216874284,15
1152,tcp,52149277311534,1244
1153,tcp,52149318902874,350
1154,tcp,52149341955744,121
1155,tcp,52149383544924,44
1156,tcp,52149425257854,66
1157,tcp,52149466905984,36
1158,tcp,52149508616214,30
1159,tcp,52149550425894,27
1160,tcp,52149591960174,24
1161,tcp,52149633557094,22
1162,tcp,52149675295764,23
1163,tcp,52149717067824,21
1164,tcp,52149758604714,628
1165,tcp,52149800520414,33
1166,tcp,52149841909704,24
1167,tcp,52149883562964,125
1168,tcp,52149925261134,19
1169,tcp,52149966908634,17
1170,tcp,52150008577374,17
1171,tcp,52150050413424,17
1172,tcp,52150091932584,17
1173,tcp,52150133675754,17
1174,tcp,52150175253414,17
1175,tcp,52150217041314,17
1176,tcp,52150258605204,857
1177,tcp,52150300332534,249
1178,tcp,52150342002264,131
1179,tcp,52150383555624,38
1180,tcp,52150425302304,32
1181,tcp,52150466894634,27
1182,tcp,52150508598114,24
1183,tcp,52150550200974,25
1184,tcp,52150591974564,21
1185,tcp,52150633591194,21
1186,tcp,52150675393944,22
1187,tcp,52150717211454,21
1188,tcp,52150758723774,638
1189,tcp,52150800451734,35
1190,tcp,52151125545954,31
1191,tcp,52151125555584,50
1192,tcp,52151125557204,27
1193,tcp,52151125558464,22
1194,tcp,52151125559994,108
1195,tcp,52151125561074,29
1196,tcp,52151125562154,23
1197,tcp,52151208806304,18
1198,tcp,52151208818994,12
1199,tcp,52151251898124,12
1200,tcp,52151325770394,1573
1201,tcp,52151325778854,687
1202,tcp,52151409027954,162
1203,tcp,52151409034704,57
1204,tcp,52151526042804,131
1205,tcp,52151526057114,58
1206,tcp,52151526059454,46
1207,tcp,52151550282954,42
1208,tcp,52151592248154,41
1209,tcp,52151633666424,46
1210,tcp,52151675270004,50
1211,tcp,52151716923444,33
1212,tcp,52151758639524,1140
1213,tcp,52151800278834,51
1214,tcp,52151842029744,46
1215,tcp,52151883621984,160
1216,tcp,52151925257154,36
1217,tcp,52152224310774,29
1218,tcp,52152224328594,104
1219,tcp,52152224331294,30
1220,tcp,52152224333004,34
1221,tcp,52152224334534,38
1222,tcp,52152224335884,19
1223,tcp,52152224336874,19
1224,tcp,52152258637584,583
1225,tcp,52152376448844,76
1226,tcp,52152376459734,60
1227,tcp,52152418299294,50
1228,tcp,52152425294634,51
1229,tcp,52152467072724,52
1230,tcp,52152576637374,43
1231,tcp,52152576645204,42
1232,tcp,52152618553794,34
1233,tcp,52152633736614,28
1234,tcp,52152675223014,25
1235,tcp,52152716951064,21
1236,tcp,52152776818884,567
1237,tcp,52152818830254,35
1238,tcp,52152841971954,35
1239,tcp,52152883541154,53
1240,tcp,52152925235364,33
1241,tcp,52152966890244,29
1242,tcp,52153008631614,33
1243,tcp,52153304317344,25
1244,tcp,52153304326434,22
1245,tcp,52153304328864,28
1246,tcp,52153304330124,21
1247,tcp,52153460271054,20
1248,tcp,52153460290494,1081
1249,tcp,52153460294274,234
1250,tcp,52153660336824,6596
1251,tcp,52153660344654,99
1252,tcp,52153660346274,104
1253,tcp,52153660347984,135
1254,tcp,52153660349064,80
1255,tcp,52153660350594,71
1256,tcp,52153704649134,100
1257,tcp,52153704658764,51
1258,tcp,52153704660294,33
1259,tcp,52153716871404,33
1260,tcp,52153808352354,298
1261,tcp,52153808367024,31
1262,tcp,52153841879064,42
1263,tcp,52153904866104,29
1264,tcp,52153925278554,19
1265,tcp,52154250587874,27
1266,tcp,52154250604074,21
1267,tcp,52154250606234,17
1268,tcp,52154250608394,18
1269,tcp,52154250610194,18
1270,tcp,52154250612174,17
1271,tcp,52154250613974,18
1272,tcp,52154333841024,930
1273,tcp,52154333852364,64
1274,tcp,52154650940184,433
1275,tcp,52154650950174,42
1276,tcp,52154650952064,37
1277,tcp,52154650953594,145
1278,tcp,52154650954764,29
1279,tcp,52154734346694,22
1280,tcp,52154734360104,20
1281,tcp,52154734362804,15
1282,tcp,52154734364514,15
1283,tcp,52154734366314,15
1284,tcp,52154934686514,256
1285,tcp,52154934702894,23
1286,tcp,52154934705414,22
1287,tcp,52154934707304,20
1288,tcp,52154934709014,17
1289,tcp,52154966892564,21
1290,tcp,52155008809524,15
1291,tcp,52155134931024,15
1292,tcp,52155134943804,15
1293,tcp,52155134950194,15
1294,tcp,52155175393674,15
1295,tcp,52155216921204,15
1296,tcp,52155335149434,1054
1297,tcp,52155335159154,100
1298,tcp,52155375600204,340
1299,tcp,52155417189204,41
1300,tcp,52155535427064,35
1301,tcp,52155535442004,39
1302,tcp,52155535444254,32
1303,tcp,52155575891334,31
1304,tcp,52155617465304,123
1305,tcp,52155633707964,29
1306,tcp,52155735666444,27
1307,tcp,52155735679224,20
1308,tcp,52155776200194,418
1309,tcp,52155817882974,33
1310,tcp,52155842037804,34
1311,tcp,52155935923194,36
1312,tcp,52155935937324,20
1313,tcp,52155976400694,17
1314,tcp,52156272348504,206
1315,tcp,52156272363534,38
1316,tcp,52156272366144,38
1317,tcp,52156272368304,31
1318,tcp,52156272370194,15
1319,tcp,52156272371994,13
1320,tcp,52156292238504,485
1321,tcp,52156451752074,81
1322,tcp,52156451761344,403
1323,tcp,52156451763234,38
1324,tcp,52156451764494,32
1325,tcp,52156472461074,64
1326,tcp,52156508671134,24
1327,tcp,52156652229234,21
1328,tcp,52156652244714,18
1329,tcp,52156652246874,15
1330,tcp,52156675166274,15
1331,tcp,52156717106544,16
1332,tcp,52156758536694,145
1333,tcp,52156852457724,17
1334,tcp,52156852470234,16
1335,tcp,52156883616804,56
1336,tcp,52156925369334,18
1337,tcp,52156966984614,20
1338,tcp,52157008660284,25
1339,tcp,52157052725724,12
1340,tcp,52157091909654,13
1341,tcp,52157133675234,13
1342,tcp,52157208896334,12
1343,tcp,52157217056274,13
1344,tcp,52157258590914,1287
1345,tcp,52157300490954,91
1346,tcp,52157341932804,512
1347,tcp,52157409142734,32
1348,tcp,52157425352454,26
1349,tcp,52157466909864,32
1350,tcp,52157508762204,21
1351,tcp,52157550293694,17
1352,tcp,52157609345034,60
1353,tcp,52157633540184,17
1354,tcp,52157675246814,17
1355,tcp,52157717108244,15
1356,tcp,52157758673664,379
1357,tcp,52157809541124,25
1358,tcp,52157841968034,26
1359,tcp,52157883602304,141
1360,tcp,52157925352314,27
1361,tcp,52157966962914,26
1362,tcp,52158008734524,19
1363,tcp,52158050317044,12
1364,tcp,52158091870134,13
1365,tcp,52158133715904,13
1366,tcp,52158175189614,12
1367,tcp,52158217079574,13
1368,tcp,52158258638604,679
1369,tcp,52158300327594,72
1370,tcp,52158341922804,284
1371,tcp,52158383627724,33
1372,tcp,52158425252274,26
1373,tcp,52158466920744,38
1374,tcp,52158508532694,26
1375,tcp,52158550263804,25
1376,tcp,52158591853884,42
1377,tcp,52158633698754,15
1378,tcp,52158675392604,15
1379,tcp,52158717046944,23
1380,tcp,52158758633424,284
1381,tcp,52158800262744,21
1382,tcp,52158842099244,30
1383,tcp,52158883598694,19
1384,tcp,52158925294974,17
1385,tcp,52158966934194,16
1386,tcp,52159008621474,17
1387,tcp,52159050210024,12
1388,tcp,52159091959044,13
1389,tcp,52159133531754,13
1390,tcp,52159175516214,12
1391,tcp,52159216969224,13
1392,tcp,52159258746324,1504
1393,tcp,52159300348374,77
1394,tcp,52159342198374,506
1395,tcp,52159383604674,32
1396,tcp,52159425308424,27
1397,tcp,52159466930454,110
1398,tcp,52159508580024,21
1399,tcp,52159550307264,17
1400,tcp,52159591898154,16
1401,tcp,52159633714674,12
1402,tcp,52159675268754,12
1403,tcp,52159717245294,13
1404,tcp,52159758722244,220
1405,tcp,52159800376314,22
1406,tcp,52159841856054,23
1407,tcp,52159883556744,13
1408,tcp,52159925272194,12
1409,tcp,52159966985754,13
1410,tcp,52160008568544,13
1411,tcp,52160050323234,12
1412,tcp,52160091975594,13
1413,tcp,52160133697074,13
1414,tcp,52160175346374,12
1415,tcp,52160216944824,13
1416,tcp,52160258671254,988
1417,tcp,52160300275374,83
1418,tcp,52160342091714,451
1419,tcp,52160383564884,29
1420,tcp,52160425312734,25
1421,tcp,52160466971304,72
1422,tcp,52160508631134,23
1423,tcp,52160550277734,20
1424,tcp,52160591918214,26
1425,tcp,52160633587854,21
1426,tcp,52160675331294,18
1427,tcp,52160717031624,16
1428,tcp,52160758655904,458
1429,tcp,52160800610034,30
1430,tcp,52160842120734,38
1431,tcp,52160883726564,33
1432,tcp,52160925210174,24
1433,tcp,52160966966934,20
1434,tcp,52161008540454,19
1435,tcp,52161050303424,12
1436,tcp,52161091881624,13
1437,tcp,52161133556034,13
1438,tcp,52161175247544,12
1439,tcp,52161217069104,13
1440,tcp,52161258625884,2307
1441,tcp,52161300311274,342
1442,tcp,52161341881104,844
1443,tcp,52161383600334,65
1444,tcp,52161425195184,79
1445,tcp,52161467032224,345
1446,tcp,52161508675494,66
1447,tcp,52161550383114,78
1448,tcp,52161592299534,106
1449,tcp,52161633531684,49
1450,tcp,52161675323544,49
1451,tcp,52161716861514,63
1452,tcp,52161758759304,405
1453,tcp,52161800287644,45
1454,tcp,52161841949094,40
1455,tcp,52161883588764,175
1456,tcp,52161925311234,31
1457,tcp,52161966940284,35
1458,tcp,52162008638904,34
1459,tcp,52162050207924,17
1460,tcp,52162092117594,19
1461,tcp,52162133577984,16
1462,tcp,52162432246044,12
1463,tcp,52162432263144,13
1464,tcp,52162432267554,500
1465,tcp,52162432270344,88
1466,tcp,52162432273044,247
1467,tcp,52162432275474,52
1468,tcp,52162432277724,50
1469,tcp,52162466999994,57
1470,tcp,52162585089174,34
1471,tcp,52162585111494,40
1472,tcp,52162626567294,45
1473,tcp,52162633634094,33
1474,tcp,52162675372854,32
1475,tcp,52162785221454,39
1476,tcp,52162785231984,364
1477,tcp,52162800302304,43
1478,tcp,52162841931984,56
1479,tcp,52162883672724,60
1480,tcp,52162925349924,36
1481,tcp,52162985463264,43
1482,tcp,52163008597584,39
1483,tcp,52163050234104,12
1484,tcp,52163091954774,13
1485,tcp,52163133567984,13
1486,tcp,52163185754394,12
1487,tcp,52163216894034,13
1488,tcp,52163258570064,1231
1489,tcp,52163300259414,147
1490,tcp,52163341946694,344
1491,tcp,52163383558104,35
1492,tcp,52163425368954,28
1493,tcp,52163466961194,42
1494,tcp,52163508617334,22
1495,tcp,52163550232074,18
1496,tcp,52163591920434,126
1497,tcp,52163633617344,18
1498,tcp,52163675297244,19
1499,tcp,52163716965354,18
1500,tcp,52163833874094,6175
1501,tcp,52163833887504,107
1502,tcp,52163875509714,95
1503,tcp,52163917186824,98
1504,tcp,52163958784014,68
1505,tcp,52163967024774,84
1506,tcp,52164008584524,87
1507,tcp,52164050303574,67
1508,tcp,52164091973844,74
1509,tcp,52164133647264,66
1510,tcp,52164175330764,50
1511,tcp,52164217078614,62
1512,tcp,52164258633504,864
1513,tcp,52164300600504,195
1514,tcp,52164341955234,470
1515,tcp,52164383685174,62
1516,tcp,52164425353734,64
1517,tcp,52164466939044,148
1518,tcp,52164508644774,59
1519,tcp,52164550251864,67
1520,tcp,52164591963174,76
1521,tcp,52164633570444,45
1522,tcp,52164675272574,48
1523,tcp,52164716874714,55
1524,tcp,52164758566944,277
1525,tcp,52164800249994,45
1526,tcp,52164841994244,47
1527,tcp,52164883581264,62
1528,tcp,52164925285914,31
1529,tcp,52164966989934,37
1530,tcp,52165008651024,20
1531,tcp,52165050414444,20
1532,tcp,52165092098304,23
1533,tcp,52165133672274,20
1534,tcp,52165175295294,20
1535,tcp,52165217152674,23
1536,tcp,52165258637454,1064
1537,tcp,52165300370364,108
1538,tcp,52165341907344,344
1539,tcp,52165383598224,51
1540,tcp,52165425252114,49
1541,tcp,52165466973414,171
1542,tcp,52165508627214,44
1543,tcp,52165550318004,49
1544,tcp,52165591870374,61
1545,tcp,52165633665474,37
1546,tcp,52165675214064,45
1547,tcp,52165717000614,50
1548,tcp,52165758685824,354
1549,tcp,52165800332244,43
1550,tcp,52165841990094,52
1551,tcp,52165883569284,90
1552,tcp,52165925368974,30
1553,tcp,52165966909914,27
1554,tcp,52166008690344,29
1555,tcp,52166050357644,17
1556,tcp,52166091939894,16
1557,tcp,52166133524124,17
1558,tcp,52166175405714,12
1559,tcp,52166217068244,13
1560,tcp,52166258717994,1226
1561,tcp,52166300369454,85
1562,tcp,52166341969254,477
1563,tcp,52166383698024,35
1564,tcp,52166425349574,32
1565,tcp,52166467001844,48
1566,tcp,52166508586704,27
1567,tcp,52166550354984,26
1568,tcp,52166591869464,31
1569,tcp,52166633739354,19
1570,tcp,52166675254464,22
1571,tcp,52166717083314,21
1572,tcp,52166758601934,301
1573,tcp,52166800277694,23
1574,tcp,52166841942924,24
1575,tcp,52166883629214,58
1576,tcp,52166925296604,18
1577,tcp,52166966951034,21
1578,tcp,52167008688444,18
1579,tcp,52167050268624,12
1580,tcp,52167091919904,13
1581,tcp,52167133684224,13
1582,tcp,52167175234974,12
1583,tcp,52167216916584,13
1584,tcp,52167258773154,1055
1585,tcp,52167300292674,84
1586,tcp,52167341973924,456
1587,tcp,52167383661924,31
1588,tcp,52167425340114,26
1589,tcp,52167466935234,33
1590,tcp,52167508639434,17
1591,tcp,52167550315284,17
1592,tcp,52167591985464,97
1593,tcp,52167633667794,22
1594,tcp,52167675300534,18
1595,tcp,52167716994834,18
1596,tcp,52167758700294,280
1597,tcp,52167800375784,28
1598,tcp,52167842057034,24
1599,tcp,52167883652424,113
1600,tcp,52167925282104,26
1601,tcp,52167967041654,23
1602,tcp,52168008567744,69
1603,tcp,52168050394344,21
1604,tcp,52168091932944,22
1605,tcp,52168133762334,23
1606,tcp,52168175288244,17
1607,tcp,52168216903164,18
1608,tcp,52168258589724,730
1609,tcp,52168300381854,74
1610,tcp,52168341900114,273
1611,tcp,52168383614484,33
1612,tcp,52168425218874,32
1613,tcp,52168466995524,36
1614,tcp,52168508642934,29
1615,tcp,52168550375484,30
1616,tcp,52168591936764,30
1617,tcp,52168633565274,20
1618,tcp,52168675277664,18
1619,tcp,52168716864234,38
1620,tcp,52168758766434,286
1621,tcp,52168800239334,22
1622,tcp,52168841920404,39
1623,tcp,52168883560614,23
1624,tcp,52168925244204,19
1625,tcp,52168966957404,17
1626,tcp,52169008599324,17
1627,tcp,52169050246194,17
1628,tcp,52169091963534,17
1629,tcp,52169133595014,17
1630,tcp,52169175397584,17
1631,tcp,52169216906844,17
1632,tcp,52169258764764,1512
1633,tcp,52169300314164,112
1634,tcp,52169341953024,426
1635,tcp,52169383807794,42
1636,tcp,52169425213104,32
1637,tcp,52169466965274,112
1638,tcp,52169508557334,25
1639,tcp,52169550384744,24
1640,tcp,52169591871054,48
1641,tcp,52169633706024,23
1642,tcp,52169675279814,23
1643,tcp,52169717193624,18
1644,tcp,52169758644474,249
1645,tcp,52169800325544,22
1646,tcp,52169841969264,24
1647,tcp,52169883661314,20
1648,tcp,52169925294774,17
1649,tcp,52169966978184,18
1650,tcp,52170008666454,18
1651,tcp,52170050236554,17
1652,tcp,52170091947144,18
1653,tcp,52170133668894,18
1654,tcp,52170175365084,17
1655,tcp,52170216859674,18
1656,tcp,52170258592314,957
1657,tcp,52170300379854,161
1658,tcp,52170341975064,476
1659,tcp,52170383594034,34
1660,tcp,52170425359164,27
1661,tcp,52170467011614,128
1662,tcp,52170508600794,26
1663,tcp,52170550244694,23
1664,tcp,52170591934764,34
1665,tcp,52170633575154,23
1666,tcp,52170675504444,24
1667,tcp,52170716973024,21
1668,tcp,52170758555364,365
1669,tcp,52170800323554,26
1670,tcp,52170841961694,26
1671,tcp,52170883780914,85
1672,tcp,52170925256334,24
1673,tcp,52170966938754,26
1674,tcp,52171008666624,22
1675,tcp,52171050268314,12
1676,tcp,52171091931294,13
1677,tcp,52171133644044,13
1678,tcp,52171175245824,12
1679,tcp,52171216973424,13
1680,tcp,52171258598694,1468
1681,tcp,52171300357974,265
1682,tcp,52171342079184,504
1683,tcp,52171383824244,46
1684,tcp,52171425298944,47
1685,tcp,52171467044094,289
1686,tcp,52171508776914,41
1687,tcp,52171550274204,37
1688,tcp,52171592083704,35
1689,tcp,52171633561554,22
1690,tcp,52171675366104,22
1691,tcp,52171716965454,22
1692,tcp,52171758765684,410
1693,tcp,52171800342624,28
1694,tcp,52171841987514,26
1695,tcp,52171883658954,55
1696,tcp,52171925384754,22
1697,tcp,52171966956114,25
1698,tcp,52172008648704,21
1699,tcp,52172050439034,12
1700,tcp,52172092205244,13
1701,tcp,52172133616494,13
1702,tcp,52172175288204,12
1703,tcp,52172217032994,13
1704,tcp,52172258637834,606
1705,tcp,52172300456964,76
1706,tcp,52172341978644,266
1707,tcp,52172383605624,30
1708,tcp,52172425223604,21
1709,tcp,52172466991074,18
1710,tcp,52172508752874,15
1711,tcp,52172550394164,15
1712,tcp,52172591973804,16
1713,tcp,52172633724984,15
1714,tcp,52172675316234,15
1715,tcp,52172717029704,16
1716,tcp,52172758621764,331
1717,tcp,52172800475274,23
1718,tcp,52172842062294,22
1719,tcp,52172883558144,26
1720,tcp,52172925392484,12
1721,tcp,52172966991204,13
1722,tcp,52173008720964,39
1723,tcp,52173050247954,19
1724,tcp,52173092121984,18
1725,tcp,52173388365534,17
1726,tcp,52173388376694,12
1727,tcp,52173388377954,13
1728,tcp,52173388380564,1157
1729,tcp,52173388382274,131
1730,tcp,52173388383444,297
1731,tcp,52173388384884,41
1732,tcp,52173425443194,27
1733,tcp,52173467031654,91
1734,tcp,52173508804794,32
1735,tcp,52173550363284,28
1736,tcp,52173591944724,74
1737,tcp,52173633664134,25
1738,tcp,52173675278064,27
1739,tcp,52173717009894,26
1740,tcp,52173758624184,290
1741,tcp,52173800332704,23
1742,tcp,52173841950954,34
1743,tcp,52173883684764,23
1744,tcp,52173925298514,20
1745,tcp,52173967049334,20
1746,tcp,52174008611154,20
1747,tcp,52174050257664,17
1748,tcp,52174091926314,18
1749,tcp,52174133695314,18
1750,tcp,52174198197324,5613
1751,tcp,52174243967814,109
1752,tcp,52174258625034,1018
1753,tcp,52174300237434,499
1754,tcp,52174342035324,146
1755,tcp,52174383695604,70
1756,tcp,52174425370284,71
1757,tcp,52174467030654,69
1758,tcp,52174508817384,42
1759,tcp,52174550421864,43
1760,tcp,52174591991604,35
1761,tcp,52174633701834,29
1762,tcp,52174675436544,25
1763,tcp,52174717050924,24
1764,tcp,52174758720654,256
1765,tcp,52174800295434,31
1766,tcp,52174841987934,30
1767,tcp,52174883764854,28
1768,tcp,52174925322174,32
1769,tcp,52174967111784,25
1770,tcp,52175008572804,26
1771,tcp,52175050394904,24
1772,tcp,52175092037364,24
1773,tcp,52175133767394,24
1774,tcp,52175175254604,24
1775,tcp,52175216974734,24
1776,tcp,52175258559684,1129
1777,tcp,52175300369094,379
1778,tcp,52175341975554,134
1779,tcp,52175383669134,36
1780,tcp,52175425363974,33
1781,tcp,52175467178244,24
1782,tcp,52175508698304,23
1783,tcp,52175550644064,22
1784,tcp,52175591971254,22
1785,tcp,52175633847534,21
1786,tcp,52175675346804,22
1787,tcp,52175716984494,22
1788,tcp,52175758671954,376
1789,tcp,52175800273914,36
1790,tcp,52175842131114,35
1791,tcp,52176140285544,48
1792,tcp,52176140295264,24
1793,tcp,52176140296704,22
1794,tcp,52176140298144,79
1795,tcp,52176140299134,25
1796,tcp,52176140300304,19
1797,tcp,52176140301294,19
1798,tcp,52176175405344,13
1799,tcp,52176216898314,13
1800,tcp,52176516263784,1634
1801,tcp,52176516273864,614
1802,tcp,52176516275664,194
1803,tcp,52176516280254,67
1804,tcp,52176516281604,124
1805,tcp,52176516283134,86
1806,tcp,52176516284304,38
1807,tcp,52176550373694,17
1808,tcp,52176591914544,17
1809,tcp,52176709893204,16
1810,tcp,52176709902744,17
1811,tcp,52176716965314,17
1812,tcp,52176758622354,427
1813,tcp,52176800605554,50
1814,tcp,52176910111794,19
1815,tcp,52176910121874,57
1816,tcp,52176925288764,22
1817,tcp,52176966986754,18
1818,tcp,52177008546324,21
1819,tcp,52177050308664,16
1820,tcp,52177110373944,16
1821,tcp,52177167253854,21
1822,tcp,52177660103574,15
1823,tcp,52177660111044,13
1824,tcp,52177660113744,1273
1825,tcp,52177660115904,637
1826,tcp,52177660117164,43
1827,tcp,52177660118334,38
1828,tcp,52177660119684,89
1829,tcp,52177660120944,34
1830,tcp,52177660122114,23
1831,tcp,52177660123284,26
1832,tcp,52177660124364,21
1833,tcp,52177660125444,17
1834,tcp,52177819796154,17
1835,tcp,52177819808754,17
1836,tcp,52177819810644,382
1837,tcp,52177819816314,31
1838,tcp,52177860344484,30
1839,tcp,52177883651154,164
1840,tcp,52178019976854,35
1841,tcp,52178019985854,22
1842,tcp,52178019987384,66
1843,tcp,52178050250964,25
1844,tcp,52178091921144,23
1845,tcp,52178133578724,24
1846,tcp,52178220240894,13
1847,tcp,52178220249984,13
1848,tcp,52178258637054,639
1849,tcp,52178300370144,281
1850,tcp,52178342060034,61
1851,tcp,52178384146554,25
1852,tcp,52178425385814,26
1853,tcp,52178467036464,25
1854,tcp,52178508727074,18
1855,tcp,52178550284934,18
1856,tcp,52178592144114,16
1857,tcp,52178633626374,12
1858,tcp,52178709017124,13
1859,tcp,52178716876644,13
1860,tcp,52178758582464,186
1861,tcp,52178800251204,32
1862,tcp,52178841905994,23
1863,tcp,52178909180454,17
1864,tcp,52178925422034,16
1865,tcp,52178966953434,16
1866,tcp,52179008602194,15
1867,tcp,52179050282004,16
1868,tcp,52179125671224,16
1869,tcp,52179145525764,15
1870,tcp,52179175339704,16
1871,tcp,52179472204884,16
1872,tcp,52179472215864,1550
1873,tcp,52179472218294,481
1874,tcp,52179472219914,136
1875,tcp,52179472221174,27
1876,tcp,52179472222344,24
1877,tcp,52179472223424,18
1878,tcp,52179526197594,15
1879,tcp,52179660199134,16
1880,tcp,52179660212184,16
1881,tcp,52179660214794,15
1882,tcp,52179675322014,16
1883,tcp,52179717056724,16
1884,tcp,52179758631954,267
1885,tcp,52179860494224,24
1886,tcp,52179860509524,22
1887,tcp,52179883735644,13
1888,tcp,52179925295034,13
1889,tcp,52179966881514,13
1890,tcp,52180008666984,13
1891,tcp,52180060703994,13
1892,tcp,52180092133164,13
1893,tcp,52180133569974,13
1894,tcp,52180175431134,13
1895,tcp,52180216975134,13
1896,tcp,52180258663044,972
1897,tcp,52180300362114,543
1898,tcp,52180342008534,39
1899,tcp,52180383544434,29
1900,tcp,52180425350244,49
1901,tcp,52180466889204,25
1902,tcp,52180508736144,15
1903,tcp,52180550328564,15
1904,tcp,52180591961034,13
1905,tcp,52180633610514,12
1906,tcp,52180675285194,13
1907,tcp,52180717106574,13
1908,tcp,52180758673614,477
1909,tcp,52180800318594,32
1910,tcp,52180842034584,26
1911,tcp,52180883619174,75
1912,tcp,52180925393214,23
1913,tcp,52180967032254,17
1914,tcp,52181008616394,19
1915,tcp,52181050429224,15
1916,tcp,52181092160874,15
1917,tcp,52181133659424,15
1918,tcp,52181175284874,13
1919,tcp,52181217010044,13
1920,tcp,52181258773014,2123
1921,tcp,52181300483064,969
1922,tcp,52181342035254,152
1923,tcp,52181383649184,61
1924,tcp,52181425417284,68
1925,tcp,52181466918624,35
1926,tcp,52181508610404,23
1927,tcp,52181550255204,25
1928,tcp,52181591880654,22
1929,tcp,52181633525994,15
1930,tcp,52181675246754,16
1931,tcp,52181716942134,16
1932,tcp,52181758789254,335
1933,tcp,52181800409304,37
1934,tcp,52181841967884,24
1935,tcp,52181883589914,21
1936,tcp,52181925299244,13
1937,tcp,52181967095064,13
1938,tcp,52182008663904,13
1939,tcp,52182304300764,13
1940,tcp,52182304314534,13
1941,tcp,52182304316604,13
1942,tcp,52182304318584,13
1943,tcp,52182304320474,13
1944,tcp,52182304323534,595
1945,tcp,52182304326234,306
1946,tcp,52182341955054,35
1947,tcp,52182460077354,24
1948,tcp,52182460087614,24
1949,tcp,52182501801804,15
1950,tcp,52182508578894,12
1951,tcp,52182550344474,13
1952,tcp,52182660357414,13
1953,tcp,52182660373884,12
1954,tcp,52182675248004,13
1955,tcp,52182716911974,13
1956,tcp,52182758652534,295
1957,tcp,52182800256744,22
1958,tcp,52182860497794,21
1959,tcp,52182883562904,117
1960,tcp,52182925202664,22
1961,tcp,52182966861504,15
1962,tcp,52183008631584,13
1963,tcp,52183050208884,13
1964,tcp,52183091970414,13
1965,tcp,52183133531604,13
1966,tcp,52183175208174,13
1967,tcp,52183217041164,13
1968,tcp,52183258700184,1216
1969,tcp,52183300301424,439
1970,tcp,52183341948384,98
1971,tcp,52183383632694,30
1972,tcp,52183425219264,28
1973,tcp,52183466965944,26
1974,tcp,52183508614794,17
1975,tcp,52183550332674,15
1976,tcp,52183591974504,15
1977,tcp,52183633614084,15
1978,tcp,52183675216134,15
1979,tcp,52183716955164,15
1980,tcp,52183758633174,294
1981,tcp,52183800413334,43
1982,tcp,52183841966784,26
1983,tcp,52183883703924,19
1984,tcp,52183925274924,15
1985,tcp,52183967077674,15
1986,tcp,52184008783764,15
1987,tcp,52184050370064,15
1988,tcp,52184091971394,15
1989,tcp,52184133555444,15
1990,tcp,52184175333984,15
1991,tcp,52184216952954,15
1992,tcp,52184258691264,840
1993,tcp,52184300257494,425
1994,tcp,52184342044584,52
1995,tcp,52184383594074,42
1996,tcp,52184425273254,126
1997,tcp,52184466905274,43
1998,tcp,52184508765264,20
1999,tcp,52184550217644,15
2000,tcp,52184708956404,7097
2001,tcp,52184708966664,62
2002,tcp,52184750474034,71
2003,tcp,52184750486814,89
2004,tcp,52184792455704,218
2005,tcp,52184800466694,60
2006,tcp,52184867511024,121
2007,tcp,52184883642534,29
2008,tcp,52184950814484,22
2009,tcp,52184967004134,23
2010,tcp,52185008598624,13
2011,tcp,52185050238204,13
2012,tcp,52185091914864,13
2013,tcp,52185133550574,13
2014,tcp,52185175261164,13
2015,tcp,52185216940344,13
2016,tcp,52185258587934,1216
2017,tcp,52185300385824,297
2018,tcp,52185342022254,287
2019,tcp,52185383623764,35
2020,tcp,52185425276844,32
2021,tcp,52185467063934,81
2022,tcp,52185508784694,30
2023,tcp,52185550280904,26
2024,tcp,52185592158624,22
2025,tcp,52185633558264,13
2026,tcp,52185675327894,13
2027,tcp,52185716958384,13
2028,tcp,52185758653674,307
2029,tcp,52185800332044,23
2030,tcp,52185841991424,31
2031,tcp,52185883642974,15
2032,tcp,52185925321344,13
2033,tcp,52185966923304,18
2034,tcp,52186008780594,13
2035,tcp,52186050245844,13
2036,tcp,52186092128064,13
2037,tcp,52186133611674,13
2038,tcp,52186175485524,13
2039,tcp,52186217007744,13
2040,tcp,52186258646604,1279
2041,tcp,52186300410744,248
2042,tcp,52186341971394,395
2043,tcp,52186383763974,39
2044,tcp,52186425323814,21
2045,tcp,52186467024594,48
2046,tcp,52186508721234,19
2047,tcp,52186550444964,17
2048,tcp,52186591976904,16
2049,tcp,52186633709814,13
2050,tcp,52186675311504,13
2051,tcp,52186717020654,13
2052,tcp,52186758707124,160
2053,tcp,52186800678804,19
2054,tcp,52186842080334,15
2055,tcp,52186883648094,13
2056,tcp,52186925352024,13
2057,tcp,52186966950114,13
2058,tcp,52187008796064,13
2059,tcp,52187050290744,13
2060,tcp,52187092067574,13
2061,tcp,52187133606804,13
2062,tcp,52187175355914,13
2063,tcp,52187216947704,13
2064,tcp,52187258647944,1441
2065,tcp,52187300304984,379
2066,tcp,52187341944204,409
2067,tcp,52187383682874,34
2068,tcp,52187425447464,25
2069,tcp,52187467038894,68
2070,tcp,52187508649044,19
2071,tcp,52187550330024,20
2072,tcp,52187592109914,28
2073,tcp,52187633656974,18
2074,tcp,52187675269374,16
2075,tcp,52187717034774,15
2076,tcp,52187758645734,299
2077,tcp,52187800473954,22
2078,tcp,52187841898164,20
2079,tcp,52187883585534,13
2080,tcp,52187925255444,13
2081,tcp,52187966922114,13
2082,tcp,52188008636304,13
2083,tcp,52188050326734,13
2084,tcp,52188091969464,13
2085,tcp,52188133669884,13
2086,tcp,52188175309554,13
2087,tcp,52188216993414,13
2088,tcp,52188258739284,836
2089,tcp,52188300514404,177
2090,tcp,52188342090534,266
2091,tcp,52188383600784,41
2092,tcp,52188425404344,36
2093,tcp,52188466982004,42
2094,tcp,52188508948554,22
2095,tcp,52188550319394,19
2096,tcp,52188848297604,16
2097,tcp,52188848310294,13
2098,tcp,52188848312364,13
2099,tcp,52188848314164,13
2100,tcp,52188848320824,277
2101,tcp,52189043375304,53
2102,tcp,52189043389074,92
2103,tcp,52189043391774,21
2104,tcp,52189043394204,18
2105,tcp,52189043396454,16
2106,tcp,52189043398434,13
2107,tcp,52189050450564,13
2108,tcp,52189091982144,13
2109,tcp,52189243542504,13
2110,tcp,52189243554204,13
2111,tcp,52189243556274,13
2112,tcp,52189258668624,1372
2113,tcp,52189300308114,177
2114,tcp,52189342137594,384
2115,tcp,52189383740904,26
2116,tcp,52189443984654,26
2117,tcp,52189466996214,97
2118,tcp,52189508614824,25
2119,tcp,52189550398854,18
2120,tcp,52189591918104,63
2121,tcp,52189633727424,18
2122,tcp,52189675446474,15
2123,tcp,52189717214664,17
2124,tcp,52189758735264,198
2125,tcp,52189800353154,24
2126,tcp,52189841978154,43
2127,tcp,52189883703054,17
2128,tcp,52189925352354,15
2129,tcp,52189966908144,16
2130,tcp,52190008677144,13
2131,tcp,52190050336614,13
2132,tcp,52190091945774,13
2133,tcp,52190133619914,13
2134,tcp,52190175561354,13
2135,tcp,52190216925714,13
2136,tcp,52190258764464,1160
2137,tcp,52190300475954,284
2138,tcp,52190342088714,433
2139,tcp,52190383610484,31
2140,tcp,52190425313154,26
2141,tcp,52190466984684,64
2142,tcp,52190508704274,25
2143,tcp,52190550315594,22
2144,tcp,52190591903244,20
2145,tcp,52190633682144,13
2146,tcp,52190675289234,13
2147,tcp,52190717026104,13
2148,tcp,52190758654254,311
2149,tcp,52190800425774,23
2150,tcp,52190842004694,24
2151,tcp,52190883655704,15
2152,tcp,52190925363594,13
2153,tcp,52190967050874,13
2154,tcp,52191008613594,13
2155,tcp,52191050363424,13
2156,tcp,52191091918404,13
2157,tcp,52191133630524,13
2158,tcp,52191175473234,13
2159,tcp,52191216880254,13
2160,tcp,52191258756354,2412
2161,tcp,52191300329604,412
2162,tcp,52191342001854,980
2163,tcp,52191383596254,60
2164,tcp,52191425346804,41
2165,tcp,52191724421754,104
2166,tcp,52191724435704,37
2167,tcp,52191724438674,32
2168,tcp,52191724440744,87
2169,tcp,52191724442364,22
2170,tcp,52191724443984,19
2171,tcp,52191724445694,16
2172,tcp,52191758850984,200
2173,tcp,52191876536694,16
2174,tcp,52191876545874,13
2175,tcp,52191918299844,13
2176,tcp,52191925240644,13
2177,tcp,52191966999744,13
2178,tcp,52192076717214,13
2179,tcp,52192076724144,13
2180,tcp,52192091957274,13
2181,tcp,52192133618274,13
2182,tcp,52192175274594,13
2183,tcp,52192216924164,13
2184,tcp,52192276895304,667
2185,tcp,52192300270374,186
2186,tcp,52192341878364,243
2187,tcp,52192383849144,34
2188,tcp,52192425228984,25
2189,tcp,52192466986464,21
2190,tcp,52192508611104,13
2191,tcp,52192550378844,13
2192,tcp,52192591943094,13
2193,tcp,52192633571154,13
2194,tcp,52192675350144,13
2195,tcp,52192716930864,13
2196,tcp,52192758583044,291
2197,tcp,52192800302904,23
2198,tcp,52192841954184,35
2199,tcp,52192883529414,23
2200,tcp,52192925704224,13
2201,tcp,52192966893804,13
2202,tcp,52193008629054,13
2203,tcp,52193050275204,13
2204,tcp,52193092081374,13
2205,tcp,52193133852624,13
2206,tcp,52193175446754,13
2207,tcp,52193216943684,13
2208,tcp,52193258778924,1387
2209,tcp,52193300380794,186
2210,tcp,52193341881954,423
2211,tcp,52193383736094,32
2212,tcp,52193425240674,20
2213,tcp,52193467052514,67
2214,tcp,52193508571494,17
2215,tcp,52193550323124,18
2216,tcp,52193591909874,71
2217,tcp,52193633736204,21
2218,tcp,52193675277054,18
2219,tcp,52193716894764,18
2220,tcp,52193758634244,280
2221,tcp,52193800550124,39
2222,tcp,52193841923034,95
2223,tcp,52193883621654,21
2224,tcp,52193925315954,18
2225,tcp,52193967003324,20
2226,tcp,52194008696004,13
2227,tcp,52194050217594,13
2228,tcp,52194092066964,13
2229,tcp,52194133568754,13
2230,tcp,52194175391844,13
2231,tcp,52194216900654,13
2232,tcp,52194258580554,1086
2233,tcp,52194300337314,249
2234,tcp,52194341953854,431
2235,tcp,52194383587404,37
2236,tcp,52194425429664,28
2237,tcp,52194467014974,116
2238,tcp,52194508617024,27
2239,tcp,52194550287654,20
2240,tcp,52194591964224,15
2241,tcp,52194633594534,13
2242,tcp,52194675403044,13
2243,tcp,52194717016074,13
2244,tcp,52194758587794,253
2245,tcp,52194800423214,21
2246,tcp,52194841881624,47
2247,tcp,52194883754124,18
2248,tcp,52194925229904,15
2249,tcp,52194966906744,17
2250,tcp,52195125463344,7542
2251,tcp,52195125473244,71
2252,tcp,52195125475224,73
2253,tcp,52195133705994,68
2254,tcp,52195175326944,42
2255,tcp,52195217012334,30
2256,tcp,52195258578564,1075
2257,tcp,52195300368084,147
2258,tcp,52195341980484,274
2259,tcp,52195383725994,37
2260,tcp,52195425310404,31
2261,tcp,52195466913714,64
2262,tcp,52195508708904,22
2263,tcp,52195550255244,20
2264,tcp,52195591973034,59
2265,tcp,52195633579494,19
2266,tcp,52195675331934,19
2267,tcp,52195716923094,18
2268,tcp,52195758749064,288
2269,tcp,52195800235014,22
2270,tcp,52195841954874,89
2271,tcp,52195883531364,20
2272,tcp,52195925393874,13
2273,tcp,52195967202474,13
2274,tcp,52196008678074,13
2275,tcp,52196050278954,13
2276,tcp,52196091886494,13
2277,tcp,52196133626244,13
2278,tcp,52196175194904,13
2279,tcp,52196216928624,13
2280,tcp,52196258625354,1225
2281,tcp,52196300389944,287
2282,tcp,52196341887864,333
2283,tcp,52196383578654,37
2284,tcp,52196425240014,24
2285,tcp,52196467160304,69
2286,tcp,52196508619344,21
2287,tcp,52196550241284,21
2288,tcp,52196591908134,18
2289,tcp,52196633617014,13
2290,tcp,52196675325894,13
2291,tcp,52196716966644,13
2292,tcp,52196758578774,198
2293,tcp,52196800244544,19
2294,tcp,52196841952254,22
2295,tcp,52196883620274,13
2296,tcp,52196925375774,13
2297,tcp,52196966910954,13
2298,tcp,52197008735304,13
2299,tcp,52197050306304,13
2300,tcp,52197091982784,13
2301,tcp,52197133613634,13
2302,tcp,52197175293624,13
2303,tcp,52197216988284,13
2304,tcp,52197258684744,1501
2305,tcp,52197300254304,367
2306,tcp,52197341947344,406
2307,tcp,52197383562894,41
2308,tcp,52197425299494,28
2309,tcp,52197466970394,81
2310,tcp,52197508617084,23
2311,tcp,52197550360074,22
2312,tcp,52197591913524,27
2313,tcp,52197633734994,15
2314,tcp,52197675292584,16
2315,tcp,52197716937294,16
2316,tcp,52197758532954,288
2317,tcp,52197800352804,22
2318,tcp,52197841906524,39
2319,tcp,52197883630164,18
2320,tcp,52197925213494,13
2321,tcp,52197966996174,13
2322,tcp,52198008772644,13
2323,tcp,52198050257514,13
2324,tcp,52198091905284,13
2325,tcp,52198133762394,13
2326,tcp,52198175480544,13
2327,tcp,52198216921494,13
2328,tcp,52198258792014,826
2329,tcp,52198300275804,176
2330,tcp,52198342099524,285
2331,tcp,52198383705714,39
2332,tcp,52198425252234,25
2333,tcp,52198466978844,36
2334,tcp,52198508870244,27
2335,tcp,52198550304894,23
2336,tcp,52198591911174,45
2337,tcp,52198633577664,25
2338,tcp,52198675395714,22
2339,tcp,52198716921714,25
2340,tcp,52198758664074,276
2341,tcp,52198800616404,33
2342,tcp,52198842150234,92
2343,tcp,52198883646444,21
2344,tcp,52198925318514,20
2345,tcp,52198966990224,18
2346,tcp,52199008724124,13
2347,tcp,52199050293864,13
2348,tcp,52199348386374,13
2349,tcp,52199348401674,13
2350,tcp,52199348403744,13
2351,tcp,52199348405094,13
2352,tcp,52199348408964,1707
2353,tcp,52199348411664,310
2354,tcp,52199348413554,473
2355,tcp,52199383602924,37
2356,tcp,52199459945424,28
2357,tcp,52199501871564,71
2358,tcp,52199543310984,20
2359,tcp,52199550330084,17
2360,tcp,52199591940954,13
2361,tcp,52199660354004,13
2362,tcp,52199675339634,13
2363,tcp,52199716974624,13
2364,tcp,52199758743894,248
2365,tcp,52199800328574,20
2366,tcp,52199841943044,44
2367,tcp,52199883564714,19
2368,tcp,52199925228324,15
2369,tcp,52199966945484,13
2370,tcp,52200008620074,13
2371,tcp,52200050259834,13
2372,tcp,52200091955304,13
2373,tcp,52200133601904,13
2374,tcp,52200175287384,13
2375,tcp,52200216915894,13
2376,tcp,52200258634044,960
2377,tcp,52200300326994,303
2378,tcp,52200341900154,308
2379,tcp,52200383604444,25
2380,tcp,52200425194884,21
2381,tcp,52200467185914,110
2382,tcp,52200508594554,20
2383,tcp,52200550261404,19
2384,tcp,52200591935544,17
2385,tcp,52200633607614,13
2386,tcp,52200675232074,13
2387,tcp,52200972256194,13
2388,tcp,52200972267534,189
2389,tcp,52200972269244,21
2390,tcp,52200972270504,29
2391,tcp,52200972271674,15
2392,tcp,52200972272844,13
2393,tcp,52200972273924,18
2394,tcp,52201008630504,13
2395,tcp,52201126893474,13
2396,tcp,52201126903284,13
2397,tcp,52201168202754,13
2398,tcp,52201175434164,13
2399,tcp,52201216913634,13
2400,tcp,52201368480114,2462
2401,tcp,52201368490554,532
2402,tcp,52201368492084,760
2403,tcp,52201383669504,48
2404,tcp,52201425351384,27
2405,tcp,52201568834244,116
2406,tcp,52201568849184,25
2407,tcp,52201568850804,26
2408,tcp,52201592063964,31
2409,tcp,52201633605264,17
2410,tcp,52201675279674,19
2411,tcp,52201716968844,24
2412,tcp,52201769024304,182
2413,tcp,52201833794334,18
2414,tcp,52201841909544,18
2415,tcp,52201883690604,13
2416,tcp,52201925206884,13
2417,tcp,52201969299144,13
2418,tcp,52202033947764,13
2419,tcp,52202050247484,13
2420,tcp,52202091908484,13
2421,tcp,52202133618624,13
2422,tcp,52202175214374,13
2423,tcp,52202216943324,13
2424,tcp,52202258565624,626
2425,tcp,52202300429304,181
2426,tcp,52202341983834,131
2427,tcp,52202383706664,39
2428,tcp,52202425427334,35
2429,tcp,52202466940554,139
2430,tcp,52202508692904,32
2431,tcp,52202550239334,30
2432,tcp,52202592070794,58
2433,tcp,52202633613534,33
2434,tcp,52202675278404,40
2435,tcp,52202716946244,42
2436,tcp,52202758817574,307
2437,tcp,52202800245474,28
2438,tcp,52202841903324,39
2439,tcp,52202883565944,20
2440,tcp,52202925247644,13
2441,tcp,52202966994954,13
2442,tcp,52203008777544,13
2443,tcp,52203050274564,13
2444,tcp,52203092091084,13
2445,tcp,52203133719324,13
2446,tcp,52203175297884,13
2447,tcp,52203216984444,13
2448,tcp,52203258573174,1380
2449,tcp,52203300497694,136
2450,tcp,52203341918124,372
2451,tcp,52203383588484,36
2452,tcp,52203425231304,27
2453,tcp,52203466970874,105
2454,tcp,52203508607034,23
2455,tcp,52203550399794,27
2456,tcp,52203591900414,22
2457,tcp,52203633645744,13
2458,tcp,52203675427164,13
2459,tcp,52203716985654,13
2460,tcp,52203758658174,281
2461,tcp,52204056279084,40
2462,tcp,52204056289254,83
2463,tcp,52204056290784,22
2464,tcp,52204056291774,21
2465,tcp,52204056292854,13
2466,tcp,52204056293844,13
2467,tcp,52204056294924,13
2468,tcp,52204092052734,13
2469,tcp,52204210176654,13
2470,tcp,52204210203654,13
2471,tcp,52204251569094,13
2472,tcp,52204258705734,1074
2473,tcp,52204300376634,263
2474,tcp,52204410376434,468
2475,tcp,52204410387594,41
2476,tcp,52204425382044,30
2477,tcp,52204466974284,109
2478,tcp,52204508660664,27
2479,tcp,52204550339394,21
2480,tcp,52204610572974,24
2481,tcp,52204633637994,20
2482,tcp,52204675342824,16
2483,tcp,52204717087884,15
2484,tcp,52204758657534,251
2485,tcp,52204800390894,21
2486,tcp,52204841914014,43
2487,tcp,52204883737104,15
2488,tcp,52204925346534,13
2489,tcp,52204967026344,13
2490,tcp,52205008634874,13
2491,tcp,52205050292814,13
2492,tcp,52205091991884,13
2493,tcp,52205133663414,13
2494,tcp,52205175251064,13
2495,tcp,52205216916744,13
2496,tcp,52205258728854,1244
2497,tcp,52205300362584,184
2498,tcp,52205342036544,369
2499,tcp,52205383689984,37
2500,tcp,52205500649754,6470
2501,tcp,52205500664964,93
2502,tcp,52205542373574,42
2503,tcp,52205583981474,45
2504,tcp,52205880322584,13
2505,tcp,52205880336714,13
2506,tcp,52205880339054,13
2507,tcp,52205880340854,13
2508,tcp,52205880343644,271
2509,tcp,52205880346614,91
2510,tcp,52205880348684,20
2511,tcp,52205959976274,13
2512,tcp,52205959990674,13
2513,tcp,52206001635204,13
2514,tcp,52206043215024,13
2515,tcp,52206080405904,13
2516,tcp,52206160234284,13
2517,tcp,52206160244814,13
2518,tcp,52206175248894,13
2519,tcp,52206216934104,13
2520,tcp,52206280604064,1635
2521,tcp,52206360463674,627
2522,tcp,52206360474114,75
2523,tcp,52206383739204,42
2524,tcp,52206425243514,36
2525,tcp,52206467094954,13
2526,tcp,52206508549854,13
2527,tcp,52206550402014,13
2528,tcp,52206592099824,13
2529,tcp,52206633683064,13
2530,tcp,52206675358644,13
2531,tcp,52206716932254,13
2532,tcp,52206758642844,81
2533,tcp,52206800317344,13
2534,tcp,52206841987434,13
2535,tcp,52206883695234,13
2536,tcp,52206925327974,13
2537,tcp,52206966900414,13
2538,tcp,52207008712074,13
2539,tcp,52207050320064,13
2540,tcp,52207092115164,13
2541,tcp,52207133596164,13
2542,tcp,52207175425104,13
2543,tcp,52207216879284,13
2544,tcp,52207258632804,1412
2545,tcp,52207300311804,647
2546,tcp,52207341877674,52
2547,tcp,52207383629304,33
2548,tcp,52207425194004,26
2549,tcp,52207467012414,101
2550,tcp,52207508564424,25
2551,tcp,52207550305164,23
2552,tcp,52207591885074,13
2553,tcp,52207633695924,13
2554,tcp,52207675243974,13
2555,tcp,52207716920094,13
2556,tcp,52207758601884,302
2557,tcp,52207800527484,34
2558,tcp,52207841989584,23
2559,tcp,52207883665164,13
2560,tcp,52207925462244,13
2561,tcp,52207967109384,13
2562,tcp,52208008639794,13
2563,tcp,52208050209804,13
2564,tcp,52208092106964,13
2565,tcp,52208133559974,13
2566,tcp,52208175346254,13
2567,tcp,52208216947764,13
2568,tcp,52208258631804,809
2569,tcp,52208300389104,349
2570,tcp,52208342010144,64
2571,tcp,52208383572954,29
2572,tcp,52208425252044,41
2573,tcp,52208466973344,27
2574,tcp,52208508655224,17
2575,tcp,52208550285534,15
2576,tcp,52208592090984,13
2577,tcp,52208633588814,13
2578,tcp,52208675427114,13
2579,tcp,52208716924854,13
2580,tcp,52208758654524,273
2581,tcp,52208800358544,64
2582,tcp,52209096223014,23
2583,tcp,52209096234534,13
2584,tcp,52209096235974,13
2585,tcp,52209096237054,13
2586,tcp,52209096238314,13
2587,tcp,52209096239394,13
2588,tcp,52209096240474,13
2589,tcp,52209133599384,13
2590,tcp,52209251650764,13
2591,tcp,52209251667054,13
2592,tcp,52209296402814,1693
2593,tcp,52209652060764,595
2594,tcp,52209652073184,107
2595,tcp,52209652075254,33
2596,tcp,52209652076424,29
2597,tcp,52209652077684,13
2598,tcp,52209652078674,13
2599,tcp,52209652079754,13
2600,tcp,52209708810354,13
2601,tcp,52209708821154,13
2602,tcp,52209708822504,13
2603,tcp,52209751544604,13
2604,tcp,52209852292044,216
2605,tcp,52209852310494,41
2606,tcp,52209852313644,21
2607,tcp,52209909076104,13
2608,tcp,52209951827544,13
2609,tcp,52209966910644,13
2610,tcp,52210052474994,13
2611,tcp,52210052487414,13
2612,tcp,52210109353824,13
2613,tcp,52210152205434,13
2614,tcp,52210175218704,13
2615,tcp,52210252639404,13
2616,tcp,52210309765194,1121
2617,tcp,52210352473074,664
2618,tcp,52210352483604,75
2619,tcp,52210383782004,26
2620,tcp,52210453006314,25
2621,tcp,52210552861674,13
2622,tcp,52210552879044,13
2623,tcp,52210552881294,13
2624,tcp,52210591900974,13
2625,tcp,52210633611654,13
2626,tcp,52210675257714,13
2627,tcp,52210716979374,13
2628,tcp,52210758664494,307
2629,tcp,52210800379494,34
2630,tcp,52210842002514,25
2631,tcp,52210883573784,20
2632,tcp,52210925252784,13
2633,tcp,52210966875084,13
2634,tcp,52211008641834,13
2635,tcp,52211050268814,13
2636,tcp,52211091958704,13
2637,tcp,52211133543474,13
2638,tcp,52211175537564,13
2639,tcp,52211216919654,13
2640,tcp,52211258543664,1800
2641,tcp,52211300324274,948
2642,tcp,52211341942254,100
2643,tcp,52211383584174,41
2644,tcp,52211425291614,26
2645,tcp,52211466961344,13
2646,tcp,52211508728904,13
2647,tcp,52211550291174,13
2648,tcp,52211591923824,13
2649,tcp,52211633638554,13
2650,tcp,52211675311074,13
2651,tcp,52211716988634,13
2652,tcp,52211758545414,201
2653,tcp,52211800644714,26
2654,tcp,52211841975954,15
2655,tcp,52211883596004,13
2656,tcp,52211925302094,13
2657,tcp,52211967015024,13
2658,tcp,52212008672784,13
2659,tcp,52212050303454,13
2660,tcp,52212091960764,13
2661,tcp,52212133751724,13
2662,tcp,52212175246584,13
2663,tcp,52212217051584,13
2664,tcp,52212258704124,500
2665,tcp,52212300229044,288
2666,tcp,52212341951694,46
2667,tcp,52212383628624,36
2668,tcp,52212425309514,33
2669,tcp,52212466918314,32
2670,tcp,52212508635474,19
2671,tcp,52212550222314,18
2672,tcp,52212591921924,13
2673,tcp,52212633605694,13
2674,tcp,52212675310434,13
2675,tcp,52212716893314,13
2676,tcp,52212758547834,308
2677,tcp,52212800304324,28
2678,tcp,52212842011674,27
2679,tcp,52212883586904,18
2680,tcp,52212925448694,13
2681,tcp,52212966926544,13
2682,tcp,52213008545244,13
2683,tcp,52213050361494,13
2684,tcp,52213091951034,13
2685,tcp,52213388284314,13
2686,tcp,52213388298804,13
2687,tcp,52213388301144,13
2688,tcp,52213388304834,1405
2689,tcp,52213388307804,516
2690,tcp,52213388310234,81
2691,tcp,52213588447914,30
2692,tcp,52213588458534,33
2693,tcp,52213588460064,88
2694,tcp,52213588461504,19
2695,tcp,52213588465554,19
2696,tcp,52213743442584,13
2697,tcp,52213743453114,13
2698,tcp,52213743454554,13
2699,tcp,52213743455724,13
2700,tcp,52213758671664,291
2701,tcp,52213800461004,115
2702,tcp,52213841928954,25
2703,tcp,52213943717334,13
2704,tcp,52213943730654,13
2705,tcp,52213967048664,13
2706,tcp,52214008717494,13
2707,tcp,52214050231254,13
2708,tcp,52214092109244,13
2709,tcp,52214144144004,13
2710,tcp,52214175252864,13
2711,tcp,52214217034734,13
2712,tcp,52214258627154,1082
2713,tcp,52214300321364,590
2714,tcp,52214341979124,99
2715,tcp,52214383550844,34
2716,tcp,52214425235604,37
2717,tcp,52214466964464,13
2718,tcp,52214508566334,13
2719,tcp,52214550292134,13
2720,tcp,52214591898414,13
2721,tcp,52214633575254,13
2722,tcp,52214675256414,13
2723,tcp,52214716948374,13
2724,tcp,52214758567074,244
2725,tcp,52214800298724,45
2726,tcp,52214842036134,20
2727,tcp,52214883642414,13
2728,tcp,52214925249234,13
2729,tcp,52214966959914,13
2730,tcp,52215008598684,13
2731,tcp,52215050490444,13
2732,tcp,52215092095824,13
2733,tcp,52215133577004,13
2734,tcp,52215175402434,13
2735,tcp,52215216915744,13
2736,tcp,52215258667104,1205
2737,tcp,52215300270324,454
2738,tcp,52215342016284,41
2739,tcp,52215383604294,22
2740,tcp,52215425230824,71
2741,tcp,52215466913964,19
2742,tcp,52215508762344,13
2743,tcp,52215550333254,13
2744,tcp,52215592084254,13
2745,tcp,52215633574614,13
2746,tcp,52215675364584,13
2747,tcp,52215716901204,13
2748,tcp,52215758718894,308
2749,tcp,52215800398164,48
2750,tcp,52215917209344,6979
2751,tcp,52215917227164,71
2752,tcp,52215959065644,39
2753,tcp,52216000705854,52
2754,tcp,52216042137984,29
2755,tcp,52216050293604,13
2756,tcp,52216092090774,20
2757,tcp,52216133672034,13
2758,tcp,52216175342844,13
2759,tcp,52216216945254,24
2760,tcp,52216258621824,1272
2761,tcp,52216300330884,221
2762,tcp,52216342164324,536
2763,tcp,52216383590154,26
2764,tcp,52216425280134,30
2765,tcp,52216467096654,69
2766,tcp,52216508718864,16
2767,tcp,52216550275824,13
2768,tcp,52216592137434,13
2769,tcp,52216633643724,13
2770,tcp,52216675359444,13
2771,tcp,52216716924324,13
2772,tcp,52216758700524,219
2773,tcp,52216800295914,17
2774,tcp,52216841961774,64
2775,tcp,52216883634564,17
2776,tcp,52216925360904,13
2777,tcp,52216966981674,21
2778,tcp,52217008795404,13
2779,tcp,52217050299354,13
2780,tcp,52217092231164,13
2781,tcp,52217133784704,13
2782,tcp,52217175357054,13
2783,tcp,52217217121284,13
2784,tcp,52217258629734,1731
2785,tcp,52217300647494,231
2786,tcp,52217341851114,520
2787,tcp,52217383601664,34
2788,tcp,52217425257624,22
2789,tcp,52217466908814,148
2790,tcp,52217508575754,22
2791,tcp,52217550332514,20
2792,tcp,52217591880384,19
2793,tcp,52217633828034,13
2794,tcp,52217675329734,13
2795,tcp,52217717031954,13
2796,tcp,52217758699344,230
2797,tcp,52217800328754,23
2798,tcp,52217842049514,97
2799,tcp,52217883770724,23
2800,tcp,52217925313284,13
2801,tcp,52217966977884,13
2802,tcp,52218008704854,13
2803,tcp,52218050347584,13
2804,tcp,52218092131794,13
2805,tcp,52218133600734,13
2806,tcp,52218175297374,13
2807,tcp,52218217058814,13
2808,tcp,52218258599574,959
2809,tcp,52218300479274,229
2810,tcp,52218342175104,186
2811,tcp,52218383585814,40
2812,tcp,52218425400894,41
2813,tcp,52218466953444,41
2814,tcp,52218508693734,26
2815,tcp,52218550406664,20
2816,tcp,52218591969204,80
2817,tcp,52218633641004,26
2818,tcp,52218675238644,23
2819,tcp,52218717121674,21
2820,tcp,52218758598624,306
2821,tcp,52218800544744,59
2822,tcp,52218841911894,107
2823,tcp,52218883598994,22
2824,tcp,52218925310844,21
2825,tcp,52218966947184,22
2826,tcp,52219008579294,13
2827,tcp,52219050397884,13
2828,tcp,52219091927754,13
2829,tcp,52219133751564,13
2830,tcp,52219175205834,13
2831,tcp,52219217054124,13
2832,tcp,52219258663464,1927
2833,tcp,52219300423824,321
2834,tcp,52219342136034,428
2835,tcp,52219383634314,36
2836,tcp,52219425573324,30
2837,tcp,52219466956044,139
2838,tcp,52219508645214,24
2839,tcp,52219550266704,23
2840,tcp,52219592233344,24
2841,tcp,52219633576194,13
2842,tcp,52219675445814,13
2843,tcp,52219716890184,30
2844,tcp,52219758650274,258
2845,tcp,52219800317394,56
2846,tcp,52219842120054,75
2847,tcp,52219883554344,23
2848,tcp,52219925319024,20
2849,tcp,52219966896324,15
2850,tcp,52220008590894,13
2851,tcp,52220050456104,13
2852,tcp,52220091879414,13
2853,tcp,52220133863694,13
2854,tcp,52220175311124,13
2855,tcp,52220216930994,13
2856,tcp,52220258527284,1328
2857,tcp,52220300299164,409
2858,tcp,52220341938204,353
2859,tcp,52220383921854,31
2860,tcp,52220425267224,23
2861,tcp,52220466900684,96
2862,tcp,52220508596694,19
2863,tcp,52220550421044,17
2864,tcp,52220591951904,73
2865,tcp,52220633666994,16
2866,tcp,52220675337714,16
2867,tcp,52220716973964,13
2868,tcp,52220758622274,285
2869,tcp,52220800322154,29
2870,tcp,52220842129134,114
2871,tcp,52220883522294,21
2872,tcp,52220925380034,13
2873,tcp,52220966997654,18
2874,tcp,52221008600874,13
2875,tcp,52221050280414,13
2876,tcp,52221091942944,13
2877,tcp,52221133661724,13
2878,tcp,52221175360434,13
2879,tcp,52221217056084,13
2880,tcp,52221281542434,3714
2881,tcp,52221300379074,712
2882,tcp,52221342059244,1056
2883,tcp,52221383738424,47
2884,tcp,52221425471424,29
2885,tcp,52221467063034,290
2886,tcp,52221508695414,41
2887,tcp,52221550323204,32
2888,tcp,52221591950454,23
2889,tcp,52221633653754,21
2890,tcp,52221675218994,21
2891,tcp,52221716961714,19
2892,tcp,52221758599224,222
2893,tcp,52221800383434,39
2894,tcp,52221841938594,77
2895,tcp,52221883588254,22
2896,tcp,52221925207134,16
2897,tcp,52221966935814,13
2898,tcp,52222008544164,13
2899,tcp,52222050334944,13
2900,tcp,52222091972634,13
2901,tcp,52222133725614,13
2902,tcp,52222175345844,13
2903,tcp,52222216913424,13
2904,tcp,52222258787994,714
2905,tcp,52222300244154,137
2906,tcp,52222341992004,186
2907,tcp,52222383555804,45
2908,tcp,52222425382404,42
2909,tcp,52222466937654,156
2910,tcp,52222508595504,48
2911,tcp,52222550216364,55
2912,tcp,52222591931004,60
2913,tcp,52222633545384,43
2914,tcp,52222675279824,48
2915,tcp,52222717025784,55
2916,tcp,52222758733404,327
2917,tcp,52222800297294,47
2918,tcp,52222841885214,151
2919,tcp,52222883683014,39
2920,tcp,52222925202264,39
2921,tcp,52222967112474,42
2922,tcp,52223008637934,35
2923,tcp,52223050271034,35
2924,tcp,52223091968034,39
2925,tcp,52223133896334,31
2926,tcp,52223175312174,31
2927,tcp,52223216923404,38
2928,tcp,52223258650374,1320
2929,tcp,52223300290044,213
2930,tcp,52223341952214,324
2931,tcp,52223383720134,29
2932,tcp,52223425290684,23
2933,tcp,52223466959424,132
2934,tcp,52223508679464,25
2935,tcp,52223550208254,28
2936,tcp,52223591981664,20
2937,tcp,52223633590464,13
2938,tcp,52223675365224,13
2939,tcp,52223972419584,13
2940,tcp,52223972440014,312
2941,tcp,52223972443344,45
2942,tcp,52223972446944,82
2943,tcp,52223972449194,21
2944,tcp,52223972451354,19
2945,tcp,52223972453244,13
2946,tcp,52224008671134,13
2947,tcp,52224050278764,13
2948,tcp,52224092146584,13
2949,tcp,52224133646124,13
2950,tcp,52224175331064,13
2951,tcp,52224472282644,13
2952,tcp,52224472295784,1205
2953,tcp,52224472298844,358
2954,tcp,52224472301814,345
2955,tcp,52224472304514,42
2956,tcp,52224472306944,28
2957,tcp,52224472309554,224
2958,tcp,52224508615824,31
2959,tcp,52224550319214,25
2960,tcp,52224591938364,18
2961,tcp,52224633654354,13
2962,tcp,52224675300504,13
2963,tcp,52224717111714,13
2964,tcp,52224758823834,249
2965,tcp,52224800545494,50
2966,tcp,52225334891694,76
2967,tcp,52225334901054,20
2968,tcp,52225334902404,18
2969,tcp,52225334903484,18
2970,tcp,52225334904474,13
2971,tcp,52225334905464,13
2972,tcp,52225334906454,13
2973,tcp,52225334907444,13
2974,tcp,52225334908434,13
2975,tcp,52225334909424,13
2976,tcp,52225334922384,1382
2977,tcp,52225334925444,213
2978,tcp,52225452888174,279
2979,tcp,52225452898434,36
2980,tcp,52225452903474,33
2981,tcp,52225494752754,63
2982,tcp,52225535141604,19
2983,tcp,52225550370684,16
2984,tcp,52225653141864,13
2985,tcp,52225653153114,13
2986,tcp,52225675251624,13
2987,tcp,52225717013604,13
2988,tcp,52225758538074,309
2989,tcp,52225800404454,30
2990,tcp,52225853335164,111
2991,tcp,52225883694594,17
2992,tcp,52225925213574,13
2993,tcp,52225966986264,19
2994,tcp,52226008560684,13
2995,tcp,52226050286844,13
2996,tcp,52226091947034,13
2997,tcp,52226133682554,13
2998,tcp,52226175264354,13
2999,tcp,52226216980344,13
3000,tcp,52226375513454,8309
3001,tcp,52226375523264,79
3002,tcp,52226375525154,34
3003,tcp,52226417213604,33
3004,tcp,52226458995924,20
3005,tcp,52226466919974,13
3006,tcp,52226508648114,13
3007,tcp,52226550271584,13
3008,tcp,52226591896944,13
3009,tcp,52226633543904,13
3010,tcp,52226675326134,13
3011,tcp,52226716927554,13
3012,tcp,52226758637784,213
3013,tcp,52226800378974,21
3014,tcp,52226841872034,59
3015,tcp,52226883573264,16
3016,tcp,52226925329934,13
3017,tcp,52226966954844,13
3018,tcp,52227008598474,13
3019,tcp,52227050297994,13
3020,tcp,52227091933974,13
3021,tcp,52227133732494,13
3022,tcp,52227175207914,13
3023,tcp,52227217019214,13
3024,tcp,52227258572214,1733
3025,tcp,52227300342114,298
3026,tcp,52227341903034,488
3027,tcp,52227383623884,33
3028,tcp,52227425219544,26
3029,tcp,52227467067834,121
3030,tcp,52227508551984,24
3031,tcp,52227550321254,23
3032,tcp,52227591887484,13
3033,tcp,52227633627234,13
3034,tcp,52227675237384,13
3035,tcp,52227717070374,13
3036,tcp,52227758787354,267
3037,tcp,52227800266644,46
3038,tcp,52227842165424,111
3039,tcp,52227883614564,18
3040,tcp,52227925493184,13
3041,tcp,52227966918384,13
3042,tcp,52228008638244,13
3043,tcp,52228050418854,13
3044,tcp,52228092098394,13
3045,tcp,52228133706114,13
3046,tcp,52228175360004,13
3047,tcp,52228217083644,13
3048,tcp,52228258709184,974
3049,tcp,52228300463514,186
3050,tcp,52228341999234,289
3051,tcp,52228383735204,51
3052,tcp,52228425440934,43
3053,tcp,52228467090414,62
3054,tcp,52228508694804,30
3055,tcp,52228550482074,22
3056,tcp,52228592121744,59
3057,tcp,52228633704264,25
3058,tcp,52228675324584,22
3059,tcp,52228717069284,17
3060,tcp,52228758653424,200
3061,tcp,52228800411714,73
3062,tcp,52228841943384,72
3063,tcp,52228883699694,18
3064,tcp,52228925303544,16
3065,tcp,52228967022774,13
3066,tcp,52229008636074,13
3067,tcp,52229304523584,13
3068,tcp,52229304539604,13
3069,tcp,52229304541854,13
3070,tcp,52229304543834,13
3071,tcp,52229304545814,13
3072,tcp,52229304550674,1925
3073,tcp,52229304553374,287
3074,tcp,52229342157894,422
3075,tcp,52229460195054,35
3076,tcp,52229460219714,27
3077,tcp,52229501694954,161
3078,tcp,52229508764184,24
3079,tcp,52229550281094,20
3080,tcp,52229660337864,13
3081,tcp,52229660346864,13
3082,tcp,52229675342124,13
3083,tcp,52229716972614,13
3084,tcp,52229758685724,252
3085,tcp,52229800446894,67
3086,tcp,52229860658514,77
3087,tcp,52229883608964,20
3088,tcp,52229925271404,15
3089,tcp,52229967117444,21
3090,tcp,52230008711394,15
3091,tcp,52230050298324,13
3092,tcp,52230091936824,13
3093,tcp,52230133558134,13
3094,tcp,52230175275024,13
3095,tcp,52230216952134,13
3096,tcp,52230258559584,1363
3097,tcp,52230300344604,279
3098,tcp,52230341913894,401
3099,tcp,52230383661744,30
3100,tcp,52230425275314,23
3101,tcp,52230466996974,43
3102,tcp,52230508545114,15
3103,tcp,52230550289364,15
3104,tcp,52230592149444,13
3105,tcp,52230888194724,13
3106,tcp,52230888204174,13
3107,tcp,52230888205434,13
3108,tcp,52230888207414,284
3109,tcp,52230888209394,81
3110,tcp,52230888210744,104
3111,tcp,52230888211914,23
3112,tcp,52230925373994,13
3113,tcp,52231043262474,13
3114,tcp,52231043278944,13
3115,tcp,52231084924284,13
3116,tcp,52231092050304,13
3117,tcp,52231133540844,13
3118,tcp,52231243469454,13
3119,tcp,52231243480074,13
3120,tcp,52231285325214,2127
3121,tcp,52231556218914,505
3122,tcp,52231556228904,647
3123,tcp,52231556230614,40
3124,tcp,52231556232414,25
3125,tcp,52231556234034,117
3126,tcp,52231556235114,26
3127,tcp,52231556236284,17
3128,tcp,52231667303934,78
3129,tcp,52231667318514,17
3130,tcp,52231709839194,17
3131,tcp,52231751548524,13
3132,tcp,52231758575544,204
3133,tcp,52231867503174,28
3134,tcp,52231867509834,71
3135,tcp,52231910119524,15
3136,tcp,52231958796114,13
3137,tcp,52231966929234,22
3138,tcp,52232008618314,13
3139,tcp,52232067760824,13
3140,tcp,52232110303734,13
3141,tcp,52232159044854,13
3142,tcp,52232175293544,13
3143,tcp,52232216838894,13
3144,tcp,52232268106494,750
3145,tcp,52232310527634,68
3146,tcp,52232359254624,278
3147,tcp,52232383640484,24
3148,tcp,52232425385274,22
3149,tcp,52232468325084,16
3150,tcp,52232510791854,13
3151,tcp,52232559523164,13
3152,tcp,52232592101364,13
3153,tcp,52232633640054,13
3154,tcp,52232675342364,13
3155,tcp,52232717282814,13
3156,tcp,52232758620534,300
3157,tcp,52232800523814,37
3158,tcp,52232841946584,126
3159,tcp,52232883661584,19
3160,tcp,52232925312144,13
3161,tcp,52232966992764,13
3162,tcp,52233008681034,13
3163,tcp,52233050333844,13
3164,tcp,52233092077194,13
3165,tcp,52233133638294,13
3166,tcp,52233175324494,13
3167,tcp,52233217029504,13
3168,tcp,52233258860154,1486
3169,tcp,52233300423684,221
3170,tcp,52233342044814,359
3171,tcp,52233383646414,32
3172,tcp,52233680225124,26
3173,tcp,52233680235384,81
3174,tcp,52233680237274,18
3175,tcp,52233680238444,13
3176,tcp,52233680239524,47
3177,tcp,52233680240514,13
3178,tcp,52233680241504,13
3179,tcp,52233716961144,13
3180,tcp,52233835015044,313
3181,tcp,52233835030164,74
3182,tcp,52233876744624,107
3183,tcp,52233883651134,22
3184,tcp,52233925356144,18
3185,tcp,52234035274674,15
3186,tcp,52234035288174,13
3187,tcp,52234050307554,13
3188,tcp,52234092146484,13
3189,tcp,52234133656284,13
3190,tcp,52234175359764,13
3191,tcp,52234235642484,13
3192,tcp,52234258664664,1004
3193,tcp,52234300400634,307
3194,tcp,52234596418464,279
3195,tcp,52234596432594,39
3196,tcp,52234596437094,33
3197,tcp,52234596439074,178
3198,tcp,52234596440964,34
3199,tcp,52234596443034,31
3200,tcp,52234596444744,32
3201,tcp,52234633696554,24
3202,tcp,52234751703024,17
3203,tcp,52234751717874,22
3204,tcp,52234793456364,221
3205,tcp,52234800380154,35
3206,tcp,52234842016854,74
3207,tcp,52234951945554,20
3208,tcp,52234951956534,15
3209,tcp,52234966974564,13
3210,tcp,52235008804764,13
3211,tcp,52235050365954,13
3212,tcp,52235091995994,13
3213,tcp,52235152211934,13
3214,tcp,52235175319884,13
3215,tcp,52235216929584,13
3216,tcp,52235258629914,1310
3217,tcp,52235300331864,238
3218,tcp,52235342013294,309
3219,tcp,52235383704714,26
3220,tcp,52235425288224,20
3221,tcp,52235466952194,70
3222,tcp,52235508635784,19
3223,tcp,52235550336924,15
3224,tcp,52235591869134,18
3225,tcp,52235633638854,13
3226,tcp,52235675313174,13
3227,tcp,52235716972014,13
3228,tcp,52235758689804,305
3229,tcp,52235800257024,39
3230,tcp,52235841973644,109
3231,tcp,52235883561834,22
3232,tcp,52235925183414,13
3233,tcp,52235966947014,19
3234,tcp,52236008589024,17
3235,tcp,52236304240824,13
3236,tcp,52236304251444,13
3237,tcp,52236304252974,13
3238,tcp,52236304254144,13
3239,tcp,52236459896364,13
3240,tcp,52236459912564,2038
3241,tcp,52236459915804,247
3242,tcp,52236459918054,571
3243,tcp,52236501869574,41
3244,tcp,52236501882264,21
3245,tcp,52236501884694,120
3246,tcp,52236508710024,20
3247,tcp,52236550348434,22
3248,tcp,52236660054294,20
3249,tcp,52236660064104,15
3250,tcp,52236909268704,7936
3251,tcp,52236909280494,163
3252,tcp,52236909283824,198
3253,tcp,52236909285984,116
3254,tcp,52236909287964,54
3255,tcp,52236909289764,24
3256,tcp,52236925347384,44
3257,tcp,52236967075074,41
3258,tcp,52237008607284,16
3259,tcp,52237050352974,39
3260,tcp,52237109500164,38
3261,tcp,52237133597394,13
3262,tcp,52237175261814,38
3263,tcp,52237217097864,38
3264,tcp,52237542099114,1696
3265,tcp,52237542108924,677
3266,tcp,52237542110634,146
3267,tcp,52237542112704,39
3268,tcp,52237542113874,56
3269,tcp,52237542115044,48
3270,tcp,52237542116214,24
3271,tcp,52237668171024,39
3272,tcp,52237668180654,39
3273,tcp,52237668182094,22
3274,tcp,52237709862354,37
3275,tcp,52237716906654,39
3276,tcp,52237758910734,313
3277,tcp,52237868346864,139
3278,tcp,52237868354514,40
3279,tcp,52237883610774,27
3280,tcp,52237925242164,31
3281,tcp,52237966933584,31
3282,tcp,52238008690434,13
3283,tcp,52238068688664,31
3284,tcp,52238091959424,31
3285,tcp,52238133746424,13
3286,tcp,52238175369444,31
3287,tcp,52238216930094,31
3288,tcp,52238258781444,948
3289,tcp,52238300342094,428
3290,tcp,52238341879794,56
3291,tcp,52238383647624,25
3292,tcp,52238425275594,41
3293,tcp,52238467030464,35
3294,tcp,52238508628194,19
3295,tcp,52238550322764,34
3296,tcp,52238591893044,32
3297,tcp,52238633727114,16
3298,tcp,52238675253204,32
3299,tcp,52238717009244,32
3300,tcp,52238758772754,300
3301,tcp,52238800397844,153
3302,tcp,52238841954714,35
3303,tcp,52238883708684,18
3304,tcp,52238925336024,34
3305,tcp,52238967117174,35
3306,tcp,52239008689794,16
3307,tcp,52239050244594,32
3308,tcp,52239092183604,32
3309,tcp,52239133576404,16
3310,tcp,52239175322274,32
3311,tcp,52239216943494,32
3312,tcp,52239258875754,1899
3313,tcp,52239300282774,678
3314,tcp,52239341957814,163
3315,tcp,52239383612244,31
3316,tcp,52239425544234,45
3317,tcp,52239466988694,48
3318,tcp,52239508772454,22
3319,tcp,52239550357224,39
3320,tcp,52239591932634,39
3321,tcp,52239633588054,20
3322,tcp,52239675454254,40
3323,tcp,52239717078624,38
3324,tcp,52240016356164,148
3325,tcp,52240016374794,95
3326,tcp,52240016377044,43
3327,tcp,52240016379114,26
3328,tcp,52240016381724,41
3329,tcp,52240016383524,40
3330,tcp,52240016385504,22
3331,tcp,52240075916364,42
3332,tcp,52240168341594,40
3333,tcp,52240168359324,22
3334,tcp,52240209907554,40
3335,tcp,52240217035554,40
3336,tcp,52240276358694,1372
3337,tcp,52240300373934,657
3338,tcp,52240368497184,124
3339,tcp,52240410148014,27
3340,tcp,52240425367644,38
3341,tcp,52240476586554,36
3342,tcp,52240508698194,21
3343,tcp,52240550194134,35
3344,tcp,52240592130624,35
3345,tcp,52240633501734,16
3346,tcp,52240675316184,35
3347,tcp,52240716892764,35
3348,tcp,52240758595974,313
3349,tcp,52240800621384,140
3350,tcp,52240842001314,43
3351,tcp,52240883639994,24
3352,tcp,52240925431044,35
3353,tcp,52240966991874,31
3354,tcp,52241008939704,13
3355,tcp,52241050259064,31
3356,tcp,52241092214814,31
3357,tcp,52241133721644,13
3358,tcp,52241175208314,31
3359,tcp,52241216959044,31
3360,tcp,52241258561724,2864
3361,tcp,52241300441244,1048
3362,tcp,52241341900194,179
3363,tcp,52241383612494,37
3364,tcp,52241425243794,59
3365,tcp,52241467032144,52
3366,tcp,52241508571734,31
3367,tcp,52241550275394,46
3368,tcp,52241591973474,49
3369,tcp,52241633749674,25
3370,tcp,52241675293674,42
3371,tcp,52241716971414,42
3372,tcp,52241758692984,226
3373,tcp,52241800497894,81
3374,tcp,52241842099764,36
3375,tcp,52241883519834,16
3376,tcp,52241925454884,38
3377,tcp,52241966949834,33
3378,tcp,52242008660154,13
3379,tcp,52242050249964,33
3380,tcp,52242091943184,33
3381,tcp,52242133619214,13
3382,tcp,52242175219554,33
3383,tcp,52242216904224,33
3384,tcp,52242258625704,759
3385,tcp,52242300256734,375
3386,tcp,52242341977314,58
3387,tcp,52242383578374,24
3388,tcp,52242425360154,47
3389,tcp,52242466924854,41
3390,tcp,52242508734444,18
3391,tcp,52242550329024,36
3392,tcp,52242591893544,35
3393,tcp,52242633808524,16
3394,tcp,52242675236244,35
3395,tcp,52242717179394,35
3396,tcp,52242758577774,293
3397,tcp,52242800255424,137
3398,tcp,52242841866744,38
3399,tcp,52242883585884,22
3400,tcp,52242925247784,33
3401,tcp,52242966914814,33
3402,tcp,52243008759414,13
3403,tcp,52243050298554,33
3404,tcp,52243091963784,33
3405,tcp,52243133759784,13
3406,tcp,52243175231244,33
3407,tcp,52243217000964,33
3408,tcp,52243258750434,1524
3409,tcp,52243300261314,454
3410,tcp,52243341978024,130
3411,tcp,52243383598254,34
3412,tcp,52243425400194,40
3413,tcp,52243466965074,40
3414,tcp,52243508788974,21
3415,tcp,52243550281044,42
3416,tcp,52243591900464,19
3417,tcp,52243633601604,13
3418,tcp,52243675298784,17
3419,tcp,52243716977424,17
3420,tcp,52243758562914,306
3421,tcp,52243800312384,130
3422,tcp,52243841991474,29
3423,tcp,52243883683434,22
3424,tcp,52243925325624,28
3425,tcp,52243967024874,30
3426,tcp,52244008603074,22
3427,tcp,52244050286484,24
3428,tcp,52244091840114,26
3429,tcp,52244133667794,18
3430,tcp,52244175233574,32
3431,tcp,52244217014274,19
3432,tcp,52244258579154,1276
3433,tcp,52244300580354,618
3434,tcp,52244341959834,199
3435,tcp,52244383847184,34
3436,tcp,52244425288944,42
3437,tcp,52244466964524,37
3438,tcp,52244508623544,20
3439,tcp,52244550336204,30
3440,tcp,52244591868504,22
3441,tcp,52244633657304,18
3442,tcp,52244675430984,19
3443,tcp,52244716888404,19
3444,tcp,52244758818324,259
3445,tcp,52244800352514,89
3446,tcp,52244841961404,28
3447,tcp,52244883579744,25
3448,tcp,52244925444954,26
3449,tcp,52244966953044,23
3450,tcp,52245008742024,20
3451,tcp,52245050183424,21
3452,tcp,52245091970964,21
3453,tcp,52245133884864,18
3454,tcp,52245175344444,21
3455,tcp,52245216901494,21
3456,tcp,52245516223404,1007
3457,tcp,52245516234204,381
3458,tcp,52245516236004,62
3459,tcp,52245516237534,25
3460,tcp,52245516241494,34
3461,tcp,52245516243924,37
3462,tcp,52245516245094,21
3463,tcp,52245550287324,28
3464,tcp,52245668312154,28
3465,tcp,52245668326734,19
3466,tcp,52245709902594,24
3467,tcp,52245716897934,24
3468,tcp,52245868495734,278
3469,tcp,52245868505634,154
3470,tcp,52245868508514,31
3471,tcp,52245883730484,17
3472,tcp,52245925344774,23
3473,tcp,52245967009644,24
3474,tcp,52246008534114,15
3475,tcp,52246068675984,22
3476,tcp,52246091959344,22
3477,tcp,52246133582634,13
3478,tcp,52246175336874,22
3479,tcp,52246216915164,22
3480,tcp,52246268889174,1480
3481,tcp,52246300399164,565
3482,tcp,52246341949284,64
3483,tcp,52246383587064,27
3484,tcp,52246425279024,26
3485,tcp,52246467067644,26
3486,tcp,52246508710554,15
3487,tcp,52246550356344,24
3488,tcp,52246592198874,23
3489,tcp,52246633741704,13
3490,tcp,52246675360314,22
3491,tcp,52246717060284,22
3492,tcp,52246758590244,210
3493,tcp,52246800371034,68
3494,tcp,52247114836344,24
3495,tcp,52247114845884,13
3496,tcp,52247114847234,22
3497,tcp,52247114848314,22
3498,tcp,52247114849304,13
3499,tcp,52247114850294,22
3500,tcp,52247388291894,8914
3501,tcp,52247388302244,88
3502,tcp,52247388303954,76
3503,tcp,52247388307914,55
3504,tcp,52247388309714,1912
3505,tcp,52247388311154,326
3506,tcp,52247493497844,539
3507,tcp,52247493507744,29
3508,tcp,52247493509634,16
3509,tcp,52247493511074,113
3510,tcp,52247508738444,21
3511,tcp,52247588585994,13
3512,tcp,52247591921574,13
3513,tcp,52247633556924,13
3514,tcp,52247675399364,13
3515,tcp,52247716911594,13
3516,tcp,52247758663044,325
3517,tcp,52247800340604,102
3518,tcp,52247842025904,94
3519,tcp,52247883660174,18
3520,tcp,52247925507834,13
3521,tcp,52247967059124,13
3522,tcp,52248008853504,13
3523,tcp,52248050317674,13
3524,tcp,52248092098014,13
3525,tcp,52248133761804,13
3526,tcp,52248175465914,13
3527,tcp,52248217069764,13
3528,tcp,52248258620604,1127
3529,tcp,52248300342714,271
3530,tcp,52248342018204,274
3531,tcp,52248383660214,40
3532,tcp,52248425269734,13
3533,tcp,52248467001744,22
3534,tcp,52248764354454,13
3535,tcp,52248764371824,13
3536,tcp,52248764374254,13
3537,tcp,52248764376234,13
3538,tcp,52248918258594,13
3539,tcp,52248918268044,13
3540,tcp,52248918270114,341
3541,tcp,52248918271914,78
3542,tcp,52248960128664,82
3543,tcp,52248960148194,16
3544,tcp,52248960150984,13
3545,tcp,52248966958404,26
3546,tcp,52249008827214,17
3547,tcp,52249118546124,13
3548,tcp,52249118558094,13
3549,tcp,52249160527974,13
3550,tcp,52249209261624,13
3551,tcp,52249216945104,13
3552,tcp,52249258735884,2157
3553,tcp,52249319114724,288
3554,tcp,52249360726314,443
3555,tcp,52249409719524,40
3556,tcp,52249425394554,13
3557,tcp,52249467029814,99
3558,tcp,52249508894934,16
3559,tcp,52249550391234,13
3560,tcp,52249591904994,13
3561,tcp,52249633678944,13
3562,tcp,52249675282704,13
3563,tcp,52249717087884,13
3564,tcp,52249758643494,276
3565,tcp,52249800485034,44
3566,tcp,52249841966844,72
3567,tcp,52249883636124,15
3568,tcp,52249925367594,13
3569,tcp,52249967016804,19
3570,tcp,52250008587714,13
3571,tcp,52250050429974,13
3572,tcp,52250091892074,38
3573,tcp,52250133618864,15
3574,tcp,52250175420174,13
3575,tcp,52250216987214,13
3576,tcp,52250258693574,1552
3577,tcp,52250300290404,361
3578,tcp,52250342208354,488
3579,tcp,52250383608444,30
3580,tcp,52250425326864,13
3581,tcp,52250466867174,83
3582,tcp,52250508610794,13
3583,tcp,52250550292224,13
3584,tcp,52250592056004,13
3585,tcp,52250633684784,13
3586,tcp,52250675313294,13
3587,tcp,52250716950534,13
3588,tcp,52250758715394,202
3589,tcp,52250800467114,56
3590,tcp,52250842012554,57
3591,tcp,52251167243034,20
3592,tcp,52251167253114,13
3593,tcp,52251167254464,13
3594,tcp,52251167255634,13
3595,tcp,52251167256804,13
3596,tcp,52251167257974,13
3597,tcp,52251167258964,13
3598,tcp,52251251770584,13
3599,tcp,52251251785614,13
3600,tcp,52251367414284,3672
3601,tcp,52251451952904,730
3602,tcp,52251451963434,1015
3603,tcp,52251451965684,39
3604,tcp,52251451967304,18
3605,tcp,52251467140224,154
3606,tcp,52251535138644,20
3607,tcp,52251550607574,13
3608,tcp,52251640308054,282
3609,tcp,52251640317234,20
3610,tcp,52251675311484,13
3611,tcp,52251716916414,21
3612,tcp,52251758683524,175
3613,tcp,52251800416884,38
3614,tcp,52251841943424,46
3615,tcp,52251883577694,13
3616,tcp,52251925401504,13
3617,tcp,52251966864864,21
3618,tcp,52252008637554,13
3619,tcp,52252050232134,13
3620,tcp,52252092130464,21
3621,tcp,52252133578254,13
3622,tcp,52252175323854,13
3623,tcp,52252216911594,21
3624,tcp,52252258810104,846
3625,tcp,52252300343034,194
3626,tcp,52252341971004,326
3627,tcp,52252383898944,32
3628,tcp,52252425250704,17
3629,tcp,52252467044454,19
3630,tcp,52252508546064,13
3631,tcp,52252550355294,13
3632,tcp,52252591901184,19
3633,tcp,52252633566504,13
3634,tcp,52252675296174,13
3635,tcp,52252716895344,19
3636,tcp,52252758529254,287
3637,tcp,52252800333084,90
3638,tcp,52253096275494,106
3639,tcp,52253096285754,18
3640,tcp,52253096289534,13
3641,tcp,52253096290614,19
3642,tcp,52253096291784,13
3643,tcp,52253096292954,13
3644,tcp,52253096294034,19
3645,tcp,52253133588864,13
3646,tcp,52253251695774,13
3647,tcp,52253251704594,19
3648,tcp,52253299370034,1791
3649,tcp,52253333885754,247
3650,tcp,52253451937044,322
3651,tcp,52253451945414,27
3652,tcp,52253451947124,15
3653,tcp,52253466937524,123
3654,tcp,52253508679164,21
3655,tcp,52253550231354,13
3656,tcp,52253592140394,145
3657,tcp,52253652286044,15
3658,tcp,52253675319384,13
3659,tcp,52253716954014,23
3660,tcp,52253758645974,350
3661,tcp,52253800459254,70
3662,tcp,52253841870684,90
3663,tcp,52253883661644,13
3664,tcp,52253925254694,13
3665,tcp,52253967060954,19
3666,tcp,52254008502714,13
3667,tcp,52254050296194,13
3668,tcp,52254091892574,19
3669,tcp,52254133738974,13
3670,tcp,52254175288374,13
3671,tcp,52254216944694,19
3672,tcp,52254258746634,1452
3673,tcp,52254300492954,322
3674,tcp,52254342115074,384
3675,tcp,52254383632164,33
3676,tcp,52254425223414,13
3677,tcp,52254467128854,138
3678,tcp,52254508627764,18
3679,tcp,52254550225134,13
3680,tcp,52254592156134,174
3681,tcp,52254633598074,18
3682,tcp,52254675392814,13
3683,tcp,52254716932944,19
3684,tcp,52254758615994,279
3685,tcp,52254800253594,49
3686,tcp,52254841977414,73
3687,tcp,52254883564074,15
3688,tcp,52254925293204,13
3689,tcp,52254966946554,26
3690,tcp,52255008723204,13
3691,tcp,52255050233094,13
3692,tcp,52255092099114,65
3693,tcp,52255133667594,13
3694,tcp,52255175495994,13
3695,tcp,52255216993284,19
3696,tcp,52255258533684,1359
3697,tcp,52255300367124,210
3698,tcp,52255341881694,346
3699,tcp,52255383602994,33
3700,tcp,52255425213774,13
3701,tcp,52255466869104,26
3702,tcp,52255508598594,15
3703,tcp,52255550325114,13
3704,tcp,52255591962714,19
3705,tcp,52255633762494,13
3706,tcp,52255675341054,13
3707,tcp,52255717027074,19
3708,tcp,52255758701934,304
3709,tcp,52255800314334,106
3710,tcp,52255841915484,84
3711,tcp,52255883650464,17
3712,tcp,52255925263494,13
3713,tcp,52255966967694,19
3714,tcp,52256008661814,13
3715,tcp,52256050286994,13
3716,tcp,52256092186224,19
3717,tcp,52256133569304,13
3718,tcp,52256175310224,13
3719,tcp,52256217062484,19
3720,tcp,52256258777754,1330
3721,tcp,52256300244084,231
3722,tcp,52256342031894,359
3723,tcp,52256383586064,28
3724,tcp,52256425337154,13
3725,tcp,52256466988524,131
3726,tcp,52256508702984,20
3727,tcp,52256550334284,18
3728,tcp,52256591962524,25
3729,tcp,52256633729814,15
3730,tcp,52256675278764,13
3731,tcp,52256717059554,19
3732,tcp,52256758749354,146
3733,tcp,52256800520244,45
3734,tcp,52256842162434,37
3735,tcp,52256883700224,15
3736,tcp,52256925252954,13
3737,tcp,52256967143364,23
3738,tcp,52257008574864,13
3739,tcp,52257050254854,13
3740,tcp,52257091936554,66
3741,tcp,52257133598274,13
3742,tcp,52257175304994,13
3743,tcp,52257216931254,19
3744,tcp,52257258682434,1943
3745,tcp,52257300314904,296
3746,tcp,52257342043944,490
3747,tcp,52257383542494,30
3748,tcp,52257425356854,13
3749,tcp,52257724311564,20
3750,tcp,52257724328034,9417
3751,tcp,52257724331544,167
3752,tcp,52257724334694,97
3753,tcp,52257724337214,65
3754,tcp,52257724340094,60
3755,tcp,52257724342344,60
3756,tcp,52257805690374,326
3757,tcp,52257805705314,136
3758,tcp,52257842020674,125
3759,tcp,52257883663404,21
3760,tcp,52257925381194,52
3761,tcp,52257966926274,52
3762,tcp,52258008660084,13
3763,tcp,52258050414144,52
3764,tcp,52258091951574,52
3765,tcp,52258133862054,13
3766,tcp,52258175342154,52
3767,tcp,52258217004864,52
3768,tcp,52258516294104,1061
3769,tcp,52258516303644,266
3770,tcp,52258516305354,268
3771,tcp,52258516306884,31
3772,tcp,52258516308684,54
3773,tcp,52258516309944,66
3774,tcp,52258516311114,15
3775,tcp,52258550532354,52
3776,tcp,52258668208794,52
3777,tcp,52258668220494,13
3778,tcp,52258709990574,52
3779,tcp,52258717039554,52
3780,tcp,52258758594354,342
3781,tcp,52258868454654,71
3782,tcp,52258868464104,129
3783,tcp,52258910413734,18
3784,tcp,52258925389554,55
3785,tcp,52258966957404,52
3786,tcp,52259008645314,13
3787,tcp,52259068680084,52
3788,tcp,52259125658004,52
3789,tcp,52259133661254,13
3790,tcp,52259175271134,52
3791,tcp,52259216924844,52
3792,tcp,52259325847524,2158
3793,tcp,52259325854454,405
3794,tcp,52259341969224,494
3795,tcp,52259383644714,31
3796,tcp,52259425334334,52
3797,tcp,52259526186534,113
3798,tcp,52259526199044,18
3799,tcp,52259550357474,52
3800,tcp,52259591971674,52
3801,tcp,52259633675244,13
3802,tcp,52259675319594,52
3803,tcp,52259717001924,52
3804,tcp,52259758658784,234
3805,tcp,52259800477194,78
3806,tcp,52259841930024,85
3807,tcp,52259883564474,16
3808,tcp,52259925251304,52
3809,tcp,52259967059094,52
3810,tcp,52260008619474,13
3811,tcp,52260050350314,52
3812,tcp,52260092077914,52
3813,tcp,52260133659534,13
3814,tcp,52260175336374,52
3815,tcp,52260216952374,52
3816,tcp,52260258688254,1551
3817,tcp,52260300252954,346
3818,tcp,52260342140844,395
3819,tcp,52260383597364,26
3820,tcp,52260425267184,52
3821,tcp,52260466939254,133
3822,tcp,52260508573884,17
3823,tcp,52260550384194,52
3824,tcp,52260592122324,52
3825,tcp,52260633611424,13
3826,tcp,52260675372234,52
3827,tcp,52260716962134,52
3828,tcp,52260758907894,313
3829,tcp,52260800297724,110
3830,tcp,52260841927584,133
3831,tcp,52260883815834,13
3832,tcp,52260925277394,52
3833,tcp,52260967102104,52
3834,tcp,52261008645924,13
3835,tcp,52261050290004,52
3836,tcp,52261091980974,52
3837,tcp,52261133552064,13
3838,tcp,52261175255994,52
3839,tcp,52261216923294,52
3840,tcp,52261281448524,3056
3841,tcp,52261300338264,536
3842,tcp,52261342017984,782
3843,tcp,52261383614634,33
3844,tcp,52261425193284,52
3845,tcp,52261466964804,194
3846,tcp,52261508631114,21
3847,tcp,52261550328834,52
3848,tcp,52261592095584,52
3849,tcp,52261633575864,13
3850,tcp,52261675388064,52
3851,tcp,52261716876624,52
3852,tcp,52261758611694,209
3853,tcp,52261800244794,81
3854,tcp,52262096283774,93
3855,tcp,52262096293674,17
3856,tcp,52262096294934,52
3857,tcp,52262096296554,52
3858,tcp,52262096297814,13
3859,tcp,52262096298984,52
3860,tcp,52262096300064,52
3861,tcp,52262167109184,13
3862,tcp,52262209930914,52
3863,tcp,52262251566624,52
3864,tcp,52262293165614,728
3865,tcp,52262300362554,109
3866,tcp,52262367375924,200
3867,tcp,52262383712184,18
3868,tcp,52262425223154,55
3869,tcp,52262466961914,55
3870,tcp,52262508617604,13
3871,tcp,52262550363024,52
3872,tcp,52262591903154,52
3873,tcp,52262633784024,13
3874,tcp,52262675298594,52
3875,tcp,52262717169924,52
3876,tcp,52262758681164,325
3877,tcp,52262800448274,132
3878,tcp,52262841938634,123
3879,tcp,52262883698904,18
3880,tcp,52262925278814,52
3881,tcp,52262966941074,60
3882,tcp,52263008638704,13
3883,tcp,52263050297904,52
3884,tcp,52263091964034,52
3885,tcp,52263133611354,13
3886,tcp,52263175369554,52
3887,tcp,52263217206144,52
3888,tcp,52263258725754,1766
3889,tcp,52263300418614,232
3890,tcp,52263342024624,345
3891,tcp,52263383594454,22
3892,tcp,52263425308914,55
3893,tcp,52263466893774,171
3894,tcp,52263508626684,22
3895,tcp,52263550350504,52
3896,tcp,52263592166844,52
3897,tcp,52263633714444,13
3898,tcp,52263675450774,52
3899,tcp,52263717025734,52
3900,tcp,52263758654334,349
3901,tcp,52263800452044,140
3902,tcp,52263841951404,101
3903,tcp,52263883903464,16
3904,tcp,52263925319664,55
3905,tcp,52263966964914,62
3906,tcp,52264008577764,15
3907,tcp,52264050397254,52
3908,tcp,52264092051864,52
3909,tcp,52264133701164,13
3910,tcp,52264175373414,52
3911,tcp,52264217067894,52
3912,tcp,52264258683174,1444
3913,tcp,52264300543614,346
3914,tcp,52264341909414,408
3915,tcp,52264383536214,33
3916,tcp,52264425299634,52
3917,tcp,52264466921394,209
3918,tcp,52264508661324,26
3919,tcp,52264550313504,52
3920,tcp,52264591958034,73
3921,tcp,52264633606164,17
3922,tcp,52264675359594,52
3923,tcp,52264716889644,59
3924,tcp,52264758732534,273
3925,tcp,52264800315144,79
3926,tcp,52264842040314,105
3927,tcp,52264883620854,16
3928,tcp,52264925370324,52
3929,tcp,52264966941054,52
3930,tcp,52265008658844,13
3931,tcp,52265050380144,52
3932,tcp,52265091982824,52
3933,tcp,52265133654354,13
3934,tcp,52265175282954,52
3935,tcp,52265217014874,52
3936,tcp,52265258758314,1534
3937,tcp,52265300506524,275
3938,tcp,52265341988424,395
3939,tcp,52265383710354,27
3940,tcp,52265425319154,52
3941,tcp,52265467459494,119
3942,tcp,52265508621264,17
3943,tcp,52265550318354,52
3944,tcp,52265592073134,57
3945,tcp,52265633745024,13
3946,tcp,52265675294694,52
3947,tcp,52265717045964,52
3948,tcp,52265758732164,321
3949,tcp,52265800344024,122
3950,tcp,52265842092864,125
3951,tcp,52265883755844,19
3952,tcp,52265925361224,52
3953,tcp,52265966984334,52
3954,tcp,52266008739834,13
3955,tcp,52266050326404,52
3956,tcp,52266348322614,52
3957,tcp,52266348338274,13
3958,tcp,52266348340524,52
3959,tcp,52266348342054,52
3960,tcp,52266348345204,2214
3961,tcp,52266348347454,338
3962,tcp,52266348349614,475
3963,tcp,52266383652204,34
3964,tcp,52266501531504,13
3965,tcp,52266501541674,94
3966,tcp,52266543259014,20
3967,tcp,52266550337424,16
3968,tcp,52266591917784,66
3969,tcp,52266701972034,13
3970,tcp,52266701991744,13
3971,tcp,52266743464104,23
3972,tcp,52266758594544,233
3973,tcp,52266800378304,48
3974,tcp,52266841877124,50
3975,tcp,52266902192874,16
3976,tcp,52266943675134,13
3977,tcp,52266967068924,16
3978,tcp,52267008634524,13
3979,tcp,52267050290214,13
3980,tcp,52267102396794,16
3981,tcp,52267143856914,13
3982,tcp,52267175228484,13
3983,tcp,52267216869054,16
3984,tcp,52267344121044,1745
3985,tcp,52267344132294,318
3986,tcp,52267344133824,497
3987,tcp,52267383669744,25
3988,tcp,52267425241824,15
3989,tcp,52267466993634,49
3990,tcp,52267508847594,18
3991,tcp,52267550234004,13
3992,tcp,52267591899594,16
3993,tcp,52267633501554,13
3994,tcp,52267675309524,13
3995,tcp,52267716930114,16
3996,tcp,52267758670404,241
3997,tcp,52267800305664,86
3998,tcp,52267842070704,89
3999,tcp,52267883574924,17
4000,tcp,52268083819884,9063
4001,tcp,52268083834734,106
4002,tcp,52268083837434,16
4003,tcp,52268083839054,16
4004,tcp,52268125555674,16
4005,tcp,52268133669174,13
4006,tcp,52268201028054,16
4007,tcp,52268217103944,16
4008,tcp,52268284108854,1099
4009,tcp,52268300323794,410
4010,tcp,52268341995774,39
4011,tcp,52268383672434,28
4012,tcp,52268425311114,16
4013,tcp,52268467035204,16
4014,tcp,52268508644454,13
4015,tcp,52268550330114,16
4016,tcp,52268591915334,16
4017,tcp,52268633603874,13
4018,tcp,52268675434344,16
4019,tcp,52268717023884,16
4020,tcp,52268758718904,341
4021,tcp,52268800254174,132
4022,tcp,52268841958014,21
4023,tcp,52268883613884,21
4024,tcp,52268925287844,18
4025,tcp,52268966946954,18
4026,tcp,52269008708844,13
4027,tcp,52269050226924,16
4028,tcp,52269092070894,16
4029,tcp,52269133692564,13
4030,tcp,52269175430064,16
4031,tcp,52269216955884,16
4032,tcp,52269258715344,2155
4033,tcp,52269300383364,626
4034,tcp,52269341961834,119
4035,tcp,52269383699514,25
4036,tcp,52269425284644,23
4037,tcp,52269466968504,16
4038,tcp,52269508634004,13
4039,tcp,52269550274934,16
4040,tcp,52269591920364,16
4041,tcp,52269633601884,13
4042,tcp,52269675251274,16
4043,tcp,52269716963574,16
4044,tcp,52269758593254,287
4045,tcp,52269800442984,79
4046,tcp,52269841910574,27
4047,tcp,52269883714314,17
4048,tcp,52269925438494,16
4049,tcp,52269967061784,16
4050,tcp,52270008715224,13
4051,tcp,52270050238164,16
4052,tcp,52270091941014,16
4053,tcp,52270133538204,13
4054,tcp,52270175401884,16
4055,tcp,52270216870464,16
4056,tcp,52270258620744,1538
4057,tcp,52270300266354,710
4058,tcp,52270341934644,66
4059,tcp,52270383661344,24
4060,tcp,52270425241254,16
4061,tcp,52270466968584,16
4062,tcp,52270508842074,13
4063,tcp,52270550571654,16
4064,tcp,52270591965264,16
4065,tcp,52270633594134,13
4066,tcp,52270675492104,16
4067,tcp,52270717051044,16
4068,tcp,52270758586494,313
4069,tcp,52270800323904,138
4070,tcp,52270841893194,18
4071,tcp,52270883633124,13
4072,tcp,52270925204664,16
4073,tcp,52270966998234,16
4074,tcp,52271008585884,13
4075,tcp,52271050287474,16
4076,tcp,52271091948924,16
4077,tcp,52271133697404,13
4078,tcp,52271175301254,16
4079,tcp,52271217032814,16
4080,tcp,52271281550484,3065
4081,tcp,52271300458314,1024
4082,tcp,52271342023464,154
4083,tcp,52271383594284,33
4084,tcp,52271425301904,20
4085,tcp,52271466963354,16
4086,tcp,52271508702924,13
4087,tcp,52271550288414,16
4088,tcp,52271592097734,16
4089,tcp,52271633680704,13
4090,tcp,52271675309124,16
4091,tcp,52271716993074,16
4092,tcp,52271758760184,232
4093,tcp,52271800328844,102
4094,tcp,52271842062114,21
4095,tcp,52271883600624,18
4096,tcp,52271925342984,16
4097,tcp,52271966914704,16
4098,tcp,52272008626014,13
4099,tcp,52272050253174,16
4100,tcp,52272091949274,16
4101,tcp,52272133660584,13
4102,tcp,52272175182264,16
4103,tcp,52272217022814,16
4104,tcp,52272258616314,851
4105,tcp,52272300654054,285
4106,tcp,52272341836524,33
4107,tcp,52272383608494,24
4108,tcp,52272425267964,18
4109,tcp,52272466993044,18
4110,tcp,52272508544694,17
4111,tcp,52272550395684,16
4112,tcp,52272592065414,16
4113,tcp,52272633705444,13
4114,tcp,52272675285984,16
4115,tcp,52272717031764,16
4116,tcp,52273042299594,323
4117,tcp,52273042325244,145
4118,tcp,52273042328754,25
4119,tcp,52273042331004,18
4120,tcp,52273042333434,21
4121,tcp,52273042335414,18
4122,tcp,52273042337214,16
4123,tcp,52273083771144,16
4124,tcp,52273126737864,16
4125,tcp,52273168237134,13
4126,tcp,52273210336974,16
4127,tcp,52273242424674,16
4128,tcp,52273258736454,1651
4129,tcp,52273300427064,519
4130,tcp,52273342061874,85
4131,tcp,52273383666174,20
4132,tcp,52273425410604,18
4133,tcp,52273467032454,16
4134,tcp,52273508743044,13
4135,tcp,52273550414754,16
4136,tcp,52273591954164,16
4137,tcp,52273633812894,13
4138,tcp,52273675271034,16
4139,tcp,52273716973164,16
4140,tcp,52273758607794,351
4141,tcp,52273800445194,108
4142,tcp,52273841969574,21
4143,tcp,52273883664594,16
4144,tcp,52273925251794,16
4145,tcp,52273967216904,16
4146,tcp,52274008593684,13
4147,tcp,52274050464024,16
4148,tcp,52274091987324,16
4149,tcp,52274133709884,13
4150,tcp,52274175359004,16
4151,tcp,52274216973294,16
4152,tcp,52274258605224,1530
4153,tcp,52274300284944,597
4154,tcp,52274341955394,108
4155,tcp,52274383606944,23
4156,tcp,52274425295484,29
4157,tcp,52274466939114,18
4158,tcp,52274508665184,13
4159,tcp,52274550256614,16
4160,tcp,52274592338634,16
4161,tcp,52274633639004,13
4162,tcp,52274675427804,16
4163,tcp,52274716954884,16
4164,tcp,52274758734504,272
4165,tcp,52274800457064,95
4166,tcp,52274842313814,18
4167,tcp,52274883684204,13
4168,tcp,52274925353934,16
4169,tcp,52274967056514,16
4170,tcp,52275008585484,13
4171,tcp,52275304275444,16
4172,tcp,52275304288944,16
4173,tcp,52275304291014,13
4174,tcp,52275304292454,16
4175,tcp,52275304293894,16
4176,tcp,52275304297224,1570
4177,tcp,52275304304604,499
4178,tcp,52275375473814,45
4179,tcp,52275418379784,24
4180,tcp,52275459860334,16
4181,tcp,52275466913904,16
4182,tcp,52275508661214,13
4183,tcp,52275550398624,16
4184,tcp,52275592108044,16
4185,tcp,52275633779844,13
4186,tcp,52275675333384,16
4187,tcp,52275716942994,16
4188,tcp,52275758770764,333
4189,tcp,52275800521854,141
4190,tcp,52275842109594,28
4191,tcp,52275883630464,13
4192,tcp,52275925363824,16
4193,tcp,52275966998274,16
4194,tcp,52276008679344,13
4195,tcp,52276050342684,16
4196,tcp,52276092120504,16
4197,tcp,52276133781144,13
4198,tcp,52276175368164,16
4199,tcp,52276216991184,16
4200,tcp,52276258794384,1600
4201,tcp,52276300466364,634
4202,tcp,52276341996324,57
4203,tcp,52276383651294,21
4204,tcp,52276425313464,16
4205,tcp,52276466999664,16
4206,tcp,52276508582364,13
4207,tcp,52276550364054,16
4208,tcp,52276591910394,16
4209,tcp,52276633757154,13
4210,tcp,52276675286574,16
4211,tcp,52276716976734,16
4212,tcp,52276758616044,228
4213,tcp,52276800366864,79
4214,tcp,52276841957754,19
4215,tcp,52276883765724,13
4216,tcp,52276925332944,16
4217,tcp,52276967068284,16
4218,tcp,52277008631184,13
4219,tcp,52277050252224,16
4220,tcp,52277092106904,16
4221,tcp,52277133583494,13
4222,tcp,52277175310824,16
4223,tcp,52277216944914,16
4224,tcp,52277258673144,1793
4225,tcp,52277300365554,691
4226,tcp,52277341970934,96
4227,tcp,52277383638414,25
4228,tcp,52277425263414,18
4229,tcp,52277466944484,18
4230,tcp,52277508697104,13
4231,tcp,52277550321654,16
4232,tcp,52277592217734,16
4233,tcp,52277633771454,13
4234,tcp,52277675528664,16
4235,tcp,52277717048724,16
4236,tcp,52277758600284,303
4237,tcp,52277800442274,146
4238,tcp,52277842013994,27
4239,tcp,52277883837984,16
4240,tcp,52277925347694,16
4241,tcp,52277967189144,16
4242,tcp,52278008609124,13
4243,tcp,52278050300634,16
4244,tcp,52278091944804,16
4245,tcp,52278133702104,13
4246,tcp,52278175335654,16
4247,tcp,52278217089534,16
4248,tcp,52278258624804,965
4249,tcp,52278300368244,380
4250,tcp,52278437564064,8455
4251,tcp,52278437573334,75
4252,tcp,52278459502554,44
4253,tcp,52278500812284,52
4254,tcp,52278542440524,24
4255,tcp,52278550301754,18
4256,tcp,52278592129164,20
4257,tcp,52278633621324,18
4258,tcp,52278675327774,16
4259,tcp,52278716913354,16
4260,tcp,52278758601084,228
4261,tcp,52278800337954,99
4262,tcp,52278842116674,18
4263,tcp,52278883670304,13
4264,tcp,52278925406544,16
4265,tcp,52278967000584,16
4266,tcp,52279008783894,13
4267,tcp,52279050333564,16
4268,tcp,52279092167004,16
4269,tcp,52279133717034,13
4270,tcp,52279175284884,16
4271,tcp,52279217050554,16
4272,tcp,52279258618494,2199
4273,tcp,52279300405404,676
4274,tcp,52279341942294,107
4275,tcp,52279383776274,23
4276,tcp,52279425377064,83
4277,tcp,52279466964714,29
4278,tcp,52279508613654,20
4279,tcp,52279550518194,16
4280,tcp,52279592060394,16
4281,tcp,52279633687194,13
4282,tcp,52279675302744,16
4283,tcp,52279716983634,16
4284,tcp,52279758626184,282
4285,tcp,52279800496524,92
4286,tcp,52279842087594,66
4287,tcp,52279883596134,18
4288,tcp,52279925477634,16
4289,tcp,52279966951164,16
4290,tcp,52280008732854,13
4291,tcp,52280050330674,16
4292,tcp,52280091925704,16
4293,tcp,52280133673554,13
4294,tcp,52280175276144,16
4295,tcp,52280217061794,16
4296,tcp,52280258607054,1569
4297,tcp,52280300362914,680
4298,tcp,52280342150724,35
4299,tcp,52280383596174,21
4300,tcp,52280425440054,57
4301,tcp,52280467063704,71
4302,tcp,52280764293384,17
4303,tcp,52280764303194,16
4304,tcp,52280764304454,16
4305,tcp,52280764305714,13
4306,tcp,52280764306794,16
4307,tcp,52280764307784,16
4308,tcp,52280764309224,322
4309,tcp,52280800418934,143
4310,tcp,52280841962574,49
4311,tcp,52280883627984,13
4312,tcp,52280925300864,16
4313,tcp,52280967116034,16
4314,tcp,52281008547624,13
4315,tcp,52281305294544,16
4316,tcp,52281305307774,16
4317,tcp,52281305310384,13
4318,tcp,52281305312184,16
4319,tcp,52281305314074,16
4320,tcp,52281305317044,4307
4321,tcp,52281418292334,1487
4322,tcp,52281418301694,343
4323,tcp,52281418303584,26
4324,tcp,52281493587684,73
4325,tcp,52281493620894,18
4326,tcp,52281508580694,13
4327,tcp,52281604289934,13
4328,tcp,52281604300014,13
4329,tcp,52281633653964,13
4330,tcp,52281693786474,13
4331,tcp,52281717168114,13
4332,tcp,52281758605554,217
4333,tcp,52281804486204,83
4334,tcp,52281841936464,15
4335,tcp,52281894179664,13
4336,tcp,52281925419744,13
4337,tcp,52281967055544,13
4338,tcp,52282495851894,13
4339,tcp,52282495861074,13
4340,tcp,52282495862334,13
4341,tcp,52282495863414,13
4342,tcp,52282495864494,13
4343,tcp,52282495865484,13
4344,tcp,52282495867824,854
4345,tcp,52282495869804,403
4346,tcp,52282495871154,37
4347,tcp,52282495872234,17
4348,tcp,52282495873314,13
4349,tcp,52282495874394,13
4350,tcp,52282653088464,13
4351,tcp,52282653101244,13
4352,tcp,52282653103944,13
4353,tcp,52282653110244,13
4354,tcp,52282952317044,13
4355,tcp,52282952330904,13
4356,tcp,52282952334684,299
4357,tcp,52282952343054,145
4358,tcp,52282952345394,21
4359,tcp,52282952347194,15
4360,tcp,52282952348904,13
4361,tcp,52283126665404,13
4362,tcp,52283126680164,13
4363,tcp,52283126682234,13
4364,tcp,52283126683854,13
4365,tcp,52283152546074,13
4366,tcp,52283352814434,13
4367,tcp,52283352828474,13
4368,tcp,52283352832704,1778
4369,tcp,52283352835854,488
4370,tcp,52283352838464,74
4371,tcp,52283383618464,19
4372,tcp,52283553067044,71
4373,tcp,52283553080274,20
4374,tcp,52283553082614,13
4375,tcp,52283553084684,13
4376,tcp,52283591910414,13
4377,tcp,52283633608494,13
4378,tcp,52283753369424,13
4379,tcp,52283753382924,13
4380,tcp,52283792157444,355
4381,tcp,52283833898004,142
4382,tcp,52283953571004,21
4383,tcp,52283953578564,15
4384,tcp,52283953580004,13
4385,tcp,52283992553244,13
4386,tcp,52284008641104,13
4387,tcp,52284050297424,13
4388,tcp,52284153826494,13
4389,tcp,52284153840714,13
4390,tcp,52284192779304,13
4391,tcp,52284216867894,13
4392,tcp,52284258739224,1336
4393,tcp,52284612217464,562
4394,tcp,52284612227634,128
4395,tcp,52284612232314,27
4396,tcp,52284612233574,15
4397,tcp,52284612234744,13
4398,tcp,52284612236004,13
4399,tcp,52284612236994,13
4400,tcp,52284612238074,13
4401,tcp,52284633648804,13
4402,tcp,52284794476644,13
4403,tcp,52284794492034,13
4404,tcp,52284794494554,242
4405,tcp,52284812542074,72
4406,tcp,52284841910424,31
4407,tcp,52284994731504,13
4408,tcp,52284994745274,13
4409,tcp,52284994747794,13
4410,tcp,52285008638304,13
4411,tcp,52285050299934,13
4412,tcp,52285091901174,13
4413,tcp,52285194950364,13
4414,tcp,52285194960354,13
4415,tcp,52285217062554,13
4416,tcp,52285258604214,1517
4417,tcp,52285300370514,536
4418,tcp,52285395338334,49
4419,tcp,52285395360384,19
4420,tcp,52285425320754,26
4421,tcp,52285724299224,13
4422,tcp,52285724310114,13
4423,tcp,52285724311464,13
4424,tcp,52285724312724,13
4425,tcp,52285724313714,13
4426,tcp,52285724314794,13
4427,tcp,52285750464294,13
4428,tcp,52285910196744,323
4429,tcp,52285910204664,139
4430,tcp,52285910206554,18
4431,tcp,52285910207814,13
4432,tcp,52285925277594,13
4433,tcp,52285967071344,13
4434,tcp,52286110514964,13
4435,tcp,52286110523964,13
4436,tcp,52286110525314,13
4437,tcp,52286133744504,13
4438,tcp,52286175276714,13
4439,tcp,52286216988024,13
4440,tcp,52286310744444,1757
4441,tcp,52286310755064,535
4442,tcp,52286341925034,74
4443,tcp,52286417306244,17
4444,tcp,52286425240464,13
4445,tcp,52286510931354,13
4446,tcp,52286510940894,13
4447,tcp,52286804363124,13
4448,tcp,52286804372664,13
4449,tcp,52286804373924,13
4450,tcp,52286804375364,13
4451,tcp,52286804376534,13
4452,tcp,52286804377974,201
4453,tcp,52286833859994,83
4454,tcp,52286993658864,22
4455,tcp,52286993680734,13
4456,tcp,52286993682804,18
4457,tcp,52286993684424,13
4458,tcp,52287008738364,13
4459,tcp,52287050245824,13
4460,tcp,52287193867374,13
4461,tcp,52287193880244,13
4462,tcp,52287193882584,13
4463,tcp,52287216894324,13
4464,tcp,52287258606984,1917
4465,tcp,52287394103154,749
4466,tcp,52287394112334,100
4467,tcp,52287394114404,23
4468,tcp,52287425401464,13
4469,tcp,52287466883904,13
4470,tcp,52287508723464,13
4471,tcp,52287550354584,13
4472,tcp,52287594460524,13
4473,tcp,52287633617544,13
4474,tcp,52287675214644,13
4475,tcp,52287717042864,13
4476,tcp,52287758582814,282
4477,tcp,52287800450364,152
4478,tcp,52287841869354,16
4479,tcp,52287883639434,13
4480,tcp,52287925271544,13
4481,tcp,52287966957384,13
4482,tcp,52288008559884,13
4483,tcp,52288050261654,13
4484,tcp,52288091976564,13
4485,tcp,52288133645844,13
4486,tcp,52288175283894,13
4487,tcp,52288217173314,13
4488,tcp,52288258767174,1104
4489,tcp,52288300361484,380
4490,tcp,52288341941664,48
4491,tcp,52288383603744,24
4492,tcp,52288425406134,19
4493,tcp,52288466924754,13
4494,tcp,52288508677824,13
4495,tcp,52288550304624,13
4496,tcp,52288592087034,13
4497,tcp,52288633629054,13
4498,tcp,52288675353864,13
4499,tcp,52288716969864,13
4500,tcp,52288917347664,8374
4501,tcp,52288917363684,107
4502,tcp,52288917365754,19
4503,tcp,52288917366924,16
4504,tcp,52289034193854,13
4505,tcp,52289034215544,13
4506,tcp,52289034217884,13
4507,tcp,52289050273974,13
4508,tcp,52289091874404,13
4509,tcp,52289133816204,13
4510,tcp,52289175242574,13
4511,tcp,52289217030204,13
4512,tcp,52289258653764,1920
4513,tcp,52289300438604,555
4514,tcp,52289341975494,129
4515,tcp,52289640206874,28
4516,tcp,52289640216504,35
4517,tcp,52289640218124,13
4518,tcp,52289640219294,13
4519,tcp,52289640220374,13
4520,tcp,52289640221364,13
4521,tcp,52289640222444,13
4522,tcp,52289751550914,13
4523,tcp,52289751563334,13
4524,tcp,52289793275904,165
4525,tcp,52289834976144,69
4526,tcp,52289842039614,22
4527,tcp,52289951782734,15
4528,tcp,52289951790564,13
4529,tcp,52289966904264,13
4530,tcp,52290035246574,13
4531,tcp,52290050241744,13
4532,tcp,52290352109664,13
4533,tcp,52290352118574,13
4534,tcp,52290352119834,13
4535,tcp,52290352120914,13
4536,tcp,52290352122894,1590
4537,tcp,52290417088944,647
4538,tcp,52290417101724,45
4539,tcp,52290417103614,24
4540,tcp,52290459820944,13
4541,tcp,52290467119044,13
4542,tcp,52290552360024,13
4543,tcp,52290552373344,13
4544,tcp,52290617344794,13
4545,tcp,52290660123774,13
4546,tcp,52290675374094,13
4547,tcp,52290716997474,13
4548,tcp,52290758593044,330
4549,tcp,52290817574004,150
4550,tcp,52290860446944,17
4551,tcp,52290883794924,13
4552,tcp,52290925324794,13
4553,tcp,52290967026924,13
4554,tcp,52291017917154,13
4555,tcp,52291060717194,13
4556,tcp,52291092122964,13
4557,tcp,52291133665164,13
4558,tcp,52291175366754,13
4559,tcp,52291218338334,13
4560,tcp,52291292497704,2348
4561,tcp,52291333984914,880
4562,tcp,52291341945864,200
4563,tcp,52291383562764,29
4564,tcp,52291425282354,18
4565,tcp,52291492729344,13
4566,tcp,52291508681664,13
4567,tcp,52291550396484,13
4568,tcp,52291592184204,13
4569,tcp,52291633608594,13
4570,tcp,52291675238634,13
4571,tcp,52291716967674,13
4572,tcp,52291759022064,232
4573,tcp,52291800273744,90
4574,tcp,52291841936544,13
4575,tcp,52291883708694,13
4576,tcp,52291925253144,13
4577,tcp,52291967037174,13
4578,tcp,52292008820034,13
4579,tcp,52292050347294,13
4580,tcp,52292091966264,13
4581,tcp,52292133740844,13
4582,tcp,52292175219774,13
4583,tcp,52292216937204,13
4584,tcp,52292258662824,847
4585,tcp,52292300346144,372
4586,tcp,52292341878624,58
4587,tcp,52292383665264,33
4588,tcp,52292425367214,34
4589,tcp,52292466970974,18
4590,tcp,52292508590034,13
4591,tcp,52292550252294,13
4592,tcp,52292592090864,13
4593,tcp,52292633557194,13
4594,tcp,52292675535444,13
4595,tcp,52292716890264,13
4596,tcp,52292758616244,301
4597,tcp,52292800304334,151
4598,tcp,52292842012494,18
4599,tcp,52292883556314,13
4600,tcp,52292925368154,13
4601,tcp,52293224269134,13
4602,tcp,52293224286324,13
4603,tcp,52293224288664,13
4604,tcp,52293224290554,13
4605,tcp,52293224292264,13
4606,tcp,52293224294064,13
4607,tcp,52293224295774,13
4608,tcp,52293376532394,1785
4609,tcp,52293376541754,472
4610,tcp,52293376543554,87
4611,tcp,52293418308504,27
4612,tcp,52293425226984,92
4613,tcp,52293576768534,24
4614,tcp,52293576776904,13
4615,tcp,52293576778254,13
4616,tcp,52293592064574,13
4617,tcp,52293633598224,13
4618,tcp,52293675254094,13
4619,tcp,52293717128124,13
4620,tcp,52293777152454,348
4621,tcp,52293800387664,159
4622,tcp,52293841978284,24
4623,tcp,52293883703634,13
4624,tcp,52293925323864,13
4625,tcp,52293966870474,13
4626,tcp,52294008779064,13
4627,tcp,52294050273924,13
4628,tcp,52294092082974,13
4629,tcp,52294133802564,13
4630,tcp,52294175263854,13
4631,tcp,52294216878414,13
4632,tcp,52294258690704,1484
4633,tcp,52294300348374,540
4634,tcp,52294342018014,163
4635,tcp,52294383607644,29
4636,tcp,52294425287184,13
4637,tcp,52294467109464,13
4638,tcp,52294508675064,13
4639,tcp,52294550350644,13
4640,tcp,52294592090574,13
4641,tcp,52294633873434,13
4642,tcp,52294675340304,13
4643,tcp,52294717093194,13
4644,tcp,52294758694974,279
4645,tcp,52294800325194,97
4646,tcp,52294841942184,22
4647,tcp,52294883624514,13
4648,tcp,52294925216754,13
4649,tcp,52294966973604,13
4650,tcp,52295008626414,13
4651,tcp,52295050364634,13
4652,tcp,52295091962184,13
4653,tcp,52295133823344,13
4654,tcp,52295175281574,13
4655,tcp,52295217025914,13
4656,tcp,52295258860884,1365
4657,tcp,52295300476614,461
4658,tcp,52295341978134,33
4659,tcp,52295383637154,13
4660,tcp,52295425377264,13
4661,tcp,52295724216954,13
4662,tcp,52295724226314,13
4663,tcp,52295724227574,13
4664,tcp,52295724228834,13
4665,tcp,52295724229914,13
4666,tcp,52295724230994,13
4667,tcp,52295724231984,13
4668,tcp,52295758876044,326
4669,tcp,52295876649504,150
4670,tcp,52295876664264,16
4671,tcp,52295918252994,13
4672,tcp,52296076822644,13
4673,tcp,52296076831284,13
4674,tcp,52296076832814,13
4675,tcp,52296076833984,13
4676,tcp,52296091843014,13
4677,tcp,52296133610214,13
4678,tcp,52296175218024,13
4679,tcp,52296217039314,13
4680,tcp,52296292183104,2241
4681,tcp,52296334171434,726
4682,tcp,52296375576564,116
4683,tcp,52296417318654,45
4684,tcp,52296425283834,31
4685,tcp,52296492387384,19
4686,tcp,52296508590354,13
4687,tcp,52296550311834,19
4688,tcp,52296591908844,19
4689,tcp,52296633666234,13
4690,tcp,52296675293484,19
4691,tcp,52296716954124,19
4692,tcp,52296758701164,212
4693,tcp,52296800234274,68
4694,tcp,52296841959804,25
4695,tcp,52296883597494,16
4696,tcp,52296925327164,19
4697,tcp,52296966916614,19
4698,tcp,52297008630354,13
4699,tcp,52297050260844,19
4700,tcp,52297091931654,19
4701,tcp,52297133613174,13
4702,tcp,52297175431404,19
4703,tcp,52297216909794,19
4704,tcp,52297258629114,1971
4705,tcp,52297300382724,716
4706,tcp,52297341993504,105
4707,tcp,52297383715614,28
4708,tcp,52297425369774,31
4709,tcp,52297467002244,23
4710,tcp,52297508706714,19
4711,tcp,52297550258724,19
4712,tcp,52297591873374,19
4713,tcp,52297633809054,13
4714,tcp,52297675317144,19
4715,tcp,52297717121784,19
4716,tcp,52297758621774,309
4717,tcp,52297800383664,155
4718,tcp,52297841944944,30
4719,tcp,52297883852364,17
4720,tcp,52297925204484,19
4721,tcp,52297966907064,19
4722,tcp,52298008790364,13
4723,tcp,52298050264614,19
4724,tcp,52298091929754,19
4725,tcp,52298133643314,13
4726,tcp,52298175366414,19
4727,tcp,52298216933454,19
4728,tcp,52298258639094,1110
4729,tcp,52298300278044,453
4730,tcp,52298342127324,46
4731,tcp,52298383550994,23
4732,tcp,52298425324134,22
4733,tcp,52298466926994,23
4734,tcp,52298508777084,15
4735,tcp,52298804245284,19
4736,tcp,52298804254734,19
4737,tcp,52298804256084,13
4738,tcp,52298804257164,19
4739,tcp,52298804258154,19
4740,tcp,52298804260224,334
4741,tcp,52298804261844,144
4742,tcp,52298842157334,25
4743,tcp,52298960071554,17
4744,tcp,52298960081994,19
4745,tcp,52299001720854,19
4746,tcp,52299264272724,13
4747,tcp,52299264288024,19
4748,tcp,52299264290544,19
4749,tcp,52299264292614,13
4750,tcp,52299464419494,8349
4751,tcp,52299464428044,97
4752,tcp,52299644350824,2096
4753,tcp,52299644362704,697
4754,tcp,52299644364414,53
4755,tcp,52299644366214,36
4756,tcp,52299644367654,57
4757,tcp,52299644368914,15
4758,tcp,52299644369904,13
4759,tcp,52299644370984,13
4760,tcp,52299644372064,13
4761,tcp,52299644373144,13
4762,tcp,52299675302004,13
4763,tcp,52299716854554,13
4764,tcp,52299844598934,281
4765,tcp,52299844608654,81
4766,tcp,52299844610274,22
4767,tcp,52299883527894,15
4768,tcp,52299925245864,13
4769,tcp,52299966934674,13
4770,tcp,52300044876024,13
4771,tcp,52300083860964,13
4772,tcp,52300125509994,13
4773,tcp,52300167194574,13
4774,tcp,52300245046554,13
4775,tcp,52300245053754,13
4776,tcp,52300284117084,1424
4777,tcp,52300300565214,693
4778,tcp,52300341861804,50
4779,tcp,52300383710634,25
4780,tcp,52300445529204,13
4781,tcp,52300484295084,13
4782,tcp,52300508603544,13
4783,tcp,52300550286684,13
4784,tcp,52300591970904,13
4785,tcp,52300645846884,13
4786,tcp,52300684621134,13
4787,tcp,52300716992694,13
4788,tcp,52300758625164,203
4789,tcp,52300800460404,104
4790,tcp,52300841996574,22
4791,tcp,52300883743254,13
4792,tcp,52300925353314,13
4793,tcp,52300967044644,13
4794,tcp,52301008732104,13
4795,tcp,52301050298784,13
4796,tcp,52301092124214,13
4797,tcp,52301133606564,13
4798,tcp,52301432244384,13
4799,tcp,52301432254014,13
4800,tcp,52301432256894,3660
4801,tcp,52301432259054,1238
4802,tcp,52301432260764,190
4803,tcp,52301432262024,33
4804,tcp,52301458767294,86
4805,tcp,52301481607764,17
4806,tcp,52301618473734,13
4807,tcp,52301618491554,13
4808,tcp,52301618493714,13
4809,tcp,52301633659254,13
4810,tcp,52301675387034,13
4811,tcp,52301717085474,13
4812,tcp,52301758599504,178
4813,tcp,52301818591974,60
4814,tcp,52301841935454,13
4815,tcp,52301883676194,13
4816,tcp,52301925275814,13
4817,tcp,52301966962014,13
4818,tcp,52302008844504,13
4819,tcp,52302050402544,13
4820,tcp,52302091913694,13
4821,tcp,52302133668744,13
4822,tcp,52302175270974,13
4823,tcp,52302217000554,13
4824,tcp,52302258657684,864
4825,tcp,52302300377004,505
4826,tcp,52302342116934,48
4827,tcp,52302383722854,31
4828,tcp,52302425267574,31
4829,tcp,52302466927494,30
4830,tcp,52302508718724,25
4831,tcp,52302550263984,28
4832,tcp,52302591986274,28
4833,tcp,52302633595074,25
4834,tcp,52302675320334,29
4835,tcp,52302716902044,28
4836,tcp,52302758691204,321
4837,tcp,52302800326464,168
4838,tcp,52302842230374,38
4839,tcp,52302883571514,31
4840,tcp,52302925385064,34
4841,tcp,52302966931854,32
4842,tcp,52303008683034,25
4843,tcp,52303050278694,28
4844,tcp,52303091945274,28
4845,tcp,52303133612304,25
4846,tcp,52303175257914,29
4847,tcp,52303217004234,28
4848,tcp,52303542186114,1444
4849,tcp,52303542197454,579
4850,tcp,52303542199434,58
4851,tcp,52303542201504,17
4852,tcp,52303542202674,23
4853,tcp,52303542203844,13
4854,tcp,52303542204834,13
4855,tcp,52303668315264,13
4856,tcp,52303668329394,13
4857,tcp,52303668331464,13
4858,tcp,52303709896074,13
4859,tcp,52303716992484,13
4860,tcp,52303758715854,345
4861,tcp,52303868505684,132
4862,tcp,52303868513874,20
4863,tcp,52303883607234,13
4864,tcp,52303925353644,13
4865,tcp,52303966954254,13
4866,tcp,52304008703724,13
4867,tcp,52304068782414,13
4868,tcp,52304091959304,13
4869,tcp,52304133585834,13
4870,tcp,52304175425484,13
4871,tcp,52304216977314,13
4872,tcp,52304269052394,1477
4873,tcp,52304300395524,581
4874,tcp,52304341963734,123
4875,tcp,52304640178554,33
4876,tcp,52304640188004,13
4877,tcp,52304640189354,13
4878,tcp,52304640190704,13
4879,tcp,52304640191784,13
4880,tcp,52304640192954,13
4881,tcp,52304640194034,13
4882,tcp,52304675393484,13
4883,tcp,52304793314634,13
4884,tcp,52304793327414,283
4885,tcp,52304834928474,81
4886,tcp,52304841972954,55
4887,tcp,52304883644664,13
4888,tcp,52304993654634,13
4889,tcp,52304993685144,13
4890,tcp,52305008585904,13
4891,tcp,52305050264994,13
4892,tcp,52305092085114,13
4893,tcp,52305133623354,13
4894,tcp,52305193864044,13
4895,tcp,52305216895224,13
4896,tcp,52305258623544,1564
4897,tcp,52305300285354,544
4898,tcp,52305341897034,48
4899,tcp,52305394324914,13
4900,tcp,52305425312544,13
4901,tcp,52305467049594,13
4902,tcp,52305508681434,13
4903,tcp,52305550242174,13
4904,tcp,52305848363034,13
4905,tcp,52305848386524,13
4906,tcp,52305848388324,13
4907,tcp,52305848389854,13
4908,tcp,52305848393454,310
4909,tcp,52305848396244,142
4910,tcp,52305848397864,21
4911,tcp,52305883750674,13
4912,tcp,52306001636814,13
4913,tcp,52306001647974,13
4914,tcp,52306043210604,13
4915,tcp,52306050281634,13
4916,tcp,52306091909784,13
4917,tcp,52306201913994,13
4918,tcp,52306201932084,13
4919,tcp,52306216905294,13
4920,tcp,52306258527684,1539
4921,tcp,52306300376514,577
4922,tcp,52306402127454,44
4923,tcp,52306402140414,20
4924,tcp,52306425255924,13
4925,tcp,52306467004854,13
4926,tcp,52306508598534,13
4927,tcp,52306550420004,13
4928,tcp,52306602355404,13
4929,tcp,52306633573974,13
4930,tcp,52306675329474,13
4931,tcp,52306716902544,13
4932,tcp,52306758717804,56
4933,tcp,52306800256134,52
4934,tcp,52306841958264,13
4935,tcp,52306883573814,13
4936,tcp,52306925414544,13
4937,tcp,52306966895814,13
4938,tcp,52307008648074,13
4939,tcp,52307050276584,13
4940,tcp,52307092121094,13
4941,tcp,52307133708024,13
4942,tcp,52307175341484,13
4943,tcp,52307216968014,13
4944,tcp,52307258821434,1904
4945,tcp,52307300491704,759
4946,tcp,52307342002584,59
4947,tcp,52307383838724,26
4948,tcp,52307425265544,30
4949,tcp,52307467152174,13
4950,tcp,52307508544164,13
4951,tcp,52307550435924,13
4952,tcp,52307591925294,13
4953,tcp,52307633634264,13
4954,tcp,52307675329014,13
4955,tcp,52307716996224,13
4956,tcp,52308016266654,318
4957,tcp,52308016280694,143
4958,tcp,52308016282764,19
4959,tcp,52308016283934,13
4960,tcp,52308016285014,13
4961,tcp,52308016288794,13
4962,tcp,52308016289874,13
4963,tcp,52308050273154,13
4964,tcp,52308168242994,13
4965,tcp,52308168252624,13
4966,tcp,52308209978604,13
4967,tcp,52308216942804,13
4968,tcp,52308258614694,1050
4969,tcp,52308368485524,407
4970,tcp,52308368498034,50
4971,tcp,52308383606064,32
4972,tcp,52308425241954,52
4973,tcp,52308466971624,18
4974,tcp,52308508591314,13
4975,tcp,52308568748574,13
4976,tcp,52308591992694,13
4977,tcp,52308633611484,13
4978,tcp,52308675325044,13
4979,tcp,52308716951934,13
4980,tcp,52308768966624,342
4981,tcp,52308800334504,106
4982,tcp,52308841930704,17
4983,tcp,52308883730034,13
4984,tcp,52309208791044,13
4985,tcp,52309208807064,13
4986,tcp,52309208809314,13
4987,tcp,52309208811384,13
4988,tcp,52309208813184,13
4989,tcp,52309208814984,13
4990,tcp,52309208821284,13
4991,tcp,52309293382494,13
4992,tcp,52309334960694,2138
4993,tcp,52309334972844,641
4994,tcp,52309376644914,134
4995,tcp,52309408988754,23
4996,tcp,52309535154534,92
4997,tcp,52309535162994,16
4998,tcp,52309535164434,13
4999,tcp,52309550255814,13
5000,tcp,52309792475514,9454
5001,tcp,52309792496034,118
5002,tcp,52309792498914,104
5003,tcp,52309792501884,63
5004,tcp,52309792504584,236
5005,tcp,52309805089914,76
5006,tcp,52309872288774,20
5007,tcp,52309950934734,13
5008,tcp,52309950947064,13
5009,tcp,52309966895964,13
5010,tcp,52310008648854,13
5011,tcp,52310050552404,13
5012,tcp,52310092116924,13
5013,tcp,52310133685404,13
5014,tcp,52310175200514,13
5015,tcp,52310216970144,13
5016,tcp,52310258592894,1550
5017,tcp,52310300395284,684
5018,tcp,52310341934874,53
5019,tcp,52310383852194,19
5020,tcp,52310425253994,79
5021,tcp,52310466932454,19
5022,tcp,52310508687054,13
5023,tcp,52310550325284,13
5024,tcp,52310591982594,13
5025,tcp,52310633738724,13
5026,tcp,52310675279304,13
5027,tcp,52310717090334,13
5028,tcp,52310758796964,321
5029,tcp,52310800392714,141
5030,tcp,52310841934284,18
5031,tcp,52310883528954,13
5032,tcp,52310925351054,13
5033,tcp,52310966939154,13
5034,tcp,52311008699874,13
5035,tcp,52311050256474,13
5036,tcp,52311092120064,13
5037,tcp,52311133503144,13
5038,tcp,52311175338564,13
5039,tcp,52311216990924,13
5040,tcp,52311281527224,3199
5041,tcp,52311300239304,1353
5042,tcp,52311342003714,121
5043,tcp,52311383636364,30
5044,tcp,52311425377194,204
5045,tcp,52311466997154,28
5046,tcp,52311508810254,13
5047,tcp,52311550356504,16
5048,tcp,52311591918324,16
5049,tcp,52311633673734,13
5050,tcp,52311675248874,16
5051,tcp,52311716987904,16
5052,tcp,52311758571774,220
5053,tcp,52311800502954,70
5054,tcp,52311842010144,78
5055,tcp,52311883816584,15
5056,tcp,52311925274904,16
5057,tcp,52311967027434,16
5058,tcp,52312008649014,13
5059,tcp,52312050428274,16
5060,tcp,52312091980644,16
5061,tcp,52312133843784,13
5062,tcp,52312175360874,16
5063,tcp,52312217014494,16
5064,tcp,52312258658934,630
5065,tcp,52312300318854,361
5066,tcp,52312342012794,32
5067,tcp,52312383627804,13
5068,tcp,52312425677064,16
5069,tcp,52312466938464,16
5070,tcp,52312508567784,13
5071,tcp,52312550235804,16
5072,tcp,52312591919124,16
5073,tcp,52312633616304,13
5074,tcp,52312675415364,16
5075,tcp,52312716949464,16
5076,tcp,52312758702084,337
5077,tcp,52312800400524,137
5078,tcp,52312841946324,21
5079,tcp,52312883669604,13
5080,tcp,52313180256324,16
5081,tcp,52313180268744,16
5082,tcp,52313180274054,13
5083,tcp,52313180276484,16
5084,tcp,52313180278464,16
5085,tcp,52313180280534,13
5086,tcp,52313180282514,16
5087,tcp,52313217094944,16
5088,tcp,52313376589614,1796
5089,tcp,52313376604734,473
5090,tcp,52313376607344,86
5091,tcp,52313383646964,24
5092,tcp,52313425325064,29
5093,tcp,52313576773284,25
5094,tcp,52313576783724,13
5095,tcp,52313576785074,16
5096,tcp,52313591953674,16
5097,tcp,52313633682894,13
5098,tcp,52313675329494,16
5099,tcp,52313716898334,16
5100,tcp,52313758641324,355
5101,tcp,52313800480704,147
5102,tcp,52313841951984,18
5103,tcp,52313883545124,13
5104,tcp,52313925337614,16
5105,tcp,52313966959554,16
5106,tcp,52314008646654,13
5107,tcp,52314050358774,16
5108,tcp,52314092111214,16
5109,tcp,52314133712544,13
5110,tcp,52314175471824,16
5111,tcp,52314217088454,16
5112,tcp,52314258728394,1459
5113,tcp,52314300394074,584
5114,tcp,52314341957064,141
5115,tcp,52314383719044,24
5116,tcp,52314425225604,21
5117,tcp,52314724192284,16
5118,tcp,52314724203264,13
5119,tcp,52314724204794,16
5120,tcp,52314724205964,16
5121,tcp,52314876613044,13
5122,tcp,52314876623934,16
5123,tcp,52314876626094,16
5124,tcp,52314876628704,273
5125,tcp,52314918239754,84
5126,tcp,52314918253254,30
5127,tcp,52314918255414,15
5128,tcp,52314925277214,16
5129,tcp,52314967029564,16
5130,tcp,52315076879424,13
5131,tcp,52315076894994,16
5132,tcp,52315118520534,16
5133,tcp,52315133617944,13
5134,tcp,52315175334474,16
5135,tcp,52315217043624,16
5136,tcp,52315318736604,1529
5137,tcp,52315318746144,506
5138,tcp,52315342012854,40
5139,tcp,52315383602844,16
5140,tcp,52315425320724,16
5141,tcp,52315466991174,16
5142,tcp,52315519120704,13
5143,tcp,52315550297964,16
5144,tcp,52315592157504,16
5145,tcp,52315633689624,13
5146,tcp,52315675324974,16
5147,tcp,52315716933864,16
5148,tcp,52315758581004,326
5149,tcp,52315800422544,143
5150,tcp,52315841978064,18
5151,tcp,52315883644104,13
5152,tcp,52315925238954,16
5153,tcp,52315966998144,16
5154,tcp,52316008764084,13
5155,tcp,52316050353174,16
5156,tcp,52316091941364,16
5157,tcp,52316133648264,13
5158,tcp,52316175247704,16
5159,tcp,52316217031914,16
5160,tcp,52316258606514,1692
5161,tcp,52316300352294,683
5162,tcp,52316341973424,77
5163,tcp,52316383685094,25
5164,tcp,52316425199754,16
5165,tcp,52316466954624,16
5166,tcp,52316508738114,13
5167,tcp,52316550213894,16
5168,tcp,52316591950044,16
5169,tcp,52316633610234,13
5170,tcp,52316675375454,16
5171,tcp,52316716895874,16
5172,tcp,52316758766124,229
5173,tcp,52316800411824,96
5174,tcp,52316842021074,16
5175,tcp,52316883583434,13
5176,tcp,52316925328044,16
5177,tcp,52316966925594,16
5178,tcp,52317008751474,13
5179,tcp,52317050301594,16
5180,tcp,52317092148444,16
5181,tcp,52317133705944,13
5182,tcp,52317175347414,16
5183,tcp,52317217008504,16
5184,tcp,52317258617574,1994
5185,tcp,52317300501234,779
5186,tcp,52317341894844,96
5187,tcp,52317383718024,22
5188,tcp,52317425283714,16
5189,tcp,52317466959564,16
5190,tcp,52317508658994,13
5191,tcp,52317804279474,16
5192,tcp,52317804294324,16
5193,tcp,52317804296754,13
5194,tcp,52317804298374,16
5195,tcp,52317804300084,16
5196,tcp,52317804302514,243
5197,tcp,52317804304584,128
5198,tcp,52317841906314,23
5199,tcp,52317960079014,13
5200,tcp,52317960092064,16
5201,tcp,52318001561724,16
5202,tcp,52318008645804,13
5203,tcp,52318050228594,16
5204,tcp,52318160349264,16
5205,tcp,52318160363034,13
5206,tcp,52318175462604,16
5207,tcp,52318216926414,16
5208,tcp,52318258717914,1069
5209,tcp,52318300324644,388
5210,tcp,52318360668204,49
5211,tcp,52318383583014,25
5212,tcp,52318425381444,22
5213,tcp,52318466959374,16
5214,tcp,52318508618484,13
5215,tcp,52318550427354,16
5216,tcp,52318591933914,16
5217,tcp,52318633666644,13
5218,tcp,52318675283724,16
5219,tcp,52318717129044,16
5220,tcp,52318758598974,349
5221,tcp,52318800416394,123
5222,tcp,52318841872824,21
5223,tcp,52318883606724,13
5224,tcp,52318925187804,16
5225,tcp,52318966921794,16
5226,tcp,52319008591974,13
5227,tcp,52319050382034,16
5228,tcp,52319091922074,16
5229,tcp,52319133877374,13
5230,tcp,52319175331824,16
5231,tcp,52319217105954,16
5232,tcp,52319258704224,2212
5233,tcp,52319300318154,740
5234,tcp,52319341907244,100
5235,tcp,52319383512354,26
5236,tcp,52319425324464,16
5237,tcp,52319466908064,16
5238,tcp,52319508575814,13
5239,tcp,52319550234654,16
5240,tcp,52319592061794,16
5241,tcp,52319633593464,13
5242,tcp,52319675347434,16
5243,tcp,52319716876674,16
5244,tcp,52319758776804,286
5245,tcp,52319800307574,86
5246,tcp,52319842053804,18
5247,tcp,52319883609774,13
5248,tcp,52319925488124,16
5249,tcp,52319966968314,16
5250,tcp,52320167194014,9493
5251,tcp,52320167240454,196
5252,tcp,52320167242974,73
5253,tcp,52320167244144,75
5254,tcp,52320208925394,79
5255,tcp,52320216931884,67
5256,tcp,52320258569934,1544
5257,tcp,52320325889664,774
5258,tcp,52320341896884,113
5259,tcp,52320383739234,24
5260,tcp,52320425254884,55
5261,tcp,52320466950804,57
5262,tcp,52320508546644,13
5263,tcp,52320550354074,55
5264,tcp,52320591901404,52
5265,tcp,52320633716124,13
5266,tcp,52320675326994,52
5267,tcp,52320716879004,52
5268,tcp,52320758609304,310
5269,tcp,52320800295324,178
5270,tcp,52320842088444,57
5271,tcp,52321140475614,16
5272,tcp,52321140493434,52
5273,tcp,52321140495774,52
5274,tcp,52321293273384,13
5275,tcp,52321293283194,52
5276,tcp,52321293284724,52
5277,tcp,52321293285804,13
5278,tcp,52321293286794,52
5279,tcp,52321334936184,52
5280,tcp,52321340660184,2616
5281,tcp,52321375411074,1122
5282,tcp,52321375424664,124
5283,tcp,52321493465604,35
5284,tcp,52321493476584,129
5285,tcp,52321493479014,59
5286,tcp,52321540922604,13
5287,tcp,52321804247484,52
5288,tcp,52321804259094,52
5289,tcp,52321804260534,13
5290,tcp,52321804261614,52
5291,tcp,52321804263144,52
5292,tcp,52321804264494,234
5293,tcp,52321833819414,136
5294,tcp,52321993398324,59
5295,tcp,52321993406424,13
5296,tcp,52321993407954,55
5297,tcp,52321993409124,52
5298,tcp,52322008699044,13
5299,tcp,52322193671364,52
5300,tcp,52322193683604,52
5301,tcp,52322193686124,13
5302,tcp,52322193688014,52
5303,tcp,52322216927634,52
5304,tcp,52322258841174,853
5305,tcp,52322300260164,234
5306,tcp,52322393902644,85
5307,tcp,52322393912544,17
5308,tcp,52322425279164,59
5309,tcp,52322466981564,55
5310,tcp,52322508621414,13
5311,tcp,52322594152554,52
5312,tcp,52322594163174,52
5313,tcp,52322633698824,13
5314,tcp,52322675377194,52
5315,tcp,52322716974564,52
5316,tcp,52322794468974,323
5317,tcp,52322833908774,187
5318,tcp,52322875588224,62
5319,tcp,52322883642414,18
5320,tcp,52322925217914,52
5321,tcp,52322994659664,52
5322,tcp,52323034118454,13
5323,tcp,52323075882324,52
5324,tcp,52323091880274,52
5325,tcp,52323133630374,13
5326,tcp,52323194921364,52
5327,tcp,52323234344514,52
5328,tcp,52323276175794,1279
5329,tcp,52323300518724,376
5330,tcp,52323341957064,148
5331,tcp,52323383702574,24
5332,tcp,52323425190504,55
5333,tcp,52323467078394,57
5334,tcp,52323508577844,13
5335,tcp,52323550279614,52
5336,tcp,52323592097214,52
5337,tcp,52323633588114,13
5338,tcp,52323675440994,52
5339,tcp,52323716916504,52
5340,tcp,52323758591454,349
5341,tcp,52323800274414,144
5342,tcp,52323842031534,63
5343,tcp,52324140234024,18
5344,tcp,52324140244554,52
5345,tcp,52324140246084,52
5346,tcp,52324140247884,13
5347,tcp,52324140248964,52
5348,tcp,52324140250134,52
5349,tcp,52324140251214,13
5350,tcp,52324175455704,52
5351,tcp,52324293121704,52
5352,tcp,52324334911584,1476
5353,tcp,52324334921124,720
5354,tcp,52324341918714,145
5355,tcp,52324383721464,23
5356,tcp,52324535166714,71
5357,tcp,52324535180124,57
5358,tcp,52324535182374,15
5359,tcp,52324550290404,52
5360,tcp,52324591911444,52
5361,tcp,52324633779264,13
5362,tcp,52324675374024,52
5363,tcp,52324717034394,52
5364,tcp,52324758703044,269
5365,tcp,52324800481674,119
5366,tcp,52324841945664,63
5367,tcp,52324883800884,13
5368,tcp,52324925234724,52
5369,tcp,52324966924974,52
5370,tcp,52325008732044,13
5371,tcp,52325050242474,52
5372,tcp,52325092083474,52
5373,tcp,52325133537114,13
5374,tcp,52325175239784,52
5375,tcp,52325216868474,52
5376,tcp,52325258652684,1526
5377,tcp,52325300322684,572
5378,tcp,52325342038314,69
5379,tcp,52325383602024,15
5380,tcp,52325425357884,52
5381,tcp,52325466965064,52
5382,tcp,52325508639384,13
5383,tcp,52325550206334,52
5384,tcp,52325591996124,52
5385,tcp,52325633679084,13
5386,tcp,52325675191494,52
5387,tcp,52325716979484,52
5388,tcp,52325758596924,333
5389,tcp,52325800460694,181
5390,tcp,52325841938634,58
5391,tcp,52325883676674,13
5392,tcp,52325925329574,52
5393,tcp,52325966973294,52
5394,tcp,52326008729424,13
5395,tcp,52326304312104,52
5396,tcp,52326304327404,52
5397,tcp,52326304330014,13
5398,tcp,52326304331994,52
5399,tcp,52326304333974,52
5400,tcp,52326304337934,2283
5401,tcp,52326304340994,648
5402,tcp,52326342048744,168
5403,tcp,52326418268304,20
5404,tcp,52326501667164,20
5405,tcp,52326501680034,16
5406,tcp,52326508742514,13
5407,tcp,52326550319904,16
5408,tcp,52326618593994,16
5409,tcp,52326633689964,13
5410,tcp,52326701883954,16
5411,tcp,52326716915214,16
5412,tcp,52326758608524,227
5413,tcp,52326818844084,79
5414,tcp,52326841985064,16
5415,tcp,52326883594044,13
5416,tcp,52326925388874,16
5417,tcp,52326966973644,16
5418,tcp,52327008656604,13
5419,tcp,52327050315624,16
5420,tcp,52327091927574,16
5421,tcp,52327133631684,13
5422,tcp,52327175303664,16
5423,tcp,52327216954674,16
5424,tcp,52327258587234,1950
5425,tcp,52327300395114,753
5426,tcp,52327341860724,47
5427,tcp,52327383607224,13
5428,tcp,52327425277854,23
5429,tcp,52327466983674,18
5430,tcp,52327508708214,13
5431,tcp,52327550277594,16
5432,tcp,52327591910154,16
5433,tcp,52327633725414,13
5434,tcp,52327675249884,16
5435,tcp,52327716968394,16
5436,tcp,52327758728934,291
5437,tcp,52327800331344,139
5438,tcp,52327842011694,16
5439,tcp,52327883628954,13
5440,tcp,52327925297874,16
5441,tcp,52327966955364,16
5442,tcp,52328008642104,13
5443,tcp,52328050379244,16
5444,tcp,52328091996324,16
5445,tcp,52328133573084,13
5446,tcp,52328175380424,16
5447,tcp,52328216922354,16
5448,tcp,52328258569134,1105
5449,tcp,52328300361444,398
5450,tcp,52328342042154,52
5451,tcp,52328383629174,23
5452,tcp,52328425377024,35
5453,tcp,52328467107324,18
5454,tcp,52328508531174,13
5455,tcp,52328550263274,16
5456,tcp,52328591932104,16
5457,tcp,52328633768694,13
5458,tcp,52328675200644,16
5459,tcp,52328717161164,16
5460,tcp,52328758626594,224
5461,tcp,52328800295424,106
5462,tcp,52328841888294,22
5463,tcp,52328883668094,13
5464,tcp,52328925196074,16
5465,tcp,52328967007284,16
5466,tcp,52329008586924,13
5467,tcp,52329050344314,16
5468,tcp,52329091925034,16
5469,tcp,52329133585494,13
5470,tcp,52329175268364,16
5471,tcp,52329216910014,16
5472,tcp,52329258806994,2145
5473,tcp,52329300350724,571
5474,tcp,52329342049434,110
5475,tcp,52329383597034,19
5476,tcp,52329425395104,18
5477,tcp,52329466906974,16
5478,tcp,52329508755894,13
5479,tcp,52329550344444,16
5480,tcp,52329591932094,16
5481,tcp,52329633699204,13
5482,tcp,52329675337524,16
5483,tcp,52329716906004,16
5484,tcp,52329758743944,282
5485,tcp,52329800362104,84
5486,tcp,52329841934994,28
5487,tcp,52329883615794,13
5488,tcp,52329925237554,16
5489,tcp,52329967014384,16
5490,tcp,52330008565854,13
5491,tcp,52330050249354,16
5492,tcp,52330091878494,16
5493,tcp,52330133580354,13
5494,tcp,52330175300754,16
5495,tcp,52330481726094,16
5496,tcp,52330481741214,1598
5497,tcp,52330481744634,644
5498,tcp,52330481747424,62
5499,tcp,52330660225974,19
5500,tcp,52330700625624,8910
5501,tcp,52330700633544,142
5502,tcp,52330700635344,28
5503,tcp,52330700638854,39
5504,tcp,52330700640474,16
5505,tcp,52330700641554,13
5506,tcp,52330700642634,16
5507,tcp,52330860290034,16
5508,tcp,52330860300294,322
5509,tcp,52330860302454,169
5510,tcp,52330860303804,24
5511,tcp,52330883683554,16
5512,tcp,52330925491704,16
5513,tcp,52331224380984,16
5514,tcp,52331224396374,13
5515,tcp,52331224398984,16
5516,tcp,52331224401054,16
5517,tcp,52331224402944,13
5518,tcp,52331424476814,16
5519,tcp,52331424486534,16
5520,tcp,52331460966414,3069
5521,tcp,52331460976224,1107
5522,tcp,52331624899974,271
5523,tcp,52331624930574,29
5524,tcp,52331624935344,22
5525,tcp,52331624938764,16
5526,tcp,52331624941374,13
5527,tcp,52331624943444,16
5528,tcp,52331624945064,16
5529,tcp,52331661205524,13
5530,tcp,52331675254074,16
5531,tcp,52331717219004,16
5532,tcp,52331825198934,217
5533,tcp,52331825209824,96
5534,tcp,52331861511594,20
5535,tcp,52331883801084,13
5536,tcp,52331925354444,16
5537,tcp,52332025464684,16
5538,tcp,52332025477284,13
5539,tcp,52332061729014,16
5540,tcp,52332092094024,16
5541,tcp,52332133587444,13
5542,tcp,52332225715494,16
5543,tcp,52332225728004,16
5544,tcp,52332261992694,883
5545,tcp,52332300340434,342
5546,tcp,52332341913594,59
5547,tcp,52332383579004,16
5548,tcp,52332426004464,16
5549,tcp,52332466994334,16
5550,tcp,52332508616814,13
5551,tcp,52332550411554,16
5552,tcp,52332591969774,16
5553,tcp,52332633665784,13
5554,tcp,52332675263244,16
5555,tcp,52332716946024,16
5556,tcp,52332758626374,330
5557,tcp,52332800355504,195
5558,tcp,52332841872144,31
5559,tcp,52332883784064,21
5560,tcp,52332925264704,16
5561,tcp,52332967110114,16
5562,tcp,52333008582744,13
5563,tcp,52333050338874,16
5564,tcp,52333091959914,16
5565,tcp,52333133597244,13
5566,tcp,52333175340234,16
5567,tcp,52333216996644,16
5568,tcp,52333258545594,1688
5569,tcp,52333300374624,573
5570,tcp,52333341939144,136
5571,tcp,52333383528504,25
5572,tcp,52333425279324,18
5573,tcp,52333466973984,16
5574,tcp,52333508685564,13
5575,tcp,52333550425854,16
5576,tcp,52333592074524,16
5577,tcp,52333633607184,13
5578,tcp,52333675330464,16
5579,tcp,52333716960504,16
5580,tcp,52333758819774,350
5581,tcp,52333800370974,177
5582,tcp,52333842039264,20
5583,tcp,52333883624664,15
5584,tcp,52333925488164,16
5585,tcp,52333966971414,16
5586,tcp,52334008763184,13
5587,tcp,52334050486374,16
5588,tcp,52334092139994,16
5589,tcp,52334133651324,13
5590,tcp,52334175289554,16
5591,tcp,52334217050544,16
5592,tcp,52334258577804,1173
5593,tcp,52334300411604,508
5594,tcp,52334342075124,103
5595,tcp,52334383829364,25
5596,tcp,52334425413414,100
5597,tcp,52334467168644,25
5598,tcp,52334508705534,21
5599,tcp,52334550462654,18
5600,tcp,52334591970744,20
5601,tcp,52334633699874,17
5602,tcp,52334675338734,16
5603,tcp,52334717000004,16
5604,tcp,52334758671444,246
5605,tcp,52334800321644,99
5606,tcp,52334842037904,24
5607,tcp,52334883603234,13
5608,tcp,52334925275124,16
5609,tcp,52334966983914,16
5610,tcp,52335008798274,13
5611,tcp,52335050302764,16
5612,tcp,52335092105874,16
5613,tcp,52335133546284,13
5614,tcp,52335175310424,16
5615,tcp,52335216973404,16
5616,tcp,52335258800274,1464
5617,tcp,52335300444084,480
5618,tcp,52335342024534,121
5619,tcp,52335383621634,20
5620,tcp,52335425474784,27
5621,tcp,52335466958394,18
5622,tcp,52335508633794,15
5623,tcp,52335550355634,18
5624,tcp,52335591939234,16
5625,tcp,52335633682044,13
5626,tcp,52335675303174,16
5627,tcp,52335716964264,16
5628,tcp,52335758679444,317
5629,tcp,52335800408394,181
5630,tcp,52335841971114,20
5631,tcp,52335883922364,13
5632,tcp,52335925384644,16
5633,tcp,52335967271184,16
5634,tcp,52336008568404,13
5635,tcp,52336050436584,16
5636,tcp,52336091954574,16
5637,tcp,52336133740764,13
5638,tcp,52336175483664,16
5639,tcp,52336217086074,16
5640,tcp,52336258745634,1441
5641,tcp,52336300347054,608
5642,tcp,52336342091844,107
5643,tcp,52336383658434,19
5644,tcp,52336425391794,21
5645,tcp,52336467073584,16
5646,tcp,52336508683104,13
5647,tcp,52336550397114,16
5648,tcp,52336592189964,16
5649,tcp,52336633696884,13
5650,tcp,52336675342224,16
5651,tcp,52336972180944,16
5652,tcp,52336972190574,201
5653,tcp,52336972192374,99
5654,tcp,52336972193544,19
5655,tcp,52336972194714,16
5656,tcp,52336972195794,16
5657,tcp,52336972196964,16
5658,tcp,52337008593504,13
5659,tcp,52337126747664,16
5660,tcp,52337126762244,16
5661,tcp,52337168528814,13
5662,tcp,52337175272334,16
5663,tcp,52337216893284,16
5664,tcp,52337326936374,1960
5665,tcp,52337326945374,663
5666,tcp,52337368683234,85
5667,tcp,52337383597674,15
5668,tcp,52337425256964,35
5669,tcp,52337527301484,18
5670,tcp,52337527322994,13
5671,tcp,52337550485754,16
5672,tcp,52337592115704,16
5673,tcp,52337633595084,13
5674,tcp,52337675333214,16
5675,tcp,52337716858674,16
5676,tcp,52337758641444,316
5677,tcp,52337800273914,175
5678,tcp,52337841973614,28
5679,tcp,52337883648204,16
5680,tcp,52337925262674,16
5681,tcp,52337966937174,16
5682,tcp,52338008794914,13
5683,tcp,52338050287074,16
5684,tcp,52338092082534,16
5685,tcp,52338133629054,13
5686,tcp,52338175300044,16
5687,tcp,52338216938724,16
5688,tcp,52338258811854,1069
5689,tcp,52338300352254,378
5690,tcp,52338341978244,118
5691,tcp,52338383616384,31
5692,tcp,52338425261544,18
5693,tcp,52338466924164,16
5694,tcp,52338508655184,13
5695,tcp,52338550286934,16
5696,tcp,52338592124424,16
5697,tcp,52338633626754,13
5698,tcp,52338675258774,16
5699,tcp,52338716952804,16
5700,tcp,52338758607954,342
5701,tcp,52338800512224,164
5702,tcp,52338841970094,21
5703,tcp,52338883722264,17
5704,tcp,52338925269684,22
5705,tcp,52338967150374,18
5706,tcp,52339008599424,15
5707,tcp,52339050275094,16
5708,tcp,52339092153714,16
5709,tcp,52339133694384,13
5710,tcp,52339175328294,16
5711,tcp,52339216911894,16
5712,tcp,52339258618704,2113
5713,tcp,52339300303644,703
5714,tcp,52339342015944,53
5715,tcp,52339383549054,31
5716,tcp,52339425325254,71
5717,tcp,52339466870514,26
5718,tcp,52339508587404,18
5719,tcp,52339550303124,16
5720,tcp,52339592306034,16
5721,tcp,52339633825194,13
5722,tcp,52339675277754,16
5723,tcp,52339716879624,16
5724,tcp,52339758568074,161
5725,tcp,52339800278754,87
5726,tcp,52339841878014,20
5727,tcp,52339883668434,13
5728,tcp,52339925194434,16
5729,tcp,52339966867224,16
5730,tcp,52340008555134,13
5731,tcp,52340050365084,16
5732,tcp,52340091979464,16
5733,tcp,52340133732444,13
5734,tcp,52340175225414,16
5735,tcp,52340216957424,16
5736,tcp,52340258595204,1576
5737,tcp,52340300458614,671
5738,tcp,52340341963374,116
5739,tcp,52340383676214,19
5740,tcp,52340425380054,16
5741,tcp,52340466901644,16
5742,tcp,52340508688284,13
5743,tcp,52340550287544,16
5744,tcp,52340875478874,16
5745,tcp,52340875488594,13
5746,tcp,52340875489944,16
5747,tcp,52340875490934,16
5748,tcp,52340875492374,322
5749,tcp,52340875494174,184
5750,tcp,52341075626994,9264
5751,tcp,52341075634194,85
5752,tcp,52341075636444,118
5753,tcp,52341075637704,36
5754,tcp,52341075638874,21
5755,tcp,52341075642654,18
5756,tcp,52341202193904,18
5757,tcp,52341202215594,16
5758,tcp,52341202218024,18
5759,tcp,52341217110864,18
5760,tcp,52341281431164,4032
5761,tcp,52341300782604,1349
5762,tcp,52341402319164,322
5763,tcp,52341402328974,52
5764,tcp,52341425206344,84
5765,tcp,52341467234724,25
5766,tcp,52341508707624,13
5767,tcp,52341550389234,13
5768,tcp,52341592072824,13
5769,tcp,52341633725184,13
5770,tcp,52341675345594,13
5771,tcp,52341716952774,13
5772,tcp,52341758636274,233
5773,tcp,52341800381424,87
5774,tcp,52341841933254,13
5775,tcp,52341883575984,13
5776,tcp,52341925360734,13
5777,tcp,52341966926694,13
5778,tcp,52342008735474,13
5779,tcp,52342050351744,13
5780,tcp,52342092140724,13
5781,tcp,52342133583294,13
5782,tcp,52342175311344,13
5783,tcp,52342216929414,13
5784,tcp,52342258612644,873
5785,tcp,52342300278504,378
5786,tcp,52342341997914,49
5787,tcp,52342383614274,30
5788,tcp,52342425356724,44
5789,tcp,52342466889744,20
5790,tcp,52342508651184,13
5791,tcp,52342550344224,13
5792,tcp,52342591930704,13
5793,tcp,52342633702854,13
5794,tcp,52342675317684,13
5795,tcp,52342716976614,13
5796,tcp,52342758594594,303
5797,tcp,52342800358554,155
5798,tcp,52342841933694,16
5799,tcp,52342884121554,13
5800,tcp,52342925333724,13
5801,tcp,52342967043144,13
5802,tcp,52343008676604,13
5803,tcp,52343050384764,13
5804,tcp,52343091969264,13
5805,tcp,52343133773724,13
5806,tcp,52343175461364,13
5807,tcp,52343217049284,13
5808,tcp,52343258724234,1634
5809,tcp,52343300585394,485
5810,tcp,52343342011944,92
5811,tcp,52343383679784,23
5812,tcp,52343425363734,24
5813,tcp,52343466960654,20
5814,tcp,52343508685104,13
5815,tcp,52343550233694,13
5816,tcp,52343592299694,13
5817,tcp,52343633572794,13
5818,tcp,52343675446014,13
5819,tcp,52343716878414,13
5820,tcp,52343758669554,353
5821,tcp,52343800277724,144
5822,tcp,52343842029714,18
5823,tcp,52343883705384,13
5824,tcp,52343925307524,13
5825,tcp,52343967026034,13
5826,tcp,52344008593254,13
5827,tcp,52344050508144,13
5828,tcp,52344091881414,13
5829,tcp,52344133702614,13
5830,tcp,52344175236354,13
5831,tcp,52344216963774,13
5832,tcp,52344258585624,1475
5833,tcp,52344300311244,594
5834,tcp,52344341910234,131
5835,tcp,52344383733864,23
5836,tcp,52344425200554,16
5837,tcp,52344467128674,13
5838,tcp,52344508898124,13
5839,tcp,52344550366884,13
5840,tcp,52344592141644,13
5841,tcp,52344633665394,13
5842,tcp,52344675329364,13
5843,tcp,52344716929614,13
5844,tcp,52344758720214,285
5845,tcp,52344800337204,86
5846,tcp,52344841983084,16
5847,tcp,52344883587024,13
5848,tcp,52344925278624,13
5849,tcp,52344966931344,13
5850,tcp,52345008711144,13
5851,tcp,52345050216714,13
5852,tcp,52345092100824,13
5853,tcp,52345133588484,13
5854,tcp,52345175542884,13
5855,tcp,52345216919484,13
5856,tcp,52345258668054,956
5857,tcp,52345300295934,430
5858,tcp,52345341954684,36
5859,tcp,52345383673104,16
5860,tcp,52345425289014,13
5861,tcp,52345467062334,13
5862,tcp,52345508772114,13
5863,tcp,52345550355444,13
5864,tcp,52345591972794,13
5865,tcp,52345633580694,13
5866,tcp,52345675254654,13
5867,tcp,52345716968664,13
5868,tcp,52345758629304,327
5869,tcp,52345800240894,148
5870,tcp,52345842058944,16
5871,tcp,52345883644614,13
5872,tcp,52345925306154,13
5873,tcp,52345967242914,13
5874,tcp,52346008984374,13
5875,tcp,52346050241634,13
5876,tcp,52346091944844,13
5877,tcp,52346133567774,13
5878,tcp,52346175307884,13
5879,tcp,52346216862234,13
5880,tcp,52346258775594,1666
5881,tcp,52346300262084,563
5882,tcp,52346341943874,56
5883,tcp,52346383550874,23
5884,tcp,52346425333824,18
5885,tcp,52346466907074,13
5886,tcp,52346508590574,13
5887,tcp,52346550282624,13
5888,tcp,52346592129474,13
5889,tcp,52346633719284,13
5890,tcp,52346675273184,13
5891,tcp,52346716930404,13
5892,tcp,52346758726494,211
5893,tcp,52346800359144,79
5894,tcp,52346841866964,13
5895,tcp,52346883692304,13
5896,tcp,52346925287874,13
5897,tcp,52346967009084,13
5898,tcp,52347008569914,13
5899,tcp,52347050399304,13
5900,tcp,52347091929804,13
5901,tcp,52347133697004,13
5902,tcp,52347175192044,13
5903,tcp,52347216940074,13
5904,tcp,52347258717444,1942
5905,tcp,52347300342084,711
5906,tcp,52347342051324,117
5907,tcp,52347383824734,22
5908,tcp,52347425381334,38
5909,tcp,52347466906254,18
5910,tcp,52347508744824,15
5911,tcp,52347550250124,13
5912,tcp,52347592178874,13
5913,tcp,52347633575634,13
5914,tcp,52347675216924,13
5915,tcp,52347716939574,13
5916,tcp,52347758846544,324
5917,tcp,52347800439234,154
5918,tcp,52347841964154,23
5919,tcp,52347883552434,13
5920,tcp,52347925537884,13
5921,tcp,52347966999174,13
5922,tcp,52348008755934,13
5923,tcp,52348050335304,13
5924,tcp,52348348444824,13
5925,tcp,52348348479564,13
5926,tcp,52348348482444,13
5927,tcp,52348348484334,13
5928,tcp,52348348489194,1103
5929,tcp,52348348492074,472
5930,tcp,52348348494324,118
5931,tcp,52348383609624,28
5932,tcp,52348756296654,17
5933,tcp,52348756308714,13
5934,tcp,52348756311504,13
5935,tcp,52348756313574,13
5936,tcp,52348756315464,13
5937,tcp,52348756317264,13
5938,tcp,52348756319334,13
5939,tcp,52348756320954,13
5940,tcp,52348944586014,338
5941,tcp,52348944601944,128
5942,tcp,52348944605004,23
5943,tcp,52348944607074,15
5944,tcp,52348944608694,13
5945,tcp,52348966951914,13
5946,tcp,52349144803344,13
5947,tcp,52349144812524,13
5948,tcp,52349144813874,13
5949,tcp,52349144815044,13
5950,tcp,52349175280494,13
5951,tcp,52349216979204,13
5952,tcp,52349375491704,2127
5953,tcp,52349375500254,601
5954,tcp,52349375502144,99
5955,tcp,52349417413704,20
5956,tcp,52349575708944,24
5957,tcp,52349575715604,13
5958,tcp,52349575716954,13
5959,tcp,52349575718034,13
5960,tcp,52349591951244,13
5961,tcp,52349633891514,13
5962,tcp,52349776133094,13
5963,tcp,52349776142454,13
5964,tcp,52349776144524,280
5965,tcp,52349800273164,83
5966,tcp,52349841843804,22
5967,tcp,52349883568794,13
5968,tcp,52349976320814,27
5969,tcp,52349976331434,15
5970,tcp,52350008577984,13
5971,tcp,52350083780004,13
5972,tcp,52350091971444,13
5973,tcp,52350176619684,13
5974,tcp,52350176632554,13
5975,tcp,52350217070724,13
5976,tcp,52350284048724,1573
5977,tcp,52350300292014,720
5978,tcp,52350376924134,42
5979,tcp,52350417300294,19
5980,tcp,52350484323834,38
5981,tcp,52350484333914,16
5982,tcp,52350508798254,13
5983,tcp,52350550375374,16
5984,tcp,52350591935394,16
5985,tcp,52350633668124,13
5986,tcp,52350675391674,15
5987,tcp,52350716918844,16
5988,tcp,52350758849844,199
5989,tcp,52351056221004,106
5990,tcp,52351056231174,24
5991,tcp,52351167355614,19
5992,tcp,52351167372894,13
5993,tcp,52351167375414,13
5994,tcp,52351167377124,13
5995,tcp,52351167379014,13
5996,tcp,52351209960264,13
5997,tcp,52351209973854,13
5998,tcp,52351209976554,13
5999,tcp,52351251869124,13
6000,tcp,52351520421834,7659
6001,tcp,52351520439474,94
6002,tcp,52351520442804,36
6003,tcp,52351520444604,21
6004,tcp,52351520446764,13
6005,tcp,52351520448744,13
6006,tcp,52351520450814,13
6007,tcp,52351610545134,13
6008,tcp,52351610560074,13
6009,tcp,52351633748304,13
6010,tcp,52351720851744,13
6011,tcp,52351720871454,13
6012,tcp,52352016233454,176
6013,tcp,52352016246954,70
6014,tcp,52352016249474,19
6015,tcp,52352016251454,13
6016,tcp,52352016253704,13
6017,tcp,52352016255684,13
6018,tcp,52352016257754,13
6019,tcp,52352368471404,13
6020,tcp,52352368484274,13
6021,tcp,52352368485714,13
6022,tcp,52352368487244,13
6023,tcp,52352368488324,13
6024,tcp,52352417132604,861
6025,tcp,52352417142954,336
6026,tcp,52352417144664,42
6027,tcp,52352417146284,29
6028,tcp,52352568600444,35
6029,tcp,52352568612054,35
6030,tcp,52352568613674,25
6031,tcp,52352568614934,28
6032,tcp,52352617394304,28
6033,tcp,52352633748294,25
6034,tcp,52352768986974,28
6035,tcp,52352769006144,28
6036,tcp,52352769008934,318
6037,tcp,52352817727194,151
6038,tcp,52352841931794,38
6039,tcp,52352969376384,29
6040,tcp,52352969393214,34
6041,tcp,52352969395194,36
6042,tcp,52353018009054,27
6043,tcp,52353050386374,31
6044,tcp,52353169636644,31
6045,tcp,52353169648254,27
6046,tcp,52353218586564,31
6047,tcp,52353218610594,31
6048,tcp,52353258661044,1749
6049,tcp,52353369898254,505
6050,tcp,52353369905454,89
6051,tcp,52353418776804,29
6052,tcp,52353458976744,55
6053,tcp,52353466902414,16
6054,tcp,52353570206484,13
6055,tcp,52353570222954,13
6056,tcp,52353619022034,13
6057,tcp,52353659194164,13
6058,tcp,52353675542394,13
6059,tcp,52353716981634,13
6060,tcp,52353770460624,315
6061,tcp,52353819330444,142
6062,tcp,52353859469184,20
6063,tcp,52353883670004,13
6064,tcp,52353925462314,13
6065,tcp,52353970709094,13
6066,tcp,52354019564334,13
6067,tcp,52354059748074,13
6068,tcp,52354091919564,13
6069,tcp,52354133650134,13
6070,tcp,52354175233914,13
6071,tcp,52354217145474,13
6072,tcp,52354259860104,1455
6073,tcp,52354300358124,603
6074,tcp,52354341882774,148
6075,tcp,52354383626034,33
6076,tcp,52354425234834,19
6077,tcp,52354466993754,13
6078,tcp,52354508610834,13
6079,tcp,52354550204694,13
6080,tcp,52354592156034,13
6081,tcp,52354633604994,13
6082,tcp,52354675295154,13
6083,tcp,52354716859584,13
6084,tcp,52354758584214,280
6085,tcp,52354800203364,93
6086,tcp,52354842059574,30
6087,tcp,52354883536344,13
6088,tcp,52354925285274,13
6089,tcp,52354966990734,13
6090,tcp,52355008759734,13
6091,tcp,52355050306974,13
6092,tcp,52355092081824,13
6093,tcp,52355133557424,13
6094,tcp,52355175352164,13
6095,tcp,52355216916774,13
6096,tcp,52355258600004,1519
6097,tcp,52355300408424,475
6098,tcp,52355341937844,41
6099,tcp,52355383657344,15
6100,tcp,52355425226094,13
6101,tcp,52355466923454,13
6102,tcp,52355508626574,13
6103,tcp,52355550343374,13
6104,tcp,52355591910864,13
6105,tcp,52355633638104,13
6106,tcp,52355675319174,13
6107,tcp,52355716919784,13
6108,tcp,52355758631724,305
6109,tcp,52355800438704,133
6110,tcp,52355842109694,22
6111,tcp,52355883678624,15
6112,tcp,52355925587574,13
6113,tcp,52355967053274,13
6114,tcp,52356008732184,13
6115,tcp,52356050313624,13
6116,tcp,52356092063724,13
6117,tcp,52356133543284,13
6118,tcp,52356175262244,13
6119,tcp,52356216985344,13
6120,tcp,52356583894284,1955
6121,tcp,52356583907784,612
6122,tcp,52356583910664,118
6123,tcp,52356583913724,46
6124,tcp,52356583916154,27
6125,tcp,52356583918314,19
6126,tcp,52356583920294,13
6127,tcp,52356626685594,19
6128,tcp,52356626699544,19
6129,tcp,52356701894094,13
6130,tcp,52356701913624,19
6131,tcp,52356717236574,19
6132,tcp,52356758555214,145
6133,tcp,52356800343384,64
6134,tcp,52356841986474,26
6135,tcp,52356883678974,16
6136,tcp,52356925250604,19
6137,tcp,52356967002594,19
6138,tcp,52357008617964,13
6139,tcp,52357050378234,19
6140,tcp,52357348229904,19
6141,tcp,52357348243584,13
6142,tcp,52357348245744,19
6143,tcp,52357348247814,19
6144,tcp,52357348251504,1989
6145,tcp,52357348254204,689
6146,tcp,52357348256364,120
6147,tcp,52357383689904,29
6148,tcp,52357501547874,28
6149,tcp,52357501557234,24
6150,tcp,52357543397694,13
6151,tcp,52357550233464,19
6152,tcp,52357591923984,19
6153,tcp,52357701859524,13
6154,tcp,52357701873744,19
6155,tcp,52357743538254,19
6156,tcp,52357758672294,315
6157,tcp,52357800593574,162
6158,tcp,52357842085554,24
6159,tcp,52357902146694,16
6160,tcp,52357943751714,19
6161,tcp,52357967182224,19
6162,tcp,52358264348364,13
6163,tcp,52358264378964,19
6164,tcp,52358264382204,19
6165,tcp,52358264384454,13
6166,tcp,52358264386884,19
6167,tcp,52358264393454,19
6168,tcp,52358302496484,1048
6169,tcp,52358451741324,426
6170,tcp,52358451748434,41
6171,tcp,52358451750144,21
6172,tcp,52358451751404,19
6173,tcp,52358466904254,19
6174,tcp,52358572275264,13
6175,tcp,52358572284714,19
6176,tcp,52358924242854,19
6177,tcp,52358924252124,13
6178,tcp,52358924253384,19
6179,tcp,52358924254464,19
6180,tcp,52358924272374,273
6181,tcp,52358924274624,126
6182,tcp,52358924275884,28
6183,tcp,52358924276874,16
6184,tcp,52358958905274,19
6185,tcp,52359118316064,19
6186,tcp,52359118323354,13
6187,tcp,52359118324704,19
6188,tcp,52359118325874,19
6189,tcp,52359133578354,13
6190,tcp,52359175265544,19
6191,tcp,52359318659754,19
6192,tcp,52359318678294,2131
6193,tcp,52359318682074,650
6194,tcp,52359342141654,104
6195,tcp,52359383659914,24
6196,tcp,52359518832354,19
6197,tcp,52359518841714,19
6198,tcp,52359518843154,13
6199,tcp,52359550386354,19
6200,tcp,52359591929634,19
6201,tcp,52359633593514,13
6202,tcp,52359675243534,19
6203,tcp,52359719116644,19
6204,tcp,52359758647344,242
6205,tcp,52359800494014,74
6206,tcp,52359875472024,24
6207,tcp,52359883919154,16
6208,tcp,52359925347774,19
6209,tcp,52359966988074,19
6210,tcp,52360008551154,13
6211,tcp,52360075665594,19
6212,tcp,52360092241614,19
6213,tcp,52360133604354,13
6214,tcp,52360175308734,19
6215,tcp,52360216894134,19
6216,tcp,52360292498814,1549
6217,tcp,52360333840584,683
6218,tcp,52360375641894,74
6219,tcp,52360417388214,19
6220,tcp,52360750458864,22
6221,tcp,52360750472274,19
6222,tcp,52360750474704,13
6223,tcp,52360750482534,19
6224,tcp,52360750484784,19
6225,tcp,52360750486854,13
6226,tcp,52360750488834,19
6227,tcp,52360950723444,19
6228,tcp,52360950733794,315
6229,tcp,52360950736224,153
6230,tcp,52360950737574,24
6231,tcp,52360950738834,18
6232,tcp,52360950739824,19
6233,tcp,52361035308144,19
6234,tcp,52361035323624,13
6235,tcp,52361076818754,19
6236,tcp,52361150869674,19
6237,tcp,52361150879304,13
6238,tcp,52361175291084,19
6239,tcp,52361235546444,19
6240,tcp,52361351175474,3245
6241,tcp,52361375625324,1111
6242,tcp,52361375634504,186
6243,tcp,52361435789334,20
6244,tcp,52361435799144,43
6245,tcp,52361477298234,24
6246,tcp,52361508643434,16
6247,tcp,52361550265284,24
6248,tcp,52361591917194,22
6249,tcp,52361633556864,13
6250,tcp,52361877934314,8960
6251,tcp,52361877955194,145
6252,tcp,52361877958254,228
6253,tcp,52361877960684,88
6254,tcp,52361877962844,18
6255,tcp,52361883630234,15
6256,tcp,52361950877784,19
6257,tcp,52361967052404,13
6258,tcp,52362034018434,13
6259,tcp,52362050295024,13
6260,tcp,52362092245104,13
6261,tcp,52362388201104,13
6262,tcp,52362388211004,13
6263,tcp,52362388212264,13
6264,tcp,52362388214694,721
6265,tcp,52362388219104,362
6266,tcp,52362388220544,60
6267,tcp,52362388222074,30
6268,tcp,52362434439324,33
6269,tcp,52362543184794,36
6270,tcp,52362543197934,27
6271,tcp,52362585232884,29
6272,tcp,52362591935004,31
6273,tcp,52362634677894,27
6274,tcp,52362743376924,29
6275,tcp,52362743384664,31
6276,tcp,52362785401704,340
6277,tcp,52362800545284,170
6278,tcp,52362841902354,41
6279,tcp,52362883715454,27
6280,tcp,52362943747344,29
6281,tcp,52362985629834,31
6282,tcp,52363008743004,27
6283,tcp,52363050270804,29
6284,tcp,52363092064824,31
6285,tcp,52363133575434,27
6286,tcp,52363175292774,29
6287,tcp,52363216922994,31
6288,tcp,52363259053344,1505
6289,tcp,52363300317354,563
6290,tcp,52363342000584,90
6291,tcp,52363383618564,13
6292,tcp,52363425274614,13
6293,tcp,52363466893584,13
6294,tcp,52363508770224,13
6295,tcp,52363550368584,13
6296,tcp,52363592113014,13
6297,tcp,52363633526244,13
6298,tcp,52363675238724,13
6299,tcp,52363716929064,13
6300,tcp,52363758613464,308
6301,tcp,52363800309024,140
6302,tcp,52363841934024,18
6303,tcp,52363883632824,13
6304,tcp,52363925407314,13
6305,tcp,52363966935834,13
6306,tcp,52364008672704,13
6307,tcp,52364050391214,13
6308,tcp,52364092049694,13
6309,tcp,52364133726174,13
6310,tcp,52364175272424,13
6311,tcp,52364216942154,13
6312,tcp,52364258659584,1453
6313,tcp,52364300476194,612
6314,tcp,52364341868814,135
6315,tcp,52364640215214,28
6316,tcp,52364640224214,15
6317,tcp,52364640225564,13
6318,tcp,52364640226734,13
6319,tcp,52364640227904,13
6320,tcp,52364640228984,13
6321,tcp,52364640229974,13
6322,tcp,52364675304684,13
6323,tcp,52364793254094,13
6324,tcp,52364793266964,267
6325,tcp,52364834855334,81
6326,tcp,52364841988014,41
6327,tcp,52364883643254,15
6328,tcp,52364993457204,13
6329,tcp,52364993464314,13
6330,tcp,52365035085984,13
6331,tcp,52365050240094,13
6332,tcp,52365091918554,13
6333,tcp,52365133701324,13
6334,tcp,52365193966584,13
6335,tcp,52365235231314,13
6336,tcp,52365258614754,1554
6337,tcp,52365300301044,572
6338,tcp,52365341904804,37
6339,tcp,52365394134954,16
6340,tcp,52365435495174,13
6341,tcp,52365467027304,13
6342,tcp,52365508560954,13
6343,tcp,52365550401954,13
6344,tcp,52365591961704,13
6345,tcp,52365633708294,13
6346,tcp,52365675192264,13
6347,tcp,52365717009594,13
6348,tcp,52365758771574,327
6349,tcp,52365800516814,146
6350,tcp,52365842010684,26
6351,tcp,52365883677354,15
6352,tcp,52365925443474,13
6353,tcp,52365966908004,13
6354,tcp,52366008626064,13
6355,tcp,52366050208404,13
6356,tcp,52366092087654,13
6357,tcp,52366133606994,13
6358,tcp,52366175341884,13
6359,tcp,52366216937634,13
6360,tcp,52366258801224,1750
6361,tcp,52366300545654,678
6362,tcp,52366342019004,64
6363,tcp,52366383534024,25
6364,tcp,52366425335424,32
6365,tcp,52366466990664,13
6366,tcp,52366508544474,13
6367,tcp,52366550308344,13
6368,tcp,52366591892034,13
6369,tcp,52366633790364,13
6370,tcp,52366675221504,13
6371,tcp,52366716888534,13
6372,tcp,52366758594174,230
6373,tcp,52366800322494,87
6374,tcp,52366841998254,15
6375,tcp,52366883713884,13
6376,tcp,52366925211174,13
6377,tcp,52366966992954,13
6378,tcp,52367008605174,13
6379,tcp,52367050493694,13
6380,tcp,52367091980184,13
6381,tcp,52367133702564,13
6382,tcp,52367175331344,13
6383,tcp,52367216966424,13
6384,tcp,52367258606994,1644
6385,tcp,52367300267274,699
6386,tcp,52367341998744,46
6387,tcp,52367383641474,30
6388,tcp,52367425352514,22
6389,tcp,52367466900564,13
6390,tcp,52367508597654,13
6391,tcp,52367550237324,13
6392,tcp,52367592182814,13
6393,tcp,52367633681904,13
6394,tcp,52367675392404,13
6395,tcp,52367716928214,13
6396,tcp,52367758699734,240
6397,tcp,52367800278294,131
6398,tcp,52367842083474,21
6399,tcp,52367883670224,13
6400,tcp,52367925296304,13
6401,tcp,52367967063954,13
6402,tcp,52368008570604,13
6403,tcp,52368050379564,13
6404,tcp,52368091932924,13
6405,tcp,52368133669254,13
6406,tcp,52368175333224,13
6407,tcp,52368472319544,13
6408,tcp,52368472339344,1102
6409,tcp,52368472342854,409
6410,tcp,52368472345644,141
6411,tcp,52368472347714,36
6412,tcp,52368472349514,13
6413,tcp,52368472351134,13
6414,tcp,52368508754244,13
6415,tcp,52368626654964,13
6416,tcp,52368626669814,13
6417,tcp,52368924345084,13
6418,tcp,52368924360474,13
6419,tcp,52368924362454,13
6420,tcp,52368924365874,307
6421,tcp,52368924368754,147
6422,tcp,52368924370554,19
6423,tcp,52368924371994,13
6424,tcp,52369043392314,13
6425,tcp,52369043408514,13
6426,tcp,52369043410764,13
6427,tcp,52369085024514,13
6428,tcp,52369124468364,13
6429,tcp,52369243569954,13
6430,tcp,52369243578324,13
6431,tcp,52369243579764,13
6432,tcp,52369324685154,2125
6433,tcp,52369324695234,628
6434,tcp,52369345639494,85
6435,tcp,52369443966114,30
6436,tcp,52369443975474,15
6437,tcp,52369525114344,13
6438,tcp,52369525131534,13
6439,tcp,52369550251614,13
6440,tcp,52369591974534,13
6441,tcp,52369644354804,13
6442,tcp,52369725266244,13
6443,tcp,52369725275424,13
6444,tcp,52369758585954,284
6445,tcp,52369800322824,82
6446,tcp,52369844509854,22
6447,tcp,52369925475204,13
6448,tcp,52369925485014,39
6449,tcp,52369966948914,15
6450,tcp,52370008729974,13
6451,tcp,52370050242024,13
6452,tcp,52370092134864,13
6453,tcp,52370133662124,13
6454,tcp,52370175413394,13
6455,tcp,52370472280104,13
6456,tcp,52370472296754,1548
6457,tcp,52370472300174,707
6458,tcp,52370472302874,71
6459,tcp,52370472305304,20
6460,tcp,52370472307374,13
6461,tcp,52370785045764,13
6462,tcp,52370785061514,13
6463,tcp,52370785063674,13
6464,tcp,52370785065564,13
6465,tcp,52370785067454,13
6466,tcp,52370785068984,13
6467,tcp,52370875499994,13
6468,tcp,52370875522044,318
6469,tcp,52370875525734,147
6470,tcp,52370875528074,19
6471,tcp,52370985114324,13
6472,tcp,52370985124044,13
6473,tcp,52370985125484,13
6474,tcp,52371075720384,13
6475,tcp,52371075729204,13
6476,tcp,52371091961514,13
6477,tcp,52371185397354,13
6478,tcp,52371185409774,13
6479,tcp,52371276133824,13
6480,tcp,52371385732134,3463
6481,tcp,52371492576804,1432
6482,tcp,52371492590664,115
6483,tcp,52371492593454,30
6484,tcp,52371492596424,233
6485,tcp,52371492598764,71
6486,tcp,52371508716414,13
6487,tcp,52371636470604,16
6488,tcp,52371636487164,16
6489,tcp,52371636489864,13
6490,tcp,52371692816184,16
6491,tcp,52371716974074,16
6492,tcp,52371836672364,232
6493,tcp,52371836682084,97
6494,tcp,52371842142384,18
6495,tcp,52371893119554,13
6496,tcp,52371925390314,16
6497,tcp,52372036940454,16
6498,tcp,52372036952964,13
6499,tcp,52372050303384,16
6500,tcp,52372526014224,8819
6501,tcp,52372526032224,86
6502,tcp,52372526035194,140
6503,tcp,52372526036994,86
6504,tcp,52372526040414,897
6505,tcp,52372526092434,320
6506,tcp,52372526093784,79
6507,tcp,52372526094954,25
6508,tcp,52372526096124,57
6509,tcp,52372526097294,55
6510,tcp,52372548918054,13
6511,tcp,52372704693474,52
6512,tcp,52372704726234,52
6513,tcp,52372704729924,13
6514,tcp,52372704732084,52
6515,tcp,52372726132464,52
6516,tcp,52372758620124,319
6517,tcp,52372904867334,186
6518,tcp,52372904877054,61
6519,tcp,52372904878584,17
6520,tcp,52372925424414,55
6521,tcp,52372966921794,55
6522,tcp,52373008562184,13
6523,tcp,52373105141904,52
6524,tcp,52373105151174,52
6525,tcp,52373133705384,13
6526,tcp,52373175395454,52
6527,tcp,52373216863494,52
6528,tcp,52373305489734,1633
6529,tcp,52373305505124,545
6530,tcp,52373342051334,128
6531,tcp,52373383691724,17
6532,tcp,52373425370274,60
6533,tcp,52373505709044,57
6534,tcp,52373508516954,13
6535,tcp,52373550480624,52
6536,tcp,52373591920404,52
6537,tcp,52373633689044,13
6538,tcp,52373706117894,52
6539,tcp,52373716924284,52
6540,tcp,52373758609584,349
6541,tcp,52373800319814,139
6542,tcp,52373841907104,58
6543,tcp,52373906400204,18
6544,tcp,52373925495054,52
6545,tcp,52373967004674,52
6546,tcp,52374008580444,13
6547,tcp,52374050302554,52
6548,tcp,52374091932684,52
6549,tcp,52374133688094,13
6550,tcp,52374175487424,52
6551,tcp,52374216924324,52
6552,tcp,52374258626364,1512
6553,tcp,52374300267384,662
6554,tcp,52374341966274,148
6555,tcp,52374383563644,24
6556,tcp,52374425382414,62
6557,tcp,52374466888074,52
6558,tcp,52374508579404,13
6559,tcp,52374550219884,52
6560,tcp,52374592052874,52
6561,tcp,52374633585354,13
6562,tcp,52374675392784,52
6563,tcp,52375000525074,52
6564,tcp,52375000535964,271
6565,tcp,52375000538664,120
6566,tcp,52375000540284,62
6567,tcp,52375000541544,16
6568,tcp,52375000542624,52
6569,tcp,52375000543704,52
6570,tcp,52375084927704,13
6571,tcp,52375084937424,52
6572,tcp,52375126554684,52
6573,tcp,52375168434564,13
6574,tcp,52375200705594,52
6575,tcp,52375285190574,52
6576,tcp,52375285204254,1554
6577,tcp,52375326976674,489
6578,tcp,52375368625614,74
6579,tcp,52375400983944,13
6580,tcp,52375485406914,52
6581,tcp,52375485416274,52
6582,tcp,52375508630874,13
6583,tcp,52375550328954,52
6584,tcp,52375591971594,52
6585,tcp,52375633574814,13
6586,tcp,52375675328604,52
6587,tcp,52375716910854,52
6588,tcp,52375758676794,327
6589,tcp,52375800476754,177
6590,tcp,52375841937414,55
6591,tcp,52375883643504,13
6592,tcp,52375925639574,52
6593,tcp,52375967122464,52
6594,tcp,52376008639914,13
6595,tcp,52376050306314,52
6596,tcp,52376092121394,52
6597,tcp,52376133650364,13
6598,tcp,52376175540774,52
6599,tcp,52376216970114,52
6600,tcp,52376258636514,1714
6601,tcp,52376300311554,709
6602,tcp,52376341889034,116
6603,tcp,52376383651914,20
6604,tcp,52376425279884,60
6605,tcp,52376467031244,52
6606,tcp,52376508575874,13
6607,tcp,52376550379614,52
6608,tcp,52376591889864,52
6609,tcp,52376633579934,13
6610,tcp,52376675251284,52
6611,tcp,52376717018934,52
6612,tcp,52376758580844,221
6613,tcp,52376800260474,117
6614,tcp,52376841856134,56
6615,tcp,52376883817374,13
6616,tcp,52376925331134,55
6617,tcp,52376966992674,52
6618,tcp,52377008750334,13
6619,tcp,52377050270574,52
6620,tcp,52377091911774,52
6621,tcp,52377133599324,13
6622,tcp,52377175323144,52
6623,tcp,52377216879024,52
6624,tcp,52377258915144,1945
6625,tcp,52377300313524,818
6626,tcp,52377341990994,142
6627,tcp,52377383567934,21
6628,tcp,52377425284734,61
6629,tcp,52377466897854,52
6630,tcp,52377509006874,13
6631,tcp,52377550261974,52
6632,tcp,52377591951234,52
6633,tcp,52377633543744,13
6634,tcp,52377675390954,52
6635,tcp,52377717009474,52
6636,tcp,52377758599464,297
6637,tcp,52378056218034,179
6638,tcp,52378056227934,64
6639,tcp,52378056229554,13
6640,tcp,52378056230814,52
6641,tcp,52378056231984,52
6642,tcp,52378056232974,13
6643,tcp,52378056233964,52
6644,tcp,52378092207954,52
6645,tcp,52378209858204,13
6646,tcp,52378209868014,52
6647,tcp,52378251612714,52
6648,tcp,52378292548494,973
6649,tcp,52378300354464,426
6650,tcp,52378410122244,117
6651,tcp,52378410132234,20
6652,tcp,52378425288144,52
6653,tcp,52378466902434,52
6654,tcp,52378508852154,13
6655,tcp,52378550199054,52
6656,tcp,52378610304474,52
6657,tcp,52378633697994,13
6658,tcp,52378675321284,52
6659,tcp,52378716884544,52
6660,tcp,52378758711954,227
6661,tcp,52378800286554,145
6662,tcp,52379096240394,59
6663,tcp,52379096249754,13
6664,tcp,52379096251194,52
6665,tcp,52379096252904,52
6666,tcp,52379096254074,13
6667,tcp,52379096255244,52
6668,tcp,52379096256324,52
6669,tcp,52379133642234,13
6670,tcp,52379251731864,52
6671,tcp,52379251747074,52
6672,tcp,52379296497684,2124
6673,tcp,52379333928504,838
6674,tcp,52379452139274,137
6675,tcp,52379452170054,21
6676,tcp,52379452173384,52
6677,tcp,52379466936354,52
6678,tcp,52379534083824,13
6679,tcp,52379550224784,52
6680,tcp,52379592072354,52
6681,tcp,52379652202974,13
6682,tcp,52379675235144,52
6683,tcp,52379716977774,52
6684,tcp,52379758678374,281
6685,tcp,52379800307784,137
6686,tcp,52379841955104,58
6687,tcp,52379883549144,13
6688,tcp,52379925349374,52
6689,tcp,52380224282934,52
6690,tcp,52380224297244,13
6691,tcp,52380224298684,52
6692,tcp,52380224300934,52
6693,tcp,52380224302104,13
6694,tcp,52380224303274,52
6695,tcp,52380224304354,52
6696,tcp,52380376719444,1579
6697,tcp,52380376744734,729
6698,tcp,52380376747074,145
6699,tcp,52380418351284,22
6700,tcp,52380425436084,58
6701,tcp,52380532270404,52
6702,tcp,52380532280574,13
6703,tcp,52380550322784,52
6704,tcp,52380848289924,52
6705,tcp,52380848304054,13
6706,tcp,52380848306574,52
6707,tcp,52380848308554,52
6708,tcp,52380848315214,324
6709,tcp,52380848319714,175
6710,tcp,52380848321874,58
6711,tcp,52380883665594,15
6712,tcp,52381001642544,52
6713,tcp,52381001660274,52
6714,tcp,52381043283924,13
6715,tcp,52381050402024,52
6716,tcp,52381091927034,52
6717,tcp,52381201864464,13
6718,tcp,52381201876524,52
6719,tcp,52381243467324,52
6720,tcp,52381292203764,3060
6721,tcp,52381402132644,1163
6722,tcp,52381402143264,149
6723,tcp,52381402145244,25
6724,tcp,52381443661884,88
6725,tcp,52381466909604,57
6726,tcp,52381508761944,16
6727,tcp,52381550217384,52
6728,tcp,52381602349344,52
6729,tcp,52381643896044,13
6730,tcp,52381675443384,52
6731,tcp,52381716894054,52
6732,tcp,52381758702744,218
6733,tcp,52381802591154,114
6734,tcp,52381844188164,58
6735,tcp,52381883558754,13
6736,tcp,52381925318304,52
6737,tcp,52381967161914,52
6738,tcp,52382008633284,13
6739,tcp,52382050443504,52
6740,tcp,52382091992004,52
6741,tcp,52382133598914,13
6742,tcp,52382175245964,52
6743,tcp,52382216901834,52
6744,tcp,52382258561214,865
6745,tcp,52382300512194,261
6746,tcp,52382341873764,73
6747,tcp,52382383585974,24
6748,tcp,52382425281174,52
6749,tcp,52382466906534,52
6750,tcp,52382667120894,7676
6751,tcp,52382667130614,118
6752,tcp,52382667133224,62
6753,tcp,52382667134484,60
6754,tcp,52382708916084,60
6755,tcp,52382717142984,59
6756,tcp,52382784120264,322
6757,tcp,52382800302354,182
6758,tcp,52382841958674,65
6759,tcp,52382883639294,19
6760,tcp,52382925279594,52
6761,tcp,52382966941764,52
6762,tcp,52383008666304,13
6763,tcp,52383050222634,52
6764,tcp,52383092105574,52
6765,tcp,52383133645524,13
6766,tcp,52383175391664,52
6767,tcp,52383216999564,52
6768,tcp,52383258663534,1675
6769,tcp,52383300306444,534
6770,tcp,52383341951424,125
6771,tcp,52383383749674,24
6772,tcp,52383425281794,52
6773,tcp,52383466956654,52
6774,tcp,52383508602894,13
6775,tcp,52383550421304,52
6776,tcp,52383592128384,52
6777,tcp,52383633632964,13
6778,tcp,52383675242754,52
6779,tcp,52383972215484,52
6780,tcp,52383972225114,297
6781,tcp,52383972227904,182
6782,tcp,52383972229344,59
6783,tcp,52383972230514,15
6784,tcp,52383972231684,52
6785,tcp,52383972232854,52
6786,tcp,52384008648294,13
6787,tcp,52384126510224,52
6788,tcp,52384126523094,52
6789,tcp,52384168158444,13
6790,tcp,52384175465814,52
6791,tcp,52384216944204,52
6792,tcp,52384326796854,1344
6793,tcp,52384326821514,611
6794,tcp,52384368436254,156
6795,tcp,52384383561474,26
6796,tcp,52384425276384,52
6797,tcp,52384526927964,52
6798,tcp,52384526937144,13
6799,tcp,52384550349474,52
6800,tcp,52384591911564,52
6801,tcp,52384633584984,13
6802,tcp,52384675346604,52
6803,tcp,52384716926334,52
6804,tcp,52384758579594,242
6805,tcp,52384800391974,109
6806,tcp,52384841859924,59
6807,tcp,52384883660424,13
6808,tcp,52384925220894,52
6809,tcp,52384966929504,52
6810,tcp,52385008565934,13
6811,tcp,52385050370574,52
6812,tcp,52385091970104,52
6813,tcp,52385133683214,13
6814,tcp,52385175287604,52
6815,tcp,52385216978124,52
6816,tcp,52385258691594,1529
6817,tcp,52385300406954,598
6818,tcp,52385341930884,67
6819,tcp,52385383662354,19
6820,tcp,52385425383294,52
6821,tcp,52385467006584,52
6822,tcp,52385508590364,13
6823,tcp,52385550223104,52
6824,tcp,52385592062754,52
6825,tcp,52385633543844,13
6826,tcp,52385675322834,52
6827,tcp,52385717104164,52
6828,tcp,52385758627194,323
6829,tcp,52385800289904,185
6830,tcp,52385842004004,57
6831,tcp,52385883654294,13
6832,tcp,52385925289104,52
6833,tcp,52385966985384,52
6834,tcp,52386008740344,13
6835,tcp,52386050352744,52
6836,tcp,52386091974414,52
6837,tcp,52386133594014,13
6838,tcp,52386175370124,52
6839,tcp,52386217004934,52
6840,tcp,52386258595374,2243
6841,tcp,52386300521874,654
6842,tcp,52386341956974,163
6843,tcp,52386383710494,32
6844,tcp,52386425251254,38
6845,tcp,52386466887144,16
6846,tcp,52386508573074,13
6847,tcp,52386550544124,16
6848,tcp,52386591957444,16
6849,tcp,52386633586854,13
6850,tcp,52386675272244,16
6851,tcp,52386717082464,16
6852,tcp,52386758571654,199
6853,tcp,52386800414904,86
6854,tcp,52386842083644,18
6855,tcp,52387140313224,13
6856,tcp,52387140322944,16
6857,tcp,52387140324204,16
6858,tcp,52387140325824,13
6859,tcp,52387140326814,16
6860,tcp,52387140330414,16
6861,tcp,52387140331494,13
6862,tcp,52387175241054,16
6863,tcp,52387293337344,16
6864,tcp,52387334844264,1923
6865,tcp,52387334854074,734
6866,tcp,52387342083774,41
6867,tcp,52387383581874,19
6868,tcp,52387535356794,16
6869,tcp,52387535370384,16
6870,tcp,52387535372994,13
6871,tcp,52387550526564,16
6872,tcp,52387592142474,16
6873,tcp,52387633744524,13
6874,tcp,52387675262064,16
6875,tcp,52387717091364,16
6876,tcp,52387758690174,314
6877,tcp,52387800421104,145
6878,tcp,52387841851074,20
6879,tcp,52387883561934,13
6880,tcp,52387925247414,16
6881,tcp,52388224282224,16
6882,tcp,52388224297524,13
6883,tcp,52388224299504,16
6884,tcp,52388224301844,16
6885,tcp,52388224303554,13
6886,tcp,52388224305444,16
6887,tcp,52388224306974,16
6888,tcp,52388258690394,1084
6889,tcp,52388376563844,386
6890,tcp,52388376574824,49
6891,tcp,52388418294684,29
6892,tcp,52388425307754,46
6893,tcp,52388466893064,18
6894,tcp,52388576801604,13
6895,tcp,52388576825094,16
6896,tcp,52388592152184,16
6897,tcp,52388633630304,13
6898,tcp,52388675244504,16
6899,tcp,52388716926114,16
6900,tcp,52388776973664,261
6901,tcp,52388800309404,140
6902,tcp,52388842139604,18
6903,tcp,52388883945864,13
6904,tcp,52388925389874,16
6905,tcp,52388967014334,16
6906,tcp,52389008527104,13
6907,tcp,52389050341734,16
6908,tcp,52389091865214,16
6909,tcp,52389133771464,13
6910,tcp,52389175237434,16
6911,tcp,52389216861084,16
6912,tcp,52389258592734,1771
6913,tcp,52389300296214,519
6914,tcp,52389341921844,101
6915,tcp,52389383746824,26
6916,tcp,52389425259594,30
6917,tcp,52389466967754,16
6918,tcp,52389508586544,13
6919,tcp,52389550442394,16
6920,tcp,52389591992694,16
6921,tcp,52389633753414,13
6922,tcp,52389675339264,16
6923,tcp,52389716889294,16
6924,tcp,52389758646414,158
6925,tcp,52390056753144,69
6926,tcp,52390056772044,22
6927,tcp,52390056775194,13
6928,tcp,52390056777534,16
6929,tcp,52390056780144,16
6930,tcp,52390056782304,13
6931,tcp,52390056784734,16
6932,tcp,52390092145554,16
6933,tcp,52390210149954,13
6934,tcp,52390210186944,16
6935,tcp,52390256673744,16
6936,tcp,52390292454954,1584
6937,tcp,52390410395904,687
6938,tcp,52390410408234,69
6939,tcp,52390410411204,17
6940,tcp,52390425294144,16
6941,tcp,52390467050724,16
6942,tcp,52390508642244,13
6943,tcp,52390550415924,16
6944,tcp,52390610705124,16
6945,tcp,52390633660254,13
6946,tcp,52390675237104,16
6947,tcp,52390716918264,16
6948,tcp,52390758608514,319
6949,tcp,52390800305154,150
6950,tcp,52390841916204,18
6951,tcp,52390883608344,13
6952,tcp,52390925339724,16
6953,tcp,52390966993074,16
6954,tcp,52391008542474,13
6955,tcp,52391050308054,16
6956,tcp,52391092079394,16
6957,tcp,52391133556344,13
6958,tcp,52391175550884,16
6959,tcp,52391216897154,16
6960,tcp,52391258629974,2868
6961,tcp,52391300298714,1013
6962,tcp,52391342000664,128
6963,tcp,52391383610454,21
6964,tcp,52391425344894,112
6965,tcp,52391466950364,20
6966,tcp,52391508755184,13
6967,tcp,52391550278304,16
6968,tcp,52391592087264,16
6969,tcp,52391633589054,13
6970,tcp,52391675487024,16
6971,tcp,52391717200674,16
6972,tcp,52391758810644,231
6973,tcp,52391800417824,92
6974,tcp,52391842023114,16
6975,tcp,52391883753504,13
6976,tcp,52391925252054,16
6977,tcp,52391967032934,16
6978,tcp,52392008571084,13
6979,tcp,52392050239104,16
6980,tcp,52392091883184,16
6981,tcp,52392133633014,13
6982,tcp,52392175341084,16
6983,tcp,52392217207824,16
6984,tcp,52392258576774,858
6985,tcp,52392300363594,408
6986,tcp,52392341885184,42
6987,tcp,52392383686224,19
6988,tcp,52392425309334,18
6989,tcp,52392466976094,16
6990,tcp,52392508625124,13
6991,tcp,52392550382964,16
6992,tcp,52392592108224,16
6993,tcp,52392633604074,13
6994,tcp,52392675364704,16
6995,tcp,52392716931114,16
6996,tcp,52392758549094,308
6997,tcp,52393056404094,154
6998,tcp,52393056421374,22
6999,tcp,52393056423804,13
7000,tcp,52393083840864,7974
7001,tcp,52393083856164,117
7002,tcp,52393083859134,39
7003,tcp,52393083861114,49
7004,tcp,52393125400704,43
7005,tcp,52393243560894,36
7006,tcp,52393243574574,43
7007,tcp,52393243576914,40
7008,tcp,52393284185364,1762
7009,tcp,52393325653494,544
7010,tcp,52393341911634,113
7011,tcp,52393443859044,30
7012,tcp,52393443872364,33
7013,tcp,52393484377764,30
7014,tcp,52393508559234,24
7015,tcp,52393550286564,29
7016,tcp,52393591894554,27
7017,tcp,52393633695594,24
7018,tcp,52393675239684,29
7019,tcp,52393717030374,27
7020,tcp,52393758559974,309
7021,tcp,52393800388104,154
7022,tcp,52393841953794,34
7023,tcp,52393883667354,28
7024,tcp,52393925298294,37
7025,tcp,52393966999074,32
7026,tcp,52394008682394,24
7027,tcp,52394050206234,29
7028,tcp,52394092155414,27
7029,tcp,52394417109144,24
7030,tcp,52394417122284,29
7031,tcp,52394417123724,27
7032,tcp,52394417126514,1476
7033,tcp,52394417128584,607
7034,tcp,52394417130114,73
7035,tcp,52394417131284,34
7036,tcp,52394500482444,44
7037,tcp,52394500492704,33
7038,tcp,52394543118684,31
7039,tcp,52394617267344,36
7040,tcp,52394617280844,32
7041,tcp,52394633607204,26
7042,tcp,52394700786444,34
7043,tcp,52394717109024,30
7044,tcp,52394758584444,284
7045,tcp,52394817414384,119
7046,tcp,52394841899334,33
7047,tcp,52394901033384,28
7048,tcp,52394925189834,36
7049,tcp,52394966899344,33
7050,tcp,52395008555034,28
7051,tcp,52395050239254,36
7052,tcp,52395091934994,31
7053,tcp,52395133719654,28
7054,tcp,52395175317834,36
7055,tcp,52395217123914,31
7056,tcp,52395258725244,1364
7057,tcp,52395300420534,449
7058,tcp,52395341915394,42
7059,tcp,52395383618964,26
7060,tcp,52395425279244,29
7061,tcp,52395466949064,27
7062,tcp,52395508882224,24
7063,tcp,52395550378164,29
7064,tcp,52395591961764,27
7065,tcp,52395633597384,24
7066,tcp,52395675295374,29
7067,tcp,52395716925054,27
7068,tcp,52395758786304,317
7069,tcp,52395800297274,157
7070,tcp,52396096435434,35
7071,tcp,52396096456134,26
7072,tcp,52396096459374,32
7073,tcp,52396096465044,30
7074,tcp,52396096467294,24
7075,tcp,52396096469094,29
7076,tcp,52396096470894,27
7077,tcp,52396133694624,24
7078,tcp,52396251763464,29
7079,tcp,52396251772464,27
7080,tcp,52396293226554,1394
7081,tcp,52396300368954,739
7082,tcp,52396341922224,47
7083,tcp,52396451948214,24
7084,tcp,52396451956224,29
7085,tcp,52396466880654,27
7086,tcp,52396508624724,24
7087,tcp,52396550261604,29
7088,tcp,52396591938624,27
7089,tcp,52396652141604,24
7090,tcp,52396675440264,29
7091,tcp,52396716927474,27
7092,tcp,52396758680814,210
7093,tcp,52396800281964,99
7094,tcp,52396842148434,32
7095,tcp,52396883661114,26
7096,tcp,52396925343624,29
7097,tcp,52396966919934,27
7098,tcp,52397008678584,24
7099,tcp,52397050436964,29
7100,tcp,52397091989874,27
7101,tcp,52397133625584,24
7102,tcp,52397175629214,29
7103,tcp,52397216939844,27
7104,tcp,52397258823864,1994
7105,tcp,52397300405754,700
7106,tcp,52397342037144,67
7107,tcp,52397383593564,31
7108,tcp,52397425260234,38
7109,tcp,52397466938064,33
7110,tcp,52397508535974,30
7111,tcp,52397550352494,37
7112,tcp,52397591924124,33
7113,tcp,52397633621394,28
7114,tcp,52397675229744,37
7115,tcp,52397716998744,32
7116,tcp,52398016327944,315
7117,tcp,52398016342704,151
7118,tcp,52398016345944,35
7119,tcp,52398016348104,31
7120,tcp,52398016350984,38
7121,tcp,52398016353054,32
7122,tcp,52398016355124,28
7123,tcp,52398050337864,37
7124,tcp,52398168225804,30
7125,tcp,52398168239754,26
7126,tcp,52398209989944,34
7127,tcp,52398216929304,30
7128,tcp,52398258815754,1114
7129,tcp,52398368490114,435
7130,tcp,52398368499744,57
7131,tcp,52398383596974,38
7132,tcp,52398425308914,50
7133,tcp,52398466929954,39
7134,tcp,52398508549464,31
7135,tcp,52398568890594,42
7136,tcp,52398591972354,34
7137,tcp,52398633600864,31
7138,tcp,52398675441504,42
7139,tcp,52398717029784,34
7140,tcp,52398758734074,307
7141,tcp,52398800268264,157
7142,tcp,52398841938624,34
7143,tcp,52398883819404,28
7144,tcp,52398925286994,37
7145,tcp,52398967125114,32
7146,tcp,52399008575874,28
7147,tcp,52399050265224,37
7148,tcp,52399091959164,32
7149,tcp,52399133543484,28
7150,tcp,52399175249394,37
7151,tcp,52399217048004,32
7152,tcp,52399258573554,2158
7153,tcp,52399300283244,720
7154,tcp,52399341873594,66
7155,tcp,52399383702804,34
7156,tcp,52399425230694,40
7157,tcp,52399467262314,37
7158,tcp,52399508704524,32
7159,tcp,52399550502144,39
7160,tcp,52399592196354,33
7161,tcp,52399633623534,31
7162,tcp,52399675399194,38
7163,tcp,52399716939414,31
7164,tcp,52399758712824,283
7165,tcp,52399800329724,110
7166,tcp,52399842239214,36
7167,tcp,52399883640384,28
7168,tcp,52400180255454,37
7169,tcp,52400180268954,34
7170,tcp,52400180271384,28
7171,tcp,52400180272914,37
7172,tcp,52400180274084,32
7173,tcp,52400180275164,28
7174,tcp,52400180276244,37
7175,tcp,52400216963754,35
7176,tcp,52400334871584,1435
7177,tcp,52400376605844,665
7178,tcp,52400376618714,125
7179,tcp,52400383650594,20
7180,tcp,52400425243554,29
7181,tcp,52400576844234,22
7182,tcp,52400576852514,13
7183,tcp,52400576853774,16
7184,tcp,52400591915094,16
7185,tcp,52400633639454,13
7186,tcp,52400675279304,16
7187,tcp,52400717115534,16
7188,tcp,52400758793544,200
7189,tcp,52400800520784,122
7190,tcp,52400842032744,26
7191,tcp,52400883760524,16
7192,tcp,52400925281394,16
7193,tcp,52400966968044,16
7194,tcp,52401008592234,13
7195,tcp,52401050250354,16
7196,tcp,52401091976424,16
7197,tcp,52401133644984,13
7198,tcp,52401175384284,16
7199,tcp,52401216890484,16
