frame_index,transport_protocol,receive_time_ns,payload_bytes
0,tcp,64709450030754,6663
1,udp,64709488543914,121
2,udp,64709530034364,92
3,udp,64709571691134,112
4,udp,64709613297504,94
5,udp,64709655024654,61
6,udp,64709696679714,61
7,udp,64709738389314,49
8,udp,64709780153274,41
9,udp,64709821711044,39
10,udp,64709863372134,35
11,udp,64709904976704,28
12,udp,64709946659214,131
13,udp,64709988393564,26
14,udp,64710030037374,24
15,udp,64710071718534,22
16,udp,64710113383674,19
17,udp,64710154940994,18
18,udp,64710196808274,17
19,udp,64710238371084,17
20,udp,64710279949284,18
21,udp,64710321645654,17
22,udp,64710363420324,17
23,udp,64710405074574,18
24,udp,64710446801634,539
25,udp,64710488431134,80
26,udp,64710530032284,53
27,udp,64710571675374,52
28,udp,64710613383084,45
29,udp,64710655056324,45
30,udp,64710696632184,45
31,udp,64710738335574,41
32,udp,64710780078024,37
33,udp,64710821734614,40
34,udp,64710863338644,39
35,udp,64710905148414,35
36,udp,64710946620684,201
37,udp,64710988448094,39
38,udp,64711029966894,37
39,udp,64711071678114,42
40,udp,64711113307974,39
41,udp,64711155033144,33
42,udp,64711196654004,39
43,udp,64711238306814,37
44,udp,64711280060154,35
45,udp,64711321645644,39
46,udp,64711363337244,36
47,udp,64711404967824,35
48,udp,64711446705954,1034
49,udp,64711488377214,71
50,udp,64711530055044,48
51,udp,64711571641704,36
52,udp,64711613418084,65
53,udp,64711655071254,20
55,udp,64711738351584,24
56,udp,64711780130214,20
57,udp,64711821669714,20
58,udp,64711863416574,20
59,udp,64711904981544,20
60,udp,64711946617614,226
61,udp,64711988363484,28
62,udp,64712030190534,28
63,udp,64712071754874,28
64,udp,64712113307604,25
65,udp,64712155014054,26
66,udp,64712196632304,25
67,udp,64712238393474,25
68,udp,64712280115134,22
69,udp,64712321785314,22
70,udp,64712363310234,22
71,udp,64712405017674,22
72,udp,64712446751844,824
73,udp,64712488389444,60
74,udp,64712530021374,42
75,udp,64712571684714,72
76,udp,64712613339774,31
77,udp,64712655107334,29
78,udp,64712696694354,26
79,udp,64712738345994,20
80,udp,64712780107614,18
81,udp,64712821664934,17
82,udp,64712863391994,17
83,udp,64712905057494,18
84,udp,64712946700404,191
85,udp,64712988452574,25
86,udp,64713030046524,21
87,udp,64713071678634,22
88,udp,64713113342064,20
89,udp,64713155012334,20
90,udp,64713196758294,20
91,udp,64713238390854,20
92,udp,64713280148154,20
93,udp,64713321709164,20
94,udp,64713363397074,20
95,udp,64713405023424,20
96,udp,64713446641944,934
97,udp,64713488392404,61
98,udp,64713529985274,39
99,udp,64713571705134,30
100,udp,64713613341204,48
101,udp,64713654988074,26
102,udp,64713696697044,29
103,udp,64713738413034,22
104,udp,64713780117954,20
105,udp,64713821627304,20
106,udp,64713863447244,19
107,udp,64713905029494,20
108,udp,64713946683114,179
109,udp,64713988361574,23
110,udp,64714030057134,22
111,udp,64714071706254,22
112,udp,64714113367164,21
113,udp,64714154966874,22
114,udp,64714196675304,21
115,udp,64714238462664,21
116,udp,64714279977234,22
117,udp,64714321713114,21
118,udp,64714363323714,21
119,udp,64714405086054,22
120,udp,64714446770274,982
121,udp,64714488430464,103
122,udp,64714530061674,37
123,udp,64714571641044,31
124,udp,64714613359824,23
125,udp,64714655026494,22
126,udp,64714696693344,23
127,udp,64714738396914,22
128,udp,64714780093734,22
129,udp,64714821778314,22
130,udp,64714863271464,20
131,udp,64714904961624,20
132,udp,64714946642874,70
133,udp,64714988320254,19
134,udp,64715030014914,20
135,udp,64715071715604,17
136,udp,64715113275714,17
137,udp,64715155102044,18
138,udp,64715196654504,17
139,udp,64715238360864,17
140,udp,64715279979654,18
141,udp,64715321746044,17
142,udp,64715363337924,17
143,udp,64715405010174,18
144,udp,64715446702404,1140
145,udp,64715488329024,36
146,udp,64715529968244,33
147,udp,64715571664704,32
148,udp,64715613302034,24
149,udp,64715654987424,20
150,udp,64715696799714,20
152,udp,64715779994004,20
153,udp,64715821621524,19
154,udp,64715863417974,19
155,udp,64715905007424,18
156,udp,64715946628914,192
157,udp,64715988334554,26
158,udp,64716030039384,26
159,udp,64716071655654,29
160,udp,64716113369034,26
161,udp,64716155018514,25
162,udp,64716196693914,27
163,udp,64716238316934,21
164,udp,64716279937524,20
165,udp,64716321625074,19
166,udp,64716363322524,19
167,udp,64716405029424,20
168,udp,64716446657754,648
169,udp,64716488386794,49
170,udp,64716530066514,35
171,udp,64716571826424,36
172,udp,64716613362774,24
174,udp,64716696694674,17
175,udp,64716738415704,17
176,udp,64716779944764,18
177,udp,64716821720334,17
178,udp,64716863362614,17
179,udp,64716905009754,18
180,udp,64716946754274,219
181,udp,64716988324734,25
182,udp,64717030006074,25
183,udp,64717071642144,26
184,udp,64717113497454,25
185,udp,64717155039384,22
186,udp,64717196821614,22
187,udp,64717238413584,21
188,udp,64717280218944,22
189,udp,64717321649454,21
190,udp,64717363371654,21
191,udp,64717405032204,20
192,udp,64717446803904,1224
193,udp,64717488422604,212
194,udp,64717530058224,44
195,udp,64717571637324,37
196,udp,64717613283384,54
197,udp,64717654968324,29
198,udp,64717696619784,29
199,udp,64717738434774,28
200,udp,64717779995874,25
201,udp,64717821642474,25
202,udp,64717863273234,21
203,udp,64717905067254,22
204,udp,64717946627904,167
205,udp,64717988336244,31
206,udp,64718030039184,24
207,udp,64718071658334,22
208,udp,64718113329144,20
209,udp,64718155019574,20
210,udp,64718196638184,20
211,udp,64718238332754,20
212,udp,64718279965584,20
213,udp,64718321735574,20
214,udp,64718363315214,20
215,udp,64718405003034,20
216,udp,64718446663044,911
217,udp,64718488349964,51
218,udp,64718530028784,30
219,udp,64718571617514,27
220,udp,64718613476874,23
221,udp,64718654980914,21
222,udp,64718696711484,21
223,udp,64718738508834,19
224,udp,64718779970844,18
225,udp,64718821724634,15
226,udp,64718863397964,15
227,udp,64718904942144,16
228,udp,64718946627984,193
229,udp,64718988382494,21
230,udp,64719030006144,19
231,udp,64719071815734,20
232,udp,64719113449014,17
233,udp,64719155108124,18
234,udp,64719196659234,17
235,udp,64719238281084,18
236,udp,64719280139724,18
237,udp,64719321797124,18
238,udp,64719363290454,17
239,udp,64719405117054,16
240,udp,64719446659074,1107
241,udp,64719488274534,235
242,udp,64719530081064,45
243,udp,64719571704624,28
244,udp,64719613334664,100
245,udp,64719655002954,32
246,udp,64719696618324,27
247,udp,64719738296514,24
248,udp,64719780046974,22
249,udp,64719821648304,18
250,tcp,64719864407304,4675
251,udp,64719904979034,96
252,udp,64719946683144,204
253,udp,64719988317504,159
254,udp,64720029984354,67
255,udp,64720071652104,51
256,udp,64720113385914,79
257,udp,64720155012714,38
258,udp,64720196709984,37
259,udp,64720238399514,35
260,udp,64720280094174,24
261,udp,64720321670214,20
262,udp,64720363336344,19
263,udp,64720405054044,15
264,udp,64720446799014,446
265,udp,64720488294054,61
266,udp,64720529980614,47
267,udp,64720571707404,41
268,udp,64720613373984,35
269,udp,64720655071164,24
270,udp,64720696751334,21
271,udp,64720738537434,15
272,udp,64720780074504,16
273,udp,64720821786264,15
274,udp,64720863427014,15
275,udp,64720905057594,13
276,udp,64720946665944,209
277,udp,64720988388234,22
278,udp,64721029940604,24
279,udp,64721071638144,23
281,udp,64721154923244,17
282,udp,64721196731754,17
283,udp,64721238288624,17
284,udp,64721279978244,15
285,udp,64721321646174,15
286,udp,64721363361174,15
287,udp,64721404973574,15
288,udp,64721446769304,1076
289,udp,64721488325454,186
290,udp,64721530035684,40
291,udp,64721571687594,34
292,udp,64721613353904,62
294,udp,64721696685354,27
296,udp,64721780083764,23
297,udp,64721821662324,20
298,udp,64721863305954,17
299,udp,64721904995304,15
300,udp,64721946721374,252
301,udp,64721988389484,21
302,udp,64722030020514,22
303,udp,64722071686374,23
304,udp,64722113311554,21
305,udp,64722155184504,20
306,udp,64722196713564,20
307,udp,64722238455744,19
308,udp,64722280104054,20
309,udp,64722321686034,19
310,udp,64722363280164,19
311,udp,64722405033324,20
312,udp,64722446670204,841
313,udp,64722488313834,89
314,udp,64722529995174,37
315,udp,64722571682094,37
316,udp,64722613343454,83
317,udp,64722655023534,34
318,udp,64722696699834,34
319,udp,64722738381984,26
320,udp,64722780278424,22
321,udp,64722821721894,19
322,udp,64722863402424,20
323,udp,64722905150004,20
324,udp,64722946727484,232
325,udp,64722988322244,33
326,udp,64723030015554,28
327,udp,64723071638844,26
330,udp,64723196598714,21
331,udp,64723238307684,22
332,udp,64723280037894,22
333,udp,64723321638684,21
334,udp,64723363392834,22
335,udp,64723405028274,22
336,udp,64723446660924,905
338,udp,64723530061674,42
339,udp,64723571824194,32
340,udp,64723613433174,45
341,udp,64723655089944,25
342,udp,64723696813314,25
343,udp,64723738424634,19
344,udp,64723780054854,20
345,udp,64723821740064,17
346,udp,64723863346524,19
347,udp,64723904965134,18
349,udp,64723988284884,30
350,udp,64724029996194,27
351,udp,64724071664214,24
352,udp,64724113341414,22
353,udp,64724154932484,20
354,udp,64724196650184,19
355,udp,64724238305874,17
356,udp,64724280039054,18
357,udp,64724321625714,17
358,udp,64724363461224,17
359,udp,64724405022774,16
360,udp,64724446652544,1446
361,udp,64724488262424,220
362,udp,64724530030614,75
363,udp,64724571672534,48
364,udp,64724613290514,54
365,udp,64724654989764,25
366,udp,64724696644104,26
367,udp,64724738337324,21
368,udp,64724779973034,16
369,udp,64724821726104,15
370,udp,64724863382424,12
371,udp,64724905193724,13
372,udp,64724946722604,196
373,udp,64724988428604,21
374,udp,64725030073944,20
375,udp,64725071704704,17
376,udp,64725113434104,16
377,udp,64725155086644,17
378,udp,64725196648194,18
379,udp,64725238412064,16
380,udp,64725280084674,17
381,udp,64725321674574,16
382,udp,64725363327744,15
383,udp,64725405009444,16
384,udp,64725446692224,1115
385,udp,64725488364204,179
386,udp,64725530126094,36
387,udp,64725571873944,34
388,udp,64725613383114,50
389,udp,64725655051134,28
390,udp,64725696814734,26
391,udp,64725738326784,26
392,udp,64725780075264,18
393,udp,64725821658594,17
394,udp,64725863410854,15
395,udp,64725905058714,13
396,udp,64725946858944,167
397,udp,64725988370274,23
398,udp,64726030036674,23
399,udp,64726071709284,23
400,udp,64726113413124,21
401,udp,64726155019494,18
402,udp,64726196761584,18
403,udp,64726238391894,15
405,udp,64726321687344,15
406,udp,64726363353654,15
407,udp,64726405084584,16
408,udp,64726446727764,654
409,udp,64726488384534,81
410,udp,64726530106734,36
411,udp,64726571718324,28
412,udp,64726613360784,32
413,udp,64726655036454,16
414,udp,64726696658934,15
415,udp,64726738407144,15
416,udp,64726779963474,16
417,udp,64726821691704,15
418,udp,64726863369534,15
419,udp,64726905071304,16
420,udp,64726946741934,249
421,udp,64726988399064,25
422,udp,64727030122974,21
423,udp,64727071722594,23
424,udp,64727113403304,21
425,udp,64727154987174,20
426,udp,64727196676704,20
427,udp,64727238341484,17
428,udp,64727280121824,15
429,udp,64727321731434,12
430,udp,64727363413044,12
431,udp,64727405023914,13
432,udp,64727446735404,1232
433,udp,64727488300284,279
435,udp,64727571769614,29
436,udp,64727613310014,85
437,udp,64727655013404,21
438,udp,64727696648934,19
439,udp,64727738365194,28
440,udp,64727779982634,19
441,udp,64727821720134,17
442,udp,64727863274304,17
443,udp,64727904968514,15
444,udp,64727946662634,196
445,udp,64727988336864,23
446,udp,64728029976624,22
447,udp,64728071739684,21
448,udp,64728113405274,19
449,udp,64728154994004,20
450,udp,64728196687134,19
451,udp,64728238376214,17
452,udp,64728280071234,18
453,udp,64728321709104,17
454,udp,64728363363354,17
455,udp,64728405065934,15
456,udp,64728446720094,848
457,udp,64728488298744,93
458,udp,64728530094024,29
459,udp,64728571719294,27
460,udp,64728613389834,53
461,udp,64728655026804,19
462,udp,64728696734784,18
463,udp,64728738351864,15
464,udp,64728780070194,16
465,udp,64728821671254,15
466,udp,64728863285184,15
467,udp,64728905011974,16
468,udp,64728946694124,233
469,udp,64728988312644,22
470,udp,64729029948984,23
471,udp,64729071753444,24
472,udp,64729113314184,23
473,udp,64729155140334,22
474,udp,64729196690184,21
475,udp,64729238414364,19
476,udp,64729279996794,17
477,udp,64729321799634,16
478,udp,64729363271544,16
479,udp,64729405104534,17
480,udp,64729446931314,1485
481,udp,64729488377664,698
482,udp,64729530096264,48
483,udp,64729571733324,45
484,udp,64729613390544,52
485,udp,64729654991514,34
486,udp,64729696743774,34
487,udp,64729738327644,35
488,udp,64729780116354,27
489,udp,64729821650274,24
490,udp,64729863373104,33
491,udp,64729904946984,22
492,udp,64729946900844,195
493,udp,64729988313894,34
494,udp,64730030088744,30
495,udp,64730071720854,25
496,udp,64730113409934,22
497,udp,64730155056804,18
498,udp,64730196757404,17
499,udp,64730238411294,19
500,tcp,64730281124304,5598
501,udp,64730321695134,147
502,udp,64730363370714,80
503,udp,64730405026044,69
504,udp,64730446705134,561
505,udp,64730488395114,162
506,udp,64730530022544,150
507,udp,64730571865884,58
508,udp,64730613312684,35
509,udp,64730655055134,48
510,udp,64730696647104,26
511,udp,64730738470194,27
512,udp,64730780053974,24
513,udp,64730821816224,19
514,udp,64730863356894,17
515,udp,64730905156494,19
516,udp,64730946654594,1548
517,udp,64730988349614,80
518,udp,64731029957334,76
519,udp,64731071655954,270
520,udp,64731113351424,69
521,udp,64731154944924,39
522,udp,64731196685844,38
523,udp,64731238339914,19
524,udp,64731280170474,18
525,udp,64731321699714,15
526,udp,64731363414714,12
527,udp,64731404976534,12
528,udp,64731446740674,784
529,udp,64731488451624,184
530,udp,64731530089044,69
531,udp,64731571755444,40
532,udp,64731613340574,25
533,udp,64731654950184,17
534,udp,64731696653754,13
535,udp,64731738404214,12
536,udp,64731780143964,12
537,udp,64731821650614,13
538,udp,64731863378844,12
539,udp,64731905121834,12
540,udp,64731946794714,466
541,udp,64731988386594,29
542,udp,64732030002234,29
543,udp,64732071838284,33
544,udp,64732113335124,17
545,udp,64732155065334,17
546,udp,64732196724444,18
547,udp,64732238379864,12
548,udp,64732279926114,12
549,udp,64732321659294,13
550,udp,64732363342524,12
551,udp,64732405016214,12
552,udp,64732446734634,871
553,udp,64732488351174,152
554,udp,64732530037464,46
555,udp,64732571635554,44
556,udp,64732613437494,115
557,udp,64732655082744,25
558,udp,64732696774704,23
559,udp,64732738301064,22
560,udp,64732780213344,19
561,udp,64732821661134,18
562,udp,64732863365874,15
563,udp,64732904986824,15
564,udp,64732946703984,540
565,udp,64732988392074,36
566,udp,64733029931844,31
567,udp,64733071754304,142
568,udp,64733113374804,27
569,udp,64733155024194,26
570,udp,64733196666474,37
571,udp,64733238314244,19
572,udp,64733280141024,15
573,udp,64733321707614,15
574,udp,64733363347464,15
575,udp,64733404976334,15
576,udp,64733446661994,923
577,udp,64733488439814,249
578,udp,64733529997944,51
579,udp,64733571715194,34
580,udp,64733613363324,39
581,udp,64733655014514,29
582,udp,64733696622234,25
583,udp,64733738507694,31
584,udp,64733779986714,29
585,udp,64733821727634,25
586,udp,64733863367394,23
587,udp,64733905012824,20
588,udp,64733946730524,649
589,udp,64733988257964,41
590,udp,64734030146034,38
591,udp,64734072157044,144
592,udp,64734113445174,39
593,udp,64734155072784,30
594,udp,64734196741434,38
595,udp,64734238338264,21
596,udp,64734280152084,22
597,udp,64734321770064,19
598,udp,64734363361584,12
599,udp,64734404947074,12
600,udp,64734446766294,1129
601,udp,64734488358444,294
602,udp,64734529946724,53
603,udp,64734571690614,37
604,udp,64734613351074,36
605,udp,64734655162194,25
606,udp,64734696653634,23
607,udp,64734738348384,18
608,udp,64734780081744,15
609,udp,64734821637894,16
610,udp,64734863321844,15
611,udp,64734905073924,15
612,udp,64734946716114,658
613,udp,64734988409964,31
614,udp,64735030144404,29
615,udp,64735071800904,93
616,udp,64735113345714,22
617,udp,64735155037314,18
618,udp,64735196724504,52
619,udp,64735238332044,17
620,udp,64735279975854,17
621,udp,64735321689414,17
622,udp,64735363304874,12
623,udp,64735405024914,12
624,udp,64735446710484,1161
625,udp,64735488388674,245
626,udp,64735530028074,51
627,udp,64735571651814,40
628,udp,64735613513424,30
629,udp,64735655021874,24
630,udp,64735696689444,19
631,udp,64735738356474,19
632,udp,64735780100544,19
633,udp,64735821663174,19
634,udp,64735863371064,19
635,udp,64735904950164,17
636,udp,64735946692074,880
637,udp,64735988344794,36
638,udp,64736030088684,36
639,udp,64736071690104,159
640,udp,64736113339134,30
641,udp,64736154963414,25
642,udp,64736196740154,46
643,udp,64736238438774,27
644,udp,64736280103554,20
645,udp,64736321806944,25
646,udp,64736363373894,12
647,udp,64736405041554,12
648,udp,64736446674384,718
649,udp,64736488354644,101
650,udp,64736529965424,75
651,udp,64736571599334,27
652,udp,64736613277524,19
653,udp,64736655034914,17
654,udp,64736696643984,12
655,udp,64736738372484,12
656,udp,64736779949514,12
657,udp,64736821660824,12
658,udp,64736863498494,12
659,udp,64736905007304,12
660,udp,64736946797004,308
661,udp,64736988337044,26
662,udp,64737030110544,24
663,udp,64737071708994,44
664,udp,64737113462874,18
665,udp,64737155097864,17
667,udp,64737238337064,15
668,udp,64737280092204,15
669,udp,64737321667164,15
670,udp,64737363329334,12
671,udp,64737405029124,12
672,udp,64737446627844,1242
673,udp,64737488391534,415
674,udp,64737530001324,113
675,udp,64737571670424,46
676,udp,64737613342854,36
677,udp,64737655055514,26
678,udp,64737696629754,19
679,udp,64737738295974,19
680,udp,64737779963004,17
681,udp,64737821628594,15
682,udp,64737863332164,15
683,udp,64737904987494,15
684,udp,64737946707534,658
685,udp,64737988267284,37
686,udp,64738029986424,35
687,udp,64738071650124,95
688,udp,64738113259014,26
689,udp,64738154944584,20
690,udp,64738196687844,18
691,udp,64738238326074,15
692,udp,64738280109114,12
693,udp,64738321688394,13
694,udp,64738363407264,12
695,udp,64738405009404,12
696,udp,64738446848064,888
697,udp,64738488377754,203
698,udp,64738530098154,83
699,udp,64738571628744,29
700,udp,64738613389734,120
701,udp,64738655004744,28
702,udp,64738696715964,23
703,udp,64738738421154,19
704,udp,64738780141734,17
705,udp,64738821778614,12
706,udp,64738863404154,12
707,udp,64738905037794,12
708,udp,64738946665764,808
709,udp,64738988408034,33
710,udp,64739029989474,32
711,udp,64739071811304,57
712,udp,64739113363314,25
713,udp,64739155135824,16
714,udp,64739196695934,17
715,udp,64739238355494,12
716,udp,64739280070314,12
717,udp,64739321737794,13
718,udp,64739363333364,12
719,udp,64739405015064,12
720,udp,64739446721064,1662
721,udp,64739488355334,993
722,udp,64739530046754,142
723,udp,64739571649794,58
724,udp,64739613355704,126
725,udp,64739654984214,53
726,udp,64739696707854,34
727,udp,64739738299644,29
728,udp,64739780128764,29
729,udp,64739821670424,25
730,udp,64739863440864,25
731,udp,64739905013484,23
732,udp,64739946699234,1401
733,udp,64739988291204,45
734,udp,64740030021144,42
735,udp,64740071668464,130
736,udp,64740113339364,36
737,udp,64740154972554,25
738,udp,64740196630044,79
739,udp,64740238354314,32
740,udp,64740279954294,28
741,udp,64740321716454,26
742,udp,64740363275574,12
743,udp,64740404967804,12
744,udp,64740446620164,585
745,udp,64740488515794,118
746,udp,64740529997064,49
747,udp,64740571659594,34
748,udp,64740613393584,25
749,udp,64740655020024,22
750,tcp,64740700226574,6396
751,udp,64740738350034,161
752,udp,64740780097074,81
753,udp,64740821722434,134
754,udp,64740863385774,74
755,udp,64740904982424,80
756,udp,64740946719834,328
757,udp,64740988305594,73
758,udp,64741029968844,76
759,udp,64741071620214,78
760,udp,64741113466434,63
761,udp,64741155033114,63
762,udp,64741196759814,69
763,udp,64741238305794,54
764,udp,64741280182254,57
765,udp,64741321681344,62
766,udp,64741363381314,47
767,udp,64741405016664,52
768,udp,64741446786744,1086
769,udp,64741488322734,320
770,udp,64741530012714,97
771,udp,64741571784054,47
772,udp,64741613414994,43
773,udp,64741655051244,27
774,udp,64741696719804,21
775,udp,64741738304304,21
776,udp,64741780133604,19
777,udp,64741821742224,21
778,udp,64741863361194,23
779,udp,64741905044604,19
780,udp,64741946638464,513
781,udp,64741988288304,34
782,udp,64742029988094,32
783,udp,64742071706964,57
784,udp,64742113332684,23
785,udp,64742155057404,23
786,udp,64742196660084,21
787,udp,64742238275724,17
788,udp,64742280094674,15
789,udp,64742321701494,15
790,udp,64742363321274,15
791,udp,64742404927374,15
792,udp,64742446666674,666
793,udp,64742488285554,214
794,udp,64742530016304,68
795,udp,64742571656694,43
796,udp,64742613412284,41
797,udp,64742654964564,30
798,udp,64742696672004,23
799,udp,64742738418054,20
800,udp,64742780195064,19
801,udp,64742821668234,15
802,udp,64742863343004,15
803,udp,64742905068984,15
804,udp,64742946700014,513
805,udp,64742988360744,31
806,udp,64743030005004,32
807,udp,64743071712624,101
808,udp,64743113354364,28
809,udp,64743155001594,26
810,udp,64743196672404,51
811,udp,64743238364094,17
812,udp,64743279995574,15
813,udp,64743321698064,13
814,udp,64743363401274,12
815,udp,64743405025104,12
816,udp,64743446688084,876
817,udp,64743488332704,264
818,udp,64743530009904,42
819,udp,64743571702584,29
820,udp,64743613287354,21
821,udp,64743655052484,18
822,udp,64743696750654,19
823,udp,64743738334974,20
824,udp,64743779983824,18
825,udp,64743821678124,17
826,udp,64743863438664,17
827,udp,64743904949004,17
828,udp,64743946702614,708
829,udp,64743988346514,48
830,udp,64744030118754,46
831,udp,64744071815214,99
832,udp,64744113378384,36
833,udp,64744155010494,32
834,udp,64744196662674,65
835,udp,64744238310444,21
836,udp,64744280126424,17
838,udp,64744363346454,17
839,udp,64744404995394,17
840,udp,64744446746214,939
841,udp,64744488345564,334
842,udp,64744530024564,53
843,udp,64744571761524,35
844,udp,64744613338824,35
845,udp,64744655067504,26
846,udp,64744696814184,23
847,udp,64744738376094,22
848,udp,64744780176414,19
849,udp,64744821722304,18
850,udp,64744863406524,19
851,udp,64744904959794,17
852,udp,64744946737164,653
853,udp,64744988354334,32
854,udp,64745029977624,27
855,udp,64745071651134,85
856,udp,64745113392054,22
857,udp,64745155056744,20
858,udp,64745196625494,77
859,udp,64745238337344,24
860,udp,64745280106884,23
861,udp,64745321613264,20
862,udp,64745363323044,12
863,udp,64745404996914,12
864,udp,64745446738914,1089
865,udp,64745488338264,305
866,udp,64745529976314,40
867,udp,64745571702204,35
868,udp,64745613430254,28
869,udp,64745655083154,24
870,udp,64745696846484,19
871,udp,64745738289144,19
872,udp,64745779996224,19
873,udp,64745821721034,18
874,udp,64745863315434,17
875,udp,64745905097394,15
876,udp,64745946723114,913
877,udp,64745988382944,36
878,udp,64746030141144,37
879,udp,64746071691894,95
880,udp,64746113330124,24
881,udp,64746155068254,25
882,udp,64746196646364,24
883,udp,64746238265604,12
884,udp,64746279980964,12
885,udp,64746321644844,13
886,udp,64746363278484,12
887,udp,64746404983944,12
888,udp,64746446632164,672
889,udp,64746488297574,89
890,udp,64746530106264,49
891,udp,64746571689144,36
892,udp,64746613308474,34
893,udp,64746655052094,76
894,udp,64746696716424,30
895,udp,64746738294534,26
896,udp,64746780052014,21
897,udp,64746821653974,19
898,udp,64746863364384,17
899,udp,64746905013594,17
900,udp,64746946669284,365
901,udp,64746988325514,27
902,udp,64747029955194,29
903,udp,64747071657144,100
904,udp,64747113350094,25
905,udp,64747155058254,20
906,udp,64747196764794,18
907,udp,64747238323374,15
908,udp,64747280118474,15
909,udp,64747321734744,13
910,udp,64747363407894,12
911,udp,64747404998784,12
913,udp,64747488451914,432
914,udp,64747530000504,78
915,udp,64747571725044,37
916,udp,64747613329524,37
917,udp,64747655029404,25
918,udp,64747696679244,19
919,udp,64747738374624,20
920,udp,64747779962454,19
921,udp,64747821658104,17
922,udp,64747863405054,15
923,udp,64747904938704,15
924,udp,64747946678904,542
925,udp,64747988319114,33
926,udp,64748030019084,28
927,udp,64748071664424,111
928,udp,64748113448004,25
929,udp,64748155046634,19
930,udp,64748196694404,20
931,udp,64748238361344,12
932,udp,64748280097044,12
933,udp,64748321724384,13
934,udp,64748363403564,12
935,udp,64748405036034,12
936,udp,64748446753374,868
937,udp,64748488436424,159
938,udp,64748530035054,69
939,udp,64748571702084,29
940,udp,64748613289194,94
941,udp,64748655142794,26
942,udp,64748696640984,18
943,udp,64748738332494,12
944,udp,64748780053974,12
945,udp,64748821715694,12
946,udp,64748863298304,12
948,udp,64748946670974,821
949,udp,64748988575424,31
950,udp,64749030007644,32
951,udp,64749071648844,62
952,udp,64749113303724,27
953,udp,64749155082354,20
954,udp,64749196730844,24
955,udp,64749238375914,12
956,udp,64749279977424,12
957,udp,64749321769644,13
958,udp,64749363359004,12
959,udp,64749405041334,12
960,udp,64749446775684,1578
961,udp,64749488424354,687
962,udp,64749529978524,58
963,udp,64749571884144,54
964,udp,64749613348044,70
965,udp,64749655037124,63
966,udp,64749696741954,55
967,udp,64749738382344,52
968,udp,64749780095094,43
969,udp,64749821663214,33
970,udp,64749863396484,32
971,udp,64749905095014,30
972,udp,64749946697784,1164
973,udp,64749988373904,48
974,udp,64750030033554,44
975,udp,64750071689604,57
976,udp,64750113344304,27
977,udp,64750155075414,23
978,udp,64750196748024,31
979,udp,64750238424144,17
980,udp,64750280098284,15
981,udp,64750321758924,16
982,udp,64750363344954,12
983,udp,64750405085784,12
984,udp,64750446712944,570
985,udp,64750488479604,104
986,udp,64750530077964,39
987,udp,64750571786664,29
989,udp,64750655021904,17
990,udp,64750696670484,15
992,udp,64750779961434,15
993,udp,64750821670044,12
994,udp,64750863358584,12
995,udp,64750904959914,12
996,udp,64750946734494,524
997,udp,64750988317014,31
998,udp,64751030042544,27
999,udp,64751071679154,27
1000,tcp,64751116874634,6027
1001,udp,64751154967674,101
1002,udp,64751196762954,145
1003,udp,64751238332244,65
1004,udp,64751280072714,32
1005,udp,64751321676564,50
1006,udp,64751363312274,27
1007,udp,64751404945194,23
1008,udp,64751446659924,1055
1009,udp,64751488367724,372
1010,udp,64751530007574,51
1011,udp,64751571689454,39
1012,udp,64751613321924,45
1013,udp,64751655019464,31
1014,udp,64751696665254,26
1015,udp,64751738355684,35
1016,udp,64751780061504,24
1017,udp,64751821918704,21
1018,udp,64751863362444,21
1020,udp,64751946670674,372
1021,udp,64751988428964,31
1022,udp,64752030056754,27
1023,udp,64752071706234,33
1024,udp,64752113456964,26
1025,udp,64752154972164,19
1026,udp,64752196799214,19
1027,udp,64752238322064,15
1028,udp,64752279993504,15
1029,udp,64752321630384,15
1030,udp,64752363333504,15
1031,udp,64752404999724,15
1032,udp,64752446762334,853
1033,udp,64752488338194,381
1034,udp,64752530064534,52
1035,udp,64752571698624,41
1036,udp,64752613382574,107
1037,udp,64752654956004,36
1039,udp,64752738313554,25
1040,udp,64752779950434,19
1041,udp,64752821650404,19
1042,udp,64752863347674,19
1043,udp,64752904944774,19
1044,udp,64752946644474,362
1045,udp,64752988403664,35
1046,udp,64753029944784,30
1047,udp,64753071695694,139
1048,udp,64753113367134,33
1049,udp,64753155074844,21
1050,udp,64753196640984,20
1051,udp,64753238317914,19
1052,udp,64753280081064,15
1053,udp,64753321704624,16
1054,udp,64753363286514,15
1055,udp,64753404989544,15
1056,udp,64753446673044,521
1057,udp,64753488275364,292
1058,udp,64753529977944,40
1059,udp,64753571715354,35
1060,udp,64753613344854,56
1061,udp,64753654988484,26
1062,udp,64753696694394,21
1063,udp,64753738376724,27
1064,udp,64753780078944,22
1065,udp,64753821717714,18
1066,udp,64753863353874,18
1067,udp,64753904937654,19
1068,udp,64753946686944,478
1069,udp,64753988380614,30
1070,udp,64754029985184,24
1071,udp,64754071692984,95
1072,udp,64754113377114,27
1073,udp,64754155046574,23
1074,udp,64754196735924,26
1075,udp,64754238348594,17
1076,udp,64754280077994,17
1077,udp,64754321745024,25
1078,udp,64754363303514,13
1079,udp,64754405062794,12
1080,udp,64754446788774,1335
1081,udp,64754488419984,520
1082,udp,64754529943824,44
1083,udp,64754571746394,38
1084,udp,64754613281484,72
1085,udp,64754654986854,31
1086,udp,64754696681964,26
1087,udp,64754738364294,32
1088,udp,64754780082534,20
1089,udp,64754821690614,21
1090,udp,64754863358994,15
1091,udp,64754904934854,15
1092,udp,64754946630864,736
1093,udp,64754988362874,36
1094,udp,64755029975184,24
1095,udp,64755071806014,129
1096,udp,64755113314104,52
1097,udp,64755154942884,20
1098,udp,64755196707114,35
1099,udp,64755238353894,17
1100,udp,64755280102554,15
1101,udp,64755321665904,22
1102,udp,64755363324024,15
1103,udp,64755404989254,15
1104,udp,64755446669514,1133
1105,udp,64755488274084,381
1106,udp,64755529988904,39
1107,udp,64755571669974,37
1108,udp,64755613334034,119
1109,udp,64755654987294,39
1110,udp,64755696727764,28
1111,udp,64755738380754,28
1112,udp,64755779988834,17
1113,udp,64755821746314,17
1114,udp,64755863380494,19
1115,udp,64755905055714,17
1116,udp,64755946714734,722
1117,udp,64755988419654,37
1118,udp,64756030008564,32
1119,udp,64756071670464,110
1120,udp,64756113292674,24
1121,udp,64756155053304,19
1122,udp,64756196633034,26
1123,udp,64756238356494,18
1124,udp,64756279967994,18
1125,udp,64756321641234,25
1126,udp,64756363301784,22
1127,udp,64756404962604,17
1128,udp,64756446664284,700
1129,udp,64756488339324,216
1130,udp,64756530028584,51
1131,udp,64756571670414,41
1132,udp,64756613404674,54
1133,udp,64756655045874,31
1135,udp,64756738307934,36
1136,udp,64756779972804,31
1137,udp,64756821663144,24
1138,udp,64756863334584,24
1139,udp,64756905025014,20
1140,udp,64756946769084,325
1141,udp,64756988364744,23
1142,udp,64757029984524,19
1143,udp,64757071665054,17
1144,udp,64757113281774,15
1145,udp,64757154962574,15
1146,udp,64757196646884,15
1147,udp,64757238305994,15
1148,udp,64757280025404,15
1149,udp,64757321705664,15
1150,udp,64757363399334,15
1151,udp,64757405077164,15
1152,udp,64757446730154,1244
1153,udp,64757488308444,350
1154,udp,64757530056924,121
1155,udp,64757571654564,44
1156,udp,64757613318354,66
1157,udp,64757654986194,36
1158,udp,64757696676804,30
1159,udp,64757738440584,27
1160,udp,64757780084394,24
1161,udp,64757821608684,22
1162,udp,64757863364364,23
1163,udp,64757905015464,21
1164,udp,64757946735504,628
1165,udp,64757988324504,33
1166,udp,64758030064614,24
1167,udp,64758071664774,125
1168,udp,64758113413704,19
1169,udp,64758154952484,17
1170,udp,64758196708614,17
1171,udp,64758238611534,17
1172,udp,64758280078404,17
1173,udp,64758321699804,17
1174,udp,64758363400404,17
1175,udp,64758405040704,17
1176,udp,64758446686134,857
1177,udp,64758488462604,249
1178,udp,64758530012004,131
1179,udp,64758571774614,38
1180,udp,64758613322844,32
1181,udp,64758655041714,27
1182,udp,64758696648444,24
1183,udp,64758738443814,25
1184,udp,64758779969814,21
1185,udp,64758821712984,21
1186,udp,64758863428434,22
1187,udp,64758905004564,21
1188,udp,64758946670694,638
1189,udp,64758988324674,35
1191,udp,64759071708864,50
1192,udp,64759113366624,27
1193,udp,64759155093504,22
1194,udp,64759196744334,108
1195,udp,64759238425404,29
1196,udp,64759280096574,23
1197,udp,64759321775124,18
1198,udp,64759363382304,12
1199,udp,64759404987504,12
1200,udp,64759446700254,1573
1201,udp,64759488286374,687
1202,udp,64759530021984,162
1203,udp,64759571621964,57
1204,udp,64759613320944,131
1205,udp,64759654972224,58
1206,udp,64759696677774,46
1207,udp,64759738310784,42
1208,udp,64759780113534,41
1209,udp,64759821675084,46
1210,udp,64759863280104,50
1211,udp,64759905026784,33
1212,udp,64759946809464,1140
1213,udp,64759988340324,51
1214,udp,64760030032914,46
1215,udp,64760071732884,160
1216,udp,64760113361934,36
1217,udp,64760155001784,29
1218,udp,64760196621834,104
1219,udp,64760238444654,30
1220,udp,64760279984514,34
1221,udp,64760321662254,38
1222,udp,64760363319924,19
1223,udp,64760404969584,19
1224,udp,64760446693764,583
1225,udp,64760488321734,76
1226,udp,64760529982824,60
1227,udp,64760571676674,50
1228,udp,64760613307524,51
1229,udp,64760655057714,52
1230,udp,64760696740134,43
1231,udp,64760738391234,42
1232,udp,64760780066814,34
1233,udp,64760821620084,28
1234,udp,64760863404024,25
1235,udp,64760905175364,21
1236,udp,64760946752934,567
1237,udp,64760988388914,35
1238,udp,64761030050814,35
1239,udp,64761071640714,53
1240,udp,64761113348964,33
1241,udp,64761155013384,29
1242,udp,64761196641444,33
1243,udp,64761238425474,25
1244,udp,64761280111404,22
1245,udp,64761321653064,28
1246,udp,64761363261144,21
1247,udp,64761405000084,20
1248,udp,64761446645694,1081
1249,udp,64761488359434,234
1250,tcp,64761533563464,6596
1251,udp,64761571721034,99
1252,udp,64761613322004,104
1253,udp,64761655072644,135
1254,udp,64761696701874,80
1255,udp,64761738400854,71
1256,udp,64761780099114,100
1257,udp,64761821689824,51
1258,udp,64761863351364,33
1259,udp,64761905017764,33
1260,udp,64761946645374,298
1261,udp,64761988276944,31
1262,udp,64762029946314,42
1263,udp,64762071797124,29
1264,udp,64762113451914,19
1265,udp,64762155079524,27
1266,udp,64762196817204,21
1267,udp,64762238337984,17
1268,udp,64762280243514,18
1269,udp,64762321668894,18
1270,udp,64762363407834,17
1271,udp,64762405096374,18
1272,udp,64762446688254,930
1273,udp,64762488354474,64
1274,udp,64762530047784,433
1275,udp,64762571722914,42
1276,udp,64762613276094,37
1278,udp,64762696745334,29
1279,udp,64762738310304,22
1280,udp,64762780070214,20
1281,udp,64762821735714,15
1282,udp,64762863310494,15
1283,udp,64762905173634,15
1284,udp,64762946619534,256
1285,udp,64762988412564,23
1286,udp,64763030007324,22
1287,udp,64763071746624,20
1288,udp,64763113373064,17
1289,udp,64763155064304,21
1290,udp,64763196714864,15
1291,udp,64763238426174,15
1292,udp,64763280121014,15
1293,udp,64763321742684,15
1294,udp,64763363364984,15
1295,udp,64763404965414,15
1296,udp,64763446658634,1054
1297,udp,64763488292724,100
1298,udp,64763529989364,340
1299,udp,64763571656484,41
1300,udp,64763613299934,35
1301,udp,64763655019074,39
1302,udp,64763696653434,32
1303,udp,64763738317674,31
1304,udp,64763780080734,123
1305,udp,64763821698714,29
1306,udp,64763863301394,27
1307,udp,64763904945294,20
1308,udp,64763946679284,418
1309,udp,64763988338484,33
1310,udp,64764029994624,34
1311,udp,64764071630424,36
1312,udp,64764113361714,20
1313,udp,64764155007234,17
1314,udp,64764196673544,206
1315,udp,64764238318524,38
1316,udp,64764279980244,38
1317,udp,64764321732054,31
1318,udp,64764363366864,15
1319,udp,64764405019134,13
1320,udp,64764446705244,485
1321,udp,64764488408274,81
1322,udp,64764530059914,403
1324,udp,64764613292994,32
1325,udp,64764655025544,64
1326,udp,64764696685104,24
1327,udp,64764738379494,21
1328,udp,64764780076404,18
1329,udp,64764821798154,15
1330,udp,64764863395164,15
1331,udp,64764904955184,16
1332,udp,64764946625094,145
1333,udp,64764988315254,17
1334,udp,64765030129704,16
1335,udp,64765071694404,56
1336,udp,64765113403914,18
1337,udp,64765154964294,20
1338,udp,64765196644464,25
1339,udp,64765238379894,12
1340,udp,64765280076714,13
1341,udp,64765321742754,13
1342,udp,64765363379544,12
1344,udp,64765446633054,1287
1345,udp,64765488265974,91
1346,udp,64765529989614,512
1347,udp,64765571644314,32
1348,udp,64765613395224,26
1350,udp,64765696696164,21
1351,udp,64765738323684,17
1352,udp,64765779956244,60
1353,udp,64765821732444,17
1354,udp,64765863294984,17
1355,udp,64765905006924,15
1356,udp,64765946648664,379
1357,udp,64765988424684,25
1358,udp,64766029962384,26
1359,udp,64766071687194,141
1360,udp,64766113378524,27
1361,udp,64766155010904,26
1362,udp,64766196677214,19
1363,udp,64766238298254,12
1364,udp,64766280053664,13
1365,udp,64766321655534,13
1366,udp,64766363389614,12
1367,udp,64766405027214,13
1368,udp,64766446721424,679
1369,udp,64766488350294,72
1370,udp,64766530040994,284
1371,udp,64766571639444,33
1372,udp,64766613404664,26
1373,udp,64766654996094,38
1374,udp,64766696641704,26
1375,udp,64766738327904,25
1376,udp,64766780141724,42
1377,udp,64766821771224,15
1378,udp,64766863469934,15
1379,udp,64766904973434,23
1380,udp,64766946722364,284
1381,udp,64766988312804,21
1382,udp,64767030080094,30
1383,udp,64767071691954,19
1384,udp,64767113323614,17
1385,udp,64767155011974,16
1386,udp,64767196693404,17
1387,udp,64767238421094,12
1388,udp,64767280108554,13
1389,udp,64767321898074,13
1390,udp,64767363315804,12
1391,udp,64767404956554,13
1392,udp,64767446690184,1504
1393,udp,64767488381424,77
1394,udp,64767530061594,506
1395,udp,64767571636284,32
1396,udp,64767613347504,27
1397,udp,64767655014534,110
1398,udp,64767696725394,21
1399,udp,64767738283974,17
1400,udp,64767780082764,16
1401,udp,64767821715774,12
1402,udp,64767863386944,12
1403,udp,64767904995924,13
1404,udp,64767946705524,220
1405,udp,64767988325034,22
1406,udp,64768029963084,23
1407,udp,64768071651534,13
1408,udp,64768113365724,12
1409,udp,64768154972004,13
1410,udp,64768196706714,13
1411,udp,64768238300214,12
1412,udp,64768279961934,13
1413,udp,64768321664964,13
1414,udp,64768363293564,12
1415,udp,64768405102704,13
1416,udp,64768446752004,988
1417,udp,64768488321474,83
1418,udp,64768529985894,451
1419,udp,64768571649954,29
1420,udp,64768613374494,25
1421,udp,64768655073294,72
1422,udp,64768696664184,23
1423,udp,64768738325094,20
1424,udp,64768780106694,26
1425,udp,64768821644304,21
1426,udp,64768863324024,18
1427,udp,64768905030564,16
1428,udp,64768946736114,458
1429,udp,64768988287044,30
1430,udp,64769030062254,38
1431,udp,64769071702914,33
1432,udp,64769113406754,24
1433,udp,64769154959394,20
1434,udp,64769196713094,19
1435,udp,64769238343764,12
1436,udp,64769280216894,13
1437,udp,64769321794464,13
1438,udp,64769363553114,12
1439,udp,64769405063544,13
1440,udp,64769446739214,2307
1441,udp,64769488342614,342
1442,udp,64769530076514,844
1443,udp,64769571642294,65
1444,udp,64769613345774,79
1445,udp,64769654992014,345
1446,udp,64769696645994,66
1447,udp,64769738353524,78
1448,udp,64769779970964,106
1449,udp,64769821638444,49
1450,udp,64769863337064,49
1451,udp,64769905012014,63
1452,udp,64769946658704,405
1453,udp,64769988359574,45
1454,udp,64770030001134,40
1455,udp,64770071729814,175
1456,udp,64770113312334,31
1457,udp,64770155012574,35
1458,udp,64770196732344,34
1459,udp,64770238336464,17
1460,udp,64770280078014,19
1461,udp,64770321678354,16
1462,udp,64770363304974,12
1463,udp,64770404937354,13
1464,udp,64770446669004,500
1465,udp,64770488322984,88
1466,udp,64770530041584,247
1467,udp,64770571662714,52
1468,udp,64770613317954,50
1469,udp,64770654996504,57
1470,udp,64770696740934,34
1471,udp,64770738278274,40
1472,udp,64770780154464,45
1473,udp,64770821685414,33
1474,udp,64770863416884,32
1476,udp,64770946765164,364
1477,udp,64770988264614,43
1478,udp,64771030067814,56
1479,udp,64771071696954,60
1480,udp,64771113357594,36
1481,udp,64771154981424,43
1482,udp,64771196799474,39
1483,udp,64771238328714,12
1484,udp,64771280085024,13
1485,udp,64771321779324,13
1486,udp,64771363392714,12
1487,udp,64771405078644,13
1488,udp,64771446773304,1231
1489,udp,64771488404604,147
1490,udp,64771530002064,344
1491,udp,64771571660364,35
1492,udp,64771613363844,28
1493,udp,64771654994154,42
1494,udp,64771696669194,22
1495,udp,64771738363494,18
1496,udp,64771780158324,126
1497,udp,64771821693054,18
1498,udp,64771863318504,19
1499,udp,64771904988054,18
1500,tcp,64771950200814,6175
1501,udp,64771988421114,107
1502,udp,64772029990584,95
1503,udp,64772071731594,98
1504,udp,64772113514004,68
1505,udp,64772155005174,84
1506,udp,64772196747534,87
1507,udp,64772238361554,67
1508,udp,64772280118584,74
1509,udp,64772321658264,66
1510,udp,64772363311884,50
1511,udp,64772405007444,62
1512,udp,64772446650714,864
1513,udp,64772488299024,195
1514,udp,64772529942654,470
1515,udp,64772571662694,62
1516,udp,64772613347724,64
1517,udp,64772655007374,148
1518,udp,64772696674584,59
1519,udp,64772738342424,67
1520,udp,64772779957794,76
1521,udp,64772821638324,45
1522,udp,64772863290504,48
1523,udp,64772905103694,55
1524,udp,64772946710694,277
1525,udp,64772988351174,45
1526,udp,64773030086424,47
1528,udp,64773113310864,31
1529,udp,64773154947564,37
1530,udp,64773196674534,20
1531,udp,64773238281174,20
1532,udp,64773280055664,23
1533,udp,64773321689574,20
1534,udp,64773363356874,20
1535,udp,64773404965404,23
1536,udp,64773446661504,1064
1537,udp,64773488303154,108
1538,udp,64773530038764,344
1539,udp,64773571675194,51
1540,udp,64773613392084,49
1541,udp,64773655059564,171
1542,udp,64773696726504,44
1543,udp,64773738361854,49
1544,udp,64773780091254,61
1545,udp,64773821671884,37
1546,udp,64773863363934,45
1547,udp,64773905255604,50
1548,udp,64773946641744,354
1549,udp,64773988350084,43
1550,udp,64774029971214,52
1551,udp,64774071733014,90
1552,udp,64774113275754,30
1553,udp,64774154985444,27
1554,udp,64774196689104,29
1555,udp,64774238387004,17
1556,udp,64774279984644,16
1557,udp,64774321789734,17
1558,udp,64774363356954,12
1559,udp,64774405051074,13
1560,udp,64774446615774,1226
1561,udp,64774488421584,85
1562,udp,64774530027864,477
1563,udp,64774571692014,35
1564,udp,64774613365614,32
1565,udp,64774654983324,48
1566,udp,64774696698954,27
1567,udp,64774738296414,26
1568,udp,64774779984054,31
1569,udp,64774821665214,19
1570,udp,64774863319824,22
1572,udp,64774946644074,301
1573,udp,64774988333514,23
1574,udp,64775030032674,24
1575,udp,64775071663884,58
1576,udp,64775113379424,18
1577,udp,64775154955374,21
1578,udp,64775196727344,18
1579,udp,64775238290604,12
1580,udp,64775280067884,13
1581,udp,64775321728794,13
1582,udp,64775363337954,12
1583,udp,64775405009754,13
1584,udp,64775446605864,1055
1585,udp,64775488357944,84
1587,udp,64775571717834,31
1588,udp,64775613361284,26
1589,udp,64775654998164,33
1590,udp,64775696635944,17
1591,udp,64775738362914,17
1592,udp,64775780047404,97
1593,udp,64775821661514,22
1594,udp,64775863300914,18
1595,udp,64775905065414,18
1596,udp,64775946641994,280
1597,udp,64775988312084,28
1598,udp,64776030009534,24
1599,udp,64776071717874,113
1600,udp,64776113471574,26
1601,udp,64776155137074,23
1602,udp,64776196614204,69
1603,udp,64776238281594,21
1604,udp,64776279976254,22
1605,udp,64776321682524,23
1606,udp,64776363336864,17
1607,udp,64776405013614,18
1608,udp,64776446715114,730
1609,udp,64776488373324,74
1610,udp,64776530211534,273
1611,udp,64776571760394,33
1612,udp,64776613396644,32
1613,udp,64776655057284,36
1614,udp,64776696728364,29
1615,udp,64776738375684,30
1616,udp,64776780061434,30
1618,udp,64776863374434,18
1619,udp,64776905030574,38
1620,udp,64776946676814,286
1622,udp,64777029970104,39
1623,udp,64777071702294,23
1624,udp,64777113319824,19
1625,udp,64777155156144,17
1626,udp,64777196675214,17
1627,udp,64777238352684,17
1628,udp,64777279974714,17
1629,udp,64777321678824,17
1630,udp,64777363448994,17
1631,udp,64777404980934,17
1632,udp,64777446661464,1512
1633,udp,64777488306624,112
1634,udp,64777529965914,426
1635,udp,64777571672544,42
1636,udp,64777613306004,32
1637,udp,64777654964124,112
1638,udp,64777696823844,25
1639,udp,64777738395474,24
1641,udp,64777821627744,23
1642,udp,64777863380544,23
1643,udp,64777905041994,18
1644,udp,64777946679594,249
1645,udp,64777988390544,22
1646,udp,64778030040924,24
1647,udp,64778071647744,20
1648,udp,64778113469484,17
1649,udp,64778155002324,18
1650,udp,64778196622464,18
1651,udp,64778238333054,17
1652,udp,64778280091164,18
1653,udp,64778321677464,18
1654,udp,64778363313444,17
1655,udp,64778404993704,18
1656,udp,64778446663164,957
1657,udp,64778488371594,161
1658,udp,64778529995244,476
1659,udp,64778571731574,34
1660,udp,64778613319404,27
1661,udp,64778655063924,128
1662,udp,64778696636364,26
1663,udp,64778738358294,23
1664,udp,64778779967364,34
1665,udp,64778821671654,23
1666,udp,64778863378194,24
1667,udp,64778905031724,21
1668,udp,64778946629814,365
1669,udp,64778988367134,26
1670,udp,64779030187524,26
1671,udp,64779071670144,85
1672,udp,64779113363184,24
1673,udp,64779154979004,26
1674,udp,64779196726674,22
1675,udp,64779238324134,12
1678,udp,64779363446904,12
1679,udp,64779405073704,13
1680,udp,64779446774934,1468
1681,udp,64779488327934,265
1682,udp,64779529978494,504
1683,udp,64779571685394,46
1684,udp,64779613337394,47
1685,udp,64779655026294,289
1686,udp,64779696630954,41
1687,udp,64779738369804,37
1688,udp,64779780092274,35
1689,udp,64779821660664,22
1690,udp,64779863357304,22
1691,udp,64779905166354,22
1692,udp,64779946617834,410
1693,udp,64779988298904,28
1694,udp,64780029994374,26
1695,udp,64780071756174,55
1696,udp,64780113394044,22
1697,udp,64780155061704,25
1698,udp,64780196620014,21
1699,udp,64780238328714,12
1700,udp,64780280080974,13
1701,udp,64780321691574,13
1702,udp,64780363339164,12
1703,udp,64780405031214,13
1704,udp,64780446680784,606
1705,udp,64780488292824,76
1706,udp,64780529986944,266
1707,udp,64780571679354,30
1708,udp,64780613446914,21
1709,udp,64780654997754,18
1710,udp,64780696610964,15
1711,udp,64780738385814,15
1712,udp,64780780129704,16
1713,udp,64780821682254,15
1714,udp,64780863436224,15
1715,udp,64780904981214,16
1716,udp,64780946769294,331
1717,udp,64780988557554,23
1718,udp,64781030054664,22
1719,udp,64781071644204,26
1720,udp,64781113367664,12
1721,udp,64781154976464,13
1722,udp,64781196704514,39
1723,udp,64781238354804,19
1724,udp,64781280079074,18
1725,udp,64781321752584,17
1726,udp,64781363359494,12
1727,udp,64781405030664,13
1728,udp,64781446642614,1157
1729,udp,64781488364814,131
1730,udp,64781529966144,297
1731,udp,64781571689604,41
1732,udp,64781613304704,27
1733,udp,64781654938794,91
1734,udp,64781696840634,32
1735,udp,64781738346024,28
1736,udp,64781779953024,74
1737,udp,64781821608534,25
1738,udp,64781863332534,27
1739,udp,64781905084614,26
1740,udp,64781946697734,290
1741,udp,64781988358824,23
1742,udp,64782030149064,34
1743,udp,64782071660754,23
1744,udp,64782113339214,20
1745,udp,64782155020644,20
1747,udp,64782238350204,17
1748,udp,64782279966384,18
1749,udp,64782321629634,18
1750,tcp,64782364444614,5613
1751,udp,64782404994564,109
1752,udp,64782446684184,1018
1753,udp,64782488276064,499
1754,udp,64782529985034,146
1755,udp,64782571655214,70
1756,udp,64782613391454,71
1757,udp,64782655003224,69
1758,udp,64782696621204,42
1759,udp,64782738695664,43
1760,udp,64782780320484,35
1761,udp,64782821702934,29
1762,udp,64782863317674,25
1764,udp,64782946652184,256
1765,udp,64782988383924,31
1766,udp,64783029956454,30
1767,udp,64783071687114,28
1768,udp,64783113303294,32
1769,udp,64783154999664,25
1770,udp,64783196685864,26
1771,udp,64783238360814,24
1772,udp,64783280064834,24
1773,udp,64783321776324,24
1774,udp,64783363315104,24
1775,udp,64783404996624,24
1776,udp,64783446716484,1129
1777,udp,64783488327084,379
1778,udp,64783530091674,134
1779,udp,64783571671314,36
1780,udp,64783613396124,33
1781,udp,64783654984224,24
1782,udp,64783696711284,23
1783,udp,64783738432674,22
1784,udp,64783780109874,22
1785,udp,64783821734784,21
1786,udp,64783863462384,22
1787,udp,64783905075954,22
1788,udp,64783946678184,376
1790,udp,64784029992174,35
1791,udp,64784071656144,48
1792,udp,64784113411554,24
1793,udp,64784155103964,22
1794,udp,64784196669114,79
1796,udp,64784280077514,19
1797,udp,64784321677674,19
1798,udp,64784363321754,13
1799,udp,64784405074194,13
1800,udp,64784446637184,1634
1801,udp,64784488306734,614
1802,udp,64784529939024,194
1803,udp,64784571609654,67
1804,udp,64784613378384,124
1805,udp,64784655076824,86
1806,udp,64784696702724,38
1807,udp,64784738269764,17
1808,udp,64784780144514,17
1809,udp,64784821675644,16
1810,udp,64784863416474,17
1811,udp,64784904984414,17
1812,udp,64784946641814,427
1813,udp,64784988338814,50
1814,udp,64785030001164,19
1815,udp,64785071699514,57
1816,udp,64785113405154,22
1817,udp,64785154950324,18
1818,udp,64785196648134,21
1819,udp,64785238316064,16
1820,udp,64785279977604,16
1821,udp,64785321684144,21
1822,udp,64785363350454,15
1823,udp,64785405004794,13
1824,udp,64785446682624,1273
1825,udp,64785488431194,637
1826,udp,64785530074284,43
1827,udp,64785571747884,38
1828,udp,64785613358304,89
1829,udp,64785655077354,34
1830,udp,64785696655824,23
1831,udp,64785738363714,26
1832,udp,64785780134154,21
1833,udp,64785821665914,17
1835,udp,64785905009964,17
1836,udp,64785946725414,382
1837,udp,64785988321614,31
1838,udp,64786029993594,30
1839,udp,64786071789774,164
1840,udp,64786113399204,35
1841,udp,64786154954634,22
1842,udp,64786196674854,66
1843,udp,64786238295444,25
1844,udp,64786280082444,23
1845,udp,64786321621944,24
1846,udp,64786363381134,13
1847,udp,64786404946554,13
1848,udp,64786446724194,639
1849,udp,64786488275394,281
1850,udp,64786530017214,61
1851,udp,64786571671194,25
1852,udp,64786613345604,26
1853,udp,64786655001204,25
1854,udp,64786696675434,18
1855,udp,64786738487004,18
1856,udp,64786780250784,16
1857,udp,64786821623244,12
1858,udp,64786863325284,13
1859,udp,64786904993124,13
1860,udp,64786946628294,186
1861,udp,64786988389104,32
1862,udp,64787030017704,23
1863,udp,64787071720374,17
1864,udp,64787113397664,16
1865,udp,64787154990894,16
1866,udp,64787196706974,15
1867,udp,64787238382194,16
1868,udp,64787280137694,16
1869,udp,64787321692134,15
1870,udp,64787363439984,16
1871,udp,64787405017374,16
1872,udp,64787446736964,1550
1873,udp,64787488371774,481
1874,udp,64787530102434,136
1875,udp,64787571727434,27
1877,udp,64787655023604,18
1878,udp,64787696790624,15
1879,udp,64787738362254,16
1880,udp,64787780077434,16
1881,udp,64787821659324,15
1882,udp,64787863351284,16
1883,udp,64787905068894,16
1884,udp,64787946668424,267
1885,udp,64787988424194,24
1886,udp,64788030044424,22
1887,udp,64788071664024,13
1888,udp,64788113321064,13
1889,udp,64788155037144,13
1890,udp,64788196648644,13
1891,udp,64788238364994,13
1892,udp,64788279954354,13
1893,udp,64788321709584,13
1894,udp,64788363321624,13
1896,udp,64788446617164,972
1897,udp,64788488372574,543
1898,udp,64788530041134,39
1899,udp,64788571742004,29
1900,udp,64788613293834,49
1901,udp,64788654959964,25
1902,udp,64788696626004,15
1903,udp,64788738343794,15
1904,udp,64788779997324,13
1905,udp,64788821621514,12
1906,udp,64788863294124,13
1908,udp,64788946638084,477
1909,udp,64788988322934,32
1910,udp,64789029999054,26
1911,udp,64789071611184,75
1913,udp,64789155055044,17
1914,udp,64789196749254,19
1915,udp,64789238358684,15
1916,udp,64789279979004,15
1917,udp,64789321642794,15
1918,udp,64789363302714,13
1919,udp,64789404950124,13
1920,udp,64789446700854,2123
1921,udp,64789488392724,969
1922,udp,64789529999364,152
1923,udp,64789571685384,61
1924,udp,64789613278524,68
1925,udp,64789655054094,35
1926,udp,64789696710864,23
1927,udp,64789738436394,25
1928,udp,64789780131954,22
1929,udp,64789821770094,15
1930,udp,64789863295014,16
1931,udp,64789905006414,16
1932,udp,64789946650494,335
1933,udp,64789988365134,37
1934,udp,64790029984554,24
1935,udp,64790071688754,21
1936,udp,64790113378824,13
1937,udp,64790155041444,13
1938,udp,64790196638184,13
1939,udp,64790238286674,13
1940,udp,64790280064854,13
1941,udp,64790321668074,13
1942,udp,64790363333034,13
1943,udp,64790404957944,13
1944,udp,64790446679064,595
1945,udp,64790488321974,306
1946,udp,64790530118334,35
1947,udp,64790571678804,24
1948,udp,64790613297144,24
1949,udp,64790654989554,15
1950,udp,64790696628324,12
1951,udp,64790738312544,13
1952,udp,64790779963734,13
1953,udp,64790821703214,12
1954,udp,64790863298604,13
1955,udp,64790904975624,13
1956,udp,64790946654354,295
1957,udp,64790988378444,22
1958,udp,64791030061404,21
1959,udp,64791071758584,117
1960,udp,64791113327514,22
1961,udp,64791155082474,15
1962,udp,64791196717464,13
1963,udp,64791238314744,13
1964,udp,64791280263474,13
1965,udp,64791321670044,13
1966,udp,64791363332664,13
1967,udp,64791405080694,13
1968,udp,64791446721804,1216
1969,udp,64791488419524,439
1970,udp,64791530029944,98
1971,udp,64791571628124,30
1972,udp,64791613411074,28
1973,udp,64791655022034,26
1974,udp,64791696670344,17
1975,udp,64791738313524,15
1976,udp,64791780131214,15
1977,udp,64791821739384,15
1978,udp,64791863350434,15
1979,udp,64791905071734,15
1980,udp,64791946776564,294
1981,udp,64791988391754,43
1982,udp,64792029976344,26
1983,udp,64792071640854,19
1984,udp,64792113413004,15
1985,udp,64792155042504,15
1986,udp,64792196621784,15
1987,udp,64792238295564,15
1988,udp,64792279986354,15
1989,udp,64792321732134,15
1990,udp,64792363390614,15
1991,udp,64792405025064,15
1992,udp,64792446633324,840
1993,udp,64792488388464,425
1994,udp,64792530004554,52
1995,udp,64792571755014,42
1996,udp,64792613310264,126
1997,udp,64792654967034,43
1998,udp,64792696661244,20
1999,udp,64792738412424,15
2000,tcp,64792783543824,7097
2001,udp,64792821719304,62
2002,udp,64792863339264,71
2004,udp,64792946671254,218
2005,udp,64792988402904,60
2006,udp,64793029989744,121
2007,udp,64793071623834,29
2008,udp,64793113270794,22
2009,udp,64793155032594,23
2010,udp,64793196689364,13
2011,udp,64793238404454,13
2012,udp,64793279988864,13
2013,udp,64793321687214,13
2014,udp,64793363302854,13
2015,udp,64793405044044,13
2016,udp,64793446702614,1216
2017,udp,64793488352094,297
2018,udp,64793529991944,287
2019,udp,64793571645024,35
2020,udp,64793613370824,32
2021,udp,64793654942454,81
2022,udp,64793696609934,30
2023,udp,64793738398284,26
2024,udp,64793779928784,22
2025,udp,64793821712724,13
2026,udp,64793863271304,13
2027,udp,64793905025994,13
2028,udp,64793946660534,307
2029,udp,64793988437004,23
2030,udp,64794029938164,31
2031,udp,64794071579094,15
2032,udp,64794113365644,13
2033,udp,64794155073624,18
2034,udp,64794196726254,13
2035,udp,64794238358454,13
2036,udp,64794279950694,13
2037,udp,64794321617904,13
2038,udp,64794363335334,13
2039,udp,64794405000924,13
2040,udp,64794446609994,1279
2041,udp,64794488274684,248
2042,udp,64794529976184,395
2043,udp,64794571593444,39
2044,udp,64794613271904,21
2045,udp,64794655003104,48
2046,udp,64794696735024,19
2047,udp,64794738301524,17
2048,udp,64794780262674,16
2049,udp,64794821656284,13
2050,udp,64794863370294,13
2051,udp,64794904940214,13
2053,udp,64794988267254,19
2054,udp,64795029914124,15
2055,udp,64795071600684,13
2056,udp,64795113313164,13
2057,udp,64795155035994,13
2058,udp,64795196646594,13
2059,udp,64795238289234,13
2060,udp,64795279955184,13
2061,udp,64795321661454,13
2062,udp,64795363267554,13
2063,udp,64795405058154,13
2064,udp,64795446792954,1441
2065,udp,64795488308514,379
2066,udp,64795530011454,409
2067,udp,64795571706834,34
2068,udp,64795613379174,25
2069,udp,64795655008584,68
2070,udp,64795696714224,19
2071,udp,64795738275324,20
2073,udp,64795821662664,18
2074,udp,64795863336714,16
2075,udp,64795905000774,15
2076,udp,64795946624964,299
2077,udp,64795988287224,22
2078,udp,64796030061264,20
2079,udp,64796071652064,13
2080,udp,64796113403424,13
2081,udp,64796155077654,13
2082,udp,64796196737124,13
2083,udp,64796238338904,13
2084,udp,64796280163344,13
2085,udp,64796321714004,13
2086,udp,64796363390394,13
2087,udp,64796404989654,13
2088,udp,64796446675944,836
2089,udp,64796488393824,177
2090,udp,64796530046364,266
2091,udp,64796571722304,41
2092,udp,64796613411024,36
2093,udp,64796655073284,42
2094,udp,64796696743734,22
2095,udp,64796738432634,19
2096,udp,64796779970964,16
2097,udp,64796821709274,13
2098,udp,64796863332654,13
2099,udp,64796905019664,13
2100,udp,64796946677604,277
2101,udp,64796988326094,53
2102,udp,64797030024804,92
2103,udp,64797071681394,21
2104,udp,64797113355714,18
2105,udp,64797155055414,16
2106,udp,64797196620744,13
2107,udp,64797238314504,13
2108,udp,64797279924744,13
2109,udp,64797321594474,13
2110,udp,64797363325674,13
2111,udp,64797404914674,13
2112,udp,64797446769984,1372
2113,udp,64797488271594,177
2114,udp,64797530121684,384
2115,udp,64797571637244,26
2116,udp,64797613400754,26
2117,udp,64797655002354,97
2118,udp,64797696625194,25
2119,udp,64797738281334,18
2120,udp,64797779951694,63
2121,udp,64797821611524,18
2122,udp,64797863339934,15
2123,udp,64797905096424,17
2124,udp,64797946622874,198
2125,udp,64797988268484,24
2126,udp,64798029917514,43
2127,udp,64798071662664,17
2128,udp,64798113286224,15
2129,udp,64798154960454,16
2130,udp,64798196677254,13
2131,udp,64798238346894,13
2132,udp,64798280066394,13
2133,udp,64798321677174,13
2134,udp,64798363400544,13
2135,udp,64798405039224,13
2136,udp,64798446689514,1160
2137,udp,64798488343674,284
2138,udp,64798529944104,433
2139,udp,64798571660814,31
2140,udp,64798613368884,26
2141,udp,64798654965174,64
2142,udp,64798696689804,25
2144,udp,64798779953574,20
2145,udp,64798821709074,13
2146,udp,64798863282324,13
2147,udp,64798904925594,13
2148,udp,64798946647524,311
2149,udp,64798988261724,23
2150,udp,64799029983474,24
2151,udp,64799071614414,15
2152,udp,64799113293594,13
2153,udp,64799155011474,13
2154,udp,64799196625764,13
2155,udp,64799238271914,13
2157,udp,64799321582394,13
2158,udp,64799363281284,13
2159,udp,64799405018874,13
2160,udp,64799446611564,2412
2161,udp,64799488308564,412
2162,udp,64799529980724,980
2163,udp,64799571655134,60
2164,udp,64799613304344,41
2165,udp,64799655016014,104
2166,udp,64799696646324,37
2167,udp,64799738368164,32
2168,udp,64799780076504,87
2169,udp,64799821746954,22
2171,udp,64799905067154,16
2172,udp,64799946727704,200
2173,udp,64799988382674,16
2174,udp,64800030106854,13
2175,udp,64800071714124,13
2176,udp,64800113295294,13
2177,udp,64800154992744,13
2178,udp,64800196680924,13
2179,udp,64800238274694,13
2180,udp,64800280084824,13
2181,udp,64800321658794,13
2182,udp,64800363358404,13
2183,udp,64800404959374,13
2184,udp,64800446613084,667
2185,udp,64800488323404,186
2186,udp,64800530085474,243
2187,udp,64800571712364,34
2188,udp,64800613333494,25
2189,udp,64800654954804,21
2190,udp,64800696654144,13
2191,udp,64800738298944,13
2192,udp,64800779910534,13
2193,udp,64800821654334,13
2194,udp,64800863320284,13
2195,udp,64800904944834,13
2196,udp,64800946637514,291
2197,udp,64800988363134,23
2198,udp,64801030026024,35
2199,udp,64801071711234,23
2200,udp,64801113411654,13
2201,udp,64801154982744,13
2202,udp,64801196796204,13
2203,udp,64801238304744,13
2204,udp,64801280092014,13
2205,udp,64801321745184,13
2206,udp,64801363296654,13
2207,udp,64801404954324,13
2208,udp,64801446621804,1387
2209,udp,64801488472614,186
2210,udp,64801530117954,423
2211,udp,64801571613444,32
2212,udp,64801613280654,20
2213,udp,64801654936344,67
2214,udp,64801696675194,17
2215,udp,64801738281474,18
2216,udp,64801780088184,71
2217,udp,64801821623184,21
2218,udp,64801863322434,18
2219,udp,64801905029964,18
2220,udp,64801946764224,280
2221,udp,64801988277714,39
2222,udp,64802029962834,95
2223,udp,64802071647864,21
2224,udp,64802113314984,18
2225,udp,64802154962574,20
2226,udp,64802196607824,13
2227,udp,64802238308064,13
2228,udp,64802280097404,13
2229,udp,64802321663814,13
2230,udp,64802363279544,13
2231,udp,64802405075274,13
2232,udp,64802446649154,1086
2233,udp,64802488324374,249
2234,udp,64802529986904,431
2235,udp,64802571666984,37
2236,udp,64802613387564,28
2237,udp,64802655040464,116
2238,udp,64802696697414,27
2239,udp,64802738349414,20
2240,udp,64802780116074,15
2241,udp,64802821633434,13
2242,udp,64802863412244,13
2243,udp,64802904964524,13
2244,udp,64802946614274,253
2245,udp,64802988272664,21
2246,udp,64803029966604,47
2247,udp,64803071580894,18
2248,udp,64803113551134,15
2249,udp,64803154933584,17
2250,tcp,64803200139324,7542
2251,udp,64803238357914,71
2252,udp,64803280048344,73
2253,udp,64803321750114,68
2254,udp,64803363310854,42
2255,udp,64803404939184,30
2256,udp,64803446603514,1075
2257,udp,64803488270094,147
2258,udp,64803530011104,274
2259,udp,64803571644834,37
2260,udp,64803613272714,31
2261,udp,64803655015344,64
2262,udp,64803696592824,22
2263,udp,64803738291624,20
2264,udp,64803779922924,59
2265,udp,64803821692014,19
2266,udp,64803863374164,19
2267,udp,64803905055774,18
2268,udp,64803946608234,288
2269,udp,64803988271664,22
2270,udp,64804029961284,89
2271,udp,64804071785634,20
2272,udp,64804113455094,13
2273,udp,64804155038064,13
2274,udp,64804196709594,13
2275,udp,64804238365014,13
2276,udp,64804280085324,13
2277,udp,64804321656144,13
2278,udp,64804363373214,13
2279,udp,64804405005684,13
2280,udp,64804446629694,1225
2281,udp,64804488384294,287
2282,udp,64804530094434,333
2283,udp,64804571619534,37
2284,udp,64804613361804,24
2285,udp,64804654971324,69
2286,udp,64804696679664,21
2287,udp,64804738437414,21
2289,udp,64804821645924,13
2290,udp,64804863347784,13
2291,udp,64804905025704,13
2292,udp,64804946601294,198
2293,udp,64804988285064,19
2294,udp,64805029915644,22
2295,udp,64805071652154,13
2296,udp,64805113431954,13
2297,udp,64805154938424,13
2298,udp,64805196607524,13
2299,udp,64805238387684,13
2300,udp,64805280175044,13
2301,udp,64805321800134,13
2302,udp,64805363360064,13
2303,udp,64805404991184,13
2304,udp,64805446653354,1501
2305,udp,64805488368894,367
2306,udp,64805530053114,406
2307,udp,64805571665964,41
2308,udp,64805613347124,28
2309,udp,64805655000294,81
2310,udp,64805696619804,23
2311,udp,64805738337684,22
2312,udp,64805779962864,27
2313,udp,64805821613424,15
2314,udp,64805863398714,16
2315,udp,64805904975204,16
2316,udp,64805946725304,288
2317,udp,64805988365604,22
2318,udp,64806030030204,39
2319,udp,64806071799384,18
2320,udp,64806113296224,13
2321,udp,64806155005734,13
2322,udp,64806196676814,13
2323,udp,64806238315224,13
2324,udp,64806279930054,13
2325,udp,64806321669084,13
2326,udp,64806363316494,13
2328,udp,64806446611314,826
2329,udp,64806488304624,176
2330,udp,64806530014134,285
2331,udp,64806571612944,39
2332,udp,64806613262154,25
2333,udp,64806655044654,36
2334,udp,64806696625554,27
2335,udp,64806738269004,23
2336,udp,64806780107754,45
2337,udp,64806821645454,25
2338,udp,64806863312664,22
2339,udp,64806905037564,25
2340,udp,64806946663194,276
2341,udp,64806988297284,33
2342,udp,64807030027584,92
2343,udp,64807071720984,21
2344,udp,64807113391074,20
2345,udp,64807154983764,18
2346,udp,64807196725314,13
2347,udp,64807238340234,13
2348,udp,64807280064954,13
2349,udp,64807321631994,13
2350,udp,64807363310544,13
2351,udp,64807404911064,13
2352,udp,64807446608784,1707
2353,udp,64807488339444,310
2354,udp,64807530039234,473
2355,udp,64807571618514,37
2356,udp,64807613372934,28
2357,udp,64807654961934,71
2358,udp,64807696590624,20
2359,udp,64807738258554,17
2360,udp,64807779987144,13
2361,udp,64807821670374,13
2362,udp,64807863273864,13
2364,udp,64807946585514,248
2365,udp,64807988273784,20
2366,udp,64808029933164,44
2367,udp,64808071686144,19
2368,udp,64808113277574,15
2369,udp,64808154924174,13
2370,udp,64808196669684,13
2371,udp,64808238386574,13
2372,udp,64808279896284,13
2373,udp,64808321697234,13
2374,udp,64808363360934,13
2375,udp,64808404965144,13
2376,udp,64808446602564,960
2377,udp,64808488224054,303
2378,udp,64808529994314,308
2379,udp,64808571704274,25
2380,udp,64808613316584,21
2381,udp,64808654939244,110
2382,udp,64808696722284,20
2383,udp,64808738378784,19
2384,udp,64808780129964,17
2386,udp,64808863301124,13
2387,udp,64808904973824,13
2388,udp,64808946648684,189
2389,udp,64808988258024,21
2390,udp,64809030020184,29
2391,udp,64809071622684,15
2392,udp,64809113325174,13
2393,udp,64809154983924,18
2394,udp,64809196708824,13
2395,udp,64809238354524,13
2396,udp,64809279983304,13
2397,udp,64809321686964,13
2398,udp,64809363365874,13
2399,udp,64809405043254,13
2400,udp,64809446644854,2462
2401,udp,64809488420424,532
2402,udp,64809530058114,760
2403,udp,64809571714344,48
2404,udp,64809613299834,27
2405,udp,64809655029684,116
2406,udp,64809696721824,25
2407,udp,64809738373194,26
2408,udp,64809780080544,31
2409,udp,64809821623194,17
2410,udp,64809863300214,19
2411,udp,64809905010084,24
2412,udp,64809946652274,182
2413,udp,64809988307334,18
2414,udp,64810030052754,18
2415,udp,64810071621414,13
2416,udp,64810113360084,13
2417,udp,64810154948274,13
2418,udp,64810196731494,13
2419,udp,64810238322114,13
2421,udp,64810321591014,13
2422,udp,64810363402314,13
2423,udp,64810404968004,13
2424,udp,64810446805494,626
2425,udp,64810488306924,181
2426,udp,64810530069084,131
2427,udp,64810571599494,39
2428,udp,64810613290104,35
2429,udp,64810655029314,139
2430,udp,64810696682034,32
2431,udp,64810738332954,30
2432,udp,64810779983154,58
2433,udp,64810821760794,33
2435,udp,64810905005034,42
2436,udp,64810946661174,307
2437,udp,64810988330004,28
2438,udp,64811029952124,39
2439,udp,64811071688724,20
2440,udp,64811113379514,13
2441,udp,64811155051314,13
2442,udp,64811196716184,13
2443,udp,64811238345774,13
2444,udp,64811280096054,13
2445,udp,64811321695584,13
2446,udp,64811363402034,13
2447,udp,64811405038104,13
2448,udp,64811446762644,1380
2449,udp,64811488374684,136
2450,udp,64811530059174,372
2451,udp,64811571616674,36
2452,udp,64811613387024,27
2453,udp,64811654989254,105
2454,udp,64811696582664,23
2455,udp,64811738331324,27
2456,udp,64811780055504,22
2457,udp,64811821674294,13
2458,udp,64811863322244,13
2459,udp,64811905016184,13
2460,udp,64811946614274,281
2461,udp,64811988355554,40
2462,udp,64812029921694,83
2463,udp,64812071626884,22
2464,udp,64812113287524,21
2465,udp,64812154961124,13
2466,udp,64812196606014,13
2467,udp,64812238276824,13
2468,udp,64812279949704,13
2469,udp,64812321678114,13
2470,udp,64812363314184,13
2471,udp,64812404968344,13
2472,udp,64812446670834,1074
2473,udp,64812488374044,263
2474,udp,64812530065824,468
2475,udp,64812571715034,41
2476,udp,64812613352904,30
2477,udp,64812655053774,109
2478,udp,64812696685344,27
2479,udp,64812738418704,21
2480,udp,64812780125334,24
2481,udp,64812821740524,20
2482,udp,64812863417994,16
2483,udp,64812905095374,15
2484,udp,64812946739184,251
2485,udp,64812988432854,21
2486,udp,64813030103394,43
2487,udp,64813071743244,15
2488,udp,64813113434484,13
2489,udp,64813155074874,13
2490,udp,64813196701314,13
2491,udp,64813238409024,13
2492,udp,64813280126544,13
2493,udp,64813321778544,13
2494,udp,64813363354854,13
2495,udp,64813405051854,13
2496,udp,64813446672174,1244
2497,udp,64813488393744,184
2498,udp,64813530076884,369
2499,udp,64813571714214,37
2500,tcp,64813616892684,6470
2501,udp,64813655052684,93
2502,udp,64813696626114,42
2503,udp,64813738383504,45
2504,udp,64813780048554,13
2505,udp,64813821668064,13
2506,udp,64813863296574,13
2507,udp,64813905068004,13
2508,udp,64813946602284,271
2509,udp,64813988305944,91
2510,udp,64814029980714,20
2511,udp,64814071731444,13
2512,udp,64814113343934,13
2513,udp,64814154964614,13
2514,udp,64814196718944,13
2515,udp,64814238286884,13
2516,udp,64814280184494,13
2517,udp,64814321783394,13
2518,udp,64814363445924,13
2519,udp,64814405024664,13
2520,udp,64814446754874,1635
2521,udp,64814488339464,627
2522,udp,64814529966894,75
2523,udp,64814571720594,42
2524,udp,64814613407694,36
2526,udp,64814696788194,13
2527,udp,64814738368554,13
2528,udp,64814779928214,13
2529,udp,64814821604784,13
2530,udp,64814863300254,13
2531,udp,64814904964944,13
2532,udp,64814946798384,81
2533,udp,64814988440754,13
2534,udp,64815030045414,13
2535,udp,64815071788764,13
2536,udp,64815113411874,13
2537,udp,64815155115354,13
2538,udp,64815196799304,13
2539,udp,64815238428174,13
2540,udp,64815280121304,13
2541,udp,64815321900294,13
2542,udp,64815363481824,13
2543,udp,64815405104214,13
2544,udp,64815446736054,1412
2545,udp,64815488394624,647
2546,udp,64815530045184,52
2547,udp,64815571770084,33
2548,udp,64815613461774,26
2549,udp,64815655207554,101
2550,udp,64815696816534,25
2551,udp,64815738368634,23
2552,udp,64815780113064,13
2553,udp,64815821749404,13
2554,udp,64815863416434,13
2555,udp,64815905066544,13
2556,udp,64815946735824,302
2557,udp,64815988339944,34
2558,udp,64816029982224,23
2559,udp,64816071593994,13
2560,udp,64816113401694,13
2561,udp,64816155057384,13
2562,udp,64816196662584,13
2563,udp,64816238368584,13
2564,udp,64816280080164,13
2565,udp,64816321638564,13
2566,udp,64816363357524,13
2567,udp,64816405034634,13
2568,udp,64816446668184,809
2569,udp,64816488349704,349
2570,udp,64816529982804,64
2571,udp,64816571654874,29
2572,udp,64816613285994,41
2573,udp,64816654982724,27
2574,udp,64816696741824,17
2575,udp,64816738286454,15
2576,udp,64816780070934,13
2577,udp,64816821587484,13
2578,udp,64816863236964,13
2579,udp,64816904918214,13
2580,udp,64816946617644,273
2581,udp,64816988329224,64
2582,udp,64817030041434,23
2583,udp,64817071736634,13
2584,udp,64817113404744,13
2585,udp,64817155106964,13
2586,udp,64817196795504,13
2587,udp,64817238470094,13
2588,udp,64817280166464,13
2589,udp,64817321759154,13
2590,udp,64817363450394,13
2591,udp,64817405098164,13
2592,udp,64817446788504,1693
2593,udp,64817488396494,595
2594,udp,64817530055424,107
2595,udp,64817571765924,33
2596,udp,64817613393624,29
2597,udp,64817655127884,13
2598,udp,64817696731104,13
2599,udp,64817738494524,13
2600,udp,64817780090994,13
2601,udp,64817821735164,13
2602,udp,64817863423434,13
2603,udp,64817905092264,13
2604,udp,64817946739044,216
2605,udp,64817988451614,41
2606,udp,64818030059694,21
2607,udp,64818071773884,13
2608,udp,64818113462064,13
2609,udp,64818155141334,13
2610,udp,64818196841124,13
2611,udp,64818238451094,13
2612,udp,64818280127754,13
2613,udp,64818321755004,13
2614,udp,64818363481614,13
2615,udp,64818405075474,13
2616,udp,64818446755644,1121
2617,udp,64818488373624,664
2618,udp,64818530110854,75
2619,udp,64818571721994,26
2620,udp,64818613478124,25
2621,udp,64818655047774,13
2622,udp,64818696761334,13
2623,udp,64818738322614,13
2624,udp,64818780132744,13
2625,udp,64818821636154,13
2626,udp,64818863620524,13
2627,udp,64818904999374,13
2628,udp,64818946639134,307
2629,udp,64818988362414,34
2630,udp,64819029955284,25
2631,udp,64819071630594,20
2632,udp,64819113310224,13
2633,udp,64819154994894,13
2634,udp,64819196663274,13
2635,udp,64819238300514,13
2636,udp,64819279987344,13
2637,udp,64819321666344,13
2638,udp,64819363320324,13
2639,udp,64819405036044,13
2640,udp,64819446670314,1800
2641,udp,64819488414924,948
2642,udp,64819530016344,100
2643,udp,64819571682564,41
2644,udp,64819613321784,26
2645,udp,64819654925814,13
2646,udp,64819696720914,13
2647,udp,64819738348884,13
2648,udp,64819780093224,13
2649,udp,64819821645144,13
2650,udp,64819863370494,13
2651,udp,64819904947884,13
2652,udp,64819946646774,201
2653,udp,64819988276364,26
2654,udp,64820029978674,15
2655,udp,64820071598184,13
2656,udp,64820113394184,13
2657,udp,64820155039704,13
2658,udp,64820196661014,13
2659,udp,64820238290964,13
2660,udp,64820279956464,13
2661,udp,64820321642934,13
2662,udp,64820363415624,13
2663,udp,64820404994994,13
2664,udp,64820446656984,500
2665,udp,64820488267584,288
2666,udp,64820529988614,46
2667,udp,64820571623604,36
2668,udp,64820613251844,33
2669,udp,64820654952444,32
2670,udp,64820696644224,19
2671,udp,64820738291994,18
2672,udp,64820779919064,13
2673,udp,64820821673934,13
2674,udp,64820863368504,13
2675,udp,64820905002504,13
2676,udp,64820946665034,308
2677,udp,64820988394524,28
2678,udp,64821029969574,27
2679,udp,64821071678814,18
2680,udp,64821113385984,13
2681,udp,64821155156874,13
2682,udp,64821196634184,13
2683,udp,64821238258014,13
2684,udp,64821279947634,13
2685,udp,64821321664524,13
2686,udp,64821363393474,13
2687,udp,64821405035484,13
2688,udp,64821446651124,1405
2689,udp,64821488355864,516
2690,udp,64821529962864,81
2691,udp,64821571654374,30
2692,udp,64821613351464,33
2693,udp,64821654978264,88
2694,udp,64821696688404,19
2695,udp,64821738324294,19
2696,udp,64821780079344,13
2697,udp,64821821596524,13
2698,udp,64821863246094,13
2699,udp,64821904965684,13
2700,udp,64821946598874,291
2701,udp,64821988274544,115
2702,udp,64822029963264,25
2703,udp,64822071685284,13
2704,udp,64822113305964,13
2705,udp,64822155027984,13
2706,udp,64822196648664,13
2707,udp,64822238308314,13
2708,udp,64822279956534,13
2709,udp,64822321716534,13
2710,udp,64822363318314,13
2711,udp,64822405081554,13
2712,udp,64822446665694,1082
2713,udp,64822488308784,590
2714,udp,64822529999034,99
2715,udp,64822571639424,34
2716,udp,64822613345244,37
2717,udp,64822655016954,13
2718,udp,64822696733034,13
2719,udp,64822738355874,13
2720,udp,64822780089954,13
2721,udp,64822821700104,13
2722,udp,64822863414654,13
2723,udp,64822904938404,13
2724,udp,64822946730804,244
2725,udp,64822988337804,45
2726,udp,64823029941294,20
2727,udp,64823071696074,13
2728,udp,64823113330884,13
2729,udp,64823154956784,13
2730,udp,64823196578004,13
2731,udp,64823238337104,13
2732,udp,64823280074874,13
2733,udp,64823321716974,13
2734,udp,64823363330454,13
2735,udp,64823405007744,13
2736,udp,64823446701504,1205
2737,udp,64823488360434,454
2738,udp,64823529935574,41
2739,udp,64823571700434,22
2740,udp,64823613355584,71
2741,udp,64823655001014,19
2742,udp,64823696642754,13
2743,udp,64823738349294,13
2744,udp,64823779940454,13
2745,udp,64823821636284,13
2746,udp,64823863303494,13
2747,udp,64823904976734,13
2748,udp,64823946652764,308
2749,udp,64823988263994,48
2750,tcp,64824033480084,6979
2751,udp,64824071633154,71
2752,udp,64824113389194,39
2753,udp,64824154927974,52
2754,udp,64824196624524,29
2755,udp,64824238260324,13
2756,udp,64824280108614,20
2757,udp,64824321629754,13
2758,udp,64824363330984,13
2759,udp,64824404978034,24
2760,udp,64824446631564,1272
2761,udp,64824488353944,221
2762,udp,64824529997304,536
2764,udp,64824613356924,30
2765,udp,64824655058604,69
2766,udp,64824696706014,16
2767,udp,64824738293304,13
2768,udp,64824780093984,13
2769,udp,64824821720424,13
2770,udp,64824863383314,13
2771,udp,64824905037834,13
2773,udp,64824988359924,17
2774,udp,64825029935424,64
2775,udp,64825071599394,17
2776,udp,64825113357324,13
2777,udp,64825155099234,21
2778,udp,64825196633064,13
2779,udp,64825238351844,13
2780,udp,64825279955604,13
2781,udp,64825321669884,13
2782,udp,64825363282464,13
2783,udp,64825404973074,13
2784,udp,64825446651354,1731
2785,udp,64825488364644,231
2786,udp,64825529993334,520
2787,udp,64825571761164,34
2788,udp,64825613363664,22
2789,udp,64825654937094,148
2790,udp,64825696752354,22
2791,udp,64825738338384,20
2792,udp,64825779971934,19
2793,udp,64825821667044,13
2794,udp,64825863344334,13
2795,udp,64825904999574,13
2796,udp,64825946687574,230
2797,udp,64825988278014,23
2798,udp,64826029910034,97
2799,udp,64826071637544,23
2800,udp,64826113241484,13
2801,udp,64826154931104,13
2802,udp,64826196590754,13
2803,udp,64826238370734,13
2804,udp,64826279950104,13
2805,udp,64826321724414,13
2806,udp,64826363236464,13
2807,udp,64826405013294,13
2808,udp,64826446641354,959
2809,udp,64826488314144,229
2810,udp,64826529939234,186
2811,udp,64826571662064,40
2812,udp,64826613324684,41
2813,udp,64826655051384,41
2814,udp,64826696634444,26
2815,udp,64826738332254,20
2816,udp,64826780088564,80
2817,udp,64826821676844,26
2818,udp,64826863451604,23
2819,udp,64826904975624,21
2820,udp,64826946658494,306
2821,udp,64826988319134,59
2822,udp,64827030101544,107
2823,udp,64827071697654,22
2824,udp,64827113438214,21
2825,udp,64827155008854,22
2826,udp,64827196681464,13
2827,udp,64827238307814,13
2828,udp,64827280088064,13
2829,udp,64827321642864,13
2830,udp,64827363493674,13
2831,udp,64827404992584,13
2832,udp,64827446707224,1927
2833,udp,64827488368224,321
2835,udp,64827571708044,36
2836,udp,64827613296324,30
2837,udp,64827655075854,139
2838,udp,64827696663684,24
2839,udp,64827738413064,23
2840,udp,64827779958954,24
2841,udp,64827821758374,13
2842,udp,64827863330904,13
2843,udp,64827904990014,30
2844,udp,64827946701594,258
2845,udp,64827988363584,56
2846,udp,64828029989664,75
2847,udp,64828071616104,23
2848,udp,64828113295104,20
2849,udp,64828155009564,15
2850,udp,64828196654994,13
2851,udp,64828238252994,13
2852,udp,64828280104974,13
2853,udp,64828321568964,13
2854,udp,64828363395114,13
2855,udp,64828404977994,13
2856,udp,64828446685884,1328
2857,udp,64828488367224,409
2858,udp,64828530023454,353
2859,udp,64828571665914,31
2860,udp,64828613272734,23
2861,udp,64828654991874,96
2862,udp,64828696719654,19
2863,udp,64828738276794,17
2864,udp,64828779943374,73
2865,udp,64828821590694,16
2866,udp,64828863257184,16
2867,udp,64828904975514,13
2868,udp,64828946621034,285
2869,udp,64828988291664,29
2870,udp,64829029982634,114
2871,udp,64829071664244,21
2872,udp,64829113277724,13
2873,udp,64829155008384,18
2874,udp,64829196654984,13
2875,udp,64829238499944,13
2876,udp,64829279927574,13
2877,udp,64829321641854,13
2878,udp,64829363305374,13
2879,udp,64829405039094,13
2880,udp,64829447782164,3714
2881,udp,64829488294764,712
2882,udp,64829530008594,1056
2883,udp,64829571731154,47
2884,udp,64829613332574,29
2885,udp,64829655005634,290
2886,udp,64829696674104,41
2887,udp,64829738347434,32
2888,udp,64829780141634,23
2889,udp,64829821674744,21
2890,udp,64829863329804,21
2891,udp,64829904943554,19
2892,udp,64829946727314,222
2893,udp,64829988265644,39
2894,udp,64830029974614,77
2895,udp,64830071590794,22
2896,udp,64830113339634,16
2898,udp,64830196636254,13
2899,udp,64830238255314,13
2900,udp,64830279995514,13
2901,udp,64830321687474,13
2902,udp,64830363309234,13
2903,udp,64830405074364,13
2904,udp,64830446633124,714
2905,udp,64830488356044,137
2906,udp,64830530016594,186
2907,udp,64830571767954,45
2908,udp,64830613376844,42
2909,udp,64830655239534,156
2910,udp,64830696717564,48
2911,udp,64830738458934,55
2912,udp,64830780088254,60
2913,udp,64830821711094,43
2914,udp,64830863301444,48
2915,udp,64830904955514,55
2916,udp,64830946732434,327
2918,udp,64831030118064,151
2919,udp,64831071855834,39
2920,udp,64831113284544,39
2921,udp,64831155068844,42
2922,udp,64831196776374,35
2923,udp,64831238307774,35
2924,udp,64831280071914,39
2925,udp,64831321636794,31
2926,udp,64831363448004,31
2927,udp,64831404946554,38
2928,udp,64831446709074,1320
2929,udp,64831488351354,213
2930,udp,64831530040794,324
2931,udp,64831571629254,29
2932,udp,64831613324724,23
2933,udp,64831654963044,132
2935,udp,64831738344084,28
2936,udp,64831779971874,20
2937,udp,64831821641334,13
2938,udp,64831863291534,13
2939,udp,64831904933994,13
2940,udp,64831946633514,312
2941,udp,64831988417094,45
2942,udp,64832029951014,82
2943,udp,64832071753854,21
2944,udp,64832113387674,19
2945,udp,64832155041924,13
2946,udp,64832196655314,13
2947,udp,64832238367434,13
2948,udp,64832280105564,13
2949,udp,64832321710134,13
2950,udp,64832363309934,13
2951,udp,64832404998024,13
2952,udp,64832446663434,1205
2953,udp,64832488282134,358
2954,udp,64832529988404,345
2955,udp,64832571631494,42
2956,udp,64832613366834,28
2957,udp,64832654925864,224
2958,udp,64832696726724,31
2959,udp,64832738365674,25
2960,udp,64832780117664,18
2961,udp,64832821635834,13
2962,udp,64832863332924,13
2963,udp,64832904971424,13
2964,udp,64832946768144,249
2965,udp,64832988324834,50
2966,udp,64833029981604,76
2967,udp,64833071660604,20
2968,udp,64833113278494,18
2969,udp,64833154948944,18
2970,udp,64833196609674,13
2971,udp,64833238294254,13
2972,udp,64833279929424,13
2973,udp,64833321631284,13
2974,udp,64833363256464,13
2975,udp,64833404997204,13
2976,udp,64833446650644,1382
2977,udp,64833488361144,213
2978,udp,64833529977864,279
2979,udp,64833571772874,36
2980,udp,64833613311114,33
2981,udp,64833655030344,63
2982,udp,64833696634914,19
2983,udp,64833738302844,16
2984,udp,64833780109284,13
2985,udp,64833821682354,13
2986,udp,64833863424984,13
2987,udp,64833905029194,13
2988,udp,64833946770564,309
2989,udp,64833988390074,30
2990,udp,64834030045314,111
2991,udp,64834071720714,17
2992,udp,64834113412944,13
2993,udp,64834154996814,19
2994,udp,64834196668254,13
2995,udp,64834238315574,13
2996,udp,64834280100504,13
2997,udp,64834321600314,13
2998,udp,64834363367694,13
2999,udp,64834404949494,13
3000,tcp,64834450197894,8309
3001,udp,64834488261234,79
3002,udp,64834529948334,34
3003,udp,64834571650914,33
3004,udp,64834613283294,20
3005,udp,64834655020164,13
3006,udp,64834696615644,13
3007,udp,64834738347744,13
3008,udp,64834779961314,13
3009,udp,64834821764424,13
3010,udp,64834863288354,13
3011,udp,64834904942694,13
3012,udp,64834946643024,213
3013,udp,64834988500764,21
3014,udp,64835029950534,59
3015,udp,64835071696044,16
3016,udp,64835113474674,13
3017,udp,64835154929124,13
3018,udp,64835196742584,13
3019,udp,64835238286314,13
3020,udp,64835280124164,13
3021,udp,64835321669244,13
3022,udp,64835363294334,13
3023,udp,64835404942914,13
3024,udp,64835446721454,1733
3025,udp,64835488373724,298
3026,udp,64835530077114,488
3027,udp,64835571645144,33
3028,udp,64835613557424,26
3029,udp,64835655416874,121
3030,udp,64835696738394,24
3031,udp,64835738321004,23
3032,udp,64835780102244,13
3033,udp,64835821646874,13
3034,udp,64835863365834,13
3035,udp,64835904934134,13
3036,udp,64835946632394,267
3038,udp,64836029909484,111
3039,udp,64836071672184,18
3040,udp,64836113279184,13
3041,udp,64836154977714,13
3042,udp,64836196617204,13
3043,udp,64836238418334,13
3044,udp,64836280098234,13
3045,udp,64836321713154,13
3046,udp,64836363393864,13
3047,udp,64836405051444,13
3048,udp,64836446733684,974
3049,udp,64836488374164,186
3050,udp,64836530028684,289
3051,udp,64836571715064,51
3052,udp,64836613311714,43
3053,udp,64836654936354,62
3054,udp,64836696684924,30
3055,udp,64836738283284,22
3056,udp,64836780074874,59
3057,udp,64836821708874,25
3058,udp,64836863394894,22
3059,udp,64836904963014,17
3060,udp,64836946713744,200
3061,udp,64836988308684,73
3062,udp,64837030051764,72
3063,udp,64837071656064,18
3064,udp,64837113325524,16
3065,udp,64837155032244,13
3066,udp,64837196716464,13
3067,udp,64837238338314,13
3068,udp,64837280065104,13
3069,udp,64837321725384,13
3070,udp,64837363291974,13
3071,udp,64837404951084,13
3072,udp,64837446618744,1925
3073,udp,64837488334734,287
3074,udp,64837530108414,422
3075,udp,64837571696154,35
3076,udp,64837613529414,27
3077,udp,64837655014014,161
3078,udp,64837696672854,24
3079,udp,64837738420614,20
3080,udp,64837780137414,13
3081,udp,64837821809484,13
3083,udp,64837905017094,13
3084,udp,64837946693574,252
3085,udp,64837988326494,67
3086,udp,64838030025024,77
3087,udp,64838071754244,20
3088,udp,64838113376904,15
3089,udp,64838154978054,21
3090,udp,64838196657234,15
3091,udp,64838238395184,13
3092,udp,64838280193884,13
3093,udp,64838321673534,13
3094,udp,64838363433714,13
3095,udp,64838405039724,13
3096,udp,64838446855074,1363
3097,udp,64838488419774,279
3098,udp,64838530127574,401
3099,udp,64838571726924,30
3100,udp,64838613473694,23
3101,udp,64838654990964,43
3102,udp,64838696724234,15
3103,udp,64838738383614,15
3104,udp,64838780142714,13
3105,udp,64838821696614,13
3106,udp,64838863285344,13
3107,udp,64838904992154,13
3108,udp,64838946648564,284
3109,udp,64838988371574,81
3110,udp,64839030003054,104
3111,udp,64839071708334,23
3112,udp,64839113290044,13
3113,udp,64839154986234,13
3114,udp,64839196685304,13
3115,udp,64839238340184,13
3116,udp,64839279963384,13
3117,udp,64839321742464,13
3118,udp,64839363271254,13
3119,udp,64839404952684,13
3121,udp,64839488298984,505
3122,udp,64839530050704,647
3123,udp,64839571590924,40
3124,udp,64839613380984,25
3125,udp,64839655033884,117
3126,udp,64839696914214,26
3127,udp,64839738321864,17
3128,udp,64839780143424,78
3129,udp,64839821693634,17
3130,udp,64839863434374,17
3131,udp,64839905060274,13
3132,udp,64839946670964,204
3133,udp,64839988373004,28
3134,udp,64840030011954,71
3135,udp,64840071637674,15
3136,udp,64840113347454,13
3137,udp,64840155062544,22
3138,udp,64840196687544,13
3139,udp,64840238357994,13
3140,udp,64840280097834,13
3141,udp,64840321785834,13
3142,udp,64840363366914,13
3143,udp,64840405025394,13
3144,udp,64840446723294,750
3145,udp,64840488627474,68
3146,udp,64840530041514,278
3147,udp,64840571664714,24
3148,udp,64840613334174,22
3149,udp,64840655033694,16
3150,udp,64840696739064,13
3151,udp,64840738360644,13
3152,udp,64840780079424,13
3153,udp,64840821665004,13
3154,udp,64840863357504,13
3155,udp,64840904970534,13
3156,udp,64840946683914,300
3157,udp,64840988282904,37
3158,udp,64841030046954,126
3159,udp,64841071762044,19
3160,udp,64841113444014,13
3161,udp,64841154953724,13
3162,udp,64841196749274,13
3163,udp,64841238363654,13
3164,udp,64841280082074,13
3165,udp,64841321685204,13
3166,udp,64841363406324,13
3167,udp,64841405103414,13
3168,udp,64841446641654,1486
3169,udp,64841488393014,221
3170,udp,64841530114764,359
3171,udp,64841571696384,32
3172,udp,64841613379524,26
3173,udp,64841655088674,81
3174,udp,64841696723574,18
3175,udp,64841738473944,13
3176,udp,64841780194884,47
3177,udp,64841821682634,13
3178,udp,64841863353264,13
3179,udp,64841905074204,13
3180,udp,64841946710184,313
3181,udp,64841988402414,74
3182,udp,64842030183744,107
3183,udp,64842071696424,22
3184,udp,64842113289204,18
3185,udp,64842155028324,15
3186,udp,64842196633254,13
3187,udp,64842238298394,13
3188,udp,64842279980994,13
3189,udp,64842321639294,13
3190,udp,64842363411984,13
3191,udp,64842405067224,13
3192,udp,64842446740194,1004
3193,udp,64842488384274,307
3194,udp,64842530047704,279
3195,udp,64842571728054,39
3196,udp,64842613367814,33
3197,udp,64842654957624,178
3198,udp,64842696713754,34
3199,udp,64842738359994,31
3200,udp,64842780077334,32
3201,udp,64842821624934,24
3202,udp,64842863368554,17
3203,udp,64842904959984,22
3204,udp,64842946719624,221
3205,udp,64842988324554,35
3206,udp,64843029966204,74
3207,udp,64843071651144,20
3208,udp,64843113364974,15
3209,udp,64843154963424,13
3210,udp,64843196604714,13
3211,udp,64843238397024,13
3212,udp,64843279981524,13
3213,udp,64843321798314,13
3214,udp,64843363369764,13
3215,udp,64843405017084,13
3216,udp,64843446663864,1310
3217,udp,64843488347094,238
3218,udp,64843530001164,309
3219,udp,64843571624274,26
3220,udp,64843613333784,20
3221,udp,64843654985604,70
3222,udp,64843696708434,19
3223,udp,64843738349994,15
3224,udp,64843779981654,18
3225,udp,64843821660564,13
3226,udp,64843863302574,13
3227,udp,64843905008574,13
3228,udp,64843946773794,305
3229,udp,64843988367564,39
3230,udp,64844030049444,109
3231,udp,64844071648074,22
3232,udp,64844113424454,13
3233,udp,64844155039644,19
3234,udp,64844196699294,17
3235,udp,64844238321684,13
3236,udp,64844279957394,13
3237,udp,64844321643054,13
3238,udp,64844363296674,13
3239,udp,64844405001144,13
3240,udp,64844446641174,2038
3241,udp,64844488423134,247
3242,udp,64844529940044,571
3243,udp,64844571908664,41
3244,udp,64844613279414,21
3245,udp,64844655047514,120
3246,udp,64844696726604,20
3247,udp,64844738354754,22
3248,udp,64844779985694,20
3249,udp,64844821658574,15
3250,tcp,64844866826964,7936
3251,udp,64844905018104,163
3252,udp,64844946654804,198
3253,udp,64844988347664,116
3254,udp,64845030060054,54
3255,udp,64845071719704,24
3256,udp,64845113360544,44
3257,udp,64845155044404,41
3258,udp,64845196727904,16
3259,udp,64845238395294,39
3260,udp,64845280220544,38
3261,udp,64845321688584,13
3262,udp,64845363392874,38
3263,udp,64845404999964,38
3264,udp,64845446716944,1696
3265,udp,64845488323944,677
3266,udp,64845529983414,146
3267,udp,64845571662864,39
3268,udp,64845613448964,56
3269,udp,64845654976404,48
3270,udp,64845696692664,24
3271,udp,64845738441864,39
3272,udp,64845779911344,39
3273,udp,64845821709684,22
3274,udp,64845863343324,37
3275,udp,64845904984434,39
3276,udp,64845946691604,313
3277,udp,64845988425324,139
3278,udp,64846030128534,40
3279,udp,64846071706104,27
3280,udp,64846113273144,31
3281,udp,64846155159324,31
3282,udp,64846196627904,13
3283,udp,64846238279184,31
3285,udp,64846321665894,13
3286,udp,64846363394304,31
3287,udp,64846404965304,31
3288,udp,64846446628014,948
3289,udp,64846488306114,428
3290,udp,64846529990154,56
3291,udp,64846571623344,25
3292,udp,64846613280474,41
3293,udp,64846654949484,35
3294,udp,64846696643154,19
3295,udp,64846738295244,34
3296,udp,64846780077474,32
3297,udp,64846821822174,16
3298,udp,64846863302184,32
3299,udp,64846904997924,32
3300,udp,64846946610144,300
3301,udp,64846988317764,153
3302,udp,64847029991094,35
3303,udp,64847071605294,18
3304,udp,64847113331274,34
3305,udp,64847155047174,35
3306,udp,64847196646614,16
3307,udp,64847238320034,32
3308,udp,64847279950974,32
3309,udp,64847321708364,16
3310,udp,64847363392044,32
3311,udp,64847405066544,32
3312,udp,64847446645824,1899
3313,udp,64847488426974,678
3314,udp,64847529974844,163
3315,udp,64847571606864,31
3316,udp,64847613380004,45
3317,udp,64847654982774,48
3318,udp,64847696744394,22
3319,udp,64847738395764,39
3320,udp,64847780071164,39
3321,udp,64847821616964,20
3322,udp,64847863301454,40
3323,udp,64847905064154,38
3324,udp,64847946675834,148
3325,udp,64847988336294,95
3326,udp,64848030109704,43
3327,udp,64848071717604,26
3328,udp,64848113374374,41
3329,udp,64848154966074,40
3330,udp,64848196650384,22
3331,udp,64848238241184,42
3332,udp,64848279932244,40
3333,udp,64848321715284,22
3334,udp,64848363538104,40
3335,udp,64848405008754,40
3336,udp,64848446777034,1372
3337,udp,64848488343804,657
3338,udp,64848530005434,124
3339,udp,64848571687494,27
3340,udp,64848613286664,38
3341,udp,64848654993384,36
3342,udp,64848696600834,21
3343,udp,64848738265344,35
3344,udp,64848779985114,35
3345,udp,64848821700024,16
3346,udp,64848863380284,35
3347,udp,64848905078004,35
3348,udp,64848946690134,313
3349,udp,64848988344204,140
3350,udp,64849030045974,43
3351,udp,64849071639654,24
3352,udp,64849113294624,35
3353,udp,64849155102234,31
3354,udp,64849196680524,13
3355,udp,64849238284824,31
3357,udp,64849321616544,13
3358,udp,64849363298424,31
3359,udp,64849404967074,31
3360,udp,64849446721314,2864
3361,udp,64849488390594,1048
3362,udp,64849530166974,179
3363,udp,64849571760744,37
3364,udp,64849613426694,59
3365,udp,64849655033784,52
3366,udp,64849696676154,31
3367,udp,64849738337244,46
3369,udp,64849821647274,25
3371,udp,64849904995464,42
3372,udp,64849946749794,226
3373,udp,64849988392884,81
3374,udp,64850030051274,36
3375,udp,64850071732794,16
3376,udp,64850113425384,38
3377,udp,64850155023114,33
3378,udp,64850196700404,13
3379,udp,64850238423954,33
3380,udp,64850280097734,33
3381,udp,64850321831184,13
3382,udp,64850363445384,33
3383,udp,64850405033394,33
3384,udp,64850446713114,759
3385,udp,64850488294644,375
3386,udp,64850529968424,58
3387,udp,64850571703314,24
3388,udp,64850613331734,47
3390,udp,64850696662014,18
3391,udp,64850738293854,36
3392,udp,64850780115774,35
3393,udp,64850821648344,16
3394,udp,64850863648644,35
3395,udp,64850905061064,35
3396,udp,64850946713604,293
3397,udp,64850988275154,137
3398,udp,64851030028404,38
3399,udp,64851071744754,22
3400,udp,64851113329974,33
3401,udp,64851154946694,33
3402,udp,64851196651254,13
3403,udp,64851238329894,33
3404,udp,64851279952644,33
3405,udp,64851321745134,13
3406,udp,64851363304884,33
3407,udp,64851405041304,33
3408,udp,64851446664504,1524
3409,udp,64851488284644,454
3410,udp,64851529961934,130
3411,udp,64851571640034,34
3412,udp,64851613369794,40
3413,udp,64851654934134,40
3414,udp,64851696604134,21
3415,udp,64851738340914,42
3416,udp,64851779917044,19
3417,udp,64851821633214,13
3418,udp,64851863398074,17
3419,udp,64851905100564,17
3420,udp,64851946620534,306
3421,udp,64851988307724,130
3423,udp,64852071607674,22
3424,udp,64852113243564,28
3425,udp,64852154944794,30
3426,udp,64852196608404,22
3427,udp,64852238341494,24
3428,udp,64852279947594,26
3429,udp,64852321605534,18
3430,udp,64852363337004,32
3431,udp,64852404918534,19
3432,udp,64852446673584,1276
3433,udp,64852488274914,618
3434,udp,64852529933484,199
3435,udp,64852571641824,34
3436,udp,64852613372664,42
3437,udp,64852655003874,37
3438,udp,64852696751454,20
3439,udp,64852738277094,30
3440,udp,64852779994794,22
3441,udp,64852821744174,18
3442,udp,64852863281334,19
3443,udp,64852904991834,19
3444,udp,64852946656614,259
3445,udp,64852988259654,89
3446,udp,64853029942074,28
3447,udp,64853071633494,25
3448,udp,64853113252374,26
3449,udp,64853155060074,23
3450,udp,64853196615954,20
3451,udp,64853238383604,21
3452,udp,64853279981244,21
3453,udp,64853321675994,18
3454,udp,64853363320344,21
3455,udp,64853404977024,21
3456,udp,64853446655484,1007
3457,udp,64853488243584,381
3458,udp,64853529931044,62
3459,udp,64853571613194,25
3460,udp,64853613303804,34
3462,udp,64853696680794,21
3463,udp,64853738335224,28
3464,udp,64853780090994,28
3465,udp,64853821656594,19
3466,udp,64853863411104,24
3467,udp,64853905078134,24
3468,udp,64853946731844,278
3469,udp,64853988372594,154
3470,udp,64854030105324,31
3471,udp,64854071656704,17
3472,udp,64854113336244,23
3473,udp,64854155003544,24
3474,udp,64854196593984,15
3475,udp,64854238281174,22
3476,udp,64854280070064,22
3477,udp,64854321615414,13
3478,udp,64854363299454,22
3479,udp,64854404935254,22
3480,udp,64854446664114,1480
3481,udp,64854488285604,565
3482,udp,64854529944714,64
3483,udp,64854571763394,27
3484,udp,64854613276794,26
3485,udp,64854654968214,26
3486,udp,64854696572784,15
3487,udp,64854738330984,24
3488,udp,64854779946264,23
3489,udp,64854821664504,13
3490,udp,64854863264574,22
3491,udp,64854904997844,22
3492,udp,64854946582434,210
3493,udp,64854988271694,68
3494,udp,64855029930084,24
3495,udp,64855071595404,13
3496,udp,64855113296634,22
3497,udp,64855154987154,22
3498,udp,64855196559414,13
3499,udp,64855238241924,22
3500,tcp,64855285945704,8914
3501,udp,64855321658424,88
3502,udp,64855363311954,76
3503,udp,64855405003824,55
3504,udp,64855446666084,1912
3505,udp,64855488256614,326
3506,udp,64855529998434,539
3507,udp,64855571587524,29
3508,udp,64855613259504,16
3509,udp,64855654973064,113
3510,udp,64855696577094,21
3511,udp,64855738247994,13
3512,udp,64855780070184,13
3513,udp,64855821675474,13
3514,udp,64855863293184,13
3515,udp,64855905223104,13
3516,udp,64855946722914,325
3517,udp,64855988371314,102
3518,udp,64856030080014,94
3519,udp,64856071727964,18
3520,udp,64856113515234,13
3521,udp,64856155033854,13
3522,udp,64856196679464,13
3523,udp,64856238355224,13
3524,udp,64856279963034,13
3525,udp,64856321651754,13
3526,udp,64856363349474,13
3527,udp,64856404957014,13
3528,udp,64856446632414,1127
3529,udp,64856488251654,271
3530,udp,64856529934434,274
3531,udp,64856571621624,40
3532,udp,64856613335544,13
3533,udp,64856654999154,22
3534,udp,64856696716674,13
3535,udp,64856738328804,13
3536,udp,64856779974864,13
3537,udp,64856821586364,13
3538,udp,64856863357794,13
3539,udp,64856905160094,13
3540,udp,64856946774924,341
3541,udp,64856988268254,78
3542,udp,64857030000984,82
3543,udp,64857071728224,16
3544,udp,64857113352234,13
3545,udp,64857154958244,26
3546,udp,64857196637064,17
3547,udp,64857238358814,13
3548,udp,64857280076784,13
3549,udp,64857321707994,13
3550,udp,64857363253434,13
3551,udp,64857405061314,13
3552,udp,64857446670384,2157
3553,udp,64857488370984,288
3554,udp,64857530043054,443
3555,udp,64857571691544,40
3556,udp,64857613288824,13
3557,udp,64857655043784,99
3558,udp,64857696657264,16
3559,udp,64857738338064,13
3560,udp,64857779944254,13
3561,udp,64857821640624,13
3562,udp,64857863323764,13
3563,udp,64857904942194,13
3564,udp,64857946730814,276
3565,udp,64857988297584,44
3566,udp,64858030039674,72
3567,udp,64858071689964,15
3569,udp,64858154950944,19
3570,udp,64858196639484,13
3571,udp,64858238333604,13
3573,udp,64858321617264,15
3574,udp,64858363338114,13
3575,udp,64858404952944,13
3576,udp,64858446689994,1552
3577,udp,64858488267654,361
3578,udp,64858529958984,488
3579,udp,64858571681364,30
3580,udp,64858613333364,13
3581,udp,64858655059164,83
3582,udp,64858696609014,13
3583,udp,64858738297644,13
3584,udp,64858779959094,13
3585,udp,64858821679854,13
3586,udp,64858863392874,13
3587,udp,64858904951004,13
3588,udp,64858946656644,202
3589,udp,64858988345094,56
3590,udp,64859029970724,57
3591,udp,64859071686354,20
3592,udp,64859113302534,13
3593,udp,64859154960384,13
3594,udp,64859196641184,13
3595,udp,64859238357804,13
3596,udp,64859279945004,13
3597,udp,64859321599074,13
3598,udp,64859363332434,13
3599,udp,64859404911534,13
3600,udp,64859447878524,3672
3601,udp,64859488341174,730
3602,udp,64859530020714,1015
3603,udp,64859571709254,39
3604,udp,64859613318594,18
3605,udp,64859655037014,154
3606,udp,64859696714844,20
3607,udp,64859738339754,13
3608,udp,64859779977624,282
3609,udp,64859821740234,20
3610,udp,64859863356144,13
3611,udp,64859904973224,21
3612,udp,64859946726384,175
3613,udp,64859988320964,38
3614,udp,64860030024174,46
3615,udp,64860071817114,13
3617,udp,64860155007444,21
3618,udp,64860196695984,13
3619,udp,64860238341414,13
3620,udp,64860279950754,21
3621,udp,64860321634974,13
3622,udp,64860363272574,13
3623,udp,64860404996574,21
3624,udp,64860446589264,846
3625,udp,64860488268624,194
3626,udp,64860529961484,326
3627,udp,64860571645434,32
3628,udp,64860613265664,17
3629,udp,64860654946734,19
3630,udp,64860696629604,13
3631,udp,64860738293394,13
3632,udp,64860779934324,19
3633,udp,64860821642574,13
3634,udp,64860863333814,13
3635,udp,64860904958454,19
3636,udp,64860946576884,287
3637,udp,64860988269834,90
3638,udp,64861029990774,106
3640,udp,64861113335994,13
3641,udp,64861154935614,19
3642,udp,64861196654754,13
3643,udp,64861238312064,13
3644,udp,64861280157204,19
3645,udp,64861321604454,13
3646,udp,64861363271574,13
3647,udp,64861405010064,19
3649,udp,64861488324324,247
3650,udp,64861529972004,322
3651,udp,64861571687184,27
3652,udp,64861613265114,15
3653,udp,64861655140674,123
3654,udp,64861696951344,21
3655,udp,64861738363314,13
3656,udp,64861780109094,145
3657,udp,64861821747324,15
3658,udp,64861863299694,13
3659,udp,64861904997864,23
3660,udp,64861946692164,350
3661,udp,64861988324094,70
3662,udp,64862030037024,90
3663,udp,64862071692624,13
3664,udp,64862113452534,13
3665,udp,64862154963864,19
3666,udp,64862196738534,13
3667,udp,64862238379194,13
3668,udp,64862280140094,19
3669,udp,64862321728194,13
3670,udp,64862363279934,13
3671,udp,64862405010504,19
3672,udp,64862446650264,1452
3673,udp,64862488278324,322
3674,udp,64862529991614,384
3675,udp,64862571630924,33
3676,udp,64862613281934,13
3677,udp,64862655028524,138
3678,udp,64862696615904,18
3679,udp,64862738369244,13
3680,udp,64862779960134,174
3681,udp,64862821656954,18
3682,udp,64862863294374,13
3683,udp,64862904966084,19
3684,udp,64862946672804,279
3685,udp,64862988387444,49
3686,udp,64863029980584,73
3687,udp,64863071667504,15
3688,udp,64863113321574,13
3689,udp,64863154972944,26
3690,udp,64863196565454,13
3691,udp,64863238334184,13
3692,udp,64863279947574,65
3693,udp,64863321631524,13
3694,udp,64863363281094,13
3695,udp,64863404947854,19
3696,udp,64863446624694,1359
3697,udp,64863488280474,210
3698,udp,64863530002584,346
3699,udp,64863571584384,33
3700,udp,64863613378494,13
3701,udp,64863654958314,26
3702,udp,64863696684474,15
3703,udp,64863738347454,13
3704,udp,64863779970834,19
3705,udp,64863821641914,13
3706,udp,64863863345754,13
3707,udp,64863905010264,19
3708,udp,64863946678194,304
3709,udp,64863988329204,106
3710,udp,64864030149594,84
3711,udp,64864071617634,17
3712,udp,64864113259284,13
3713,udp,64864155038634,19
3714,udp,64864196666334,13
3715,udp,64864238293314,13
3716,udp,64864279956204,19
3717,udp,64864321682094,13
3718,udp,64864363269024,13
3719,udp,64864405043244,19
3720,udp,64864446678324,1330
3721,udp,64864488351204,231
3722,udp,64864530001584,359
3723,udp,64864571756634,28
3724,udp,64864613380374,13
3725,udp,64864655043084,131
3726,udp,64864696638204,20
3727,udp,64864738279854,18
3728,udp,64864779940404,25
3729,udp,64864821702024,15
3730,udp,64864863261234,13
3731,udp,64864904997654,19
3732,udp,64864946659734,146
3733,udp,64864988268534,45
3734,udp,64865029977954,37
3735,udp,64865071625544,15
3736,udp,64865113329744,13
3737,udp,64865154942324,23
3738,udp,64865196678654,13
3739,udp,64865238357204,13
3740,udp,64865279993454,66
3741,udp,64865321601444,13
3742,udp,64865363333004,13
3743,udp,64865404929564,19
3745,udp,64865488337424,296
3746,udp,64865530204254,490
3747,udp,64865571623874,30
3748,udp,64865613273984,13
3749,udp,64865654951904,20
3750,tcp,64865702618604,9417
3751,udp,64865738410884,167
3752,udp,64865779950564,97
3753,udp,64865821700574,65
3754,udp,64865863365084,60
3755,udp,64865905066584,60
3756,udp,64865946692034,326
3759,udp,64866071607804,21
3760,udp,64866113369514,52
3761,udp,64866154989924,52
3762,udp,64866196671444,13
3763,udp,64866238330914,52
3764,udp,64866279976074,52
3765,udp,64866321671184,13
3766,udp,64866363334794,52
3767,udp,64866405000654,52
3768,udp,64866446635734,1061
3769,udp,64866488470434,266
3770,udp,64866530017314,268
3771,udp,64866571763184,31
3772,udp,64866613306914,54
3773,udp,64866655005444,66
3774,udp,64866696618924,15
3775,udp,64866738328974,52
3776,udp,64866779938944,52
3777,udp,64866821674284,13
3778,udp,64866863328984,52
3779,udp,64866904980354,52
3780,udp,64866946627314,342
3781,udp,64866988268334,71
3782,udp,64867030005114,129
3783,udp,64867071677184,18
3784,udp,64867113389214,55
3785,udp,64867155077034,52
3786,udp,64867196722464,13
3787,udp,64867238407404,52
3788,udp,64867279993524,52
3789,udp,64867321688274,13
3790,udp,64867363400124,52
3791,udp,64867405067154,52
3793,udp,64867488270894,405
3794,udp,64867529992104,494
3795,udp,64867571690994,31
3796,udp,64867613328234,52
3797,udp,64867655046024,113
3798,udp,64867696705854,18
3799,udp,64867738343184,52
3800,udp,64867780065114,52
3801,udp,64867821659514,13
3802,udp,64867863414924,52
3803,udp,64867905009144,52
3804,udp,64867946736834,234
3805,udp,64867988400624,78
3806,udp,64868030069184,85
3807,udp,64868071798134,16
3808,udp,64868113390824,52
3809,udp,64868155001784,52
3810,udp,64868196666834,13
3811,udp,64868238329994,52
3812,udp,64868280041844,52
3813,udp,64868321701134,13
3814,udp,64868363338644,52
3815,udp,64868405003514,52
3816,udp,64868446732464,1551
3817,udp,64868488404984,346
3818,udp,64868530018284,395
3819,udp,64868571796554,26
3820,udp,64868613523524,52
3822,udp,64868696714754,17
3823,udp,64868738333094,52
3824,udp,64868780086434,52
3825,udp,64868821661574,13
3826,udp,64868863263444,52
3827,udp,64868904961524,52
3828,udp,64868946680934,313
3829,udp,64868988263274,110
3830,udp,64869029976744,133
3831,udp,64869071640714,13
3832,udp,64869113341584,52
3833,udp,64869154948764,52
3834,udp,64869196728924,13
3835,udp,64869238341594,52
3836,udp,64869280092774,52
3837,udp,64869321678624,13
3838,udp,64869363524664,52
3839,udp,64869405061644,52
3840,udp,64869447936294,3056
3841,udp,64869488342784,536
3842,udp,64869530025834,782
3843,udp,64869571669824,33
3844,udp,64869613308594,52
3845,udp,64869655018734,194
3846,udp,64869696651924,21
3847,udp,64869738295014,52
3848,udp,64869779986614,52
3849,udp,64869821651574,13
3850,udp,64869863362614,52
3851,udp,64869905003544,52
3852,udp,64869946694334,209
3854,udp,64870030022454,93
3855,udp,64870071685074,17
3856,udp,64870113343554,52
3857,udp,64870155077004,52
3858,udp,64870196716674,13
3859,udp,64870238353734,52
3860,udp,64870280223084,52
3861,udp,64870321704444,13
3862,udp,64870363310274,52
3863,udp,64870404992784,52
3864,udp,64870446713274,728
3865,udp,64870488397314,109
3866,udp,64870530015204,200
3867,udp,64870571666034,18
3868,udp,64870613419644,55
3869,udp,64870655042574,55
3870,udp,64870696721304,13
3871,udp,64870738426314,52
3872,udp,64870780160844,52
3873,udp,64870821773874,13
3874,udp,64870863387894,52
3875,udp,64870905101994,52
3876,udp,64870946738784,325
3877,udp,64870988288004,132
3878,udp,64871030007774,123
3879,udp,64871071610994,18
3880,udp,64871113336254,52
3881,udp,64871155128114,60
3882,udp,64871196736734,13
3883,udp,64871238418884,52
3884,udp,64871280121104,52
3885,udp,64871321742504,13
3886,udp,64871363419614,52
3887,udp,64871405103294,52
3888,udp,64871446722534,1766
3889,udp,64871488468674,232
3890,udp,64871530083504,345
3891,udp,64871571684474,22
3892,udp,64871613385614,55
3893,udp,64871655132384,171
3894,udp,64871696735154,22
3895,udp,64871738481654,52
3896,udp,64871780128704,52
3897,udp,64871821667934,13
3898,udp,64871863327494,52
3899,udp,64871904966264,52
3900,udp,64871946632034,349
3901,udp,64871988388884,140
3902,udp,64872030043044,101
3903,udp,64872071718984,16
3904,udp,64872113391324,55
3905,udp,64872154995894,62
3906,udp,64872196761114,15
3907,udp,64872238365504,52
3908,udp,64872280067364,52
3909,udp,64872321650604,13
3910,udp,64872363406734,52
3911,udp,64872405096264,52
3912,udp,64872446626944,1444
3913,udp,64872488420874,346
3914,udp,64872530000244,408
3915,udp,64872571710384,33
3916,udp,64872613288944,52
3917,udp,64872655118694,209
3918,udp,64872696846204,26
3919,udp,64872738322524,52
3920,udp,64872780084774,73
3921,udp,64872821821554,17
3922,udp,64872863327574,52
3923,udp,64872905111964,59
3924,udp,64872946775484,273
3925,udp,64872988475454,79
3926,udp,64873030234014,105
3927,udp,64873071741204,16
3928,udp,64873113381234,52
3929,udp,64873155045564,52
3930,udp,64873196690454,13
3932,udp,64873280112354,52
3933,udp,64873321778124,13
3934,udp,64873363338774,52
3935,udp,64873405071144,52
3936,udp,64873446798834,1534
3937,udp,64873488452544,275
3938,udp,64873530159714,395
3939,udp,64873571727564,27
3940,udp,64873613482794,52
3941,udp,64873655035704,119
3942,udp,64873696747734,17
3943,udp,64873738372554,52
3944,udp,64873780127514,57
3945,udp,64873821678084,13
3946,udp,64873863311364,52
3947,udp,64873904992884,52
3948,udp,64873946682594,321
3949,udp,64873988340894,122
3950,udp,64874030014494,125
3951,udp,64874071713474,19
3952,udp,64874113311834,52
3953,udp,64874155099194,52
3954,udp,64874196761544,13
3955,udp,64874238491034,52
3956,udp,64874280095154,52
3957,udp,64874321662284,13
3958,udp,64874363420304,52
3959,udp,64874405087064,52
3960,udp,64874446726914,2214
3961,udp,64874488383054,338
3962,udp,64874529976014,475
3963,udp,64874571627744,34
3964,udp,64874613317274,13
3965,udp,64874654950464,94
3966,udp,64874696719824,20
3967,udp,64874738342394,16
3968,udp,64874780120844,66
3969,udp,64874821730454,13
3970,udp,64874863435644,13
3971,udp,64874905035444,23
3972,udp,64874946759444,233
3973,udp,64874988303174,48
3974,udp,64875030053814,50
3975,udp,64875071634624,16
3976,udp,64875113368524,13
3977,udp,64875154998384,16
3978,udp,64875196714824,13
3979,udp,64875238364034,13
3980,udp,64875280091994,16
3981,udp,64875321641574,13
3982,udp,64875363325974,13
3983,udp,64875405011814,16
3984,udp,64875446661024,1745
3985,udp,64875488426064,318
3986,udp,64875529997694,497
3987,udp,64875571733844,25
3988,udp,64875613370364,15
3989,udp,64875655059444,49
3990,udp,64875696643584,18
3991,udp,64875738352554,13
3992,udp,64875780048834,16
3993,udp,64875821739264,13
3994,udp,64875863298204,13
3995,udp,64875905109594,16
3996,udp,64875946677084,241
3997,udp,64875988326924,86
3998,udp,64876030084224,89
3999,udp,64876071676014,17
4000,tcp,64876119347574,9063
4001,udp,64876155112044,106
4002,udp,64876196825784,16
4003,udp,64876238451954,16
4004,udp,64876280142024,16
4005,udp,64876321721664,13
4006,udp,64876363417854,16
4007,udp,64876405075524,16
4008,udp,64876446761454,1099
4009,udp,64876488418854,410
4010,udp,64876530126384,39
4011,udp,64876571717544,28
4012,udp,64876613386644,16
4013,udp,64876655022444,16
4014,udp,64876696718364,13
4015,udp,64876738462164,16
4016,udp,64876780052424,16
4017,udp,64876821647544,13
4018,udp,64876863379104,16
4019,udp,64876905045504,16
4020,udp,64876946619654,341
4021,udp,64876988517984,132
4022,udp,64877029975854,21
4023,udp,64877071735764,21
4024,udp,64877113439154,18
4025,udp,64877155116264,18
4026,udp,64877196726234,13
4027,udp,64877238485964,16
4028,udp,64877280130764,16
4029,udp,64877321708694,13
4030,udp,64877363317404,16
4031,udp,64877404959594,16
4032,udp,64877446688634,2155
4033,udp,64877488313454,626
4035,udp,64877571594324,25
4036,udp,64877613371154,23
4037,udp,64877655007314,16
4038,udp,64877696641944,13
4039,udp,64877738303754,16
4040,udp,64877780106594,16
4041,udp,64877821682454,13
4042,udp,64877863307544,16
4043,udp,64877905017054,16
4044,udp,64877946733584,287
4045,udp,64877988359574,79
4046,udp,64878030032994,27
4047,udp,64878071685534,17
4048,udp,64878113299464,16
4049,udp,64878154976214,16
4050,udp,64878196644414,13
4051,udp,64878238301634,16
4052,udp,64878280076034,16
4053,udp,64878321721914,13
4054,udp,64878363287244,16
4055,udp,64878405070014,16
4056,udp,64878446663604,1538
4057,udp,64878488391384,710
4058,udp,64878530006304,66
4059,udp,64878571658124,24
4060,udp,64878613366734,16
4061,udp,64878655085334,16
4062,udp,64878696701154,13
4063,udp,64878738370614,16
4064,udp,64878780063384,16
4065,udp,64878821661114,13
4066,udp,64878863405544,16
4067,udp,64878905038644,16
4068,udp,64878946680294,313
4069,udp,64878988325814,138
4070,udp,64879030128924,18
4071,udp,64879071631794,13
4072,udp,64879113396834,16
4073,udp,64879154961174,16
4074,udp,64879196744484,13
4076,udp,64879279972164,16
4077,udp,64879321649814,13
4078,udp,64879363446804,16
4079,udp,64879405081884,16
4080,udp,64879447996044,3065
4081,udp,64879488240534,1024
4082,udp,64879529959764,154
4083,udp,64879571641734,33
4084,udp,64879613424684,20
4085,udp,64879655029344,16
4086,udp,64879696755864,13
4087,udp,64879738445394,16
4088,udp,64879780145094,16
4089,udp,64879821807624,13
4090,udp,64879863489774,16
4091,udp,64879905064464,16
4092,udp,64879946659854,232
4093,udp,64879988336694,102
4094,udp,64880029969254,21
4095,udp,64880071728174,18
4096,udp,64880113365144,16
4097,udp,64880155040184,16
4098,udp,64880196629724,13
4099,udp,64880238387924,16
4100,udp,64880280087264,16
4101,udp,64880321681034,13
4102,udp,64880363356884,16
4103,udp,64880404989714,16
4104,udp,64880446675284,851
4105,udp,64880488353024,285
4106,udp,64880529955614,33
4107,udp,64880571743424,24
4108,udp,64880613490644,18
4109,udp,64880655011424,18
4110,udp,64880696725074,17
4111,udp,64880738326044,16
4112,udp,64880780055894,16
4113,udp,64880821689624,13
4115,udp,64880905049874,16
4116,udp,64880946651744,323
4117,udp,64880988305634,145
4118,udp,64881029979144,25
4119,udp,64881071681544,18
4120,udp,64881113303934,21
4121,udp,64881154980414,18
4122,udp,64881196602534,16
4123,udp,64881238334814,16
4124,udp,64881279937944,16
4125,udp,64881321685794,13
4126,udp,64881363334734,16
4127,udp,64881405087174,16
4128,udp,64881446670864,1651
4129,udp,64881488417994,519
4130,udp,64881530055234,85
4131,udp,64881571759164,20
4132,udp,64881613441044,18
4133,udp,64881655023024,16
4134,udp,64881696747294,13
4135,udp,64881738337374,16
4136,udp,64881780090984,16
4137,udp,64881821618424,13
4138,udp,64881863409744,16
4139,udp,64881904959864,16
4140,udp,64881946690524,351
4141,udp,64881988425774,108
4142,udp,64882030117914,21
4143,udp,64882071795204,16
4144,udp,64882113346584,16
4145,udp,64882155013434,16
4146,udp,64882196777124,13
4147,udp,64882238477364,16
4148,udp,64882280231694,16
4149,udp,64882321798554,13
4150,udp,64882363419144,16
4151,udp,64882405069704,16
4153,udp,64882488351564,597
4154,udp,64882530119034,108
4155,udp,64882571760864,23
4156,udp,64882613464794,29
4157,udp,64882655074674,18
4158,udp,64882696796334,13
4159,udp,64882738463814,16
4160,udp,64882780151994,16
4161,udp,64882821778704,13
4162,udp,64882863457974,16
4163,udp,64882905236334,16
4164,udp,64882947035124,272
4165,udp,64882988419374,95
4166,udp,64883029967514,18
4167,udp,64883071756224,13
4168,udp,64883113456374,16
4169,udp,64883155069764,16
4170,udp,64883196749574,13
4171,udp,64883238437574,16
4172,udp,64883280131964,16
4173,udp,64883321665614,13
4174,udp,64883363446764,16
4175,udp,64883404938114,16
4176,udp,64883446805484,1570
4177,udp,64883488394214,499
4178,udp,64883530021554,45
4179,udp,64883571643584,24
4180,udp,64883613433734,16
4181,udp,64883654964234,16
4182,udp,64883696619744,13
4183,udp,64883738373084,16
4184,udp,64883780055144,16
4185,udp,64883821652424,13
4186,udp,64883863278594,16
4187,udp,64883905002864,16
4188,udp,64883946641454,333
4189,udp,64883988322704,141
4190,udp,64884030098274,28
4191,udp,64884071684394,13
4192,udp,64884113351874,16
4193,udp,64884155093604,16
4194,udp,64884196697004,13
4195,udp,64884238369704,16
4197,udp,64884321746694,13
4198,udp,64884363364764,16
4199,udp,64884405040254,16
4200,udp,64884446677944,1600
4201,udp,64884488363334,634
4202,udp,64884530052864,57
4203,udp,64884571666704,21
4204,udp,64884613376574,16
4205,udp,64884654946584,16
4206,udp,64884696722514,13
4207,udp,64884738420864,16
4208,udp,64884780187074,16
4209,udp,64884821678064,13
4210,udp,64884863406834,16
4211,udp,64884905100684,16
4212,udp,64884946723614,228
4213,udp,64884988313424,79
4214,udp,64885029989724,19
4215,udp,64885071647484,13
4216,udp,64885113447534,16
4217,udp,64885155046254,16
4218,udp,64885196783214,13
4219,udp,64885238302644,16
4220,udp,64885280047794,16
4221,udp,64885321592784,13
4222,udp,64885363331094,16
4223,udp,64885405123764,16
4224,udp,64885446672534,1793
4225,udp,64885488440904,691
4226,udp,64885530032424,96
4227,udp,64885571802144,25
4228,udp,64885613460534,18
4229,udp,64885655025054,18
4230,udp,64885696620354,13
4231,udp,64885738475124,16
4232,udp,64885780060704,16
4233,udp,64885821677964,13
4234,udp,64885863338694,16
4235,udp,64885905011934,16
4236,udp,64885946738094,303
4237,udp,64885988390004,146
4238,udp,64886029984314,27
4239,udp,64886071694724,16
4240,udp,64886113376514,16
4241,udp,64886155072344,16
4242,udp,64886196865104,13
4243,udp,64886238412614,16
4244,udp,64886280130044,16
4245,udp,64886321670444,13
4246,udp,64886363397054,16
4247,udp,64886405089194,16
4248,udp,64886446720854,965
4249,udp,64886488350894,380
4250,tcp,64886533575714,8455
4251,udp,64886571708894,75
4252,udp,64886613353064,44
4253,udp,64886655011994,52
4254,udp,64886696653464,24
4255,udp,64886738314554,18
4256,udp,64886779955484,20
4257,udp,64886821695594,18
4258,udp,64886863287564,16
4259,udp,64886905071954,16
4260,udp,64886946674274,228
4261,udp,64886988502674,99
4262,udp,64887030046674,18
4263,udp,64887071680224,13
4264,udp,64887113358504,16
4265,udp,64887155019414,16
4266,udp,64887196704354,13
4267,udp,64887238394874,16
4268,udp,64887279985494,16
4269,udp,64887321816324,13
4270,udp,64887363338364,16
4271,udp,64887404973264,16
4272,udp,64887446670894,2199
4273,udp,64887488306694,676
4274,udp,64887530058054,107
4275,udp,64887571699974,23
4276,udp,64887613492554,83
4277,udp,64887655021704,29
4278,udp,64887696916524,20
4279,udp,64887738414354,16
4280,udp,64887780124134,16
4281,udp,64887821727174,13
4282,udp,64887863733774,16
4283,udp,64887904966644,16
4284,udp,64887946727004,282
4285,udp,64887988452084,92
4286,udp,64888029983934,66
4287,udp,64888071735384,18
4288,udp,64888113439314,16
4289,udp,64888155042624,16
4290,udp,64888196656284,13
4291,udp,64888238455344,16
4292,udp,64888280112204,16
4293,udp,64888321745034,13
4294,udp,64888363415484,16
4295,udp,64888405181604,16
4296,udp,64888446661614,1569
4297,udp,64888488612594,680
4298,udp,64888530462144,35
4299,udp,64888571757024,21
4300,udp,64888613436204,57
4301,udp,64888654969404,71
4302,udp,64888696601694,17
4303,udp,64888738417584,16
4304,udp,64888780081194,16
4305,udp,64888821665244,13
4306,udp,64888863363684,16
4307,udp,64888904969064,16
4308,udp,64888946699274,322
4309,udp,64888988464944,143
4310,udp,64889030033244,49
4311,udp,64889071628094,13
4312,udp,64889113392864,16
4313,udp,64889155032354,16
4314,udp,64889196655104,13
4315,udp,64889238348054,16
4316,udp,64889280094554,16
4317,udp,64889321655474,13
4318,udp,64889363279484,16
4319,udp,64889405017524,16
4320,udp,64889447782464,4307
4321,udp,64889488391814,1487
4322,udp,64889529995844,343
4323,udp,64889571705624,26
4324,udp,64889613330894,73
4325,udp,64889655004224,18
4326,udp,64889696696994,13
4327,udp,64889738537994,13
4328,udp,64889779987404,13
4329,udp,64889821695564,13
4330,udp,64889863338834,13
4331,udp,64889905043664,13
4332,udp,64889946684774,217
4333,udp,64889988377724,83
4334,udp,64890029949174,15
4335,udp,64890071653194,13
4336,udp,64890113388894,13
4337,udp,64890154993644,13
4338,udp,64890196683264,13
4339,udp,64890238330224,13
4340,udp,64890280077444,13
4341,udp,64890321647004,13
4342,udp,64890363365334,13
4343,udp,64890404981334,13
4344,udp,64890446678694,854
4345,udp,64890488472804,403
4346,udp,64890530018064,37
4347,udp,64890571793634,17
4348,udp,64890613349154,13
4349,udp,64890655052814,13
4350,udp,64890696662154,13
4351,udp,64890738358614,13
4352,udp,64890780065424,13
4353,udp,64890821636154,13
4354,udp,64890863383014,13
4355,udp,64890904978944,13
4356,udp,64890946750464,299
4357,udp,64890988394184,145
4358,udp,64891029969324,21
4359,udp,64891071846954,15
4360,udp,64891113300684,13
4361,udp,64891155099564,13
4362,udp,64891196712054,13
4363,udp,64891238333184,13
4364,udp,64891280083464,13
4365,udp,64891321855344,13
4366,udp,64891363313934,13
4367,udp,64891405010844,13
4368,udp,64891446748074,1778
4369,udp,64891488431484,488
4370,udp,64891530056844,74
4371,udp,64891571761044,19
4372,udp,64891613315034,71
4373,udp,64891655010324,20
4374,udp,64891696701654,13
4375,udp,64891738316754,13
4376,udp,64891780112754,13
4377,udp,64891821616794,13
4378,udp,64891863465624,13
4379,udp,64891905157584,13
4380,udp,64891946716344,355
4381,udp,64891988380044,142
4382,udp,64892029994514,21
4383,udp,64892071707264,15
4384,udp,64892113412004,13
4385,udp,64892154991464,13
4386,udp,64892196664344,13
4387,udp,64892238316074,13
4388,udp,64892279979594,13
4389,udp,64892321667234,13
4390,udp,64892363400414,13
4391,udp,64892405100924,13
4392,udp,64892446709724,1336
4393,udp,64892488460004,562
4394,udp,64892530055934,128
4395,udp,64892571717474,27
4396,udp,64892613329784,15
4397,udp,64892655060894,13
4398,udp,64892696679774,13
4399,udp,64892738389104,13
4400,udp,64892780100684,13
4401,udp,64892821624614,13
4402,udp,64892863292184,13
4403,udp,64892905011954,13
4404,udp,64892946729384,242
4405,udp,64892988374904,72
4406,udp,64893030018084,31
4407,udp,64893071678274,13
4408,udp,64893113422434,13
4409,udp,64893155011074,13
4410,udp,64893196793844,13
4411,udp,64893238407234,13
4412,udp,64893280139334,13
4413,udp,64893321722574,13
4414,udp,64893363300414,13
4415,udp,64893405000834,13
4416,udp,64893446734554,1517
4417,udp,64893488362524,536
4418,udp,64893530138724,49
4419,udp,64893571752114,19
4421,udp,64893654990684,13
4422,udp,64893696665904,13
4423,udp,64893738360474,13
4424,udp,64893779982054,13
4425,udp,64893821725944,13
4426,udp,64893863338884,13
4427,udp,64893904985394,13
4428,udp,64893946757364,323
4429,udp,64893988437714,139
4430,udp,64894030101594,18
4431,udp,64894071713004,13
4432,udp,64894113395964,13
4433,udp,64894155102054,13
4434,udp,64894196705274,13
4435,udp,64894238392734,13
4436,udp,64894280098284,13
4437,udp,64894321731474,13
4438,udp,64894363408584,13
4439,udp,64894405053114,13
4440,udp,64894446749124,1757
4441,udp,64894488423714,535
4442,udp,64894530094254,74
4443,udp,64894571669034,17
4444,udp,64894613408064,13
4445,udp,64894654998414,13
4446,udp,64894696740504,13
4447,udp,64894738424544,13
4448,udp,64894780069884,13
4449,udp,64894821760494,13
4450,udp,64894863398004,13
4451,udp,64894905075294,13
4452,udp,64894946739984,201
4453,udp,64894988372184,83
4454,udp,64895029969644,22
4455,udp,64895071747104,13
4456,udp,64895113384794,18
4457,udp,64895155232364,13
4458,udp,64895196767634,13
4459,udp,64895238302544,13
4460,udp,64895279977584,13
4461,udp,64895321741994,13
4462,udp,64895363392014,13
4463,udp,64895405080914,13
4464,udp,64895446666494,1917
4465,udp,64895488390044,749
4466,udp,64895529989754,100
4467,udp,64895571707364,23
4468,udp,64895613264144,13
4469,udp,64895655015054,13
4470,udp,64895696671284,13
4471,udp,64895738298534,13
4472,udp,64895779977444,13
4473,udp,64895821636554,13
4474,udp,64895863313934,13
4475,udp,64895905046034,13
4476,udp,64895946704064,282
4477,udp,64895988356154,152
4478,udp,64896030082674,16
4479,udp,64896071632884,13
4480,udp,64896113355534,13
4481,udp,64896154962984,13
4482,udp,64896196674024,13
4484,udp,64896280051644,13
4485,udp,64896321704454,13
4486,udp,64896363309834,13
4487,udp,64896404943204,13
4488,udp,64896446660094,1104
4489,udp,64896488283024,380
4490,udp,64896530038974,48
4491,udp,64896571794114,24
4492,udp,64896613355304,19
4493,udp,64896655072194,13
4494,udp,64896696689544,13
4495,udp,64896738485094,13
4496,udp,64896780052944,13
4497,udp,64896821682534,13
4498,udp,64896863343894,13
4499,udp,64896904969074,13
4500,tcp,64896950205774,8374
4501,udp,64896988333284,107
4502,udp,64897030134234,19
4503,udp,64897071641964,16
4504,udp,64897113268584,13
4505,udp,64897155014904,13
4506,udp,64897196742144,13
4507,udp,64897238334294,13
4508,udp,64897280044074,13
4509,udp,64897321691574,13
4510,udp,64897363611144,13
4511,udp,64897405002594,13
4513,udp,64897488405054,555
4514,udp,64897530056874,129
4515,udp,64897571649024,28
4517,udp,64897655062824,13
4518,udp,64897696728594,13
4519,udp,64897738331904,13
4520,udp,64897780079214,13
4521,udp,64897821669024,13
4522,udp,64897863324534,13
4523,udp,64897904995884,13
4524,udp,64897946778924,165
4525,udp,64897988388354,69
4526,udp,64898030052234,22
4527,udp,64898071728084,15
4528,udp,64898113407174,13
4529,udp,64898155102914,13
4530,udp,64898196766254,13
4531,udp,64898238425364,13
4532,udp,64898280071064,13
4533,udp,64898321678964,13
4534,udp,64898363350224,13
4535,udp,64898405107344,13
4536,udp,64898446723614,1590
4537,udp,64898488374084,647
4539,udp,64898571648474,24
4540,udp,64898613332154,13
4541,udp,64898654973984,13
4542,udp,64898696666034,13
4543,udp,64898738334774,13
4544,udp,64898780059494,13
4545,udp,64898821721844,13
4546,udp,64898863442154,13
4547,udp,64898905097934,13
4548,udp,64898946743004,330
4549,udp,64898988319764,150
4550,udp,64899029955024,17
4551,udp,64899071657334,13
4552,udp,64899113390244,13
4553,udp,64899155080674,13
4554,udp,64899196705854,13
4555,udp,64899238382244,13
4556,udp,64899280056564,13
4558,udp,64899363319974,13
4559,udp,64899405047484,13
4560,udp,64899446708934,2348
4561,udp,64899488435184,880
4562,udp,64899530075754,200
4563,udp,64899571729824,29
4564,udp,64899613306314,18
4565,udp,64899655078644,13
4566,udp,64899696641364,13
4567,udp,64899738330894,13
4568,udp,64899780163884,13
4569,udp,64899821754684,13
4570,udp,64899863369424,13
4571,udp,64899905001084,13
4572,udp,64899946698444,232
4573,udp,64899988305894,90
4574,udp,64900029987324,13
4575,udp,64900071689994,13
4576,udp,64900113382404,13
4577,udp,64900154984004,13
4578,udp,64900196648784,13
4579,udp,64900238431824,13
4580,udp,64900280112174,13
4581,udp,64900321637094,13
4582,udp,64900363341564,13
4583,udp,64900405041084,13
4584,udp,64900446709914,847
4585,udp,64900488391434,372
4586,udp,64900530101304,58
4587,udp,64900571710374,33
4588,udp,64900613375694,34
4589,udp,64900655131554,18
4590,udp,64900696672134,13
4591,udp,64900738316484,13
4592,udp,64900780061184,13
4593,udp,64900821833244,13
4595,udp,64900905020064,13
4596,udp,64900946619864,301
4597,udp,64900988362044,151
4598,udp,64901030005584,18
4599,udp,64901071779714,13
4600,udp,64901113318944,13
4601,udp,64901155055994,13
4603,udp,64901238373944,13
4604,udp,64901280058974,13
4605,udp,64901321750664,13
4606,udp,64901363394924,13
4607,udp,64901405022084,13
4608,udp,64901446720254,1785
4609,udp,64901488336794,472
4610,udp,64901530004904,87
4611,udp,64901571687144,27
4612,udp,64901613409794,92
4613,udp,64901655055314,24
4614,udp,64901696788674,13
4615,udp,64901738497464,13
4616,udp,64901780197974,13
4617,udp,64901821686984,13
4618,udp,64901863452024,13
4619,udp,64901905101774,13
4620,udp,64901946711564,348
4621,udp,64901988483714,159
4622,udp,64902029951754,24
4623,udp,64902071694024,13
4624,udp,64902113298864,13
4625,udp,64902155017824,13
4626,udp,64902196716624,13
4627,udp,64902238413804,13
4628,udp,64902280066704,13
4629,udp,64902321770274,13
4630,udp,64902363390504,13
4631,udp,64902405149244,13
4632,udp,64902446723574,1484
4633,udp,64902488403474,540
4634,udp,64902530040174,163
4635,udp,64902571708464,29
4637,udp,64902655121994,13
4638,udp,64902696740064,13
4639,udp,64902738438864,13
4640,udp,64902780085554,13
4641,udp,64902821690034,13
4642,udp,64902863495124,13
4643,udp,64902905038044,13
4644,udp,64902946734954,279
4645,udp,64902988323054,97
4646,udp,64903030027614,22
4647,udp,64903071692574,13
4648,udp,64903113451854,13
4649,udp,64903155083874,13
4650,udp,64903196713914,13
4651,udp,64903238397774,13
4652,udp,64903279963014,13
4653,udp,64903321620504,13
4654,udp,64903363341264,13
4655,udp,64903405020624,13
4656,udp,64903446643554,1365
4657,udp,64903488369534,461
4658,udp,64903529987964,33
4659,udp,64903571687394,13
4660,udp,64903613385294,13
4661,udp,64903655069514,13
4662,udp,64903696747074,13
4663,udp,64903738349034,13
4664,udp,64903779998064,13
4665,udp,64903821741324,13
4666,udp,64903863368934,13
4668,udp,64903946653314,326
4669,udp,64903988402424,150
4670,udp,64904030049834,16
4671,udp,64904071772484,13
4672,udp,64904113413414,13
4673,udp,64904155012764,13
4674,udp,64904196759354,13
4675,udp,64904238388764,13
4676,udp,64904280117534,13
4678,udp,64904363365464,13
4679,udp,64904404978764,13
4680,udp,64904446669464,2241
4681,udp,64904488377714,726
4682,udp,64904529996414,116
4683,udp,64904571671724,45
4684,udp,64904613396804,31
4685,udp,64904655010464,19
4686,udp,64904696674614,13
4687,udp,64904738333454,19
4688,udp,64904780085804,19
4689,udp,64904821845624,13
4690,udp,64904863295394,19
4691,udp,64904904967824,19
4692,udp,64904946614154,212
4693,udp,64904988365694,68
4694,udp,64905029970984,25
4695,udp,64905071650074,16
4696,udp,64905113351754,19
4697,udp,64905155020134,19
4698,udp,64905196651614,13
4699,udp,64905238419714,19
4700,udp,64905279966594,19
4701,udp,64905321684564,13
4702,udp,64905363353754,19
4703,udp,64905405018264,19
4704,udp,64905446680344,1971
4705,udp,64905488347104,716
4706,udp,64905529956804,105
4707,udp,64905571622304,28
4708,udp,64905613345764,31
4709,udp,64905654958884,23
4710,udp,64905696687564,19
4711,udp,64905738272424,19
4712,udp,64905779958984,19
4713,udp,64905821665614,13
4714,udp,64905863398074,19
4715,udp,64905905012184,19
4716,udp,64905946727004,309
4717,udp,64905988367124,155
4718,udp,64906030073394,30
4719,udp,64906071707844,17
4720,udp,64906113441294,19
4721,udp,64906155100314,19
4722,udp,64906196766894,13
4723,udp,64906238409714,19
4724,udp,64906279944084,19
4725,udp,64906321711734,13
4726,udp,64906363315134,19
4727,udp,64906405012494,19
4728,udp,64906446635424,1110
4729,udp,64906488381474,453
4730,udp,64906529908824,46
4731,udp,64906571832984,23
4732,udp,64906613360424,22
4733,udp,64906655153004,23
4734,udp,64906696747674,15
4735,udp,64906738378074,19
4736,udp,64906780061844,19
4737,udp,64906821723204,13
4738,udp,64906863307074,19
4739,udp,64906905051324,19
4740,udp,64906946745264,334
4741,udp,64906988377734,144
4743,udp,64907071630974,17
4744,udp,64907113361544,19
4745,udp,64907155057014,19
4746,udp,64907196710814,13
4747,udp,64907238319884,19
4748,udp,64907280074754,19
4749,udp,64907321698764,13
4750,tcp,64907366858964,8349
4751,udp,64907405089074,97
4752,udp,64907446745574,2096
4753,udp,64907488349064,697
4754,udp,64907529948504,53
4755,udp,64907571655584,36
4756,udp,64907613401994,57
4757,udp,64907655016644,15
4758,udp,64907696635614,13
4759,udp,64907738437464,13
4760,udp,64907780067774,13
4761,udp,64907821781154,13
4762,udp,64907863322364,13
4763,udp,64907905100094,13
4764,udp,64907946713664,281
4765,udp,64907988334254,81
4766,udp,64908029930184,22
4767,udp,64908071695134,15
4768,udp,64908113303934,13
4769,udp,64908155005794,13
4770,udp,64908196711254,13
4771,udp,64908238322214,13
4772,udp,64908280058544,13
4773,udp,64908321689844,13
4774,udp,64908363328434,13
4775,udp,64908404978724,13
4776,udp,64908446638464,1424
4777,udp,64908488359134,693
4778,udp,64908530014824,50
4779,udp,64908571715244,25
4780,udp,64908613295604,13
4781,udp,64908655025004,13
4782,udp,64908696763134,13
4783,udp,64908738383634,13
4784,udp,64908780169824,13
4785,udp,64908821657034,13
4786,udp,64908863353674,13
4787,udp,64908905039424,13
4788,udp,64908946671894,203
4789,udp,64908988327854,104
4790,udp,64909029990204,22
4791,udp,64909071631404,13
4792,udp,64909113290424,13
4793,udp,64909155007134,13
4794,udp,64909196697474,13
4795,udp,64909238295024,13
4796,udp,64909280068164,13
4797,udp,64909321686684,13
4798,udp,64909363352904,13
4799,udp,64909405030644,13
4800,udp,64909447807464,3660
4801,udp,64909488445884,1238
4802,udp,64909530026784,190
4803,udp,64909571737284,33
4804,udp,64909613320524,86
4805,udp,64909655073144,17
4806,udp,64909696628214,13
4807,udp,64909738404414,13
4808,udp,64909780056504,13
4809,udp,64909821678714,13
4810,udp,64909863336204,13
4811,udp,64909904990004,13
4812,udp,64909946696994,178
4813,udp,64909988353854,60
4814,udp,64910030038974,13
4815,udp,64910071708254,13
4816,udp,64910113444044,13
4817,udp,64910154983724,13
4818,udp,64910196698724,13
4819,udp,64910238357834,13
4820,udp,64910280110364,13
4821,udp,64910321730684,13
4822,udp,64910363445414,13
4823,udp,64910405019024,13
4824,udp,64910446692804,864
4825,udp,64910488310064,505
4826,udp,64910530103904,48
4827,udp,64910571616314,31
4828,udp,64910613341394,31
4829,udp,64910655014544,30
4830,udp,64910696632254,25
4831,udp,64910738396214,28
4832,udp,64910780072784,28
4833,udp,64910821663584,25
4834,udp,64910863271124,29
4835,udp,64910905080534,28
4836,udp,64910946892824,321
4837,udp,64910988303984,168
4838,udp,64911029961384,38
4839,udp,64911071766294,31
4840,udp,64911113316144,34
4841,udp,64911155088834,32
4842,udp,64911196725444,25
4843,udp,64911238312194,28
4844,udp,64911280133664,28
4845,udp,64911321732654,25
4846,udp,64911363363234,29
4847,udp,64911405087864,28
4848,udp,64911446670564,1444
4849,udp,64911488322834,579
4850,udp,64911530044224,58
4851,udp,64911571680474,17
4852,udp,64911613415724,23
4853,udp,64911655110384,13
4854,udp,64911696694074,13
4855,udp,64911738380454,13
4856,udp,64911780161334,13
4857,udp,64911821665104,13
4858,udp,64911863404314,13
4860,udp,64911946775724,345
4861,udp,64911988338894,132
4862,udp,64912029996024,20
4863,udp,64912071689514,13
4864,udp,64912113286254,13
4865,udp,64912155118614,13
4866,udp,64912196668014,13
4867,udp,64912238484174,13
4868,udp,64912280096124,13
4869,udp,64912321790604,13
4870,udp,64912363455114,13
4871,udp,64912405157244,13
4872,udp,64912446687384,1477
4873,udp,64912488404004,581
4874,udp,64912529956734,123
4875,udp,64912571731134,33
4876,udp,64912613403564,13
4877,udp,64912655115864,13
4878,udp,64912696788654,13
4879,udp,64912738414554,13
4880,udp,64912780156014,13
4881,udp,64912821753564,13
4882,udp,64912863487374,13
4883,udp,64912905077184,13
4884,udp,64912946786064,283
4885,udp,64912988421234,81
4886,udp,64913030119404,55
4887,udp,64913071808394,13
4888,udp,64913113412964,13
4889,udp,64913154962904,13
4890,udp,64913196878784,13
4891,udp,64913238346014,13
4892,udp,64913280101064,13
4893,udp,64913321730654,13
4894,udp,64913363384364,13
4895,udp,64913405101164,13
4896,udp,64913446730124,1564
4897,udp,64913488442514,544
4898,udp,64913530068414,48
4900,udp,64913613335874,13
4902,udp,64913696679384,13
4903,udp,64913738463684,13
4904,udp,64913780422494,13
4905,udp,64913821707384,13
4906,udp,64913863455054,13
4907,udp,64913905123344,13
4908,udp,64913946816834,310
4909,udp,64913988411774,142
4910,udp,64914030180954,21
4911,udp,64914071817924,13
4912,udp,64914113458134,13
4913,udp,64914155049834,13
4914,udp,64914196745934,13
4915,udp,64914238385244,13
4916,udp,64914280170174,13
4917,udp,64914321776094,13
4918,udp,64914363426474,13
4919,udp,64914405103044,13
4920,udp,64914446748384,1539
4921,udp,64914488420364,577
4922,udp,64914530124294,44
4923,udp,64914571683054,20
4924,udp,64914613384104,13
4925,udp,64914655074894,13
4927,udp,64914738330564,13
4928,udp,64914780068604,13
4929,udp,64914821744004,13
4930,udp,64914863349024,13
4931,udp,64914905062134,13
4932,udp,64914946682004,56
4933,udp,64914988374414,52
4934,udp,64915029990414,13
4935,udp,64915071805854,13
4936,udp,64915113370104,13
4937,udp,64915155014184,13
4938,udp,64915196636934,13
4939,udp,64915238372454,13
4940,udp,64915280065314,13
4941,udp,64915321697244,13
4942,udp,64915363337094,13
4943,udp,64915404944814,13
4945,udp,64915488414234,759
4946,udp,64915530153354,59
4947,udp,64915571750904,26
4948,udp,64915613446644,30
4949,udp,64915655071014,13
4950,udp,64915696710594,13
4951,udp,64915738505874,13
4952,udp,64915780201074,13
4953,udp,64915821839844,13
4954,udp,64915863550614,13
4955,udp,64915905193254,13
4956,udp,64915946848584,318
4957,udp,64915988430204,143
4958,udp,64916030210004,19
4959,udp,64916071851474,13
4960,udp,64916113494114,13
4961,udp,64916155122534,13
4962,udp,64916196793434,13
4963,udp,64916238386124,13
4964,udp,64916280114534,13
4965,udp,64916321746194,13
4966,udp,64916363508354,13
4967,udp,64916405111304,13
4968,udp,64916446776174,1050
4969,udp,64916488572894,407
4970,udp,64916530079994,50
4971,udp,64916571839364,32
4972,udp,64916613396234,52
4973,udp,64916655154524,18
4974,udp,64916696761254,13
4975,udp,64916738447634,13
4976,udp,64916780126904,13
4977,udp,64916821658934,13
4978,udp,64916863437384,13
4979,udp,64916905079304,13
4980,udp,64916946794844,342
4981,udp,64916988437034,106
4982,udp,64917030137364,17
4983,udp,64917071661114,13
4984,udp,64917113364234,13
4985,udp,64917155114424,13
4986,udp,64917196898364,13
4987,udp,64917238405644,13
4988,udp,64917280137474,13
4989,udp,64917321724044,13
4990,udp,64917363406104,13
4991,udp,64917405147474,13
4992,udp,64917446759694,2138
4993,udp,64917488409444,641
4995,udp,64917571764294,23
4996,udp,64917613302354,92
4997,udp,64917655045794,16
4998,udp,64917696810294,13
4999,udp,64917738518544,13
5000,tcp,64917786098664,9454
5001,udp,64917821841084,118
5003,udp,64917905135274,63
5004,udp,64917946766934,236
5005,udp,64917988404534,76
5006,udp,64918030049604,20
5007,udp,64918071767034,13
5008,udp,64918113395634,13
5009,udp,64918155024684,13
5010,udp,64918196681364,13
5011,udp,64918238431194,13
5012,udp,64918280064474,13
5013,udp,64918321654374,13
5014,udp,64918363383864,13
5015,udp,64918405065294,13
5016,udp,64918446668154,1550
5017,udp,64918488427794,684
5018,udp,64918530068634,53
5019,udp,64918571756634,19
5020,udp,64918613392524,79
5022,udp,64918696650174,13
5023,udp,64918738390284,13
5024,udp,64918780064424,13
5025,udp,64918821677094,13
5026,udp,64918863322074,13
5027,udp,64918904973984,13
5028,udp,64918946632734,321
5029,udp,64918988418294,141
5030,udp,64919030026104,18
5031,udp,64919071689354,13
5032,udp,64919113344774,13
5033,udp,64919155040334,13
5034,udp,64919196653094,13
5035,udp,64919238328854,13
5036,udp,64919280050154,13
5037,udp,64919321817084,13
5038,udp,64919363406534,13
5039,udp,64919405039004,13
5040,udp,64919447929044,3199
5041,udp,64919488337424,1353
5042,udp,64919530012014,121
5043,udp,64919571775164,30
5044,udp,64919613347064,204
5045,udp,64919655043524,28
5046,udp,64919696712804,13
5047,udp,64919738352114,16
5048,udp,64919780123634,16
5049,udp,64919821743594,13
5050,udp,64919863413774,16
5051,udp,64919905111854,16
5052,udp,64919946927654,220
5053,udp,64919988366984,70
5054,udp,64920030044454,78
5055,udp,64920071716614,15
5056,udp,64920113358804,16
5057,udp,64920154954824,16
5058,udp,64920196745964,13
5059,udp,64920238415334,16
5060,udp,64920280071384,16
5061,udp,64920321681714,13
5062,udp,64920363298524,16
5063,udp,64920405064374,16
5064,udp,64920446900154,630
5065,udp,64920488445324,361
5066,udp,64920529959174,32
5067,udp,64920571665084,13
5068,udp,64920613367484,16
5069,udp,64920655188954,16
5070,udp,64920696692094,13
5071,udp,64920738425274,16
5072,udp,64920780097974,16
5073,udp,64920821664744,13
5074,udp,64920863340144,16
5075,udp,64920905050644,16
5076,udp,64920946718034,337
5077,udp,64920988397664,137
5078,udp,64921030041924,21
5079,udp,64921071688254,13
5080,udp,64921113330624,16
5081,udp,64921155081804,16
5082,udp,64921196704284,13
5083,udp,64921238379414,16
5084,udp,64921280089824,16
5085,udp,64921321710504,13
5086,udp,64921363363134,16
5087,udp,64921405112694,16
5088,udp,64921446816264,1796
5089,udp,64921488389244,473
5090,udp,64921530063564,86
5091,udp,64921571696934,24
5092,udp,64921613420754,29
5093,udp,64921655159424,25
5094,udp,64921696759224,13
5095,udp,64921738481604,16
5096,udp,64921779980784,16
5097,udp,64921821659784,13
5098,udp,64921863340854,16
5099,udp,64921904986554,16
5100,udp,64921946684724,355
5101,udp,64921988381544,147
5102,udp,64922030038404,18
5103,udp,64922071754394,13
5104,udp,64922113371924,16
5105,udp,64922155095024,16
5106,udp,64922196764034,13
5107,udp,64922238441684,16
5108,udp,64922280122214,16
5109,udp,64922321772684,13
5110,udp,64922363372754,16
5111,udp,64922405229234,16
5112,udp,64922446638324,1459
5113,udp,64922488308324,584
5114,udp,64922529988854,141
5115,udp,64922571656334,24
5116,udp,64922613308874,21
5117,udp,64922655100914,16
5118,udp,64922696733294,13
5119,udp,64922738403654,16
5120,udp,64922780128014,16
5121,udp,64922821654464,13
5122,udp,64922863452894,16
5123,udp,64922905100304,16
5124,udp,64922946775074,273
5125,udp,64922988367854,84
5126,udp,64923030097344,30
5127,udp,64923071637474,15
5128,udp,64923113273184,16
5129,udp,64923154999614,16
5130,udp,64923196678524,13
5131,udp,64923238422504,16
5132,udp,64923280089804,16
5133,udp,64923321668364,13
5134,udp,64923363331884,16
5135,udp,64923405105384,16
5136,udp,64923446769444,1529
5137,udp,64923488473104,506
5138,udp,64923529964184,40
5139,udp,64923571835424,16
5140,udp,64923613412724,16
5141,udp,64923655029624,16
5142,udp,64923696692964,13
5143,udp,64923738354864,16
5144,udp,64923779942064,16
5145,udp,64923821629074,13
5146,udp,64923863402484,16
5147,udp,64923905017404,16
5148,udp,64923946677414,326
5149,udp,64923988295934,143
5150,udp,64924030000404,18
5151,udp,64924071628734,13
5152,udp,64924113437154,16
5153,udp,64924155022284,16
5154,udp,64924196692104,13
5155,udp,64924238353464,16
5156,udp,64924280114364,16
5157,udp,64924321714164,13
5158,udp,64924363360044,16
5159,udp,64924405037784,16
5160,udp,64924446704004,1692
5161,udp,64924488288864,683
5162,udp,64924529982084,77
5163,udp,64924571633274,25
5164,udp,64924613268714,16
5165,udp,64924654946814,16
5166,udp,64924696693134,13
5167,udp,64924738351794,16
5169,udp,64924821761634,13
5170,udp,64924863300684,16
5171,udp,64924905069954,16
5172,udp,64924946742204,229
5173,udp,64924988468994,96
5174,udp,64925030096964,16
5175,udp,64925071632414,13
5176,udp,64925113315824,16
5178,udp,64925196703884,13
5179,udp,64925238313944,16
5180,udp,64925280136764,16
5181,udp,64925321655024,13
5182,udp,64925363362104,16
5183,udp,64925404975404,16
5184,udp,64925446680414,1994
5185,udp,64925488329714,779
5186,udp,64925530057764,96
5187,udp,64925571691044,22
5188,udp,64925613575964,16
5189,udp,64925655010434,16
5190,udp,64925696724804,13
5191,udp,64925738341614,16
5192,udp,64925780070654,16
5194,udp,64925863441074,16
5195,udp,64925905052034,16
5196,udp,64925946723294,243
5197,udp,64925988353784,128
5198,udp,64926029951784,23
5199,udp,64926071609454,13
5200,udp,64926113382414,16
5201,udp,64926155026944,16
5202,udp,64926196630614,13
5203,udp,64926238363974,16
5204,udp,64926280086264,16
5205,udp,64926321778584,13
5206,udp,64926363390804,16
5207,udp,64926405104454,16
5208,udp,64926446645304,1069
5209,udp,64926488328174,388
5210,udp,64926529983954,49
5211,udp,64926571738284,25
5212,udp,64926613276074,22
5213,udp,64926654943284,16
5214,udp,64926696632454,13
5215,udp,64926738393444,16
5216,udp,64926780075864,16
5217,udp,64926821719044,13
5218,udp,64926863297244,16
5219,udp,64926904939254,16
5220,udp,64926946634994,349
5221,udp,64926988350984,123
5222,udp,64927030194774,21
5223,udp,64927071661464,13
5224,udp,64927113329034,16
5225,udp,64927155011274,16
5226,udp,64927196686404,13
5227,udp,64927238341104,16
5228,udp,64927280062314,16
5229,udp,64927321699734,13
5230,udp,64927363422384,16
5231,udp,64927404975294,16
5232,udp,64927446812784,2212
5233,udp,64927488381354,740
5234,udp,64927530037314,100
5235,udp,64927571725674,26
5236,udp,64927613300094,16
5237,udp,64927655017614,16
5238,udp,64927696735764,13
5239,udp,64927738410174,16
5240,udp,64927780069374,16
5241,udp,64927821824694,13
5242,udp,64927863298944,16
5243,udp,64927904961564,16
5244,udp,64927946701404,286
5245,udp,64927988303724,86
5246,udp,64928029979304,18
5247,udp,64928071679004,13
5249,udp,64928154982554,16
5250,tcp,64928202618924,9493
5251,udp,64928238361884,196
5252,udp,64928279992644,73
5253,udp,64928321737974,75
5254,udp,64928363453514,79
5255,udp,64928405079414,67
5256,udp,64928446738254,1544
5257,udp,64928488302774,774
5258,udp,64928529975114,113
5259,udp,64928571644574,24
5260,udp,64928613412674,55
5261,udp,64928654992134,57
5262,udp,64928696700654,13
5263,udp,64928738348694,55
5264,udp,64928779930944,52
5265,udp,64928821610304,13
5266,udp,64928863417464,52
5267,udp,64928905309674,52
5268,udp,64928946706434,310
5269,udp,64928988388854,178
5270,udp,64929030031134,57
5271,udp,64929071651544,16
5272,udp,64929113342784,52
5273,udp,64929155018724,52
5274,udp,64929196673784,13
5275,udp,64929238397964,52
5276,udp,64929280091094,52
5277,udp,64929321656964,13
5278,udp,64929363311754,52
5279,udp,64929405071124,52
5280,udp,64929446707194,2616
5281,udp,64929488513184,1122
5282,udp,64929529994814,124
5283,udp,64929571666524,35
5284,udp,64929613391964,129
5285,udp,64929655046034,59
5286,udp,64929696759684,13
5287,udp,64929738416094,52
5288,udp,64929780116154,52
5289,udp,64929821736744,13
5290,udp,64929863460474,52
5291,udp,64929905089164,52
5292,udp,64929946742334,234
5293,udp,64929988425474,136
5294,udp,64930030081524,59
5295,udp,64930071739824,13
5296,udp,64930113398844,55
5297,udp,64930155097284,52
5298,udp,64930196708604,13
5299,udp,64930238317854,52
5300,udp,64930279963824,52
5302,udp,64930363458264,52
5303,udp,64930405061934,52
5304,udp,64930446771894,853
5305,udp,64930488425694,234
5306,udp,64930530131514,85
5307,udp,64930571826894,17
5308,udp,64930613450814,59
5309,udp,64930655135754,55
5310,udp,64930696770474,13
5311,udp,64930738438494,52
5312,udp,64930780118124,52
5313,udp,64930821800814,13
5314,udp,64930863417174,52
5315,udp,64930905090054,52
5316,udp,64930946720364,323
5317,udp,64930988518254,187
5318,udp,64931030037144,62
5319,udp,64931071745214,18
5320,udp,64931113409004,52
5321,udp,64931155106634,52
5322,udp,64931196789414,13
5323,udp,64931238423234,52
5324,udp,64931280157224,52
5325,udp,64931321746404,13
5326,udp,64931363415054,52
5327,udp,64931405048424,52
5328,udp,64931446730304,1279
5329,udp,64931488447104,376
5330,udp,64931530094064,148
5331,udp,64931571743184,24
5332,udp,64931613395544,55
5333,udp,64931655173634,57
5334,udp,64931696737614,13
5335,udp,64931738442984,52
5336,udp,64931780163834,52
5337,udp,64931821749054,13
5338,udp,64931863425264,52
5339,udp,64931905102014,52
5340,udp,64931946741594,349
5341,udp,64931988460014,144
5342,udp,64932030069984,63
5343,udp,64932071777334,18
5344,udp,64932113451294,52
5345,udp,64932155131284,52
5346,udp,64932196754304,13
5347,udp,64932238448874,52
5348,udp,64932280130664,52
5349,udp,64932321745674,13
5350,udp,64932363478224,52
5351,udp,64932405076134,52
5352,udp,64932446719314,1476
5353,udp,64932488425584,720
5354,udp,64932530123484,145
5355,udp,64932571724904,23
5356,udp,64932613422174,71
5357,udp,64932655082904,57
5358,udp,64932696801684,15
5359,udp,64932738339654,52
5360,udp,64932780095694,52
5361,udp,64932821709264,13
5362,udp,64932863456394,52
5363,udp,64932905034954,52
5364,udp,64932946760574,269
5365,udp,64932988505184,119
5366,udp,64933030044684,63
5367,udp,64933071713604,13
5368,udp,64933113419334,52
5369,udp,64933155123894,52
5370,udp,64933196741964,13
5371,udp,64933238434014,52
5372,udp,64933280121924,52
5373,udp,64933321782564,13
5374,udp,64933363404684,52
5375,udp,64933405088004,52
5376,udp,64933446771594,1526
5377,udp,64933488424764,572
5378,udp,64933530092334,69
5379,udp,64933571738844,15
5380,udp,64933613371674,52
5381,udp,64933655083974,52
5382,udp,64933696764054,13
5383,udp,64933738401294,52
5384,udp,64933780113144,52
5385,udp,64933821688104,13
5386,udp,64933863386904,52
5387,udp,64933905051774,52
5388,udp,64933946718534,333
5389,udp,64933988409234,181
5390,udp,64934030065824,58
5391,udp,64934071701624,13
5392,udp,64934113428054,52
5393,udp,64934155056114,52
5394,udp,64934196738984,13
5395,udp,64934238423654,52
5396,udp,64934280120924,52
5397,udp,64934321727294,13
5398,udp,64934363404134,52
5399,udp,64934405023374,52
5400,udp,64934446696344,2283
5401,udp,64934488416654,648
5402,udp,64934530053534,168
5403,udp,64934571750444,20
5404,udp,64934613426834,20
5405,udp,64934655132834,16
5406,udp,64934696739654,13
5407,udp,64934738460684,16
5408,udp,64934780123844,16
5409,udp,64934821778004,13
5410,udp,64934863380414,16
5411,udp,64934905106214,16
5412,udp,64934946791604,227
5413,udp,64934988457824,79
5414,udp,64935030060864,16
5415,udp,64935071784594,13
5416,udp,64935113432004,16
5417,udp,64935155048094,16
5418,udp,64935196867314,13
5419,udp,64935238353534,16
5420,udp,64935280113714,16
5421,udp,64935321727824,13
5422,udp,64935363443004,16
5423,udp,64935405096624,16
5424,udp,64935446778864,1950
5425,udp,64935488401524,753
5426,udp,64935530115894,47
5427,udp,64935571748004,13
5428,udp,64935613434654,23
5429,udp,64935655091514,18
5430,udp,64935696728844,13
5431,udp,64935738345564,16
5432,udp,64935780091344,16
5433,udp,64935821706984,13
5434,udp,64935863391114,16
5435,udp,64935905075514,16
5436,udp,64935946740834,291
5437,udp,64935988335684,139
5438,udp,64936030030974,16
5439,udp,64936071822384,13
5440,udp,64936113322284,16
5441,udp,64936155129264,16
5442,udp,64936196748144,13
5443,udp,64936238442354,16
5444,udp,64936280097504,16
5445,udp,64936321679214,13
5446,udp,64936363323474,16
5447,udp,64936405029384,16
5448,udp,64936446683634,1105
5449,udp,64936488442554,398
5450,udp,64936530123714,52
5451,udp,64936571737104,23
5452,udp,64936613454624,35
5453,udp,64936655037774,18
5454,udp,64936696789044,13
5455,udp,64936738437714,16
5456,udp,64936780121304,16
5457,udp,64936821892104,13
5458,udp,64936863373824,16
5459,udp,64936905091614,16
5460,udp,64936946767014,224
5461,udp,64936988488764,106
5462,udp,64937030008734,22
5463,udp,64937071672344,13
5464,udp,64937113344954,16
5465,udp,64937155132494,16
5466,udp,64937196716454,13
5467,udp,64937238318774,16
5468,udp,64937280083994,16
5469,udp,64937321791524,13
5470,udp,64937363356314,16
5471,udp,64937405045214,16
5472,udp,64937446636644,2145
5473,udp,64937488347954,571
5474,udp,64937529992304,110
5475,udp,64937571645924,19
5476,udp,64937613316464,18
5477,udp,64937655102654,16
5478,udp,64937696765994,13
5479,udp,64937738363724,16
5480,udp,64937780095104,16
5481,udp,64937821690944,13
5482,udp,64937863338984,16
5483,udp,64937904986124,16
5484,udp,64937946668544,282
5485,udp,64937988387414,84
5486,udp,64938030079554,28
5487,udp,64938071676204,13
5488,udp,64938113373474,16
5489,udp,64938155055264,16
5490,udp,64938196923534,13
5491,udp,64938238424784,16
5492,udp,64938280109094,16
5493,udp,64938321687924,13
5494,udp,64938363415434,16
5496,udp,64938446730054,1598
5497,udp,64938488398704,644
5498,udp,64938530085624,62
5499,udp,64938571669764,19
5500,tcp,64938619275084,8910
5501,udp,64938655031004,142
5502,udp,64938696722784,28
5503,udp,64938738358764,39
5504,udp,64938780167994,16
5505,udp,64938821838264,13
5506,udp,64938863456244,16
5507,udp,64938905079534,16
5508,udp,64938946648374,322
5509,udp,64938988353654,169
5510,udp,64939030064604,24
5511,udp,64939071754584,16
5512,udp,64939113381384,16
5513,udp,64939155123114,16
5514,udp,64939196720304,13
5515,udp,64939238378244,16
5516,udp,64939279970844,16
5517,udp,64939321644984,13
5520,udp,64939447738314,3069
5521,udp,64939488297354,1107
5522,udp,64939530046464,271
5523,udp,64939571739684,29
5524,udp,64939613428764,22
5525,udp,64939655011014,16
5526,udp,64939696716384,13
5527,udp,64939738301874,16
5528,udp,64939780176354,16
5529,udp,64939821860124,13
5530,udp,64939863353634,16
5531,udp,64939905074664,16
5532,udp,64939946653854,217
5533,udp,64939988381724,96
5534,udp,64940029953534,20
5535,udp,64940071644234,13
5536,udp,64940113325754,16
5537,udp,64940155034274,16
5538,udp,64940196670434,13
5539,udp,64940238356544,16
5540,udp,64940280074604,16
5541,udp,64940321740554,13
5542,udp,64940363356644,16
5543,udp,64940405055084,16
5544,udp,64940446653624,883
5545,udp,64940488337844,342
5546,udp,64940529974454,59
5547,udp,64940571840294,16
5548,udp,64940613412914,16
5549,udp,64940655035484,16
5550,udp,64940696654454,13
5551,udp,64940738363874,16
5552,udp,64940780061324,16
5553,udp,64940821646814,13
5554,udp,64940863312764,16
5555,udp,64940904979974,16
5556,udp,64940946718464,330
5557,udp,64940988386304,195
5558,udp,64941030060264,31
5559,udp,64941071713524,21
5560,udp,64941113506014,16
5561,udp,64941154949754,16
5562,udp,64941196761054,13
5564,udp,64941279954714,16
5565,udp,64941321729204,13
5566,udp,64941363437364,16
5567,udp,64941405022044,16
5568,udp,64941446708604,1688
5569,udp,64941488379594,573
5570,udp,64941530034114,136
5571,udp,64941571678014,25
5572,udp,64941613339644,18
5573,udp,64941655080924,16
5574,udp,64941696707184,13
5575,udp,64941738428034,16
5577,udp,64941821672184,13
5578,udp,64941863372334,16
5579,udp,64941905101734,16
5580,udp,64941946650504,350
5581,udp,64941988315734,177
5582,udp,64942029964494,20
5583,udp,64942071686874,15
5584,udp,64942113343644,16
5585,udp,64942154998614,16
5586,udp,64942196650614,13
5587,udp,64942238382624,16
5588,udp,64942280060094,16
5589,udp,64942321703634,13
5590,udp,64942363346004,16
5591,udp,64942404944634,16
5592,udp,64942446835404,1173
5593,udp,64942488289764,508
5594,udp,64942530035454,103
5595,udp,64942571622654,25
5596,udp,64942613524584,100
5597,udp,64942655063184,25
5598,udp,64942696737144,21
5599,udp,64942738368084,18
5600,udp,64942780136544,20
5601,udp,64942821671364,17
5602,udp,64942863372774,16
5603,udp,64942905060144,16
5604,udp,64942946682894,246
5605,udp,64942988434074,99
5606,udp,64943030051694,24
5607,udp,64943071594074,13
5608,udp,64943113301874,16
5609,udp,64943155064484,16
5610,udp,64943196637914,13
5611,udp,64943238390534,16
5612,udp,64943280088974,16
5613,udp,64943321742414,13
5614,udp,64943363299374,16
5615,udp,64943405129034,16
5616,udp,64943446661514,1464
5617,udp,64943488405944,480
5618,udp,64943529967674,121
5619,udp,64943571632094,20
5620,udp,64943613283914,27
5621,udp,64943654974524,18
5622,udp,64943696633364,15
5623,udp,64943738379594,18
5624,udp,64943779979574,16
5625,udp,64943821630224,13
5626,udp,64943863343694,16
5627,udp,64943904971754,16
5628,udp,64943946697014,317
5629,udp,64943988319314,181
5630,udp,64944030238794,20
5631,udp,64944071670924,13
5632,udp,64944113342544,16
5633,udp,64944154999044,16
5634,udp,64944196659954,13
5635,udp,64944238428864,16
5636,udp,64944280054584,16
5637,udp,64944321678324,13
5638,udp,64944363288294,16
5639,udp,64944404995284,16
5640,udp,64944446676534,1441
5641,udp,64944488351214,608
5642,udp,64944529988184,107
5643,udp,64944571644324,19
5644,udp,64944613319184,21
5645,udp,64944655259094,16
5646,udp,64944696672324,13
5647,udp,64944738387054,16
5648,udp,64944780090264,16
5649,udp,64944821774574,13
5650,udp,64944863264844,16
5651,udp,64944905008914,16
5652,udp,64944946687914,201
5653,udp,64944988301484,99
5654,udp,64945030010544,19
5655,udp,64945071657234,16
5656,udp,64945113313464,16
5657,udp,64945155010464,16
5658,udp,64945196668224,13
5659,udp,64945238302494,16
5660,udp,64945280066544,16
5661,udp,64945321599294,13
5662,udp,64945363392144,16
5663,udp,64945405019484,16
5664,udp,64945446821424,1960
5665,udp,64945488333024,663
5666,udp,64945530046224,85
5667,udp,64945571578074,15
5668,udp,64945613351124,35
5669,udp,64945654965054,18
5670,udp,64945696685364,13
5671,udp,64945738366704,16
5672,udp,64945779975594,16
5673,udp,64945821723984,13
5674,udp,64945863326664,16
5675,udp,64945905106554,16
5676,udp,64945946744784,316
5677,udp,64945988393994,175
5678,udp,64946030031594,28
5679,udp,64946071744974,16
5680,udp,64946113275294,16
5681,udp,64946154981114,16
5682,udp,64946196687474,13
5683,udp,64946238313914,16
5684,udp,64946280092364,16
5685,udp,64946321742114,13
5686,udp,64946363434974,16
5687,udp,64946405037834,16
5688,udp,64946446649064,1069
5689,udp,64946488301064,378
5690,udp,64946530013724,118
5691,udp,64946571664014,31
5692,udp,64946613340314,18
5693,udp,64946654982504,16
5694,udp,64946696772654,13
5695,udp,64946738292984,16
5696,udp,64946780146584,16
5697,udp,64946821640634,13
5698,udp,64946863332864,16
5699,udp,64946904985674,16
5700,udp,64946946690414,342
5701,udp,64946988304074,164
5702,udp,64947030021774,21
5703,udp,64947071672784,17
5704,udp,64947113282484,22
5705,udp,64947154948704,18
5706,udp,64947196775394,15
5707,udp,64947238379334,16
5708,udp,64947280116834,16
5709,udp,64947321643734,13
5710,udp,64947363403644,16
5711,udp,64947405031344,16
5712,udp,64947446670024,2113
5713,udp,64947488445954,703
5714,udp,64947530075994,53
5715,udp,64947571680834,31
5716,udp,64947613439124,71
5717,udp,64947655078254,26
5718,udp,64947696647634,18
5719,udp,64947738423384,16
5720,udp,64947779956494,16
5721,udp,64947821615244,13
5722,udp,64947863336184,16
5723,udp,64947904927164,16
5724,udp,64947946847994,161
5725,udp,64947988344294,87
5726,udp,64948030022394,20
5727,udp,64948071674214,13
5728,udp,64948113349614,16
5729,udp,64948155019074,16
5730,udp,64948196776194,13
5731,udp,64948238353854,16
5732,udp,64948279993614,16
5733,udp,64948321670454,13
5734,udp,64948363383204,16
5735,udp,64948404974184,16
5736,udp,64948446695034,1576
5737,udp,64948488312474,671
5738,udp,64948529988774,116
5739,udp,64948571663904,19
5740,udp,64948613307174,16
5741,udp,64948655029374,16
5742,udp,64948696778844,13
5743,udp,64948738451904,16
5744,udp,64948779956664,16
5745,udp,64948821685794,13
5746,udp,64948863314034,16
5747,udp,64948905080964,16
5748,udp,64948946758074,322
5749,udp,64948988319084,184
5750,tcp,64949036053734,9264
5751,udp,64949071756284,85
5752,udp,64949113357614,118
5753,udp,64949155197984,36
5754,udp,64949196641454,21
5755,udp,64949238366084,18
5756,udp,64949280076044,18
5757,udp,64949321740104,16
5758,udp,64949363401734,18
5761,udp,64949488382934,1349
5762,udp,64949530041954,322
5763,udp,64949571631314,52
5764,udp,64949613455304,84
5765,udp,64949655013614,25
5766,udp,64949696694054,13
5767,udp,64949738336154,13
5768,udp,64949780178504,13
5769,udp,64949821609554,13
5770,udp,64949863351734,13
5771,udp,64949905015434,13
5772,udp,64949946637014,233
5773,udp,64949988414384,87
5774,udp,64950030040464,13
5775,udp,64950071673564,13
5776,udp,64950113404314,13
5777,udp,64950154996014,13
5778,udp,64950196660614,13
5779,udp,64950238499274,13
5780,udp,64950279975684,13
5781,udp,64950321830814,13
5782,udp,64950363314334,13
5783,udp,64950405039774,13
5784,udp,64950446670354,873
5785,udp,64950488391744,378
5786,udp,64950529969584,49
5787,udp,64950571613034,30
5788,udp,64950613287084,44
5789,udp,64950654994884,20
5790,udp,64950696659934,13
5791,udp,64950738318594,13
5792,udp,64950779929104,13
5793,udp,64950821654724,13
5794,udp,64950863307354,13
5795,udp,64950904978344,13
5796,udp,64950946720254,303
5797,udp,64950988347504,155
5798,udp,64951030073034,16
5799,udp,64951071693264,13
5800,udp,64951113455064,13
5801,udp,64951155014004,13
5802,udp,64951196729724,13
5803,udp,64951238352024,13
5804,udp,64951280089344,13
5805,udp,64951321629834,13
5806,udp,64951363362204,13
5807,udp,64951405057584,13
5808,udp,64951446706074,1634
5809,udp,64951488442314,485
5810,udp,64951530054174,92
5811,udp,64951571741544,23
5812,udp,64951613439804,24
5813,udp,64951655109444,20
5814,udp,64951696635354,13
5816,udp,64951780090194,13
5817,udp,64951821706824,13
5818,udp,64951863323994,13
5819,udp,64951905042054,13
5820,udp,64951946670114,353
5821,udp,64951988312574,144
5822,udp,64952030004264,18
5823,udp,64952071657704,13
5824,udp,64952113294854,13
5825,udp,64952154999684,13
5826,udp,64952196621444,13
5827,udp,64952238290634,13
5828,udp,64952280065574,13
5829,udp,64952321607324,13
5830,udp,64952363466054,13
5831,udp,64952405015904,13
5832,udp,64952446712994,1475
5833,udp,64952488370394,594
5834,udp,64952529990444,131
5835,udp,64952571578094,23
5836,udp,64952613376254,16
5837,udp,64952654971464,13
5838,udp,64952696659554,13
5839,udp,64952738327214,13
5840,udp,64952780149854,13
5841,udp,64952821688274,13
5842,udp,64952863305534,13
5843,udp,64952904992634,13
5844,udp,64952946627264,285
5845,udp,64952988319764,86
5846,udp,64953029978154,16
5847,udp,64953071781084,13
5848,udp,64953113264784,13
5849,udp,64953155073474,13
5850,udp,64953196639254,13
5851,udp,64953238330494,13
5852,udp,64953280253574,13
5853,udp,64953321892164,13
5854,udp,64953363355884,13
5855,udp,64953405078264,13
5856,udp,64953446657454,956
5857,udp,64953488361024,430
5858,udp,64953530075124,36
5859,udp,64953571743864,16
5860,udp,64953613317114,13
5861,udp,64953655094664,13
5862,udp,64953696695994,13
5863,udp,64953738311814,13
5864,udp,64953780099084,13
5865,udp,64953821651004,13
5866,udp,64953863476614,13
5867,udp,64953905011614,13
5868,udp,64953946718064,327
5869,udp,64953988337124,148
5870,udp,64954030053924,16
5871,udp,64954071615654,13
5872,udp,64954113322644,13
5873,udp,64954155028464,13
5874,udp,64954196643744,13
5875,udp,64954238332284,13
5876,udp,64954279947024,13
5877,udp,64954321693974,13
5878,udp,64954363304394,13
5879,udp,64954405052604,13
5880,udp,64954446693534,1666
5881,udp,64954488407904,563
5882,udp,64954530025884,56
5883,udp,64954571678874,23
5884,udp,64954613334744,18
5885,udp,64954655096544,13
5886,udp,64954696653774,13
5887,udp,64954738396404,13
5888,udp,64954780058394,13
5889,udp,64954821636774,13
5890,udp,64954863323334,13
5891,udp,64954904967054,13
5892,udp,64954946711214,211
5893,udp,64954988343954,79
5894,udp,64955029970844,13
5895,udp,64955071604754,13
5896,udp,64955113314714,13
5897,udp,64955154976884,13
5898,udp,64955196776934,13
5899,udp,64955238324354,13
5900,udp,64955280068694,13
5901,udp,64955321647254,13
5902,udp,64955363361804,13
5903,udp,64955405011464,13
5904,udp,64955446821054,1942
5905,udp,64955488328154,711
5906,udp,64955529979434,117
5907,udp,64955571714054,22
5908,udp,64955613420234,38
5909,udp,64955655143694,18
5910,udp,64955696613714,15
5911,udp,64955738300544,13
5912,udp,64955780063874,13
5913,udp,64955821736844,13
5914,udp,64955863362744,13
5915,udp,64955905106814,13
5916,udp,64955946723084,324
5917,udp,64955988342414,154
5918,udp,64956030003234,23
5919,udp,64956071685834,13
5920,udp,64956113353494,13
5921,udp,64956155063634,13
5922,udp,64956196679994,13
5923,udp,64956238387974,13
5924,udp,64956280067874,13
5926,udp,64956363375474,13
5927,udp,64956404979864,13
5928,udp,64956446769834,1103
5929,udp,64956488387994,472
5930,udp,64956530100924,118
5931,udp,64956571710534,28
5932,udp,64956613631544,17
5933,udp,64956655041264,13
5934,udp,64956696728814,13
5935,udp,64956738329874,13
5936,udp,64956780084834,13
5938,udp,64956863427894,13
5939,udp,64956905028414,13
5940,udp,64956946627854,338
5941,udp,64956988318734,128
5942,udp,64957030015374,23
5943,udp,64957071678894,15
5944,udp,64957113319194,13
5945,udp,64957155032304,13
5946,udp,64957196751354,13
5947,udp,64957238431434,13
5948,udp,64957279954914,13
5949,udp,64957321778274,13
5950,udp,64957363379064,13
5951,udp,64957405319694,13
5952,udp,64957446728334,2127
5953,udp,64957488480324,601
5954,udp,64957530066174,99
5955,udp,64957571698284,20
5956,udp,64957613449464,24
5957,udp,64957655112264,13
5958,udp,64957696794234,13
5959,udp,64957738458654,13
5960,udp,64957780117764,13
5961,udp,64957821750684,13
5962,udp,64957863354444,13
5963,udp,64957904969364,13
5964,udp,64957946837274,280
5965,udp,64957988329254,83
5966,udp,64958030103204,22
5967,udp,64958071614534,13
5968,udp,64958113340424,27
5969,udp,64958155056504,15
5970,udp,64958196678084,13
5971,udp,64958238420354,13
5972,udp,64958280158484,13
5973,udp,64958321740194,13
5974,udp,64958363377434,13
5975,udp,64958405128974,13
5976,udp,64958446864044,1573
5977,udp,64958488299774,720
5978,udp,64958529992994,42
5979,udp,64958571631674,19
5980,udp,64958613332004,38
5981,udp,64958655028644,16
5982,udp,64958696699544,13
5983,udp,64958738398074,16
5985,udp,64958821668594,13
5986,udp,64958863323834,15
5987,udp,64958905047384,16
5988,udp,64958946736014,199
5989,udp,64958988396024,106
5990,udp,64959029997804,24
5991,udp,64959071692644,19
5992,udp,64959113369844,13
5993,udp,64959154977924,13
5994,udp,64959196692204,13
5995,udp,64959238353654,13
5996,udp,64959279994044,13
5997,udp,64959321682764,13
5998,udp,64959363329004,13
5999,udp,64959404967054,13
6000,tcp,64959450222204,7659
6001,udp,64959488375454,94
6002,udp,64959529975434,36
6003,udp,64959571780434,21
6004,udp,64959613496694,13
6005,udp,64959655160124,13
6006,udp,64959696747144,13
6007,udp,64959738433974,13
6008,udp,64959780122424,13
6009,udp,64959821675964,13
6010,udp,64959863364504,13
6011,udp,64959905048274,13
6012,udp,64959946768674,176
6013,udp,64959988563864,70
6014,udp,64960029967734,19
6016,udp,64960113371454,13
6017,udp,64960154983854,13
6018,udp,64960196701824,13
6019,udp,64960238309364,13
6020,udp,64960279938504,13
6021,udp,64960321726494,13
6022,udp,64960363395864,13
6023,udp,64960405026714,13
6024,udp,64960446769344,861
6025,udp,64960488445284,336
6026,udp,64960530153444,42
6027,udp,64960571714994,29
6028,udp,64960613435394,35
6029,udp,64960655048424,35
6030,udp,64960696749654,25
6031,udp,64960738396974,28
6032,udp,64960780094154,28
6033,udp,64960821641394,25
6034,udp,64960863469344,28
6035,udp,64960905044214,28
6036,udp,64960946708274,318
6037,udp,64960988371974,151
6038,udp,64961030353554,38
6039,udp,64961071692894,29
6040,udp,64961113342464,34
6041,udp,64961155024164,36
6042,udp,64961196659154,27
6043,udp,64961238318264,31
6044,udp,64961279994114,31
6045,udp,64961321682654,27
6046,udp,64961363338974,31
6047,udp,64961404975134,31
6048,udp,64961446677174,1749
6049,udp,64961488492974,505
6050,udp,64961529974424,89
6051,udp,64961571837744,29
6052,udp,64961613322614,55
6053,udp,64961654969934,16
6054,udp,64961696659014,13
6055,udp,64961738346294,13
6056,udp,64961779987764,13
6057,udp,64961821691694,13
6058,udp,64961863313184,13
6059,udp,64961905101084,13
6060,udp,64961946772254,315
6061,udp,64961988396804,142
6062,udp,64962030081654,20
6063,udp,64962071753454,13
6064,udp,64962113411214,13
6065,udp,64962155060604,13
6066,udp,64962196739424,13
6067,udp,64962238325634,13
6068,udp,64962280116324,13
6069,udp,64962321686784,13
6070,udp,64962363369474,13
6071,udp,64962405031644,13
6072,udp,64962446690034,1455
6073,udp,64962488359134,603
6074,udp,64962530095284,148
6075,udp,64962571758624,33
6076,udp,64962613410804,19
6077,udp,64962655026804,13
6078,udp,64962696731184,13
6079,udp,64962738377514,13
6080,udp,64962779979924,13
6081,udp,64962821724714,13
6082,udp,64962863288784,13
6084,udp,64962946681614,280
6085,udp,64962988437744,93
6086,udp,64963029991464,30
6087,udp,64963071738234,13
6088,udp,64963113371874,13
6089,udp,64963155185784,13
6090,udp,64963196656524,13
6091,udp,64963238332824,13
6092,udp,64963280074914,13
6093,udp,64963321728444,13
6094,udp,64963363387554,13
6095,udp,64963404977094,13
6096,udp,64963446650334,1519
6097,udp,64963488322674,475
6098,udp,64963530083304,41
6099,udp,64963571681394,15
6100,udp,64963613536434,13
6101,udp,64963655014644,13
6102,udp,64963696753314,13
6103,udp,64963738478664,13
6104,udp,64963780099164,13
6105,udp,64963821685734,13
6106,udp,64963863591714,13
6107,udp,64963904998014,13
6108,udp,64963946661894,305
6109,udp,64963988285814,133
6110,udp,64964029967604,22
6111,udp,64964071627254,15
6112,udp,64964113328394,13
6113,udp,64964154984174,13
6114,udp,64964196648144,13
6115,udp,64964238333354,13
6116,udp,64964280101724,13
6117,udp,64964321756064,13
6118,udp,64964363398074,13
6119,udp,64964405081304,13
6120,udp,64964446765614,1955
6121,udp,64964488332474,612
6122,udp,64964529997614,118
6123,udp,64964571760314,46
6124,udp,64964613327264,27
6125,udp,64964655060444,19
6126,udp,64964696670234,13
6127,udp,64964738368674,19
6128,udp,64964780085564,19
6129,udp,64964821655304,13
6130,udp,64964863314324,19
6131,udp,64964904994404,19
6132,udp,64964946716964,145
6133,udp,64964988348174,64
6134,udp,64965030085404,26
6135,udp,64965071749734,16
6136,udp,64965113331444,19
6137,udp,64965155032224,19
6138,udp,64965196692054,13
6139,udp,64965238348284,19
6140,udp,64965280121694,19
6141,udp,64965321643464,13
6142,udp,64965363279264,19
6143,udp,64965404976624,19
6144,udp,64965446662824,1989
6145,udp,64965488306634,689
6146,udp,64965530011554,120
6147,udp,64965571661934,29
6148,udp,64965613353084,28
6149,udp,64965655053054,24
6150,udp,64965696624414,13
6151,udp,64965738414294,19
6152,udp,64965780111474,19
6153,udp,64965821742324,13
6154,udp,64965863332494,19
6155,udp,64965905001504,19
6156,udp,64965946700574,315
6157,udp,64965988359954,162
6158,udp,64966030060464,24
6159,udp,64966071631644,16
6160,udp,64966113408654,19
6161,udp,64966154979204,19
6162,udp,64966196715714,13
6163,udp,64966238423874,19
6164,udp,64966280598594,19
6165,udp,64966321770084,13
6166,udp,64966363416414,19
6167,udp,64966405105944,19
6168,udp,64966446817704,1048
6169,udp,64966488442524,426
6170,udp,64966530118284,41
6171,udp,64966571724654,21
6172,udp,64966613420124,19
6173,udp,64966655100474,19
6174,udp,64966696723044,13
6175,udp,64966738393674,19
6176,udp,64966780115424,19
6177,udp,64966821747804,13
6178,udp,64966863350484,19
6179,udp,64966904941554,19
6180,udp,64966946680584,273
6181,udp,64966988366154,126
6182,udp,64967029988094,28
6183,udp,64967071672764,16
6184,udp,64967113278504,19
6185,udp,64967155023294,19
6186,udp,64967196658644,13
6187,udp,64967238314874,19
6188,udp,64967280094224,19
6189,udp,64967321717874,13
6190,udp,64967363326134,19
6191,udp,64967405053644,19
6192,udp,64967446647774,2131
6193,udp,64967488309224,650
6194,udp,64967530001724,104
6195,udp,64967571616554,24
6196,udp,64967613299064,19
6197,udp,64967654982204,19
6198,udp,64967696699094,13
6199,udp,64967738387454,19
6200,udp,64967780107134,19
6201,udp,64967821687854,13
6202,udp,64967863413114,19
6203,udp,64967904973674,19
6204,udp,64967946732324,242
6205,udp,64967988413754,74
6206,udp,64968030069804,24
6207,udp,64968071689134,16
6208,udp,64968113552184,19
6209,udp,64968155122914,19
6210,udp,64968196723254,13
6211,udp,64968238301004,19
6212,udp,64968279997194,19
6213,udp,64968321656574,13
6214,udp,64968363327744,19
6215,udp,64968405005394,19
6216,udp,64968446738304,1549
6217,udp,64968488401014,683
6218,udp,64968530076774,74
6219,udp,64968571703214,19
6220,udp,64968613375464,22
6222,udp,64968696756234,13
6223,udp,64968738435414,19
6224,udp,64968779997324,19
6225,udp,64968821714754,13
6226,udp,64968863306814,19
6227,udp,64968904960794,19
6228,udp,64968946727634,315
6229,udp,64968988496274,153
6230,udp,64969029987624,24
6231,udp,64969071630354,18
6232,udp,64969113513024,19
6233,udp,64969154996904,19
6234,udp,64969196654304,13
6235,udp,64969238339514,19
6236,udp,64969280265654,19
6237,udp,64969321721364,13
6238,udp,64969363450674,19
6239,udp,64969405008714,19
6240,udp,64969447964094,3245
6241,udp,64969488369864,1111
6242,udp,64969530145074,186
6244,udp,64969613354484,43
6245,udp,64969654950324,24
6246,udp,64969696691244,16
6247,udp,64969738373214,24
6248,udp,64969780089204,22
6249,udp,64969821709254,13
6250,tcp,64969869283074,8960
6251,udp,64969905023154,145
6252,udp,64969946668674,228
6253,udp,64969988407434,88
6254,udp,64970029985094,18
6255,udp,64970071688394,15
6256,udp,64970113340574,19
6257,udp,64970155030824,13
6258,udp,64970196666624,13
6259,udp,64970238366234,13
6260,udp,64970280072774,13
6261,udp,64970321651694,13
6262,udp,64970363272914,13
6263,udp,64970404933644,13
6264,udp,64970446631184,721
6265,udp,64970488281294,362
6266,udp,64970529993054,60
6267,udp,64970571646224,30
6268,udp,64970613334674,33
6269,udp,64970655054174,36
6270,udp,64970696941524,27
6271,udp,64970738370774,29
6272,udp,64970780106474,31
6273,udp,64970821708254,27
6274,udp,64970863398684,29
6275,udp,64970904999744,31
6276,udp,64970946731574,340
6277,udp,64970988347574,170
6278,udp,64971030097674,41
6279,udp,64971071720874,27
6280,udp,64971113381064,29
6281,udp,64971155081034,31
6282,udp,64971196668054,27
6283,udp,64971238300434,29
6284,udp,64971280054674,31
6285,udp,64971321742224,27
6286,udp,64971363309804,29
6287,udp,64971405069804,31
6288,udp,64971446651514,1505
6289,udp,64971488333664,563
6290,udp,64971530011764,90
6291,udp,64971571745844,13
6292,udp,64971613338894,13
6293,udp,64971655064064,13
6294,udp,64971696657204,13
6295,udp,64971738327924,13
6296,udp,64971780126084,13
6297,udp,64971821704014,13
6298,udp,64971863390754,13
6299,udp,64971905047974,13
6300,udp,64971946742994,308
6301,udp,64971988441884,140
6302,udp,64972030087224,18
6303,udp,64972071741474,13
6304,udp,64972113407964,13
6305,udp,64972155109824,13
6306,udp,64972196702874,13
6307,udp,64972238322294,13
6308,udp,64972280056644,13
6309,udp,64972321646634,13
6310,udp,64972363359114,13
6311,udp,64972404993384,13
6312,udp,64972446638904,1453
6313,udp,64972488432834,612
6314,udp,64972530013554,135
6315,udp,64972571769864,28
6316,udp,64972613279754,15
6317,udp,64972654949394,13
6318,udp,64972696631004,13
6319,udp,64972738327824,13
6320,udp,64972779980724,13
6321,udp,64972821713724,13
6322,udp,64972863375804,13
6323,udp,64972905225534,13
6324,udp,64972946707884,267
6325,udp,64972988351874,81
6326,udp,64973029994514,41
6327,udp,64973071699164,15
6328,udp,64973113356834,13
6329,udp,64973154984174,13
6330,udp,64973196742914,13
6331,udp,64973238308514,13
6332,udp,64973279974734,13
6333,udp,64973321636274,13
6334,udp,64973363304654,13
6335,udp,64973405025774,13
6336,udp,64973446688124,1554
6337,udp,64973488343364,572
6338,udp,64973530011474,37
6339,udp,64973571726834,16
6340,udp,64973613308094,13
6341,udp,64973655055224,13
6342,udp,64973696774994,13
6343,udp,64973738423124,13
6344,udp,64973780126244,13
6345,udp,64973821810014,13
6346,udp,64973863347354,13
6347,udp,64973905002774,13
6348,udp,64973946687084,327
6349,udp,64973988364734,146
6350,udp,64974029971824,26
6351,udp,64974071651454,15
6352,udp,64974113270424,13
6353,udp,64974155054184,13
6354,udp,64974196635174,13
6355,udp,64974238402194,13
6356,udp,64974280073364,13
6357,udp,64974321698274,13
6358,udp,64974363309774,13
6359,udp,64974404987244,13
6361,udp,64974488464854,678
6362,udp,64974529984464,64
6363,udp,64974571665444,25
6364,udp,64974613449114,32
6365,udp,64974654943254,13
6366,udp,64974696661944,13
6367,udp,64974738322944,13
6368,udp,64974780065934,13
6369,udp,64974821613984,13
6370,udp,64974863294334,13
6371,udp,64974904980894,13
6372,udp,64974946715514,230
6373,udp,64974988353204,87
6374,udp,64975030008624,15
6375,udp,64975071706254,13
6376,udp,64975113414144,13
6377,udp,64975155002874,13
6378,udp,64975196690604,13
6379,udp,64975238356014,13
6380,udp,64975280109804,13
6381,udp,64975321669284,13
6382,udp,64975363240734,13
6383,udp,64975405017654,13
6384,udp,64975446668844,1644
6385,udp,64975488357654,699
6386,udp,64975530061854,46
6387,udp,64975571631234,30
6388,udp,64975613271894,22
6389,udp,64975655059794,13
6390,udp,64975696631424,13
6391,udp,64975738377654,13
6392,udp,64975779993384,13
6393,udp,64975821732954,13
6394,udp,64975863331764,13
6395,udp,64975904983764,13
6396,udp,64975946636394,240
6397,udp,64975988491254,131
6398,udp,64976030028054,21
6399,udp,64976071601214,13
6400,udp,64976113419624,13
6401,udp,64976154932304,13
6402,udp,64976196688074,13
6403,udp,64976238304434,13
6404,udp,64976280073434,13
6405,udp,64976321684754,13
6406,udp,64976363339364,13
6407,udp,64976404969044,13
6408,udp,64976446683324,1102
6409,udp,64976488389054,409
6410,udp,64976530138704,141
6411,udp,64976571606654,36
6412,udp,64976613391044,13
6413,udp,64976655020994,13
6414,udp,64976696659854,13
6415,udp,64976738367834,13
6416,udp,64976779957914,13
6417,udp,64976821718544,13
6418,udp,64976863327524,13
6420,udp,64976946698394,307
6421,udp,64976988433464,147
6422,udp,64977030019674,19
6423,udp,64977071695884,13
6424,udp,64977113308824,13
6425,udp,64977154935444,13
6426,udp,64977196697064,13
6427,udp,64977238506024,13
6428,udp,64977279997464,13
6429,udp,64977321705894,13
6430,udp,64977363424134,13
6431,udp,64977405023844,13
6432,udp,64977446687184,2125
6433,udp,64977488290404,628
6434,udp,64977529970034,85
6435,udp,64977571600704,30
6436,udp,64977613322094,15
6437,udp,64977655009284,13
6438,udp,64977696743814,13
6439,udp,64977738336864,13
6440,udp,64977780147804,13
6441,udp,64977821736354,13
6442,udp,64977863480334,13
6443,udp,64977905107674,13
6444,udp,64977946819434,284
6445,udp,64977988358484,82
6446,udp,64978030025604,22
6447,udp,64978071678234,13
6448,udp,64978113427614,39
6449,udp,64978155050724,15
6450,udp,64978196668794,13
6451,udp,64978238336184,13
6452,udp,64978280100864,13
6453,udp,64978321639464,13
6454,udp,64978363292544,13
6455,udp,64978405000794,13
6456,udp,64978446674574,1548
6457,udp,64978488407664,707
6458,udp,64978530032034,71
6459,udp,64978571643714,20
6460,udp,64978613338554,13
6461,udp,64978655042484,13
6462,udp,64978696666134,13
6463,udp,64978738298154,13
6464,udp,64978779970944,13
6465,udp,64978821665424,13
6466,udp,64978863372144,13
6467,udp,64978904972214,13
6468,udp,64978946733744,318
6469,udp,64978988296284,147
6470,udp,64979029964034,19
6471,udp,64979071655184,13
6472,udp,64979113493484,13
6473,udp,64979155014804,13
6475,udp,64979238340404,13
6476,udp,64979280152154,13
6477,udp,64979321693274,13
6478,udp,64979363364534,13
6479,udp,64979405008614,13
6480,udp,64979447847984,3463
6481,udp,64979488394694,1432
6482,udp,64979530050384,115
6483,udp,64979571658824,30
6484,udp,64979613374634,233
6485,udp,64979655014394,71
6486,udp,64979696649744,13
6487,udp,64979738376624,16
6488,udp,64979779998204,16
6489,udp,64979821677744,13
6490,udp,64979863325154,16
6491,udp,64979905061034,16
6492,udp,64979946788004,232
6493,udp,64979988331014,97
6494,udp,64980030087954,18
6495,udp,64980071705934,13
6496,udp,64980113297904,16
6497,udp,64980155044944,16
6498,udp,64980196720704,13
6499,udp,64980238404744,16
6500,tcp,64980285960204,8819
6501,udp,64980321746634,86
6502,udp,64980363394764,140
6503,udp,64980405066474,86
6504,udp,64980446724054,897
6505,udp,64980488338794,320
6506,udp,64980529982334,79
6507,udp,64980571694004,25
6508,udp,64980613378584,57
6509,udp,64980655026714,55
6510,udp,64980696717234,13
6511,udp,64980738316584,52
6512,udp,64980779985864,52
6513,udp,64980821676474,13
6514,udp,64980863295264,52
6515,udp,64980904999554,52
6516,udp,64980946673694,319
6517,udp,64980988247124,186
6518,udp,64981029963204,61
6519,udp,64981071609444,17
6520,udp,64981113302754,55
6521,udp,64981154994264,55
6522,udp,64981196637534,13
6523,udp,64981238437224,52
6524,udp,64981279946034,52
6525,udp,64981321672284,13
6526,udp,64981363298184,52
6527,udp,64981404950544,52
6528,udp,64981446598134,1633
6529,udp,64981488378654,545
6530,udp,64981529928774,128
6531,udp,64981571592744,17
6532,udp,64981613299464,60
6533,udp,64981655018424,57
6535,udp,64981738293264,52
6536,udp,64981780115724,52
6537,udp,64981821600684,13
6538,udp,64981863392184,52
6539,udp,64981905036894,52
6540,udp,64981946771514,349
6541,udp,64981988402274,139
6542,udp,64982030097474,58
6543,udp,64982071714554,18
6544,udp,64982113442874,52
6545,udp,64982154931344,52
6546,udp,64982196667044,13
6547,udp,64982238447204,52
6548,udp,64982279956644,52
6549,udp,64982321708994,13
6550,udp,64982363365494,52
6551,udp,64982405043054,52
6552,udp,64982446711164,1512
6553,udp,64982488418784,662
6554,udp,64982530080324,148
6555,udp,64982571711354,24
6556,udp,64982613329964,62
6557,udp,64982655055134,52
6558,udp,64982696709654,13
6560,udp,64982779978014,52
6561,udp,64982821748904,13
6562,udp,64982863335204,52
6563,udp,64982905090884,52
6564,udp,64982946654504,271
6565,udp,64982988272484,120
6566,udp,64983029914224,62
6567,udp,64983071623014,16
6568,udp,64983113371674,52
6569,udp,64983154992624,52
6570,udp,64983196582434,13
6571,udp,64983238333614,52
6572,udp,64983279996774,52
6573,udp,64983321725634,13
6574,udp,64983363431274,52
6575,udp,64983404966724,52
6576,udp,64983446801334,1554
6577,udp,64983488319774,489
6578,udp,64983529960704,74
6579,udp,64983571657074,13
6580,udp,64983613318974,52
6581,udp,64983654982134,52
6582,udp,64983696595434,13
6583,udp,64983738335544,52
6584,udp,64983779960814,52
6585,udp,64983821582754,13
6586,udp,64983863323584,52
6587,udp,64983904992684,52
6588,udp,64983946714884,327
6589,udp,64983988236204,177
6590,udp,64984029975594,55
6591,udp,64984071685734,13
6592,udp,64984113287964,52
6593,udp,64984155036534,52
6594,udp,64984196734614,13
6595,udp,64984238367264,52
6596,udp,64984279939884,52
6597,udp,64984321717254,13
6599,udp,64984405044294,52
6600,udp,64984446667134,1714
6601,udp,64984488343434,709
6602,udp,64984529978964,116
6603,udp,64984571669394,20
6604,udp,64984613320314,60
6605,udp,64984654991574,52
6606,udp,64984696652754,13
6607,udp,64984738305204,52
6608,udp,64984780123524,52
6609,udp,64984821750414,13
6610,udp,64984863347514,52
6611,udp,64984904960994,52
6612,udp,64984946705964,221
6613,udp,64984988272104,117
6614,udp,64985029995384,56
6615,udp,64985071815594,13
6616,udp,64985113322424,55
6617,udp,64985154973794,52
6618,udp,64985196626424,13
6619,udp,64985238385164,52
6620,udp,64985280119874,52
6621,udp,64985321783304,13
6622,udp,64985363479134,52
6623,udp,64985405010984,52
6624,udp,64985446770984,1945
6625,udp,64985488381224,818
6626,udp,64985530059324,142
6627,udp,64985571714294,21
6628,udp,64985613394824,61
6629,udp,64985655096594,52
6630,udp,64985696745984,13
6631,udp,64985738437674,52
6632,udp,64985780075814,52
6633,udp,64985821708824,13
6634,udp,64985863479174,52
6635,udp,64985905047294,52
6636,udp,64985946773184,297
6637,udp,64985988515814,179
6638,udp,64986030057384,64
6639,udp,64986071664474,13
6640,udp,64986113363544,52
6641,udp,64986155005464,52
6642,udp,64986196802454,13
6643,udp,64986238392624,52
6644,udp,64986280109964,52
6645,udp,64986321660084,13
6646,udp,64986363386334,52
6647,udp,64986405012324,52
6648,udp,64986446740734,973
6649,udp,64986488439804,426
6650,udp,64986530289624,117
6651,udp,64986571647414,20
6652,udp,64986613432164,52
6653,udp,64986655066344,52
6654,udp,64986696771624,13
6655,udp,64986738414444,52
6656,udp,64986780143574,52
6657,udp,64986821823294,13
6658,udp,64986863327334,52
6659,udp,64986905148624,52
6660,udp,64986946685334,227
6661,udp,64986988379994,145
6662,udp,64987030130904,59
6663,udp,64987071775614,13
6664,udp,64987113373254,52
6665,udp,64987155081054,52
6666,udp,64987196705874,13
6667,udp,64987238331234,52
6668,udp,64987280208774,52
6669,udp,64987321647474,13
6670,udp,64987363346724,52
6671,udp,64987405017804,52
6672,udp,64987446685374,2124
6673,udp,64987488356094,838
6674,udp,64987530032214,137
6675,udp,64987571795544,21
6676,udp,64987613471214,52
6677,udp,64987655066694,52
6678,udp,64987696719864,13
6679,udp,64987738396524,52
6680,udp,64987780141314,52
6681,udp,64987821751824,13
6682,udp,64987863439464,52
6683,udp,64987905057984,52
6684,udp,64987946805834,281
6685,udp,64987988464764,137
6686,udp,64988030128734,58
6687,udp,64988071725294,13
6688,udp,64988113346424,52
6689,udp,64988155063764,52
6690,udp,64988196732684,13
6691,udp,64988238494124,52
6692,udp,64988279984664,52
6693,udp,64988321746194,13
6694,udp,64988363375424,52
6695,udp,64988405054874,52
6696,udp,64988446640544,1579
6697,udp,64988488390734,729
6698,udp,64988530049214,145
6699,udp,64988571761154,22
6700,udp,64988613464454,58
6701,udp,64988655235704,52
6702,udp,64988696776374,13
6703,udp,64988738460504,52
6704,udp,64988780146164,52
6705,udp,64988821771974,13
6706,udp,64988863337934,52
6707,udp,64988905233474,52
6708,udp,64988946774504,324
6709,udp,64988988344334,175
6710,udp,64989030165714,58
6711,udp,64989071749674,15
6712,udp,64989113364504,52
6713,udp,64989155095884,52
6714,udp,64989196818084,13
6715,udp,64989238407174,52
6716,udp,64989280153584,52
6717,udp,64989321764904,13
6718,udp,64989363460104,52
6719,udp,64989405083214,52
6720,udp,64989447895674,3060
6721,udp,64989488374524,1163
6722,udp,64989530072244,149
6723,udp,64989571808304,25
6724,udp,64989613454904,88
6725,udp,64989655148934,57
6726,udp,64989696738114,16
6727,udp,64989738435384,52
6728,udp,64989780172344,52
6729,udp,64989821818044,13
6730,udp,64989863436474,52
6731,udp,64989905151114,52
6732,udp,64989946772334,218
6733,udp,64989988504254,114
6734,udp,64990030087044,58
6735,udp,64990071730044,13
6736,udp,64990113358104,52
6737,udp,64990154983824,52
6738,udp,64990196744724,13
6739,udp,64990238361984,52
6740,udp,64990280110014,52
6741,udp,64990321663374,13
6742,udp,64990363471074,52
6743,udp,64990404998424,52
6744,udp,64990446817824,865
6745,udp,64990488324564,261
6746,udp,64990530069894,73
6747,udp,64990571673204,24
6748,udp,64990613440494,52
6749,udp,64990655030034,52
6750,tcp,64990700381934,7676
6751,udp,64990738462284,118
6752,udp,64990780153614,62
6753,udp,64990821763764,60
6754,udp,64990863339084,60
6755,udp,64990905348924,59
6756,udp,64990946821104,322
6757,udp,64990988380044,182
6758,udp,64991029984794,65
6759,udp,64991071689084,19
6760,udp,64991113250544,52
6761,udp,64991155053204,52
6762,udp,64991196699264,13
6763,udp,64991238439374,52
6764,udp,64991279979324,52
6765,udp,64991321863524,13
6766,udp,64991363365224,52
6767,udp,64991405011014,52
6768,udp,64991446672374,1675
6769,udp,64991488308264,534
6770,udp,64991530009674,125
6771,udp,64991571715044,24
6772,udp,64991613374694,52
6773,udp,64991655094734,52
6774,udp,64991696647194,13
6775,udp,64991738283174,52
6776,udp,64991780079534,52
6777,udp,64991821621464,13
6778,udp,64991863427184,52
6779,udp,64991905013034,52
6780,udp,64991946635964,297
6781,udp,64991988373194,182
6782,udp,64992030098364,59
6783,udp,64992071700324,15
6784,udp,64992113416494,52
6785,udp,64992155028534,52
6786,udp,64992196728054,13
6787,udp,64992238320114,52
6788,udp,64992280062654,52
6789,udp,64992321723474,13
6790,udp,64992363314814,52
6791,udp,64992405023874,52
6792,udp,64992446706114,1344
6793,udp,64992488403654,611
6794,udp,64992530033154,156
6795,udp,64992571789104,26
6796,udp,64992613339854,52
6797,udp,64992654956484,52
6798,udp,64992696649164,13
6799,udp,64992738321324,52
6800,udp,64992779948574,52
6801,udp,64992821745564,13
6802,udp,64992863519244,52
6803,udp,64992904999434,52
6804,udp,64992946644684,242
6805,udp,64992988337724,109
6806,udp,64993030024644,59
6807,udp,64993071646494,13
6808,udp,64993113353934,52
6809,udp,64993155128334,52
6810,udp,64993196771424,13
6811,udp,64993238393454,52
6812,udp,64993280054724,52
6813,udp,64993321638414,13
6814,udp,64993363410744,52
6815,udp,64993404956904,52
6816,udp,64993446736614,1529
6817,udp,64993488416514,598
6818,udp,64993530043404,67
6819,udp,64993571700264,19
6820,udp,64993613296824,52
6821,udp,64993655018574,52
6822,udp,64993696670934,13
6823,udp,64993738355694,52
6824,udp,64993780115874,52
6825,udp,64993821786594,13
6826,udp,64993863379644,52
6827,udp,64993905024624,52
6828,udp,64993946643324,323
6829,udp,64993988429874,185
6830,udp,64994029968474,57
6831,udp,64994071702554,13
6832,udp,64994113407384,52
6833,udp,64994155076844,52
6834,udp,64994196615444,13
6835,udp,64994238294804,52
6836,udp,64994279995224,52
6837,udp,64994321697354,13
6838,udp,64994363330454,52
6839,udp,64994404982184,52
6840,udp,64994446658934,2243
6841,udp,64994488414164,654
6842,udp,64994530015314,163
6843,udp,64994571661554,32
6844,udp,64994613471324,38
6845,udp,64994655026214,16
6846,udp,64994696784504,13
6847,udp,64994738419494,16
6848,udp,64994780080854,16
6849,udp,64994821637454,13
6850,udp,64994863356954,16
6851,udp,64994905027764,16
6852,udp,64994946633234,199
6853,udp,64994988419154,86
6854,udp,64995030062874,18
6855,udp,64995071675544,13
6856,udp,64995113387034,16
6857,udp,64995155032374,16
6858,udp,64995196753224,13
6859,udp,64995238425384,16
6860,udp,64995279961194,16
6861,udp,64995321724884,13
6862,udp,64995363384804,16
6863,udp,64995405085854,16
6864,udp,64995446633004,1923
6865,udp,64995488321274,734
6866,udp,64995530006034,41
6867,udp,64995571715184,19
6868,udp,64995613335234,16
6869,udp,64995655003884,16
6870,udp,64995696712854,13
6871,udp,64995738352704,16
6872,udp,64995780178134,16
6873,udp,64995821752194,13
6874,udp,64995863329044,16
6875,udp,64995904971144,16
6876,udp,64995946683984,314
6877,udp,64995988282344,145
6878,udp,64996030029114,20
6879,udp,64996071616494,13
6880,udp,64996113418974,16
6881,udp,64996154951364,16
6882,udp,64996196772564,13
6883,udp,64996238326284,16
6884,udp,64996280073234,16
6886,udp,64996363296594,16
6887,udp,64996404977574,16
6888,udp,64996446656934,1084
6889,udp,64996488338364,386
6890,udp,64996529949684,49
6891,udp,64996571667024,29
6892,udp,64996613289324,46
6893,udp,64996654998924,18
6894,udp,64996696665324,13
6895,udp,64996738404624,16
6896,udp,64996779953034,16
6897,udp,64996821602244,13
6898,udp,64996863325794,16
6899,udp,64996904996964,16
6900,udp,64996946619624,261
6901,udp,64996988475834,140
6902,udp,64997030088234,18
6903,udp,64997071634304,13
6904,udp,64997113372704,16
6905,udp,64997155051704,16
6906,udp,64997196675624,13
6907,udp,64997238368484,16
6908,udp,64997280088074,16
6909,udp,64997321616054,13
6910,udp,64997363385684,16
6911,udp,64997404978014,16
6912,udp,64997446805964,1771
6913,udp,64997488377054,519
6914,udp,64997530079094,101
6915,udp,64997571726864,26
6916,udp,64997613358614,30
6917,udp,64997655024474,16
6918,udp,64997696727234,13
6919,udp,64997738336034,16
6920,udp,64997779929084,16
6921,udp,64997821652274,13
6922,udp,64997863363674,16
6923,udp,64997904986784,16
6924,udp,64997946631134,158
6925,udp,64997988377184,69
6927,udp,64998071659044,13
6928,udp,64998113346054,16
6929,udp,64998155095164,16
6930,udp,64998196682184,13
6931,udp,64998238350114,16
6932,udp,64998280071414,16
6933,udp,64998321709554,13
6934,udp,64998363328614,16
6935,udp,64998405076374,16
6936,udp,64998446624694,1584
6937,udp,64998488346264,687
6938,udp,64998529998714,69
6939,udp,64998571647384,17
6940,udp,64998613322964,16
6941,udp,64998654951564,16
6942,udp,64998696689784,13
6943,udp,64998738308304,16
6944,udp,64998780126984,16
6945,udp,64998821718504,13
6946,udp,64998863383104,16
6947,udp,64998905027634,16
6948,udp,64998946708524,319
6949,udp,64998988388694,150
6950,udp,64999030006584,18
6951,udp,64999071639054,13
6952,udp,64999113381864,16
6953,udp,64999154995434,16
6954,udp,64999196679294,13
6955,udp,64999238294034,16
6956,udp,64999280105694,16
6957,udp,64999321683264,13
6958,udp,64999363255974,16
6959,udp,64999405028034,16
6960,udp,64999446668694,2868
6961,udp,64999488475944,1013
6962,udp,64999530033624,128
6963,udp,64999571834664,21
6964,udp,64999613453184,112
6965,udp,64999655073234,20
6966,udp,64999696685904,13
6967,udp,64999738367064,16
6968,udp,64999780154154,16
6969,udp,64999821704814,13
6970,udp,64999863466344,16
6971,udp,64999904961204,16
6972,udp,64999946774034,231
6973,udp,64999988307234,92
6974,udp,65000029996674,16
6975,udp,65000071671354,13
6976,udp,65000113405344,16
6977,udp,65000155005864,16
6978,udp,65000196747954,13
6979,udp,65000238356484,16
6980,udp,65000280181374,16
6981,udp,65000321712864,13
6982,udp,65000363532444,16
6983,udp,65000405083014,16
6984,udp,65000446723044,858
6985,udp,65000488297554,408
6986,udp,65000530017054,42
6987,udp,65000571642504,19
6988,udp,65000613308004,18
6989,udp,65000655075924,16
6990,udp,65000696644944,13
6991,udp,65000738367684,16
6992,udp,65000780083224,16
6993,udp,65000821718754,13
6994,udp,65000863285434,16
6995,udp,65000904975864,16
6996,udp,65000946670524,308
6997,udp,65000988373374,154
6998,udp,65001029983794,22
6999,udp,65001071704914,13
7000,tcp,65001116799954,7974
7001,udp,65001155026014,117
7002,udp,65001196651734,39
7003,udp,65001238440984,49
7004,udp,65001280260294,43
7005,udp,65001321717264,36
7006,udp,65001363331014,43
7007,udp,65001404967534,40
7008,udp,65001446717004,1762
7009,udp,65001488311404,544
7010,udp,65001530012994,113
7011,udp,65001571671474,30
7012,udp,65001613399074,33
7013,udp,65001654967464,30
7014,udp,65001696777684,24
7015,udp,65001738335904,29
7016,udp,65001780084294,27
7017,udp,65001821682744,24
7018,udp,65001863394774,29
7019,udp,65001904995834,27
7020,udp,65001946740714,309
7021,udp,65001988320534,154
7022,udp,65002029971814,34
7023,udp,65002071656034,28
7024,udp,65002113377064,37
7025,udp,65002155077484,32
7026,udp,65002196700774,24
7027,udp,65002238326944,29
7028,udp,65002280119344,27
7029,udp,65002321743174,24
7030,udp,65002363381044,29
7031,udp,65002405090914,27
7032,udp,65002446656424,1476
7033,udp,65002488376104,607
7034,udp,65002530007134,73
7035,udp,65002571754894,34
7036,udp,65002613318784,44
7037,udp,65002655048004,33
7038,udp,65002696674804,31
7039,udp,65002738344084,36
7040,udp,65002780146564,32
7041,udp,65002821639264,26
7042,udp,65002863387834,34
7043,udp,65002904948574,30
7044,udp,65002946641614,284
7046,udp,65003030035704,33
7047,udp,65003071686174,28
7048,udp,65003113451484,36
7049,udp,65003154959304,33
7050,udp,65003196646764,28
7051,udp,65003238445644,36
7052,udp,65003280166584,31
7053,udp,65003321634174,28
7054,udp,65003363412534,36
7055,udp,65003405004594,31
7056,udp,65003446656774,1364
7057,udp,65003488356474,449
7058,udp,65003529986334,42
7059,udp,65003571688104,26
7060,udp,65003613337494,29
7061,udp,65003655067074,27
7062,udp,65003696738514,24
7063,udp,65003738388354,29
7064,udp,65003780171124,27
7065,udp,65003821730424,24
7066,udp,65003863330584,29
7067,udp,65003905154214,27
7068,udp,65003946728364,317
7069,udp,65003988368214,157
7070,udp,65004029990424,35
7071,udp,65004071748894,26
7072,udp,65004113383344,32
7073,udp,65004155072874,30
7074,udp,65004196775094,24
7075,udp,65004238411884,29
7076,udp,65004280129764,27
7077,udp,65004321874644,24
7078,udp,65004363407214,29
7079,udp,65004405124644,27
7080,udp,65004446728854,1394
7081,udp,65004488478864,739
7082,udp,65004530111964,47
7083,udp,65004571690524,24
7084,udp,65004613387254,29
7085,udp,65004655058694,27
7086,udp,65004696728604,24
7088,udp,65004780185424,27
7089,udp,65004821671284,24
7090,udp,65004863358384,29
7091,udp,65004905087334,27
7092,udp,65004946609014,210
7093,udp,65004988323564,99
7094,udp,65005030074654,32
7095,udp,65005071644844,26
7096,udp,65005113284964,29
7097,udp,65005155026064,27
7098,udp,65005196662494,24
7099,udp,65005238374794,29
7100,udp,65005279988274,27
7101,udp,65005321627764,24
7102,udp,65005363301094,29
7103,udp,65005405036434,27
7104,udp,65005446634254,1994
7105,udp,65005488422964,700
7106,udp,65005530018894,67
7107,udp,65005571602044,31
7108,udp,65005613309304,38
7109,udp,65005654970934,33
7110,udp,65005696620144,30
7111,udp,65005738299594,37
7112,udp,65005780179744,33
7113,udp,65005821613314,28
7114,udp,65005863302664,37
7115,udp,65005904947194,32
7116,udp,65005946715024,315
7117,udp,65005988274594,151
7118,udp,65006030039994,35
7119,udp,65006071638534,31
7120,udp,65006113357854,38
7121,udp,65006155044324,32
7122,udp,65006196674724,28
7123,udp,65006238393234,37
7124,udp,65006279997714,30
7125,udp,65006321713074,26
7126,udp,65006363335824,34
7127,udp,65006404994484,30
7128,udp,65006446666914,1114
7129,udp,65006488287684,435
7130,udp,65006529935454,57
7131,udp,65006571725064,38
7132,udp,65006613294894,50
7133,udp,65006655040224,39
7134,udp,65006696621124,31
7135,udp,65006738321094,42
7136,udp,65006779922514,34
7137,udp,65006821680714,31
7138,udp,65006863324074,42
7139,udp,65006905152924,34
7140,udp,65006946631404,307
7141,udp,65006988322104,157
7142,udp,65007029948454,34
7143,udp,65007071606574,28
7144,udp,65007113369364,37
7145,udp,65007154987254,32
7146,udp,65007196688124,28
7147,udp,65007238370004,37
7148,udp,65007280134594,32
7149,udp,65007321744384,28
7150,udp,65007363523464,37
7151,udp,65007404987364,32
7152,udp,65007446621184,2158
7153,udp,65007488385594,720
7154,udp,65007530050194,66
7155,udp,65007571623804,34
7156,udp,65007613345914,40
7157,udp,65007654953184,37
7158,udp,65007696642894,32
7159,udp,65007738308034,39
7160,udp,65007780077484,33
7161,udp,65007821655504,31
7162,udp,65007863306154,38
7163,udp,65007905012064,31
7164,udp,65007946641294,283
7165,udp,65007988372854,110
7166,udp,65008029974814,36
7167,udp,65008071667944,28
7168,udp,65008113274854,37
7169,udp,65008155037284,34
7170,udp,65008196697834,28
7171,udp,65008238301324,37
7172,udp,65008279955844,32
7173,udp,65008321608744,28
7174,udp,65008363291974,37
7175,udp,65008404948294,35
7176,udp,65008446858144,1435
7177,udp,65008488318984,665
7178,udp,65008530026424,125
7179,udp,65008571650164,20
7180,udp,65008613301804,29
7181,udp,65008654942914,22
7182,udp,65008696641534,13
7183,udp,65008738270944,16
7184,udp,65008780137054,16
7186,udp,65008863384804,16
7187,udp,65008905028974,16
7188,udp,65008946785824,200
7189,udp,65008988284644,122
7190,udp,65009029906404,26
7191,udp,65009071613574,16
7192,udp,65009113298514,16
7193,udp,65009154972024,16
7194,udp,65009196644454,13
7195,udp,65009238323454,16
7196,udp,65009280161034,16
7197,udp,65009321801784,13
7198,udp,65009363413104,16
7199,udp,65009405111814,16
