frame_index,transport_protocol,receive_time_ns,payload_bytes
0,tcp,24664762701594,616
1,udp,24664795931304,175
2,udp,24664829369004,95
3,udp,24664862715804,70
4,udp,24664896102924,123
5,udp,24664929393204,103
6,udp,24664962784194,132
7,udp,24664996210644,61
8,udp,24665029527744,56
9,udp,24665062861764,54
10,udp,24665096300544,87
11,udp,24665129631594,64
12,tcp,24665162960304,599
13,udp,24665196246804,105
14,udp,24665229668754,68
15,udp,24665262997014,35
16,udp,24665296517514,88
17,udp,24665329772874,142
18,udp,24665363123724,29
19,udp,24665396515164,38
20,udp,24665429910024,98
21,udp,24665463228294,26
22,udp,24665496666174,47
23,udp,24665529994524,43
24,tcp,24665563289124,459
25,udp,24665596859304,133
26,udp,24665630029164,218
27,udp,24665663388474,112
28,udp,24665696823924,49
29,udp,24665730077754,52
30,udp,24665763514014,52
31,udp,24665796857844,220
32,udp,24665830201044,499
33,udp,24665863545414,457
34,udp,24665896924794,398
35,udp,24665930327484,286
36,tcp,24665963667264,2856
37,udp,24665997021984,1205
38,udp,24666030417474,788
39,udp,24666063862014,1413
40,udp,24666097128084,888
41,udp,24666130665414,2018
42,udp,24666163869744,2079
43,udp,24666197601564,1638
44,udp,24666230590614,2116
45,udp,24666265553634,1642
46,udp,24666297391314,2168
47,udp,24666332063544,1700
48,udp,24666411154824,5770
49,udp,24666457485564,1524
50,udp,24666483186684,1577
51,udp,24666509795994,1848
52,udp,24666540683994,1716
53,udp,24666569494074,2360
54,udp,24666608607354,2301
55,udp,24666646752864,1683
56,udp,24666675017904,2458
57,udp,24666715691244,1676
58,udp,24666743925774,2007
59,udp,24666777335484,2245
60,udp,24666887287494,7249
61,udp,24666933573594,1481
62,udp,24666958548774,1629
63,udp,24666985995534,1792
64,udp,24667015997484,2160
65,udp,24667027707114,967
66,udp,24667068208824,2346
67,udp,24667107068484,1927
68,udp,24667114996134,1389
69,udp,24667162321554,2586
70,udp,24667180759044,1248
71,udp,24667201576764,1293
72,udp,24667368420834,9287
73,udp,24667375651074,1140
74,udp,24667418952144,1597
75,udp,24667421554224,867
76,udp,24667437375324,1272
77,udp,24667458561864,892
78,udp,24667497832644,1611
79,udp,24667500680064,1326
80,udp,24667522723854,660
81,udp,24667534066824,1335
82,udp,24667556229684,817
83,udp,24667570114524,1194
84,udp,24667711175304,8549
85,udp,24667730356644,1242
86,udp,24667750998324,1145
87,udp,24667770135474,865
88,udp,24667784773704,1225
89,udp,24667829398674,1574
90,udp,24667831630404,988
91,udp,24667848284364,1445
92,udp,24667872219504,1238
93,udp,24667917058854,1581
94,udp,24667943695074,1506
95,udp,24667944845634,597
96,udp,24668076433554,8230
97,udp,24668090478414,936
98,udp,24668106300774,1270
99,udp,24668151604704,1473
100,udp,24668152191954,1097
101,udp,24668170635384,1125
102,udp,24668189429904,1375
103,udp,24668236473174,1517
104,udp,24668262084924,1909
105,udp,24668269745814,1191
106,udp,24668313827094,1991
107,udp,24668332694244,1252
108,udp,24668440772724,7301
109,udp,24668487629064,1474
110,udp,24668488253754,1278
111,udp,24668509638294,1367
112,udp,24668556566994,1679
113,udp,24668584727184,1918
114,udp,24668616763674,2091
115,udp,24668627303664,1381
116,udp,24668674434594,1597
117,udp,24668701330104,1948
118,udp,24668733809664,1591
119,udp,24668760643794,2074
120,udp,24668867826774,6332
121,udp,24668899443864,1617
122,udp,24668902431234,1289
123,udp,24668948120634,1715
124,udp,24668976935214,1809
125,udp,24668982949104,1460
126,udp,24669031314564,1848
127,udp,24669062215434,1745
128,udp,24669091535274,1620
129,udp,24669118798884,1862
130,udp,24669149894154,1748
131,udp,24669179228124,1886
132,udp,24669259204914,5243
133,udp,24669297102834,1877
134,udp,24669328436424,2217
135,udp,24669365253624,1871
136,udp,24669396522774,1892
137,udp,24669428154534,1763
138,udp,24669457697394,2151
139,udp,24669493469064,1980
140,udp,24669526467114,2131
141,udp,24669561916944,2095
142,udp,24669596821374,2206
143,udp,24669633443004,2536
144,udp,24669723788154,4994
145,udp,24669757656324,1512
146,udp,24669783223434,2530
147,udp,24669849277494,3125
148,udp,24669852719544,1283
149,udp,24669898296624,2348
150,udp,24669912932424,775
151,udp,24669950376474,2217
152,udp,24669987240744,2574
153,udp,24670006161084,1384
154,udp,24670053319464,1860
155,udp,24670084404384,1568
156,udp,24670183554414,5943
157,udp,24670208926854,2089
158,udp,24670219470534,998
159,udp,24670260442764,2037
160,udp,24670270144584,836
161,udp,24670308556764,1636
162,udp,24670336100274,1633
163,udp,24670339342884,1218
164,udp,24670383835734,2362
165,udp,24670398740724,1164
166,udp,24670442407734,2211
167,udp,24670479123144,2177
168,udp,24670587964284,6107
169,udp,24670591719624,876
170,udp,24670630799334,1740
171,udp,24670659961134,2226
172,udp,24670672702164,988
173,udp,24670713611574,2101
174,udp,24670724264064,1155
175,udp,24670767792924,2044
176,udp,24670801867824,2435
177,udp,24670817913114,921
178,udp,24670857696624,2258
179,udp,24670870923834,1202
180,udp,24670963663614,5523
181,udp,24671006017434,2364
182,udp,24671020906854,962
183,udp,24671061336384,2550
184,udp,24671079250524,1210
185,udp,24671123673894,2125
186,udp,24671158996104,2344
187,udp,24671197865664,1567
188,udp,24671224317294,2556
189,udp,24671242302984,1382
190,udp,24671289438234,1578
191,udp,24671316043314,2212
192,udp,24671425441194,6604
193,udp,24671461399074,1952
194,udp,24671469743964,1326
195,udp,24671516096844,2091
196,udp,24671550803724,1800
197,udp,24671556697374,1316
198,udp,24671602800054,2746
199,udp,24671623873734,1409
200,udp,24671671439094,1679
201,udp,24671699831754,2564
202,udp,24671717760024,964
203,udp,24671758197834,2417
204,udp,24671895306534,7852
205,udp,24671903150124,1252
206,udp,24671948212314,1935
207,udp,24671956249134,1274
208,udp,24672001713534,2135
209,udp,24672037194684,1467
210,udp,24672062014884,1648
211,udp,24672089715084,1772
212,udp,24672095157024,972
213,udp,24672135756834,1906
214,udp,24672167725734,1622
215,udp,24672170644974,1418
216,udp,24672315327534,8284
217,udp,24672330213174,1386
218,udp,24672377429514,1493
219,udp,24672402667674,1474
220,udp,24672403275084,1409
221,udp,24672450956364,1610
222,udp,24672453758604,1081
223,udp,24672471894954,1387
224,udp,24672519144684,2051
225,udp,24672529032174,1047
226,udp,24672570844464,1525
227,udp,24672596605974,1559
228,udp,24672744048924,8989
229,udp,24672746518704,1365
230,udp,24672769219224,1059
231,udp,24672786909444,1227
232,udp,24672807364374,1109
233,udp,24672825892584,1317
234,udp,24672872051964,1599
235,udp,24672874637484,1221
236,udp,24672895010334,1133
237,udp,24672913954614,1067
238,udp,24672931830684,1279
239,udp,24672953103354,1448
240,udp,24673098205404,8537
241,udp,24673117171734,965
242,udp,24673133402694,1114
243,udp,24673152061854,983
244,udp,24673192817814,1677
245,udp,24673196724084,947
246,udp,24673212704664,1187
247,udp,24673232577924,981
248,udp,24673273233084,1711
249,udp,24673277670624,1015
250,udp,24673294706544,1008
251,udp,24673311663084,1435
252,udp,24673480793244,9273
253,udp,24673512118104,1468
254,udp,24673512610944,927
255,udp,24673528287144,774
256,udp,24673541483034,1004
257,udp,24673558385664,1129
258,udp,24673577239314,1117
259,udp,24673595895324,1003
260,udp,24673612756824,786
261,udp,24673650355494,1617
262,udp,24673653287874,890
263,udp,24673668377724,1256
264,udp,24673834758474,9196
265,udp,24673840489224,1215
266,udp,24673860747324,923
267,udp,24673876286094,454
268,udp,24673884336324,1097
269,udp,24673902696864,1017
270,udp,24673919784894,829
271,udp,24673933860444,1192
272,udp,24673953776004,882
273,udp,24673992917184,1509
274,udp,24673994080524,1067
275,udp,24674012070354,782
276,udp,24674170740174,9347
277,udp,24674178955014,1276
278,udp,24674224414014,1606
279,udp,24674227295814,1121
280,udp,24674245944354,480
281,udp,24674254426584,733
282,udp,24674266950354,818
283,udp,24674280851034,955
284,udp,24674296947264,1364
285,udp,24674319573714,1139
286,udp,24674338589994,1018
287,udp,24674355698814,780
288,udp,24674514318234,9431
289,udp,24674523897384,1081
290,udp,24674541944814,1228
291,udp,24674562419094,827
292,udp,24674576468814,689
293,udp,24674612511834,1603
294,udp,24674615257104,936
295,udp,24674630998374,996
296,udp,24674671974474,1643
297,udp,24674675418594,803
298,udp,24674705755794,1038
299,udp,24674739143364,1440
300,udp,24674868087984,8534
301,udp,24674886989604,879
302,udp,24674901787404,841
303,udp,24674916084354,1269
304,udp,24674937187374,1408
305,udp,24674960502954,674
306,udp,24674996282724,1474
307,udp,24675006038184,483
308,udp,24675039461844,1751
309,udp,24675072769224,1171
310,udp,24675106171734,1079
311,udp,24675139502784,904
312,udp,24675292703124,8875
313,udp,24675293292444,1143
314,udp,24675312486114,1228
315,udp,24675332886954,814
316,udp,24675346725894,1232
317,udp,24675367221954,1004
318,udp,24675408352854,1614
319,udp,24675435519714,1511
320,udp,24675439820994,877
321,udp,24675475840164,1685
322,udp,24675506534574,1046
323,udp,24675540081894,1473
324,udp,24675693060654,9484
325,udp,24675703528374,765
326,udp,24675716578104,1228
327,udp,24675737015034,909
328,udp,24675752356884,1320
329,udp,24675798490164,1546
330,udp,24675800330484,1155
331,udp,24675819639174,1169
332,udp,24675840241074,1095
333,udp,24675881766714,1597
334,udp,24675908649354,1767
335,udp,24675940304424,1427
336,udp,24676069328784,8548
337,udp,24676088417964,1102
338,udp,24676131072024,1479
339,udp,24676156152324,1831
340,udp,24676162547274,1240
341,udp,24676183167534,1399
342,udp,24676206341814,1278
343,udp,24676251813864,1607
344,udp,24676278913494,1793
345,udp,24676284698424,1367
346,udp,24676331579334,1802
347,udp,24676340778324,1073
348,udp,24676476608304,7816
349,udp,24676508328624,1730
350,udp,24676537380444,1480
351,udp,24676562475684,1554
352,udp,24676588538964,1570
353,udp,24676615091574,2064
354,udp,24676649375094,1882
355,udp,24676656585804,1061
356,udp,24676698680064,1790
357,udp,24676728650514,1680
358,udp,24676732605204,1270
359,udp,24676777958274,1694
360,udp,24676879083264,7166
361,udp,24676899887214,1211
362,udp,24676919994024,1014
363,udp,24676937017344,1231
364,udp,24676957503144,1090
365,udp,24676975799334,729
366,udp,24677012451834,1536
367,udp,24677014053924,1102
368,udp,24677041501044,1004
369,udp,24677074939104,1333
370,udp,24677108245674,907
371,udp,24677141597694,1418
372,udp,24677270565624,7892
373,udp,24677279225964,1314
374,udp,24677301033954,1152
375,udp,24677320274334,613
376,udp,24677330895594,815
377,udp,24677344738224,957
378,udp,24677375171094,1321
379,udp,24677408601594,1401
380,udp,24677441921754,983
381,udp,24677475282054,1027
382,udp,24677508661794,1239
383,udp,24677542095174,1464
384,udp,24677670964284,7745
385,udp,24677677236024,890
386,udp,24677692266204,1150
387,udp,24677711499474,878
388,udp,24677726346234,963
389,udp,24677742524094,1323
390,udp,24677775588114,940
391,udp,24677808854274,1184
392,udp,24677842282614,1158
393,udp,24677875748934,1241
394,udp,24677909091864,911
395,udp,24677942445054,942
396,udp,24678071343864,7777
397,udp,24678078181704,756
398,udp,24678091054314,1222
399,udp,24678111419334,1092
400,udp,24678129681504,774
401,udp,24678142845264,1079
402,udp,24678175907214,788
403,udp,24678209235654,1025
404,udp,24678242706834,1045
405,udp,24678276105834,1111
406,udp,24678309411774,1021
407,udp,24678342782514,649
408,udp,24678471749364,7804
409,udp,24678478958454,1114
410,udp,24678497552184,999
411,udp,24678514388754,1247
412,udp,24678535086144,1055
413,udp,24678552827034,787
414,udp,24678576343584,1003
415,udp,24678609673284,1039
416,udp,24678643077234,1015
417,udp,24678676375884,1001
418,udp,24678709867584,994
419,udp,24678743156514,1340
420,udp,24678847835424,7121
421,udp,24678867865644,1322
422,udp,24678889829424,1113
423,udp,24678932664474,1674
424,udp,24678936504504,1281
425,udp,24678957864744,883
426,udp,24678976778334,1373
427,udp,24679010113074,1386
428,udp,24679043408574,1394
429,udp,24679076796594,1381
430,udp,24679110261204,859
431,udp,24679143559314,1569
432,udp,24679248216984,6850
433,udp,24679263838194,1402
434,udp,24679311327234,1520
435,udp,24679312674264,1457
436,udp,24679361093364,1788
437,udp,24679366787844,862
438,udp,24679405642914,2097
439,udp,24679416257064,1326
440,udp,24679462591134,1660
441,udp,24679490456934,1712
442,udp,24679510586784,1263
443,udp,24679543919454,1255
444,udp,24679672857594,7832
445,udp,24679680533244,940
446,udp,24679696389174,1186
447,udp,24679716138504,1337
448,udp,24679762582914,1793
449,udp,24679792632564,1733
450,udp,24679821683574,1590
451,udp,24679848455514,1628
452,udp,24679875875724,1535
453,udp,24679901758464,1534
454,udp,24679927672434,1896
455,udp,24679944385974,1258
456,udp,24680077213734,8363
457,udp,24680093367654,1175
458,udp,24680137165794,1556
459,udp,24680163420504,1535
460,udp,24680165134284,1059
461,udp,24680207113974,1554
462,udp,24680209041144,1226
463,udp,24680253698694,1827
464,udp,24680284270434,1782
465,udp,24680289876534,928
466,udp,24680329796754,1757
467,udp,24680344727034,954
468,udp,24680473645914,8439
469,udp,24680491047144,1358
470,udp,24680513570544,1130
471,udp,24680532466584,1071
472,udp,24680550439404,1250
473,udp,24680571201054,1190
474,udp,24680591063604,902
475,udp,24680611772964,1102
476,udp,24680645025084,1276
477,udp,24680678365854,1138
478,udp,24680711780244,1301
479,udp,24680745093834,1450
480,udp,24680874124494,7660
481,udp,24680879113014,745
482,udp,24680891756484,1053
483,udp,24680909398374,1286
484,udp,24680930834574,1271
485,udp,24680951890884,1037
486,udp,24680978646984,1048
487,udp,24681012065244,563
488,udp,24681045412854,1434
489,udp,24681078760734,1697
490,udp,24681112204104,809
491,udp,24681145536144,861
492,udp,24681274511004,7786
493,udp,24681281484834,899
494,udp,24681296625714,1103
495,udp,24681315071664,621
496,udp,24681325826034,981
497,udp,24681345710544,905
498,udp,24681379076154,962
499,udp,24681412429974,1492
500,udp,24681445821684,716
501,udp,24681479188374,947
502,udp,24681512492244,1334
503,udp,24681545966484,1035
504,udp,24681674820924,7743
505,udp,24681681090864,547
506,udp,24681690651474,1323
507,udp,24681712610394,816
508,udp,24681726468774,999
509,udp,24681746124144,1066
510,udp,24681779463204,779
511,udp,24681812873004,1119
512,udp,24681846247524,1049
513,udp,24681879621324,1340
514,udp,24681912910344,855
515,udp,24681946331214,712
516,udp,24682051028664,7276
517,udp,24682073571954,1275
518,udp,24682094705844,1083
519,udp,24682112843994,709
520,udp,24682124996424,1349
521,udp,24682147349814,1235
522,udp,24682179868074,778
523,udp,24682213251144,1030
524,udp,24682246607304,1179
525,udp,24682280189094,885
526,udp,24682313377494,1039
527,udp,24682346695584,1125
528,udp,24682475624454,7730
529,udp,24682481612244,1217
530,udp,24682501969164,743
531,udp,24682514627394,992
532,udp,24682531298814,750
533,udp,24682568356314,1563
534,udp,24682580299224,1037
535,udp,24682613646474,538
536,udp,24682647006954,1343
537,udp,24682680452844,743
538,udp,24682713826644,1488
539,udp,24682747164984,1028
540,udp,24682876135614,7748
541,udp,24682882436694,894
542,udp,24682897510434,871
543,udp,24682912261254,840
544,udp,24682926482604,1230
545,udp,24682947300324,576
546,udp,24682980704004,986
547,udp,24683014030824,399
548,udp,24683047425594,1470
549,udp,24683080780224,1070
550,udp,24683114338074,1145
551,udp,24683147522964,1168
552,udp,24683252257944,6811
553,udp,24683267237904,1025
554,udp,24683284423764,1120
555,udp,24683303146014,731
556,udp,24683339871684,1727
557,udp,24683347681884,1089
558,udp,24683387086044,2263
559,udp,24683414473044,1258
560,udp,24683447903454,1212
561,udp,24683481193014,2436
562,udp,24683520164814,1817
563,udp,24683550574374,2091
564,udp,24683682260754,8078
565,udp,24683693915124,1453
566,udp,24683742175554,1892
567,udp,24683773785084,1765
568,udp,24683803393644,2836
569,udp,24683850125784,2544
570,udp,24683892168924,2106
571,udp,24683927278914,2530
572,udp,24683969022714,2089
573,udp,24684003844704,2908
574,udp,24684051660894,2363
575,udp,24684090802434,2012
576,udp,24684245490474,9457
577,udp,24684255498294,1319
578,udp,24684301785834,2004
579,udp,24684335033364,2439
580,udp,24684375382434,1774
581,udp,24684405232194,2764
582,udp,24684426512334,1332
583,udp,24684472837134,2771
584,udp,24684518523114,2056
585,udp,24684552788904,2652
586,udp,24684596495154,2172
587,udp,24684632595504,1823
588,udp,24684760037394,8835
589,udp,24684808032324,1902
590,udp,24684815528064,922
591,udp,24684855363504,1668
592,udp,24684883412184,1491
593,udp,24684908535234,2394
594,udp,24684948263934,2421
595,udp,24684964154694,1040
596,udp,24685005719574,2378
597,udp,24685045104384,1752
598,udp,24685074476154,2185
599,udp,24685110788004,1824
600,udp,24685213984974,7332
601,udp,24685261650954,1766
602,udp,24685291231524,1907
603,udp,24685323184494,2442
604,udp,24685339308354,1460
605,udp,24685387646274,1868
606,udp,24685418888964,2350
607,udp,24685457894154,2120
608,udp,24685493064264,1758
609,udp,24685522553034,1911
610,udp,24685554472794,1466
611,udp,24685579330614,2384
612,udp,24685691441364,6418
613,udp,24685724437704,1753
614,udp,24685753833144,1689
615,udp,24685757927694,1356
616,udp,24685780456944,1447
617,udp,24685828633944,1866
618,udp,24685859808684,1708
619,udp,24685888473234,1904
620,udp,24685920326844,1824
621,udp,24685950831444,1881
622,udp,24685982277714,1991
623,udp,24686015517594,1861
624,udp,24686119295424,6834
625,udp,24686134694514,1133
626,udp,24686177846454,1549
627,udp,24686204083794,1594
628,udp,24686206588764,1237
629,udp,24686251416864,1529
630,udp,24686277205824,1728
631,udp,24686281960254,1445
632,udp,24686305898004,1028
633,udp,24686347394034,1828
634,udp,24686353734354,1337
635,udp,24686375927274,1392
636,udp,24686495923464,6813
637,udp,24686510971914,902
638,udp,24686550466434,1760
639,udp,24686579964384,1842
640,udp,24686610800454,1687
641,udp,24686639192304,1672
642,udp,24686643001014,1345
643,udp,24686665293474,1366
644,udp,24686712255924,1781
645,udp,24686742050334,1484
646,udp,24686767107594,1690
647,udp,24686771252274,1220
648,udp,24686888520654,6835
649,udp,24686903958624,1437
650,udp,24686951986224,1646
651,udp,24686979673914,1682
652,udp,24686983800954,862
653,udp,24687022521204,1720
654,udp,24687027080154,1378
655,udp,24687074306214,1484
656,udp,24687075050154,1363
657,udp,24687121899114,1530
658,udp,24687123409224,1346
659,udp,24687170097264,1922
660,udp,24687274944474,6742
661,udp,24687288748494,1301
662,udp,24687334672524,1597
663,udp,24687361513854,1636
664,udp,24687388996524,1741
665,udp,24687393932034,1405
666,udp,24687417275334,1301
667,udp,24687463120164,1667
668,udp,24687491133474,1973
669,udp,24687499789404,1428
670,udp,24687547749054,2020
671,udp,24687581346684,1679
672,udp,24687706449204,7440
673,udp,24687732123954,1511
674,udp,24687757644894,1737
675,udp,24687762549714,1046
676,udp,24687804396564,1525
677,udp,24687805745574,1210
678,udp,24687850204134,1731
679,udp,24687879273774,1479
680,udp,24687879959844,915
681,udp,24687895471974,1010
682,udp,24687912406284,1338
683,udp,24687958871664,1738
684,udp,24688060727634,6825
685,udp,24688075963374,1318
686,udp,24688122091794,1567
687,udp,24688124269344,757
688,udp,24688161405324,1799
689,udp,24688167319674,1276
690,udp,24688188527634,1311
691,udp,24688234550934,2187
692,udp,24688246640184,1063
693,udp,24688288670004,2000
694,udp,24688322044344,1838
695,udp,24688352782944,1591
696,udp,24688452253194,6785
697,udp,24688466951634,1312
698,udp,24688488751614,1342
699,udp,24688535178924,2125
700,udp,24688546382124,1139
701,udp,24688589532714,1931
702,udp,24688597551444,1367
703,udp,24688644467724,2379
704,udp,24688683923544,2042
705,udp,24688693686384,1234
706,udp,24688738434924,1703
707,udp,24688767006864,1969
708,udp,24688872533124,6169
709,udp,24688901546964,1584
710,udp,24688928263014,1522
711,udp,24688953966384,2395
712,udp,24688969361334,1283
713,udp,24689014994304,1846
714,udp,24689045824794,2078
715,udp,24689080378944,1720
716,udp,24689109269124,2680
717,udp,24689153550834,2659
718,udp,24689197398114,2176
719,udp,24689233527084,2273
720,udp,24689343899574,5908
721,udp,24689368799604,1778
722,udp,24689374317954,1383
723,udp,24689421480024,2305
724,udp,24689459753694,2330
725,udp,24689498424714,2012
726,udp,24689531923884,1983
727,udp,24689564961624,2202
728,udp,24689601498024,2501
729,udp,24689642912694,2490
730,udp,24689684138454,1748
731,udp,24689713418604,2048
732,udp,24689795929794,5413
733,udp,24689836563984,2250
734,udp,24689873917854,2540
735,udp,24689916108684,1756
736,udp,24689945303154,2339
737,udp,24689984106834,2097
738,udp,24690018968514,2328
739,udp,24690057552504,2245
740,udp,24690070582704,1439
741,udp,24690118614624,2152
742,udp,24690130207704,1387
743,udp,24690153166614,664
744,tcp,24690213025254,2947
745,udp,24690214959084,501
746,udp,24690223946664,562
747,udp,24690233700954,804
748,udp,24690247350444,527
749,udp,24690256538544,790
750,udp,24690269966634,1047
751,udp,24690311823924,1576
752,udp,24690338304264,1734
753,udp,24690367452924,1811
754,udp,24690397766634,2096
755,udp,24690432627594,2088
756,tcp,24690443174964,572
757,udp,24690477872214,1987
758,udp,24690486693474,1214
759,udp,24690506857074,677
760,udp,24690518534484,332
761,udp,24690524612634,629
762,udp,24690535431714,647
763,udp,24690546595674,934
764,udp,24690562348644,1298
765,udp,24690583916064,1304
766,udp,24690629781504,1882
767,udp,24690661280874,1640
768,tcp,24690713056794,3786
769,udp,24690752746344,1798
770,udp,24690782836494,1598
771,udp,24690809778444,2064
772,udp,24690844137474,1829
773,udp,24690874719744,2055
774,udp,24690908938014,1739
775,udp,24690938132484,1979
776,udp,24690971109384,2440
777,udp,24691011536754,1528
778,udp,24691037358834,2578
779,udp,24691079856834,2057
780,udp,24691186868544,6576
781,udp,24691222367964,1854
782,udp,24691253371074,1964
783,udp,24691286121714,2549
784,udp,24691328214444,2158
785,udp,24691364151444,1846
786,udp,24691394991744,2250
787,udp,24691408110684,1453
788,udp,24691480673904,2990
789,udp,24691506124104,1747
790,udp,24691535390754,1624
791,udp,24691562761824,1929
792,udp,24691716107874,9462
793,udp,24691726224954,1394
794,udp,24691773499074,1806
795,udp,24691779531774,1367
796,udp,24691802193234,1214
797,udp,24691822437654,771
798,udp,24691859808264,1520
799,udp,24691861160514,865
800,udp,24691875885144,927
801,udp,24691915704924,1872
802,udp,24691922816454,1020
803,udp,24691939887204,1323
804,udp,24692107279284,9442
805,udp,24692116996494,1238
806,udp,24692137631064,1350
807,udp,24692160070044,1109
808,udp,24692202761634,1480
809,udp,24692227824834,1696
810,udp,24692232070764,1239
811,udp,24692252667084,886
812,udp,24692267667924,961
813,udp,24692283832734,1198
814,udp,24692328117504,1837
815,udp,24692334533784,778
816,udp,24692493195774,9240
817,udp,24692499712674,1252
818,udp,24692520615354,1355
819,udp,24692543033724,1201
820,udp,24692563031544,779
821,udp,24692576299344,988
822,udp,24692592881394,648
823,udp,24692628299364,1904
824,udp,24692635906884,879
825,udp,24692650756164,944
826,udp,24692666712084,1295
827,udp,24692688185544,389
828,udp,24692840583534,10051
829,udp,24692860177164,1168
830,udp,24692879596104,1040
831,udp,24692897061144,1373
832,udp,24692919783984,701
833,udp,24692931820314,1027
834,udp,24692949036054,691
835,udp,24692985151884,1517
836,udp,24693010725204,1516
837,udp,24693012406944,575
838,udp,24693022100214,1265
839,udp,24693043170384,1440
840,udp,24693212328174,9721
841,udp,24693226557624,1457
842,udp,24693250693554,436
843,udp,24693282670014,1510
844,udp,24693283860714,784
845,udp,24693297279354,812
846,udp,24693311085714,1184
847,udp,24693330889134,447
848,udp,24693338766384,1159
849,udp,24693358103064,718
850,udp,24693394630644,1514
851,udp,24693395942844,707
852,udp,24693553439064,9950
853,udp,24693571333584,963
854,udp,24693587574804,796
855,udp,24693601115754,985
856,udp,24693641933004,1640
857,udp,24693645228444,807
858,udp,24693658998444,1441
859,udp,24693682847994,1081
860,udp,24693700908114,527
861,udp,24693710169564,1414
862,udp,24693733643904,667
863,udp,24693745010634,882
864,udp,24693905367234,9342
865,udp,24693913539954,964
866,udp,24693929738694,942
867,udp,24693945581394,874
868,udp,24693984570744,1926
869,udp,24693992555454,1319
870,udp,24694014406914,779
871,udp,24694027718184,1209
872,udp,24694047864774,519
873,udp,24694081224984,1559
874,udp,24694083300924,988
875,udp,24694099897104,613
876,udp,24694255807344,9335
877,udp,24694263892944,1129
878,udp,24694282733184,924
879,udp,24694298364204,1019
880,udp,24694315546014,936
881,udp,24694331239854,941
882,udp,24694371305064,1622
883,udp,24694374379734,893
884,udp,24694413678324,1748
885,udp,24694418750634,980
886,udp,24694459461054,1851
887,udp,24694466182704,495
888,udp,24694620255144,9528
889,udp,24694655718744,1639
890,udp,24694659011934,929
891,udp,24694674658254,1274
892,udp,24694695846774,1070
893,udp,24694737973344,1956
894,udp,24694770653784,1692
895,udp,24694774794684,820
896,udp,24694788753054,1017
897,udp,24694805857104,1352
898,udp,24694852482504,1503
899,udp,24694853623614,1198
900,udp,24695018951004,9935
901,udp,24695036715024,1033
902,udp,24695053913304,564
903,udp,24695063781264,1349
904,udp,24695086154274,1187
905,udp,24695105943294,546
906,udp,24695115461964,1114
907,udp,24695134115004,682
908,udp,24695170028064,1823
909,udp,24695176334904,1088
910,udp,24695194538844,1051
911,udp,24695212130154,1422
912,udp,24695381097324,10109
913,udp,24695401538214,1089
914,udp,24695419751514,877
915,udp,24695458815474,1838
916,udp,24695489579004,1505
917,udp,24695490724344,565
918,udp,24695524837944,1506
919,udp,24695526012444,1052
920,udp,24695543700594,1344
921,udp,24695565988914,630
922,udp,24695576838054,912
923,udp,24695616442914,1651
924,udp,24695765340804,9376
925,udp,24695774092584,1180
926,udp,24695793759384,790
927,udp,24695807185314,1012
928,udp,24695848457514,1767
929,udp,24695853822414,1075
930,udp,24695871794694,794
931,udp,24695885293974,1224
932,udp,24695905721004,942
933,udp,24695921605284,1245
934,udp,24695942262084,1400
935,udp,24695965524744,526
936,udp,24696095848704,8329
937,udp,24696111559284,1258
938,udp,24696132448194,836
939,udp,24696146578644,548
942,udp,24696193958514,1020
943,udp,24696227372544,1691
944,udp,24696260724114,1154
945,udp,24696294117894,2210
946,udp,24696329444874,2225
947,udp,24696360695574,1112
948,udp,24696465484914,6056
949,udp,24696468414954,968
950,udp,24696508957074,1524
951,udp,24696534689694,1863
952,udp,24696541644984,695
953,udp,24696577779984,1990
954,udp,24696610936614,1783
955,udp,24696640820304,2017
956,udp,24696674440344,1845
957,udp,24696694390194,954
958,udp,24696727822044,2285
959,udp,24696761114034,826
960,udp,24696841601664,5005
961,udp,24696875685114,1948
962,udp,24696883966014,775
963,udp,24696921409254,2482
964,udp,24696938278134,983
965,udp,24696978972624,1889
966,udp,24697010535714,2000
967,udp,24697028091474,1024
968,udp,24697061436204,2107
969,udp,24697094810364,964
970,udp,24697128205674,2029
971,udp,24697161557874,2092
972,udp,24697243906344,5465
973,udp,24697285313724,1973
974,udp,24697294004124,1243
975,udp,24697338921054,1644
976,udp,24697366605954,1646
977,udp,24697370039094,970
978,udp,24697410589134,1572
979,udp,24697428528384,1170
980,udp,24697461861864,1781
981,udp,24697495329174,1963
982,udp,24697528618014,1036
983,udp,24697561973994,1700
984,udp,24697642423734,5024
985,udp,24697676772414,1599
986,udp,24697703694294,1653
987,udp,24697707301314,803
988,udp,24697745171424,1754
989,udp,24697762120944,1079
990,udp,24697795494384,1507
991,udp,24697828856034,1665
992,udp,24697862273484,938
993,udp,24697895621454,2078
994,udp,24697928913894,808
995,udp,24697962363924,2103
996,udp,24698045545074,5179
997,udp,24698058170994,390
998,udp,24698089417194,2849
999,udp,24698112143184,1249
1000,udp,24698157205284,1984
1001,udp,24698190255354,2027
1002,udp,24698199823254,1112
1003,udp,24698242633374,2090
1004,udp,24698277392544,1486
1005,udp,24698302546914,1781
1006,udp,24698332340154,1944
1007,udp,24698362705344,1032
1008,udp,24698467406934,5991
1009,udp,24698469259224,866
1010,udp,24698508221934,1724
1011,udp,24698537176374,2143
1012,udp,24698548534914,615
1013,udp,24698583446544,2116
1014,udp,24698596236354,1085
1015,udp,24698636763354,1692
1016,udp,24698665230894,1890
1017,udp,24698696438304,921
1018,udp,24698729802474,2331
1019,udp,24698763122994,1425
1020,udp,24698843706744,5280
1021,udp,24698882154924,1818
1022,udp,24698888361414,944
1023,udp,24698928482424,2224
1024,udp,24698941205544,1175
1025,udp,24698985017994,2136
1026,udp,24699020518224,2455
1027,udp,24699036918114,970
1028,udp,24699077473644,2111
1029,udp,24699096783414,985
1030,udp,24699130132464,2083
1031,udp,24699163817124,1972
1032,udp,24699245164164,5213
1033,udp,24699282560514,2538
1034,udp,24699300309144,1399
1035,udp,24699347704584,2613
1036,udp,24699390832584,2549
1037,udp,24699408759864,805
1038,udp,24699446673804,2918
1039,udp,24699470513094,859
1040,udp,24699509240004,2697
1041,udp,24699553731324,2827
1042,udp,24699576145824,959
1043,udp,24699640703724,2953
1044,udp,24699714033564,5495
1045,udp,24699755960334,2664
1046,udp,24699799931364,2919
1047,udp,24699823745634,1013
1048,udp,24699889178604,2954
1049,udp,24699889812024,1099
1050,udp,24699932460234,1910
1051,udp,24699964386744,2184
1052,udp,24699976433964,1019
1053,udp,24700017769614,2461
1054,udp,24700034254104,1303
1055,udp,24700080191364,1579
1056,udp,24700179428874,6885
1057,udp,24700195698714,859
1058,udp,24700210260084,962
1059,udp,24700226422734,1029
1060,udp,24700243665384,1008
1061,udp,24700260585384,1210
1062,udp,24700280732334,643
1063,udp,24700316083614,1621
1064,udp,24700319069364,729
1065,udp,24700355773974,2091
1066,udp,24700390655544,2157
1067,udp,24700402227834,1283
1068,udp,24700496239224,5495
1069,udp,24700513916034,805
1070,udp,24700551827904,2079
1071,udp,24700586432184,2199
1072,udp,24700598759754,1220
1073,udp,24700643276814,2004
1074,udp,24700652493894,1061
1075,udp,24700694487714,1958
1076,udp,24700727155914,2130
1077,udp,24700738313304,1084
1078,udp,24700780705464,2101
1079,udp,24700791444894,1167
1080,udp,24700883564214,5245
1081,udp,24700921500114,2065
1082,udp,24700931657694,1085
1083,udp,24700974082884,2163
1084,udp,24700985771634,875
1085,udp,24701024962764,1935
1086,udp,24701057111574,1972
1087,udp,24701065752384,1056
1088,udp,24701107675194,2169
1089,udp,24701119516494,1097
1090,udp,24701162101164,1932
1091,udp,24701194363824,2077
1092,udp,24701277391074,5221
1093,udp,24701314912974,2212
1094,udp,24701327409654,1007
1095,udp,24701368553244,1989
1096,udp,24701401705014,2022
1097,udp,24701411171934,1292
1098,udp,24701456920194,2224
1099,udp,24701469577164,992
1100,udp,24701510471004,2063
1101,udp,24701544854334,2866
1102,udp,24701567806224,1148
1103,udp,24701611233114,2052
1104,udp,24701693868504,5260
1105,udp,24701732078184,1906
1106,udp,24701763837564,2425
1107,udp,24701779785204,1304
1108,udp,24701825606904,2237
1109,udp,24701838518394,891
1110,udp,24701877849924,1950
1111,udp,24701910390414,2110
1112,udp,24701921268264,1261
1113,udp,24701966454474,2048
1114,udp,24701976315054,860
1115,udp,24702015163554,1649
1116,tcp,24702067053774,4878
1117,udp,24702101033724,639
1118,udp,24702136250004,1837
1119,udp,24702143895684,1284
1120,udp,24702189457104,2732
1121,udp,24702258723084,3077
1122,udp,24702309901404,3536
1123,udp,24702344130744,2387
1124,udp,24702383659734,2578
1125,udp,24702450459444,3892
1126,udp,24702514642944,4075
1127,udp,24702581717964,4218
1128,tcp,24702651096264,4086
1129,udp,24702695524764,2922
1130,udp,24702767896824,3320
1131,udp,24702822930924,3317
1132,udp,24702877916064,3664
1133,udp,24702938337024,3838
1134,udp,24703001606844,3224
1135,udp,24703055133804,3472
1136,udp,24703112551464,3362
1137,udp,24703168295214,3853
1138,udp,24703231740174,3347
1139,udp,24703287182784,3214
1140,tcp,24703340494734,3314
1141,udp,24703372615104,2927
1142,udp,24703445026674,3707
1143,udp,24703482071484,2702
1144,udp,24703550763264,3151
1145,udp,24703603123734,3836
1146,udp,24703666349454,3538
1147,udp,24703724861154,4004
1148,udp,24703790804244,3855
1149,udp,24703854449724,3859
1150,udp,24703942297194,4441
1151,udp,24703991521434,4391
1152,udp,24704112117834,6534
1153,udp,24704146919844,2287
1154,udp,24704184858804,2240
1155,udp,24704246301444,2981
1156,udp,24704271633114,2841
1157,udp,24704318426904,2719
1158,udp,24704363264994,1601
1159,udp,24704390209554,1475
1160,udp,24704390887344,806
1161,udp,24704428816854,1942
1162,udp,24704437016934,1120
1163,udp,24704479969254,1480
1164,udp,24704601956694,8026
1165,udp,24704612714754,876
1166,udp,24704627527404,1208
1167,udp,24704647636464,597
1168,udp,24704682308964,1874
1169,udp,24704689297734,1282
1170,udp,24704734891914,1466
1171,udp,24704735372604,1398
1172,udp,24704758604394,700
1173,udp,24704794884114,1769
1174,udp,24704824512474,1647
1175,udp,24704827894404,915
1176,udp,24704964593604,7906
1177,udp,24704973501714,1177
1178,udp,24704993176074,1414
1179,udp,24705016571934,1245
1180,udp,24705037181934,846
1181,udp,24705051544314,1047
1182,udp,24705069092514,1021
1183,udp,24705110450304,1605
1184,udp,24705137497374,1558
1185,udp,24705163795374,2203
1186,udp,24705176221044,1113
1187,udp,24705194740164,974
1188,udp,24705332271954,7933
1189,udp,24705341542404,1152
1190,udp,24705360844704,1334
1191,udp,24705382990644,1343
1192,udp,24705405284454,762
1193,udp,24705418274064,1230
1194,udp,24705462954474,1563
1195,udp,24705465041754,931
1196,udp,24705504997344,1502
1197,udp,24705506088414,1076
1198,udp,24705548373294,1779
1199,udp,24705553927104,1213
1200,udp,24705695289654,8325
1201,udp,24705710856414,1356
1202,udp,24705733418874,818
1203,udp,24705747233244,1383
1204,udp,24705770175594,778
1205,udp,24705783451584,1068
1206,udp,24705825609564,1500
1207,udp,24705826639614,946
1208,udp,24705866886264,1475
1209,udp,24705867497994,1116
1210,udp,24705886219794,1254
1211,udp,24705931283424,1509
1212,udp,24706053671274,8453
1213,udp,24706095542064,1733
1214,udp,24706100335284,1175
1215,udp,24706119983634,1293
1216,udp,24706141488864,919
1217,udp,24706157000184,467
1218,udp,24706189465344,1830
1219,udp,24706220135184,1504
1220,udp,24706221211224,1075
1221,udp,24706239295554,1322
1222,udp,24706285446384,1729
1223,udp,24706290243114,1142
1224,udp,24706430448804,7981
1225,udp,24706440566694,981
1226,udp,24706457007984,1038
1227,udp,24706474433514,915
1228,udp,24706514099664,1658
1229,udp,24706541953044,1731
1230,udp,24706546806744,1391
1231,udp,24706569872124,1341
1232,udp,24706592167284,855
1234,udp,24706606559454,1399
1235,udp,24706654003764,1493
1236,udp,24706776114324,7697
1237,udp,24706781653824,1112
1238,udp,24706824518754,1557
1239,udp,24706850771304,1603
1240,udp,24706853467254,1237
1241,udp,24706898375544,1526
1242,udp,24706899849204,719
1243,udp,24706936423584,1892
1244,udp,24706943788824,1135
1245,udp,24706986969294,1565
1246,udp,24706989172674,1417
1247,udp,24707012610654,778
1248,udp,24707147031324,7666
1249,udp,24707152088424,1196
1250,udp,24707171976984,1062
1251,udp,24707189767554,1406
1252,udp,24707213097444,1013
1253,udp,24707230004394,1374
1254,udp,24707252819034,1454
1255,udp,24707301172794,1479
1256,udp,24707301839604,1238
1257,udp,24707322516924,524
1258,udp,24707355967134,2009
1259,udp,24707365211754,1231
1260,udp,24707506836924,7516
1261,udp,24707509497864,992
1262,udp,24707526137424,1202
1263,udp,24707546212464,1352
1264,udp,24707592848124,1867
1265,udp,24707599847334,789
1266,udp,24707613283614,1260
1267,udp,24707634191514,1044
1268,udp,24707651702274,1156
1269,udp,24707695246884,1668
1270,udp,24707699031924,967
1271,udp,24707739532914,1638
1272,udp,24707864121264,7769
1273,udp,24707895571584,1715
1274,udp,24707900195694,757
1275,udp,24707913111054,1400
1276,udp,24707936268774,1327
1277,udp,24707958318864,840
1278,udp,24707996831574,1654
1279,udp,24708000338874,1135
1280,udp,24708019349124,912
1281,udp,24708034713114,1371
1282,udp,24708057452874,1008
1283,udp,24708098655324,1721
1284,udp,24708200197734,6673
1285,udp,24708213036324,1349
1286,udp,24708259664874,1584
1287,udp,24708262065714,1335
1288,udp,24708308537034,1866
1289,udp,24708339707364,1635
1290,udp,24708367208844,1808
1291,udp,24708397487454,1900
1292,udp,24708404978424,1171
1293,udp,24708448813284,2444
1294,udp,24708465022464,1206
1295,udp,24708509379594,2323
1296,udp,24708620479374,6172
1297,udp,24708625315614,294
1298,udp,24708679280154,3215
1299,udp,24708684178854,1276
1300,udp,24708729602124,2730
1301,udp,24708798873684,3246
1302,udp,24708804183414,1360
1303,udp,24708875211054,3274
1304,udp,24708881000844,1355
1305,udp,24708927710574,2542
1306,udp,24708969757224,2815
1307,udp,24708991906404,1439
1308,udp,24709136829894,7608
1309,udp,24709140981414,847
1310,udp,24709179582504,2361
1311,udp,24709218667434,2701
1312,udp,24709238975034,1111
1313,udp,24709306051674,3071
1314,udp,24709332866364,1751
1315,udp,24709362248574,2046
1316,udp,24709396289364,2579
1317,udp,24709414646484,1413
1318,udp,24709462310394,2470
1319,udp,24709478916024,1343
1320,udp,24709598076924,7321
1321,udp,24709645572624,2078
1322,udp,24709655870784,1010
1324,udp,24709697163234,1589
1325,udp,24709723842654,1893
1326,udp,24709755516534,2161
1327,udp,24709767197454,1207
1328,udp,24709811504994,2284
1329,udp,24709825157184,1075
1330,udp,24709867381674,2056
1331,udp,24709901607864,2130
1332,udp,24709985538084,5891
1333,udp,24710033785194,2336
1334,udp,24710048242614,1419
1335,udp,24710095959264,2081
1336,udp,24710130649314,2101
1337,udp,24710141326644,1223
1338,udp,24710185936584,2554
1339,udp,24710203931814,1094
1340,udp,24710246528364,2482
1341,udp,24710287496724,2662
1342,udp,24710307222114,863
1343,udp,24710346094014,2736
1344,udp,24710439613464,5054
1345,udp,24710474459574,2600
1346,udp,24710517463464,2837
1347,udp,24710539896594,506
1348,udp,24710597339994,4189
1349,udp,24710617783584,841
1350,udp,24710680482264,3706
1351,udp,24710741617824,3782
1352,udp,24710755597704,928
1353,udp,24710819690664,4159
1354,udp,24710839696764,761
1355,udp,24710901046164,4308
1356,udp,24710996120184,5872
1357,udp,24711019848684,253
1359,udp,24711024722904,978
1360,udp,24711089605074,3902
1361,udp,24711153982974,3709
1362,udp,24711166651464,758
1363,udp,24711228093024,3434
1364,udp,24711236437014,925
1365,udp,24711300491814,3276
1366,udp,24711354788544,3603
1367,udp,24711365859444,1348
1368,udp,24711460915374,4916
1369,udp,24711469355484,453
1370,udp,24711501691494,2844
1371,udp,24711572741904,3412
1372,udp,24711580774044,1091
1373,udp,24711623202924,2319
1374,udp,24711637441104,1412
1375,udp,24711685030314,2010
1376,udp,24711718578174,1899
1377,udp,24711726019104,862
1378,udp,24711764905944,2126
1379,udp,24711776030574,1130
1380,udp,24711891816744,5976
1381,udp,24711917726214,1827
1382,udp,24711924051864,835
1383,udp,24711962445684,2073
1384,udp,24711972718284,1025
1385,udp,24712014173814,1936
1386,udp,24712046438814,2151
1387,udp,24712057956564,795
1388,udp,24712095710574,1894
1389,udp,24712103095074,1030
1390,udp,24712144659414,1986
1391,udp,24712177765554,2094
1392,udp,24712261151634,5818
1393,udp,24712308136134,2397
1394,udp,24712323663294,1106
1395,udp,24712366320864,2142
1396,udp,24712401926034,2087
1397,udp,24712412484834,1216
1398,udp,24712456974894,2501
1399,udp,24712474063824,1095
1400,udp,24712516653444,2437
1401,udp,24712556947704,2646
1402,udp,24712576440354,893
1403,udp,24712615736424,2759
1404,udp,24712709653314,5043
1405,udp,24712744367034,2661
1406,udp,24712812486414,3003
1407,udp,24712813917954,787
1408,udp,24712875801234,3937
1409,udp,24712892223984,868
1410,udp,24712955381664,3709
1411,udp,24713016658704,3782
1412,udp,24713030543994,934
1413,udp,24713094754404,4192
1414,udp,24713115244164,752
1415,udp,24713176526064,4183
1416,udp,24713269561134,5881
1417,udp,24713293428414,255
1419,udp,24713298255564,1258
1420,udp,24713367682734,3838
1421,udp,24713431011324,3697
1422,udp,24713443619424,1320
1423,udp,24713514004734,3451
1424,udp,24713522620344,1177
1425,udp,24713590679064,3100
1426,udp,24713642178144,3420
1427,udp,24713650272834,1439
1428,tcp,24713722598454,4894
1429,udp,24713756806914,414
1430,udp,24713788471254,2784
1431,udp,24713858639844,3471
1432,udp,24713867531034,1162
1433,udp,24713911201104,2445
1434,udp,24713927380764,1119
1435,udp,24713970323454,1975
1436,udp,24714003267954,2111
1437,udp,24714014158044,818
1438,udp,24714052375644,2308
1439,udp,24714066321504,1341
1440,udp,24714185584914,6031
1441,udp,24714212291424,1874
1442,udp,24714219372264,704
1443,udp,24714255670434,2628
1444,udp,24714274880574,1022
1445,udp,24714316241784,2284
1446,udp,24714354146544,2505
1447,udp,24714371299644,1045
1448,udp,24714413046144,2256
1449,udp,24714426245634,1182
1450,udp,24714470204784,2102
1451,udp,24714505199304,2138
1452,udp,24714613442484,6056
1453,udp,24714640629684,2534
1454,udp,24714658246374,1139
1455,udp,24714701561934,2331
1456,udp,24714740201274,2294
1457,udp,24714754036344,1166
1458,udp,24714797655924,2561
1459,udp,24714815769324,1143
1460,udp,24714859089204,2642
1461,udp,24714902688534,2763
1462,udp,24714924157584,890
1463,udp,24714963282834,2874
1464,udp,24715059089634,5022
1465,udp,24715093436334,2632
1466,udp,24715136856924,2834
1467,udp,24715159304094,800
1468,udp,24715221409314,3832
1469,udp,24715236105684,941
1470,udp,24715300415274,3715
1471,udp,24715361775924,3836
1472,udp,24715376590104,832
1473,udp,24715439155854,4183
1474,udp,24715459473624,1091
1475,udp,24715526198094,4198
1476,udp,24715619485254,5850
1477,udp,24715642812714,270
1479,udp,24715647940824,1067
1480,udp,24715714262814,3854
1481,udp,24715777819104,3964
1482,udp,24715794699954,1059
1484,udp,24715812416184,1252
1485,udp,24715833347214,949
1486,udp,24715873450494,1646
1487,udp,24715876900374,902
1488,udp,24716013307074,8110
1489,udp,24716049692904,1715
1490,udp,24716054287674,1302
1491,udp,24716100145464,1532
1492,udp,24716101662504,736
1493,udp,24716138485104,1721
1494,udp,24716167380954,1531
1495,udp,24716169022284,1393
1496,udp,24716216305404,1794
1497,udp,24716222138934,936
1498,udp,24716262142584,2642
1499,udp,24716281519224,823
1500,udp,24716416659174,7798
1501,udp,24716448062244,1750
1502,udp,24716453087214,578
1503,udp,24716487399444,1810
1504,udp,24716493428724,1390
1505,udp,24716516507334,1419
1506,udp,24716564243784,1724
1507,udp,24716568889764,611
1508,udp,24716603754234,1752
1509,udp,24716633122044,1872
1510,udp,24716664422064,1656
1511,udp,24716692347354,1740
1512,udp,24716818389384,7935
1513,udp,24716851962444,1686
1514,udp,24716855992194,923
1515,udp,24716895808284,1744
1516,udp,24716925094914,1554
1517,udp,24716927012004,980
1518,udp,24716967808824,1632
1519,udp,24716995218324,1492
1520,udp,24717020423094,1929
1521,udp,24717052640394,2566
1522,udp,24717095114814,2800
1523,udp,24717141198504,1908
1524,udp,24717245766894,6842
1525,udp,24717309797754,3611
1526,udp,24717345165144,1769
1527,udp,24717399028254,3573
1528,udp,24717433877964,1733
1529,udp,24717462946164,1562
1530,udp,24717489292044,2917
1531,udp,24717537291384,2438
1532,udp,24717577648554,2823
1533,udp,24717624150474,2169
1534,udp,24717660186384,2224
1535,udp,24717697125804,2763
1536,udp,24717815356194,6170
1537,udp,24717844370214,2712
1538,udp,24717889171764,2042
1539,udp,24717923141814,1651
1540,udp,24717950904384,2671
1541,udp,24717994993944,2149
1542,udp,24718030722234,2628
1543,udp,24718074061734,2150
1544,udp,24718109820804,2027
1545,udp,24718143616794,2341
1546,udp,24718182422814,2196
1547,udp,24718218885954,2453
1548,udp,24718356372294,7732
1549,udp,24718386761964,1772
1550,udp,24718440612474,2998
1551,udp,24718466263464,2364
1552,udp,24718505485914,2546
1553,udp,24718547527074,2394
1554,udp,24718587199974,1935
1555,udp,24718619455074,2086
1556,udp,24718654181124,2680
1557,udp,24718698417924,2741
1558,udp,24718743627984,1529
1559,udp,24718769494884,2300
1560,udp,24718880310444,7098
1561,udp,24718924183644,1938
1562,udp,24718956519384,2237
1563,udp,24718993673814,2274
1564,udp,24719031414864,1794
1565,udp,24719061434004,2237
1566,udp,24719098573494,1790
1567,udp,24719128568064,2042
1568,udp,24719162566464,1829
1569,udp,24719193216144,1795
1570,udp,24719223216654,1914
1571,udp,24719255211384,1588
1572,udp,24719403044394,9543
1573,udp,24719414470614,1449
1574,udp,24719462642934,1601
1575,udp,24719465373354,1277
1576,udp,24719486698764,1446
1577,udp,24719510550114,643
1578,udp,24719545948554,1873
1579,udp,24719577237864,1831
1580,udp,24719583600234,1381
1581,udp,24719606501634,1118
1582,udp,24719649409764,1580
1583,udp,24719651782614,1090
1584,udp,24719791180464,8753
1585,udp,24719813583714,1287
1586,udp,24719834971314,1015
1587,udp,24719852234484,516
1588,udp,24719861070774,1464
1589,udp,24719909505354,1604
1590,udp,24719936680764,1551
1591,udp,24719962681944,1993
1592,udp,24719971706424,534
1593,udp,24720005266074,1766
1594,udp,24720034905864,1895
1595,udp,24720042269304,720
1596,udp,24720200085834,9223
1597,udp,24720206251734,841
1598,udp,24720220499544,1452
1599,udp,24720244600104,1268
1600,udp,24720289865244,1635
1601,udp,24720293147274,1198
1602,udp,24720313092354,531
1603,udp,24720346650384,1595
1604,udp,24720349219074,1064
1605,udp,24720391413864,1983
1606,udp,24720400233774,1102
1607,udp,24720418636254,513
1608,udp,24720572977884,9100
1609,udp,24720601572324,1532
1610,udp,24720603175404,752
1611,udp,24720640306794,1554
1612,udp,24720642179334,687
1613,udp,24720678256464,1905
1614,udp,24720710108184,1645
1615,udp,24720713523054,581
1616,udp,24720748130844,1832
1617,udp,24720754266774,1025
1618,udp,24720795661014,1498
1619,udp,24720796753524,1033
1620,udp,24720959452374,9828
1621,udp,24720999618744,2067
1622,udp,24721009784424,574
1623,udp,24721019775234,1060
1624,udp,24721061774544,1665
1625,udp,24721065470214,522
1626,udp,24721074710514,951
1627,udp,24721114910454,1722
1628,udp,24721119608994,1092
1629,udp,24721137899154,977
1630,udp,24721178528034,1699
1631,udp,24721207031034,1501
1632,udp,24721353512604,9152
1633,udp,24721358649894,1114
1634,udp,24721377272514,1420
1635,udp,24721400850354,1146
1636,udp,24721444132164,1680
1637,udp,24721448158404,945
1638,udp,24721464135564,1292
1639,udp,24721509811194,1908
1640,udp,24721517527434,809
1641,udp,24721531224534,775
1642,udp,24721544405754,1006
1643,udp,24721561258524,1460
1644,udp,24721730793504,9324
1645,udp,24721738678134,991
1646,udp,24721755323994,1397
1647,udp,24721778525724,617
1648,udp,24721813449144,2140
1649,udp,24721849024524,1824
1650,udp,24721855274664,1229
1651,udp,24721875728064,1167
1652,udp,24721895202444,833
1653,udp,24721933551534,1542
1654,udp,24721959626964,1545
1655,udp,24721961430384,561
1656,udp,24722116555194,9056
1657,udp,24722120127834,1030
1658,udp,24722137426914,1402
1659,udp,24722160676344,1259
1660,udp,24722181582174,1386
1661,udp,24722204595264,1006
1662,udp,24722221520034,626
1663,udp,24722256553434,1595
1664,udp,24722259110064,1127
1665,udp,24722277953724,1426
1666,udp,24722325832824,1636
1667,udp,24722329080024,704
1668,udp,24722486603604,9060
1669,udp,24722490211074,1331
1670,udp,24722512296624,1040
1671,udp,24722529735924,1164
1672,udp,24722573435964,1703
1673,udp,24722577714834,1187
1674,udp,24722597604384,902
1675,udp,24722612769474,773
1676,udp,24722625982014,1399
1677,udp,24722649125514,1260
1678,udp,24722694335484,2233
1679,udp,24722707203864,1068
1680,udp,24722870429214,8980
1681,udp,24722872832934,1052
1682,udp,24722890487514,1059
1683,udp,24722932508874,1722
1684,udp,24722961355314,1888
1685,udp,24722968615344,476
1686,udp,24722977006494,934
1687,udp,24722992775484,373
1689,udp,24723023769774,1977
1690,udp,24723056782584,1869
1691,udp,24723088069914,2055
1692,udp,24723194958414,6003
1693,udp,24723221333364,2064
1694,udp,24723231408864,1242
1695,udp,24723276339474,1891
1696,udp,24723307922904,1959
1697,udp,24723316326024,942
1698,udp,24723380691594,3100
1699,udp,24723383724594,1406
1700,udp,24723431286894,2022
1701,udp,24723464965614,2203
1702,udp,24723477363204,1233
1703,udp,24723522111384,1940
1704,udp,24723602919594,5541
1705,udp,24723645557544,1924
1706,udp,24723677730924,2672
1707,udp,24723697663134,1214
1708,udp,24723742009554,2823
1709,udp,24723764314614,1273
1710,udp,24723809707734,2515
1711,udp,24723851334624,2464
1712,udp,24723892101834,1584
1713,udp,24723918746424,2260
1714,udp,24723932272884,1173
1715,udp,24723975823704,1918
1716,udp,24724104792174,7829
1717,udp,24724112345514,968
1718,udp,24724152949824,1917
1719,udp,24724160654004,1390
1720,udp,24724207951974,1501
1721,udp,24724209004164,1374
1722,udp,24724231850394,1304
1723,udp,24724277773704,1958
1724,udp,24724286209494,1285
1725,udp,24724307518884,1156
1726,udp,24724326828294,1363
1727,udp,24724349451234,773
1728,udp,24724483813044,7807
1729,udp,24724491065604,907
1730,udp,24724506407634,948
1731,udp,24724522366074,1209
1732,udp,24724542609144,1010
1733,udp,24724583641134,1717
1734,udp,24724588238874,1264
1735,udp,24724609261254,800
1736,udp,24724622863494,1254
1737,udp,24724643731884,1082
1738,udp,24724686108204,2164
1739,udp,24724697818914,1110
1740,udp,24724837488924,7652
1742,udp,24724866601044,1754
1743,udp,24724871706744,1002
1744,udp,24724912776534,1835
1745,udp,24724919318904,526
1746,udp,24724952698284,1765
1747,udp,24724982336274,2710
1748,udp,24725002803534,1228
1749,udp,24725023288884,676
1750,udp,24725034886554,1293
1751,udp,24725056358754,1010
1752,udp,24725218676814,9516
1753,udp,24725229610194,1216
1754,udp,24725249849394,1295
1755,udp,24725271413034,1398
1756,udp,24725318802624,2006
1757,udp,24725328093324,621
1758,udp,24725338747524,1373
1759,udp,24725385722124,1479
1760,udp,24725386452654,1019
1761,udp,24725427853464,1688
1762,udp,24725431988154,705
1763,udp,24725468276244,2414
1764,udp,24725629403334,10050
1765,udp,24725648897424,916
1766,udp,24725664348354,1371
1767,udp,24725687075424,1195
1768,udp,24725731192614,1573
1769,udp,24725733426504,1256
1770,udp,24725754397314,1286
1771,udp,24725775816234,916
1772,udp,24725791216944,856
1773,udp,24725829986604,1560
1774,udp,24725856237624,2008
1775,udp,24725865481344,533
1776,udp,24726020187474,9777
1777,udp,24726035320524,656
1778,udp,24726046584654,1331
1779,udp,24726068719254,772
1780,udp,24726081874374,1336
1781,udp,24726128269734,1588
1782,udp,24726130765974,1133
1783,udp,24726149697744,1299
1784,udp,24726195517824,1818
1785,udp,24726201705234,1176
1786,udp,24726221332254,1197
1787,udp,24726241299384,436
1788,udp,24726394468044,9117
1789,udp,24726423235824,1523
1790,udp,24726424684914,772
1791,udp,24726437872974,1168
1792,udp,24726457414584,937
1793,udp,24726497491404,1662
1794,udp,24726501096444,978
1795,udp,24726517602174,412
1798,udp,24726524923854,1187
1799,udp,24726544753104,1041
1800,udp,24726659153364,6716
1801,udp,24726696828894,1642
1802,udp,24726700225674,627
1803,udp,24726711054564,1413
1804,udp,24726734470134,936
1805,udp,24726750242544,1397
1806,udp,24726797649954,1747
1807,udp,24726802676994,624
1808,udp,24726837696444,1801
1809,udp,24726867919254,1511
1810,udp,24726893427504,1932
1811,udp,24726925637424,1859
1812,udp,24727029397344,7266
1813,udp,24727075954074,2110
1814,udp,24727086841554,1102
1815,udp,24727129486164,1924
1816,udp,24727161626424,2018
1817,udp,24727171007754,1028
1818,udp,24727212508194,2137
1819,udp,24727223849004,1073
1820,udp,24727265992044,1758
1821,udp,24727295460204,1794
1822,udp,24727301289684,789
1823,udp,24727338980424,1863
1824,udp,24727467007584,7499
1825,udp,24727493621934,1808
1826,udp,24727523849334,1744
1827,udp,24727528876734,520
1828,udp,24727562243874,1921
1829,udp,24727594324464,1537
1830,udp,24727620257424,1813
1831,udp,24727650583464,1976
1832,udp,24727659353424,489
1833,udp,24727692201894,1900
1834,udp,24727699720944,1372
1835,udp,24727722442614,1403
1836,udp,24727866826194,7851
1837,udp,24727874830164,1014
1838,udp,24727916097414,1525
1839,udp,24727917561894,1089
1840,udp,24727960105254,1467
1841,udp,24727984875684,1489
1842,udp,24727985767224,719
1843,udp,24728022368424,1516
1844,udp,24728047927794,1679
1845,udp,24728051911014,1439
1846,udp,24728075742744,1386
1847,udp,24728098731714,567
1848,udp,24728205600594,6975
1849,udp,24728247416574,1472
1850,udp,24728272352784,1519
1851,udp,24728273651214,1342
1852,udp,24728296073184,670
1853,udp,24728331733974,1732
1854,udp,24728336586864,1161
1855,udp,24728380196364,1616
1856,udp,24728407368714,1540
1857,udp,24728409045414,481
1858,udp,24728441840244,1679
1859,udp,24728445836424,810
1860,udp,24728556509604,6268
1861,udp,24728587108704,1590
1862,udp,24728589596034,767
1863,udp,24728626945944,1888
1864,udp,24728634250524,1287
1865,udp,24728679874584,2062
1866,udp,24728714249904,2114
1867,udp,24728725144044,813
1868,udp,24728763194424,2070
1869,udp,24728773418424,954
1870,udp,24728813719344,2734
1871,udp,24728883114654,3625
1872,udp,24728991390504,6727
1873,udp,24729029370144,2552
1874,udp,24729047294994,1167
1875,udp,24729090964074,2439
1876,udp,24729131322864,2583
1877,udp,24729174049104,1484
1878,udp,24729199090704,2208
1879,udp,24729211524384,618
1880,udp,24729246441954,2202
1881,udp,24729283065654,2183
1882,udp,24729295055544,1308
1883,udp,24729341019354,1782
1884,udp,24729443553744,7350
1885,udp,24729491476494,1966
1886,udp,24729524247474,2379
1887,udp,24729539469534,1133
1888,udp,24729582717324,1869
1889,udp,24729613899444,1537
1890,udp,24729639809544,1947
1891,udp,24729648185394,1105
1892,udp,24729666515694,908
1893,udp,24729706141524,2100
1894,udp,24729716831004,1445
1895,udp,24729765032304,1599
1896,udp,24729888823344,8175
1897,udp,24729901993584,831
1898,udp,24729940346274,1646
1899,udp,24729967995174,1601
1900,udp,24729994970334,1538
1901,udp,24730020894114,1593
1902,udp,24730023540024,1010
1903,udp,24730064690364,1938
1904,udp,24730072793784,1441
1905,udp,24730096646844,1157
1906,udp,24730116051114,1098
1907,udp,24730158584754,1612
1908,udp,24730258461894,7015
1909,udp,24730300962144,1923
1910,udp,24730308863784,1024
1911,udp,24730350267384,1493
1912,udp,24730351142904,1321
1913,udp,24730397545104,2258
1914,udp,24730434870264,1657
1915,udp,24730462774134,1797
1916,udp,24730492842054,1866
1917,udp,24730499819214,1260
1918,udp,24730544981754,1931
1919,udp,24730577269884,1904
1920,udp,24730681681224,7234
1921,udp,24730703501814,1452
1922,udp,24730727581584,912
1923,udp,24730742938464,1373
1924,udp,24730789955814,1845
1925,udp,24730796556414,858
1926,udp,24730811123814,1431
1927,udp,24730834789494,1060
1928,udp,24730876780344,1997
1929,udp,24730885803384,1075
1930,udp,24730903868814,1219
1931,udp,24730948387404,1734
1932,udp,24731074373184,7785
1933,udp,24731081289054,1425
1934,udp,24731104917294,1393
1935,udp,24731152251444,1680
1936,udp,24731156182644,1084
1937,udp,24731174395404,827
1938,udp,24731212632894,1926
1939,udp,24731244861894,1822
1940,udp,24731251052454,616
1941,udp,24731285923134,1670
1942,udp,24731289800694,995
1943,udp,24731330767524,1683
1944,udp,24731431714404,6950
1945,udp,24731448993054,1343
1946,udp,24731495503524,1703
1947,udp,24731499862584,752
1948,udp,24731536886604,1706
1949,udp,24731541332874,1180
1950,udp,24731585222904,2097
1951,udp,24731620200234,1821
1952,udp,24731650628064,1898
1953,udp,24731682350364,2426
1954,udp,24731722491084,1960
1955,udp,24731755241724,1942
1956,udp,24731860310244,6123
1957,udp,24731888554584,2062
1958,udp,24731922841254,1941
1959,udp,24731955252054,2028
1960,udp,24731989117164,1765
1961,udp,24732018662004,2153
1962,udp,24732054449874,2013
1963,udp,24732088070724,1877
1964,udp,24732119394054,2370
1965,udp,24732158660154,1792
1966,udp,24732164384424,1259
1967,udp,24732209583414,2331
1968,udp,24732320935284,6839
1969,udp,24732360664254,1871
1970,udp,24732391894524,2017
1971,udp,24732425578554,1933
1972,udp,24732457805394,1735
1973,udp,24732486862434,1715
1974,udp,24732515650644,1777
1975,udp,24732545441994,1579
1976,udp,24732572108004,1475
1977,udp,24732597117024,1654
1978,udp,24732624818934,1703
1979,udp,24732653392494,1703
1980,udp,24732754627014,6825
1981,udp,24732769947444,1459
1982,udp,24732818320284,1506
1983,udp,24732843756714,1557
1984,udp,24732845697834,1365
1985,udp,24732868447764,1219
1986,udp,24732888669324,1228
1987,udp,24732909209754,1406
1988,udp,24732956656674,1600
1989,udp,24732983689074,1684
1990,udp,24732987660774,978
1991,udp,24733004135004,1269
1992,udp,24733122136974,6803
1993,udp,24733137035484,1194
1994,udp,24733181220174,1843
1995,udp,24733212052914,1466
1996,udp,24733212513174,1300
1997,udp,24733234188144,705
1998,udp,24733270512324,1490
1999,udp,24733295837604,1613
2000,udp,24733298612034,777
2001,udp,24733311851484,1224
2002,udp,24733332206694,1041
2003,udp,24733349792424,1307
2004,udp,24733468354644,7104
2005,udp,24733488059874,849
2006,udp,24733502425314,1163
2007,udp,24733521805104,840
2008,udp,24733560326184,1832
2009,udp,24733566714384,1312
2010,udp,24733612777824,1881
2011,udp,24733620087174,769
2012,udp,24733633143294,1251
2013,udp,24733678114944,1766
2014,udp,24733683449154,685
2015,udp,24733695220074,1159
2016,udp,24733835700894,7546
2017,udp,24733838788974,1186
2018,udp,24733858604454,1292
2019,udp,24733904295114,1465
2020,udp,24733904795334,852
2021,udp,24733919296584,1081
2022,udp,24733937386764,740
2023,udp,24733950056334,1418
2024,udp,24733973680704,1070
2025,udp,24733991416284,727
2026,udp,24734003880834,851
2027,udp,24734018273184,1001
2028,udp,24734132074944,6950
2029,udp,24734149285554,1418
2030,udp,24734172781314,1171
2031,udp,24734192326704,994
2032,udp,24734208997764,1190
2033,udp,24734228835384,1150
2034,udp,24734248100514,1009
2035,udp,24734289231954,1477
2036,udp,24734289890484,1124
2037,udp,24734308740354,850
2038,udp,24734347376544,1925
2039,udp,24734355301044,1423
2040,udp,24734451573414,5640
2041,udp,24734495808954,1770
2042,udp,24734501264574,638
2043,udp,24734536444584,2314
2044,udp,24734550573504,692
2045,udp,24734586726594,2116
2046,udp,24734621941074,2728
2047,udp,24734642660424,1321
2048,udp,24734688835194,1481
2049,udp,24734689562484,957
2050,udp,24734705799744,1374
2051,udp,24734752778934,1585
2052,udp,24734852206434,6979
2053,udp,24734894178654,1465
2054,udp,24734894615874,779
2055,udp,24734932214994,1482
2056,udp,24734957173164,1485
2057,udp,24734958049584,683
2058,udp,24734969779914,1013
2059,udp,24735011077134,1465
2060,udp,24735011582304,1106
2061,udp,24735030092604,991
2062,udp,24735046737204,1205
2063,udp,24735066814584,1053
2064,udp,24735157134714,5837
2065,udp,24735180353274,1383
2066,udp,24735203212284,1116
2067,udp,24735221913474,568
2068,udp,24735231752454,434
2069,udp,24735239494254,393
2072,udp,24735270831714,1953
2073,udp,24735303443124,2264
2074,udp,24735341007594,2105
2075,udp,24735351779154,660
2076,udp,24735508490934,10143
2077,udp,24735529502964,1419
2078,udp,24735552979554,1025
2079,udp,24735570228864,1248
2080,udp,24735615219234,1624
2081,udp,24735618247734,1234
2082,udp,24735638811564,1063
2083,udp,24735680935254,1617
2084,udp,24735683858724,949
2085,udp,24735699855504,885
2086,udp,24735714866694,1395
2087,udp,24735762202014,1961
2088,udp,24735916068714,10184
2089,udp,24735937675284,1361
2090,udp,24735960232254,536
2091,udp,24735969602334,945
2092,udp,24735985547544,1296
2093,udp,24736007103894,1323
2094,udp,24736029016914,1188
2095,udp,24736048870014,935
2096,udp,24736064673834,898
2097,udp,24736079764134,914
2098,udp,24736119431634,2114
2099,udp,24736154601834,1609
2100,udp,24736302818514,9177
2101,udp,24736332601764,1585
2102,udp,24736335071724,579
2103,udp,24736345141194,1337
2104,udp,24736367293614,1409
2105,udp,24736390627104,1259
2106,udp,24736411574244,1190
2107,udp,24736431431394,639
2108,udp,24736466664324,1691
2109,udp,24736470824034,953
2110,udp,24736511130174,1710
2111,udp,24736539917304,1487
2112,udp,24736686158394,9780
2113,udp,24736701331404,990
2114,udp,24736742165484,1544
2115,udp,24736743905094,1270
2116,udp,24736765148514,1406
2117,udp,24736788421434,1306
2118,udp,24736810123314,1302
2119,udp,24736856080194,1524
2120,udp,24736857446574,1304
2121,udp,24736879168884,1397
2122,udp,24736902403464,845
2123,udp,24736916624994,1040
2124,udp,24737079506544,9672
2125,udp,24737092883334,1254
2126,udp,24737113759014,1265
2127,udp,24737134809204,828
2128,udp,24737173089984,1828
2129,udp,24737179483314,763
2130,udp,24737192357994,1339
2131,udp,24737214689874,1385
2132,udp,24737237587944,1025
2133,udp,24737279001624,1756
2134,udp,24737284205964,1337
2135,udp,24737306477094,1099
2136,udp,24737470164774,9492
2137,udp,24737480740134,1238
2138,udp,24737501340054,1346
2139,udp,24737523677244,1175
2140,udp,24737543304174,707
2141,udp,24737555395314,1008
2142,udp,24737572342134,709
2143,udp,24737608724454,2040
2144,udp,24737618450034,1387
2145,udp,24737641430994,1084
2146,udp,24737659551774,1429
2147,udp,24737683267764,1362
2148,udp,24737851239984,9656
2149,udp,24737864464944,1026
2150,udp,24737881636584,1045
2151,udp,24737923387404,1467
2152,udp,24737923873764,1021
2153,udp,24737941149894,1318
2154,udp,24737962963284,1432
2155,udp,24737986751454,892
2156,udp,24738026028984,1754
2157,udp,24738031188954,1054
2158,udp,24738048840564,1240
2159,udp,24738093698094,1756
2160,udp,24738244311114,9529
2161,udp,24738255459324,1340
2162,udp,24738277714884,1398
2163,udp,24738300878724,1308
2164,udp,24738346803474,1465
2165,udp,24738347273994,827
2166,udp,24738385637214,1679
2167,udp,24738389626554,300
2168,udp,24738395205834,1315
2169,udp,24738417093114,1394
2170,udp,24738440146074,850
2171,udp,24738454531854,1173
2172,udp,24738619526334,9540
2173,udp,24738630804864,1211
2174,udp,24738650984664,1002
2175,udp,24738692063904,1665
2176,udp,24738695780004,1146
2177,udp,24738715006614,736
2178,udp,24738727491594,1429
2179,udp,24738751227654,1205
2180,udp,24738771313404,968
2181,udp,24738787539954,1149
2182,udp,24738806737224,529
2183,udp,24738840242064,1826
2184,udp,24738991941114,9517
2185,udp,24739002942534,1224
2186,udp,24739023308184,1120
2187,udp,24739042036644,1397
2188,udp,24739089469884,2188
2189,udp,24739101532764,916
2190,udp,24739116955794,909
2191,udp,24739132338864,1391
2192,udp,24739155395604,959
2193,udp,24739195715694,1510
2194,udp,24739196950314,831
2195,udp,24739211112354,1002
2196,udp,24739373322504,9420
2197,udp,24739406975034,1491
2198,udp,24739407934344,808
2199,udp,24739445895714,1530
2200,udp,24739447399614,628
2201,udp,24739458377994,1298
2202,udp,24739479938394,1205
2203,udp,24739524210654,1909
2204,udp,24739531846254,987
2205,udp,24739548507144,775
2206,udp,24739561648044,1382
2207,udp,24739584572304,949
2208,udp,24739745951844,10228
2209,udp,24739792522254,1611
2210,udp,24739795386324,822
2211,udp,24739809366924,1186
2212,udp,24739829139744,864
2213,udp,24739843812084,1269
2214,udp,24739889086584,1655
2215,udp,24739892668404,684
2216,udp,24739904397474,1415
2217,udp,24739927825284,1372
2218,udp,24739950663234,1080
2219,udp,24739992990594,1492
2220,udp,24740139324654,9289
2221,udp,24740146829304,1342
2222,udp,24740168909454,1129
2223,udp,24740212038624,1826
2224,udp,24740218315404,1441
2225,udp,24740242212294,679
2226,udp,24740253859284,1312
2227,udp,24740275649544,858
2228,udp,24740314403904,1669
2229,udp,24740318167074,823
2230,udp,24740332194924,1443
2231,udp,24740356083894,790
2232,udp,24740466408594,7337
2233,udp,24740489841444,806
2234,udp,24740503529904,480
2236,udp,24740584717104,4874
2237,udp,24740616663054,2151
2238,udp,24740652486924,2208
2239,udp,24740664822054,818
2240,udp,24740703039924,1861
2241,udp,24740734134924,2352
2242,udp,24740748799074,943
2243,udp,24740788951944,1782
2244,udp,24740891580924,6575
2245,udp,24740927009874,1468
2246,udp,24740951824674,1566
2247,udp,24740953964154,807
2248,udp,24740992054314,1491
2249,udp,24740992869174,925
2250,udp,24741008537634,1444
2251,udp,24741056630934,1568
2252,udp,24741058820184,586
2253,udp,24741068993154,1311
2254,udp,24741090819864,1199
2255,udp,24741110736054,921
2256,udp,24741223218324,6081
2257,udp,24741226553184,1034
2258,udp,24741243955764,1255
2259,udp,24741264758094,816
2260,udp,24741302896584,1504
2261,udp,24741304049484,1224
2262,udp,24741324428004,559
2263,udp,24741334214874,1438
2264,udp,24741358044354,982
2265,udp,24741374514084,1384
2266,udp,24741421672194,1586
2267,udp,24741424199304,981
2268,udp,24741537561594,6081
2269,udp,24741540941814,1351
2270,udp,24741563340744,1299
2271,udp,24741609162714,1565
2272,udp,24741611318664,723
2273,udp,24741647944164,1930
2274,udp,24741655955064,1201
2275,udp,24741700173324,1572
2276,udp,24741726643314,1841
2277,udp,24741733217274,726
2278,udp,24741769898754,2193
2279,udp,24741782103294,1461
2280,udp,24741903191814,6022
2281,udp,24741929865834,2147
2282,udp,24741941284674,1150
2283,udp,24741984740634,1763
2284,udp,24741990038034,978
2285,udp,24742030676274,1786
2286,udp,24742060674534,2061
2287,udp,24742070709354,867
2288,udp,24742109609784,1860
2289,udp,24742116519354,1207
2290,udp,24742160836614,2011
2291,udp,24742194352974,1975
2292,udp,24742299957444,6329
2293,udp,24742331550054,1721
2294,udp,24742336228074,1059
2295,udp,24742378140444,1839
2296,udp,24742408884354,1911
2297,udp,24742416613644,1182
2298,udp,24742460521584,1967
2299,udp,24742469185884,1105
2300,udp,24742511845884,2059
2301,udp,24742546141284,2255
2302,udp,24742559351754,815
2303,udp,24742597338954,2027
2304,udp,24742703928204,6408
2305,udp,24742736704584,1579
2306,udp,24742763296164,1790
2307,udp,24742769074074,822
2308,udp,24742807287804,1763
2309,udp,24742812596454,1398
2310,udp,24742859957514,1661
2311,udp,24742887893154,1688
2312,udp,24742892078874,1039
2313,udp,24742933713954,2165
2314,udp,24742945391364,1125
2315,udp,24742988443944,1724
2316,udp,24743090045664,6177
2317,udp,24743094952284,599
2318,udp,24743129592024,1690
2319,udp,24743157922494,1555
2320,udp,24743184197814,1486
2321,udp,24743209252284,1734
2322,udp,24743214184374,1002
2323,udp,24743255219514,1851
2324,udp,24743261919294,1132
2325,udp,24743280834594,1450
2326,udp,24743329130574,1846
2327,udp,24743335770864,1041
2328,udp,24743474325954,7741
2329,udp,24743480528304,1273
2330,udp,24743501704494,840
2331,udp,24743515942944,1162
2332,udp,24743535344424,628
2333,udp,24743546175204,1301
2334,udp,24743567897334,978
2335,udp,24743584233594,1206
2336,udp,24743604329964,754
2337,udp,24743617246224,1368
2338,udp,24743639902194,1434
2339,udp,24743663701524,974
2340,udp,24743776935204,6853
2341,udp,24743792654874,1454
2342,udp,24743816734104,667
2343,udp,24743828190114,1412
2344,udp,24743851587234,1332
2345,udp,24743873701404,845
2346,udp,24743912224014,1673
2347,udp,24743916146484,790
2348,udp,24743953810854,1826
2349,udp,24743960164854,824
2350,udp,24743974115124,1061
2351,udp,24743991902724,1247
2352,udp,24744133774674,7831
2353,udp,24744165673104,1589
2354,udp,24744168172674,991
2355,udp,24744184899804,889
2356,udp,24744224156904,1609
2357,udp,24744227046894,682
2358,udp,24744238738704,1461
2359,udp,24744287121174,1468
2360,udp,24744287638494,830
2361,udp,24744301831314,1042
2362,udp,24744319278264,951
2363,udp,24744335295744,1449
2364,udp,24744456175914,6505
2365,udp,24744466332684,1068
2366,udp,24744484298394,1013
2367,udp,24744501272934,1002
2368,udp,24744542287194,1818
2369,udp,24744572698374,1717
2370,udp,24744601509624,1810
2371,udp,24744631822794,1886
2372,udp,24744639134124,1150
2373,udp,24744682577304,2080
2374,udp,24744692939544,1202
2375,udp,24744737214594,1945
2376,udp,24744842337924,6893
2377,udp,24744858689574,629
2378,udp,24744893865984,2381
2379,udp,24744933238464,1632
2380,udp,24744960716364,2068
2381,udp,24744995144334,2053
2382,udp,24745029357924,1481
2383,udp,24745054352994,2216
2384,udp,24745091159304,1585
2385,udp,24745117853034,2478
2386,udp,24745158880164,2641
2387,udp,24745202450694,1512
2388,udp,24745300640244,7351
2389,udp,24745324341744,922
2390,udp,24745364179254,2242
2391,udp,24745401327564,2675
2392,udp,24745421252754,881
2393,udp,24745460393754,2831
2394,udp,24745507015914,1469
2395,udp,24745531916214,2358
2396,udp,24745570943004,2915
2397,udp,24745594710294,1088
2398,udp,24745637178594,2882
2399,udp,24745660358814,1172
2400,udp,24745776834204,7078
2401,udp,24745820385834,2255
2402,udp,24745833536184,1410
2403,udp,24745881144744,2758
2404,udp,24745902428664,1402
2405,udp,24745949853624,2236
2406,udp,24745987014894,2363
2407,udp,24746001864894,1153
2408,udp,24746045414904,2131
2409,udp,24746080871754,1598
2410,udp,24746107755474,1632
2411,udp,24746135170644,1943
2412,udp,24746240327814,6854
2413,udp,24746280260184,1978
2414,udp,24746289080724,1227
2415,udp,24746333689134,1755
2416,udp,24746363140914,1949
2417,udp,24746371399044,757
2418,udp,24746408563914,2072
2419,udp,24746418825174,1272
2420,udp,24746464194984,2294
2421,udp,24746502212064,2920
2422,udp,24746526150174,985
2423,udp,24746566856814,2851
2424,udp,24746686557174,6548
2425,udp,24746721717564,2617
2426,udp,24746764788954,2814
2427,udp,24746786949924,644
2428,udp,24746846491044,4030
2429,udp,24746864398794,992
2430,udp,24746929539354,3713
2431,udp,24746990808654,3962
2432,udp,24747031906524,1685
2433,udp,24747084405504,3479
2434,udp,24747117732234,1480
2435,udp,24747166969794,3007
2436,udp,24747265454364,7093
2437,udp,24747284994984,311
2438,udp,24747315004494,2850
2439,udp,24747337714554,1043
2440,udp,24747403636044,3978
2441,udp,24747469174674,4367
2442,udp,24747516926784,1555
2443,udp,24747542952714,2026
2444,udp,24747552463194,1229
2445,udp,24747597182394,1937
2446,udp,24747629508234,2231
2447,udp,24747642313974,817
2448,udp,24747753129264,6438
2449,udp,24747762205314,1083
2450,udp,24747804556254,1779
2451,udp,24747834369294,2277
2452,udp,24747847881084,792
2453,udp,24747885585684,2212
2454,udp,24747922474884,1502
2455,udp,24747947715114,2169
2456,udp,24747983765604,2515
2457,udp,24748001126784,1014
2458,udp,24748042410324,2409
2459,udp,24748082333514,1516
2460,udp,24748156299654,5867
2461,udp,24748228360224,2970
2462,udp,24748229236914,1043
2463,udp,24748295235264,4003
2464,udp,24748312752504,1147
2465,udp,24748380328284,2992
2466,udp,24748430104764,3362
2467,udp,24748437300714,1412
2468,udp,24748509156894,4292
2469,udp,24748531338564,1456
2470,udp,24748603809174,2982
2471,udp,24748653434094,3152
2472,udp,24748754236884,7204
2473,udp,24748799821884,2573
2474,udp,24748842268404,1489
2475,udp,24748867471824,2632
2476,udp,24748910912394,2565
2477,udp,24748953322374,1570
2478,udp,24748979744034,2344
2479,udp,24749018603694,1910
2480,udp,24749050551084,2236
2481,udp,24749087618664,2335
2482,udp,24749102099304,1365
2483,udp,24749148949884,2227
2484,udp,24749258599134,6790
2485,udp,24749297543124,1837
2486,udp,24749328279924,2243
2487,udp,24749341271334,1329
2488,udp,24749387589204,2138
2489,udp,24749423126244,1558
2490,udp,24749449404624,2307
2491,udp,24749487655254,1997
2492,udp,24749496753714,955
2493,udp,24749537131044,2793
2494,udp,24749558866674,1048
2495,udp,24749600655564,2628
2496,udp,24749716737204,6656
2497,udp,24749729364384,428
2498,udp,24749785437264,3529
2499,udp,24749819624304,1935
2500,udp,24749851903974,2497
2501,udp,24749893183734,2705
2502,udp,24749937720054,1686
2503,udp,24749966076804,2825
2504,udp,24749988415704,1282
2505,udp,24750058148514,3046
2506,udp,24750108802044,3700
2507,udp,24750145629324,1549
2508,udp,24750268671924,7551
2509,udp,24750271824264,835
2510,udp,24750310240764,1722
2511,udp,24750339141474,2076
2512,udp,24750349512264,909
2513,udp,24750389062854,2209
2514,udp,24750425788524,1527
2515,udp,24750427291614,624
2516,udp,24750438051654,1284
2517,udp,24750459411354,1239
2518,udp,24750480076434,1133
2519,udp,24750498965364,986
2520,udp,24750636688134,8658
2521,udp,24750657610614,1002
2522,udp,24750674451954,851
2523,udp,24750688873554,1007
2524,udp,24750729995814,2474
2525,udp,24750746671824,599
2526,udp,24750757060074,737
2527,udp,24750769671864,808
2528,udp,24750783389844,1237
2529,udp,24750803980044,1227
2530,udp,24750824415264,780
2531,udp,24750861915924,1711
2532,udp,24750987556914,8284
2533,udp,24751026710874,1868
2534,udp,24751057949064,1481
2535,udp,24751058667174,439
2536,udp,24751066576914,916
2537,udp,24751082022984,933
2538,udp,24751121981634,1915
2539,udp,24751129714974,578
2540,udp,24751164043584,2490
2541,udp,24751229473854,2955
2542,udp,24751254367134,1499
2543,udp,24751279676934,2631
2544,udp,24751395812754,6502
2545,udp,24751454381964,3211
2546,udp,24751507635234,3540
2547,udp,24751542103344,1521
2548,udp,24751591850214,3089
2549,udp,24751594771524,1220
2550,udp,24751663486254,3159
2551,udp,24751715900004,3321
2552,udp,24751746700434,1674
2553,udp,24751774831104,2814
2554,udp,24751796989464,951
2555,udp,24751837232694,2105
2556,udp,24751969155864,8275
2557,udp,24751984139514,423
2558,udp,24752015817444,2185
2559,udp,24752027855304,1401
2560,udp,24752051196714,642
2561,udp,24752062153584,1151
2562,udp,24752081416014,1290
2563,udp,24752127059064,1942
2564,udp,24752159468694,1559
2565,udp,24752161482984,1100
2566,udp,24752204211834,2084
2567,udp,24752214593334,680
2568,udp,24752298987414,5787
2569,udp,24752321310744,305
2572,udp,24752351168334,2172
2573,udp,24752363063004,1105
2574,udp,24752405797974,2371
2575,udp,24752420805834,1393
2576,udp,24752468142504,2245
2577,udp,24752481143634,1424
2578,udp,24752528959914,2142
2579,udp,24752564554284,1915
2580,udp,24752741904504,10770
2581,udp,24752773510974,1628
2582,udp,24752776606344,671
2583,udp,24752812436604,2368
2584,udp,24752851665444,1659
2585,udp,24752879528904,1735
2586,udp,24752884440834,988
2587,udp,24752925252684,2182
2588,udp,24752961521964,1622
2589,udp,24752988792774,1789
2590,udp,24753018774204,1549
2591,udp,24753044864844,2011
2592,udp,24753175312194,8495
2593,udp,24753217860954,2471
2594,udp,24753258762714,2857
2595,udp,24753330133434,4214
2596,udp,24753399355134,3713
2598,udp,24753436400124,2780
2599,udp,24753482224434,2915
2601,udp,24753554428374,3137
2603,udp,24753606505974,2972
2604,udp,24753728672514,8213
2606,udp,24753790869084,3171
2608,udp,24753819311514,2930
2609,udp,24753891720924,3502
2611,udp,24753925414044,2887
2613,udp,24753997179504,3207
2614,udp,24754026170304,2816
2616,udp,24754145264064,6849
2618,udp,24754209393474,3401
2619,udp,24754265656074,3863
2621,udp,24754329338184,2948
2623,udp,24754354322184,2563
2624,udp,24754420850904,3258
2626,udp,24754474832454,3720
2627,udp,24754560457914,4435
2628,udp,24754682303064,7903
2629,udp,24754715369064,2365
2630,udp,24754754583144,2191
2631,udp,24754790895984,2540
2632,udp,24754832932644,2440
2633,udp,24754873430304,2051
2634,udp,24754907407014,2451
2635,udp,24754947960474,1939
2636,udp,24754980333294,1997
2637,udp,24755013635634,2446
2638,udp,24755054159034,2744
2639,udp,24755099398254,2734
2640,udp,24755265621054,9084
2641,udp,24755269666824,1281
2642,udp,24755315191164,1698
2643,udp,24755343691464,2548
2644,udp,24755385867444,2095
2645,udp,24755420718954,1919
2646,udp,24755452701354,1762
2647,udp,24755482307394,2276
2648,udp,24755520116034,2069
2649,udp,24755554517454,2630
2650,udp,24755597950914,1482
2651,udp,24755622997734,2010
2652,udp,24755777573814,9795
2653,udp,24755817276324,2109
2654,udp,24755852356254,2742
2655,udp,24755897507904,1925
2656,udp,24755905465884,1363
2657,udp,24755952358584,2292
2658,udp,24755990366844,2264
2659,udp,24756027887754,2060
2660,udp,24756062190624,2640
2661,udp,24756105729024,1650
2662,udp,24756133497354,2611
2663,udp,24756176600694,2398
2664,udp,24756337446174,8965
2665,udp,24756363837324,2034
2666,udp,24756397704774,1720
2667,udp,24756426578484,2098
2668,udp,24756461494434,2002
2669,udp,24756494968134,2799
2670,udp,24756541002504,2209
2671,udp,24756577706934,2359
2672,udp,24756616806264,2012
2673,udp,24756650372124,2146
2674,udp,24756685971534,2607
2675,udp,24756729064074,1731
2676,udp,24756855010794,8719
2677,udp,24756901139844,2501
2678,udp,24756942501234,2071
2679,udp,24757001220744,3059
2680,udp,24757027819704,2227
2681,udp,24757064778924,1808
2682,udp,24757095062754,2437
2683,udp,24757135377714,2408
2684,udp,24757199469774,2949
2685,udp,24757224355584,2380
2686,udp,24757263780264,2000
2687,udp,24757297076124,2416
2688,udp,24757434000054,7956
2689,udp,24757467898824,2335
2690,udp,24757506657324,2188
2691,udp,24757542941994,1864
2692,udp,24757574110974,2524
2693,udp,24757615815984,2451
2694,udp,24757656390684,2733
2695,udp,24757701550074,1882
2696,udp,24757732971684,1548
2697,udp,24757759091124,2254
2698,udp,24757796476314,1947
2699,udp,24757853191524,3413
2700,udp,24757982339274,8293
2701,udp,24758021672334,2553
2702,udp,24758063830944,2173
2703,udp,24758099949204,2297
2704,udp,24758138036124,2469
2705,udp,24758178907644,1890
2706,udp,24758210489634,1771
2707,udp,24758240213574,2477
2708,udp,24758281133154,1963
2709,udp,24758313914394,2735
2710,udp,24758359046874,2361
2711,udp,24758398150794,1955
2712,udp,24758527646124,8832
2713,udp,24758575560414,2535
2714,udp,24758617521114,2549
2715,udp,24758660258244,2099
2716,udp,24758695204884,2000
2717,udp,24758728548264,2203
2718,udp,24758765162604,1760
2719,udp,24758794665954,2278
2720,udp,24758832414204,2136
2721,udp,24758867972844,1762
2722,udp,24758897487264,1806
2723,udp,24758927700264,2450
2724,udp,24759089420004,8874
2725,udp,24759114328494,1792
2726,udp,24759120107574,1353
2727,udp,24759166790034,2702
2728,udp,24759211351284,2473
2729,udp,24759252271854,2357
2730,udp,24759291392064,2155
2731,udp,24759327193974,1522
2732,udp,24759352839744,2556
2733,udp,24759395083314,2534
2734,udp,24759438075594,2301
2735,udp,24759476260434,2294
2736,udp,24759635428224,9086
2737,udp,24759663810894,2024
2738,udp,24759697476204,2315
2739,udp,24759735883434,2501
2740,udp,24759752966874,1407
2741,udp,24759800536554,1758
2742,udp,24759829996524,2153
2743,udp,24759865802754,2596
2744,udp,24759908676504,2518
2745,udp,24759950278914,1728
2746,udp,24759955741014,1077
2747,udp,24759998036874,2724
2748,udp,24760139836014,8097
2749,udp,24760176053544,2834
2750,udp,24760222679574,1949
2751,udp,24760230976044,1439
2752,udp,24760279074204,2640
2753,udp,24760322612784,2569
2754,udp,24760365102864,2429
2755,udp,24760405258524,2140
2756,udp,24760416624444,1455
2757,udp,24760489156794,3148
2758,udp,24760517177844,2304
2759,udp,24760555454034,2615
2760,udp,24760695583314,8384
2761,udp,24760736301474,2011
2762,udp,24760769809014,2735
2763,udp,24760814884614,2143
2764,udp,24760850496534,2412
2765,udp,24760890435384,1879
2766,udp,24760921896594,1558
2767,udp,24760948137354,2287
2768,udp,24760986033834,2632
2769,udp,24761029564134,2200
2770,udp,24761066038254,1768
2771,udp,24761095679394,1849
2772,udp,24761223577494,8804
2773,udp,24761271025584,2039
2774,udp,24761329209774,3156
2775,udp,24761357350614,2497
2776,udp,24761399354604,1838
2777,udp,24761430081864,2300
2778,udp,24761468252484,2433
2779,udp,24761508528654,2389
2780,udp,24761548137564,2322
2781,udp,24761586583584,2300
2782,udp,24761624738634,1970
2783,udp,24761657550294,2842
2784,udp,24761825520534,9569
2785,udp,24761861537544,2042
2786,udp,24761895552774,1686
2787,udp,24761923861734,2241
2788,udp,24761961076734,2193
2789,udp,24761997507294,1990
2790,udp,24762030701994,1597
2791,udp,24762057604614,1617
2792,udp,24762084780744,2397
2793,udp,24762124498644,2159
2794,udp,24762160459764,2873
2795,udp,24762207687534,1808
2796,udp,24762359100024,9223
2797,udp,24762389633784,1867
2798,udp,24762420844164,1942
2799,udp,24762453276294,2500
2800,udp,24762494596194,2429
2801,udp,24762534807744,1841
2802,udp,24762565643544,2374
2803,udp,24762604917294,1687
2804,udp,24762633275934,2554
2805,udp,24762675455424,1796
2806,udp,24762705587694,2115
2807,udp,24762741491394,1893
2808,udp,24762869922114,7764
2809,udp,24762900771684,2585
2810,udp,24762943481094,2222
2811,udp,24762980387844,2101
2812,udp,24763015401804,2013
2813,udp,24763048980354,2641
2814,udp,24763092519204,2590
2815,udp,24763135318884,1769
2816,udp,24763164944814,2032
2817,udp,24763198773564,2185
2818,udp,24763235070474,1946
2819,udp,24763267549134,2201
2820,udp,24763401013644,8846
2821,udp,24763449187584,1580
2822,udp,24763475820654,2570
2823,udp,24763518245934,1774
2824,udp,24763548120084,2213
2825,udp,24763584720204,1955
2826,udp,24763617364914,2088
2827,udp,24763652149014,2413
2828,udp,24763692118014,2141
2829,udp,24763727724624,2899
2830,udp,24763775390964,2029
2831,udp,24763809195864,1804
2832,udp,24763936295124,8684
2833,udp,24763981854114,2227
2834,udp,24764018865174,2456
2835,udp,24764059509174,1830
2836,udp,24764090109624,2083
2837,udp,24764124837294,1815
2838,udp,24764155185024,2169
2839,udp,24764191217964,2396
2840,udp,24764230905804,2189
2841,udp,24764267261844,1700
2842,udp,24764295810204,1942
2843,udp,24764328229104,2528
2844,udp,24764466915684,8806
2845,udp,24764514443334,2078
2846,udp,24764549031594,1628
2847,udp,24764576421024,2590
2848,udp,24764619213234,2307
2849,udp,24764657502474,2890
2850,udp,24764705080524,1918
2851,udp,24764712800994,1071
2852,udp,24764754981744,2084
2853,udp,24764789683404,2491
2854,udp,24764830902864,2115
2855,udp,24764866078104,2117
2856,udp,24764998275324,8536
2857,udp,24765041409354,2293
2858,udp,24765079421214,2156
2859,udp,24765115292064,2271
2860,udp,24765152928894,2029
2861,udp,24765186765384,1981
2862,udp,24765244070544,3104
2863,udp,24765271350084,2165
2864,udp,24765307388244,2432
2865,udp,24765347619684,1883
2866,udp,24765354875484,1366
2867,udp,24765401797434,1995
2868,udp,24765531875604,8610
2869,udp,24765576312474,1912
2870,udp,24765608200374,1567
2871,udp,24765634582794,1722
2872,udp,24765663507444,2688
2873,udp,24765707876454,2129
2874,udp,24765743268864,2516
2875,udp,24765784893414,1557
2876,udp,24765811157754,1530
2877,udp,24765837001974,2515
2878,udp,24765878529504,1790
2879,udp,24765908512734,2384
2880,udp,24766069197564,8943
2881,udp,24766095239064,1710
2882,udp,24766123872744,2385
2883,udp,24766163371314,2122
2884,udp,24766198697394,2371
2885,udp,24766237950444,1820
2886,udp,24766244135154,1438
2887,udp,24766292227734,2510
2888,udp,24766333769124,2638
2889,udp,24766377308964,2359
2890,udp,24766416406944,2106
2891,udp,24766451388954,1710
2892,udp,24766601245884,9482
2893,udp,24766635880404,2003
2894,udp,24766669243944,2501
2895,udp,24766710622164,1889
2896,udp,24766742206584,1651
2897,udp,24766769962134,2597
2898,udp,24766812854514,1702
2899,udp,24766841423844,2328
2900,udp,24766880066334,1760
2901,udp,24766885280214,1290
2902,udp,24766930984644,2642
2903,udp,24766974641484,2764
2904,udp,24767117127864,8755
2905,udp,24767163740394,2034
2906,udp,24767197657524,1559
2907,udp,24767223912954,2272
2908,udp,24767261619084,2598
2909,udp,24767328774384,3034
2910,udp,24767354955474,2289
2911,udp,24767392942854,2338
2912,udp,24767431680564,2517
2913,udp,24767473286034,1830
2914,udp,24767504077194,2393
2915,udp,24767543576844,2061
2916,udp,24767674904934,8484
2917,udp,24767717224914,2347
2918,udp,24767756148744,2171
2919,udp,24767792190504,2806
2920,udp,24767838453024,1806
2921,udp,24767868681234,2130
2922,udp,24767904121704,2361
2923,udp,24767943215184,1901
2924,udp,24767974940634,2621
2925,udp,24768018204354,2112
2926,udp,24768053359434,2249
2927,udp,24768090625104,2073
2928,udp,24768222140754,7937
2929,udp,24768255669804,2621
2930,udp,24768298944504,2257
2931,udp,24768336423654,2401
2932,udp,24768376246404,2568
2933,udp,24768418638114,2066
2934,udp,24768453000924,2550
2935,udp,24768495135414,1762
2936,udp,24768524696814,1973
2937,udp,24768557652114,2532
2938,udp,24768599485464,2644
2939,udp,24768667316214,2976
2940,udp,24768789522534,8400
2941,udp,24768830525724,1799
2942,udp,24768860668524,2509
2943,udp,24768902124324,2279
2944,udp,24768939925134,2304
2945,udp,24768978169554,2643
2946,udp,24768997554474,1231
2947,udp,24769042380954,2911
2948,udp,24769090200834,2013
2949,udp,24769123722864,2859
2950,udp,24769170932454,1628
2951,udp,24769198241064,1794
2952,udp,24769349421084,8868
2953,udp,24769374289164,2276
2954,udp,24769411993764,2812
2955,udp,24769458343404,2398
2956,udp,24769498040784,1723
2957,udp,24769526992794,2587
2958,udp,24769569697974,2176
2959,udp,24769605848454,2575
2960,udp,24769648438074,2354
2961,udp,24769687504554,1857
2962,udp,24769718484804,2536
2963,udp,24769760378994,1974
2964,udp,24769890250434,8746
2965,udp,24769936848204,1917
2966,udp,24769968768684,1623
2967,udp,24769996104114,1911
2968,udp,24770028088854,2262
2969,udp,24770065619124,2306
2970,udp,24770103781644,2618
2971,udp,24770147014944,1884
2972,udp,24770178507204,1900
2973,udp,24770210288544,2370
2974,udp,24770249570574,2427
2975,udp,24770289724884,2538
2976,udp,24770428591374,8340
2977,udp,24770468679804,1777
2978,udp,24770498413644,2368
2979,udp,24770537669484,2476
2980,udp,24770578626504,1833
2981,udp,24770609326674,1543
2982,udp,24770635348644,2536
2983,udp,24770677250574,2333
2984,udp,24770715909444,2469
2985,udp,24770756776644,2234
2986,udp,24770793889134,1669
2987,udp,24770821940424,2131
2988,udp,24770954254284,8521
2989,udp,24770997238284,2361
2990,udp,24771036326364,1859
2991,udp,24771067404894,1632
2992,udp,24771094874424,2146
2993,udp,24771130510914,2140
2994,udp,24771166154694,2623
2995,udp,24771209422914,1503
2996,udp,24771210508134,927
2997,udp,24771250419354,2803
2998,udp,24771296601414,2592
2999,udp,24771339432684,2446
3000,udp,24771476850354,8603
3001,udp,24771521141334,2089
3002,udp,24771555889704,1838
3003,udp,24771586633794,1986
3004,udp,24771619729674,1991
3005,udp,24771652919874,1655
3006,udp,24771656485314,1293
3007,udp,24771702278214,2551
3008,udp,24771744355104,2387
3009,udp,24771783925134,2527
3010,udp,24771825728244,1579
3011,udp,24771852335754,2624
3012,udp,24772016876094,9549
3013,udp,24772052550474,2082
3014,udp,24772087141074,1978
3015,udp,24772120154334,1898
3016,udp,24772151870064,1675
3017,udp,24772180058154,1944
3018,udp,24772212462114,1567
3019,udp,24772238835444,2444
3020,udp,24772279311684,2046
3021,udp,24772313417904,2152
3022,udp,24772349206134,2747
3023,udp,24772394467854,1858
3024,udp,24772522506264,8687
3025,udp,24772568056704,2189
3026,udp,24772604381784,1811
3027,udp,24772634731314,2533
3028,udp,24772676582754,2160
3029,udp,24772712579964,2613
3030,udp,24772755706974,1879
3031,udp,24772762882134,1324
3032,udp,24772809115134,2550
3033,udp,24772851242784,2476
3034,udp,24772892208624,2525
3035,udp,24772933966194,2192
3036,udp,24773067255474,8467
3037,udp,24773109332274,2196
3038,udp,24773145818904,1935
3039,udp,24773178174174,2553
3040,udp,24773220328734,1667
3041,udp,24773224158954,1235
3042,udp,24773268902184,2428
3043,udp,24773309134344,1883
3044,udp,24773364785934,3081
3045,udp,24773391724554,1997
3046,udp,24773425058034,2024
3047,udp,24773458763214,1730
3048,udp,24773584750434,7879
3049,udp,24773617374804,2459
3050,udp,24773658032934,1542
3051,udp,24773684111334,1579
3052,udp,24773710733604,1814
3053,udp,24773741085654,2423
3054,udp,24773781134124,2044
3055,udp,24773815182114,1901
3056,udp,24773846952474,1869
3057,udp,24773878165014,2532
3058,udp,24773920068924,1973
3059,udp,24773952949974,2725
3060,udp,24774119009604,8887
3061,udp,24774144139674,1841
3062,udp,24774174955224,1853
3063,udp,24774205933494,2059
3064,udp,24774240233394,1819
3065,udp,24774270651234,1746
3066,udp,24774299928324,1526
3067,udp,24774325696224,2343
3068,udp,24774364587294,1966
3069,udp,24774397322004,2694
3070,udp,24774417593154,1435
3071,udp,24774441392574,1371
3072,udp,24774585184314,8651
3073,udp,24774630237594,1643
3074,udp,24774657875064,2511
3075,udp,24774699352734,2532
3076,udp,24774741272664,2121
3077,udp,24774776487864,2012
3078,udp,24774810053904,2032
3079,udp,24774843890124,1974
3080,udp,24774876853884,1639
3081,udp,24774904370484,1750
3082,udp,24774933742974,2596
3083,udp,24774976605564,2453
3084,udp,24775138325034,9519
3085,udp,24775173572634,1789
3086,udp,24775179323994,1203
3087,udp,24775223648004,2235
3088,udp,24775260690294,2129
3089,udp,24775296155604,2158
3090,udp,24775331956524,1874
3091,udp,24775363274004,1642
3092,udp,24775390958274,2104
3093,udp,24775425958644,2041
3094,udp,24775459989894,2431
3095,udp,24775500181284,1515
3096,udp,24775646873274,9107
3097,udp,24775675533414,1539
3098,udp,24775701474474,2323
3099,udp,24775740052434,2284
3100,udp,24775777908864,2135
3101,udp,24775813399014,1579
3102,udp,24775840071234,2008
3103,udp,24775873487964,2034
3104,udp,24775907374944,2479
3105,udp,24775948363914,1875
3106,udp,24775979722344,2079
3107,udp,24776014367754,2265
3108,udp,24776148822354,7879
3109,udp,24776181486054,2445
3110,udp,24776221957164,1536
3111,udp,24776223570594,1458
3112,udp,24776272112364,2829
3113,udp,24776318621664,1805
3114,udp,24776348854374,2769
3115,udp,24776394525594,1866
3116,udp,24776425710684,1890
3117,udp,24776457274584,2036
3118,udp,24776491226094,1841
3119,udp,24776521997364,2887
3120,udp,24776666451684,8236
3121,udp,24776680600044,1312
3122,udp,24776726603004,1952
3123,udp,24776759180574,2135
3124,udp,24776794683324,2449
3125,udp,24776835214284,1773
3126,udp,24776864952444,1718
3127,udp,24776893762704,2255
3128,udp,24776931166344,2116
3129,udp,24776966416374,2510
3130,udp,24777007927434,2346
3131,udp,24777022555044,1462
3132,udp,24777167958234,8772
3133,udp,24777214855884,2424
3134,udp,24777254981304,2209
3135,udp,24777291662964,2584
3136,udp,24777334318104,1802
3137,udp,24777364507254,1961
3138,udp,24777397241514,2630
3139,udp,24777440643294,2096
3140,udp,24777475547094,1820
3141,udp,24777505984914,2149
3142,udp,24777541753704,2532
3143,udp,24777583578774,1936
3144,udp,24777737033814,9428
3145,udp,24777771952554,2095
3146,udp,24777806812344,1899
3147,udp,24777838521414,1661
3148,udp,24777866417814,2181
3149,udp,24777902688624,2639
3150,udp,24777946241514,1927
3151,udp,24777978426774,1741
3152,udp,24778007627004,2168
3153,udp,24778043707194,2299
3154,udp,24778081808244,2375
3155,udp,24778121132574,1615
3156,udp,24778269439434,9147
3157,udp,24778298748744,2115
3158,udp,24778333896714,1863
3159,udp,24778365123564,2150
3160,udp,24778400807304,1505
3161,udp,24778401994584,1225
3162,udp,24778446644304,2063
3163,udp,24778481051034,2522
3164,udp,24778522720674,2456
3165,udp,24778563338574,2198
3166,udp,24778575615114,1429
3167,udp,24778623503304,2462
3168,udp,24778761174954,8510
3169,udp,24778803947544,2338
3170,udp,24778842675354,1468
3171,udp,24778843206984,1338
3172,udp,24778889731854,2429
3173,udp,24778929939714,1990
3174,udp,24778963133874,2217
3175,udp,24778975711824,1422
3176,udp,24778999303524,1427
3177,udp,24779047144554,2228
3178,udp,24779084117904,2162
3179,udp,24779120080914,2404
3180,udp,24779256735654,8782
3181,udp,24779303966394,1529
3182,udp,24779329668324,1769
3183,udp,24779359359954,1963
3184,udp,24779392124184,1840
3185,udp,24779422857924,1680
3186,udp,24779451084534,2193
3187,udp,24779487528954,2235
3188,udp,24779524633704,2147
3189,udp,24779560339314,2501
3190,udp,24779577563334,1356
3191,udp,24779599994124,989
3192,udp,24779761931664,9534
3193,udp,24779797410924,1850
3194,udp,24779828382174,2357
3195,udp,24779867469444,2114
3196,udp,24779902561074,1799
3197,udp,24779932792164,2258
3198,udp,24779970282024,2156
3199,udp,24780006041184,2565
3200,udp,24780048464664,1916
3201,udp,24780080428434,1800
3202,udp,24780110557824,1660
3203,udp,24780138457734,2016
3204,udp,24780269033424,8606
3205,udp,24780313272474,2370
3206,udp,24780352587984,1870
3207,udp,24780383806104,2860
3208,udp,24780430913184,1835
3209,udp,24780461609124,2827
3210,udp,24780508182504,2266
3211,udp,24780545774784,1543
3212,udp,24780571807554,2516
3213,udp,24780613462344,1934
3214,udp,24780645714384,2650
3215,udp,24780689459514,2091
3216,udp,24780845374794,9140
3217,udp,24780874575834,1640
3218,udp,24780902116194,1724
3219,udp,24780931051554,2278
3220,udp,24780968937414,1591
3221,udp,24780995688114,1472
3222,udp,24781020603264,2070
3223,udp,24781055005314,2662
3224,udp,24781098956994,2305
3225,udp,24781137211674,1973
3226,udp,24781170068604,1491
3227,udp,24781195312794,1971
3228,udp,24781325076324,8552
3229,udp,24781368598164,2181
3230,udp,24781404788244,1904
3231,udp,24781436598294,1492
3232,udp,24781461783444,1947
3233,udp,24781494329874,2010
3234,udp,24781527799344,2055
3235,udp,24781562024094,1830
3236,udp,24781592655774,1746
3237,udp,24781621981104,2462
3238,udp,24781662631584,2340
3239,udp,24781701422304,2420
3240,udp,24781838415804,8557
3241,udp,24781882013604,1605
3242,udp,24781908958974,1635
3243,udp,24781936460544,1653
3244,udp,24781964255334,2520
3245,udp,24781981675014,1424
3246,udp,24782029497054,1692
3247,udp,24782057917344,2086
3248,udp,24782092629084,2084
3249,udp,24782127337134,2414
3250,udp,24782167282464,1995
3251,udp,24782200543584,2383
3252,udp,24782361130134,9161
3253,udp,24782390665614,2060
3254,udp,24782424999714,2021
3255,udp,24782458633884,1759
3256,udp,24782463925524,972
3257,udp,24782504523354,2048
3258,udp,24782538616974,2418
3259,udp,24782578619814,2100
3260,udp,24782613581034,1512
3261,udp,24782639106744,2436
3262,udp,24782679425394,2178
3263,udp,24782715627534,1778
3264,udp,24782866565814,9127
3265,udp,24782871255804,1401
3266,udp,24782894497764,1287
3267,udp,24782940099684,2520
3268,udp,24782981805954,2029
3269,udp,24783015656844,2123
3270,udp,24783050915964,2303
3271,udp,24783064843284,1407
3272,udp,24783112421334,1766
3273,udp,24783142079124,2682
3274,udp,24783186260664,2202
3275,udp,24783198816654,1360
3276,udp,24783342355944,8854
3277,udp,24783390630504,1658
3278,udp,24783418524924,1980
3279,udp,24783451538994,2155
3280,udp,24783487369974,1599
3281,udp,24783514381044,1488
3282,udp,24783539460804,2354
3283,udp,24783578427204,2392
3284,udp,24783618063294,2022
3285,udp,24783651708264,2166
3286,udp,24783687718254,2177
3287,udp,24783723927414,1981
3288,udp,24783853810644,7688
3289,udp,24783883532784,2208
3290,udp,24783920183124,1507
3291,udp,24783945566994,1976
3292,udp,24783978540294,2001
3293,udp,24784011956304,1871
3294,udp,24784043168394,2715
3295,udp,24784087964454,2282
3296,udp,24784125870294,1849
3297,udp,24784156745154,2170
3298,udp,24784192855314,2182
3299,udp,24784229051874,2473
3300,udp,24784391186874,8915
3301,udp,24784416675504,1825
3302,udp,24784447212504,1821
3303,udp,24784477785684,1920
3304,udp,24784509837474,2310
3305,udp,24784548107724,2021
3306,udp,24784581782934,2259
3307,udp,24784619245344,1555
3308,udp,24784645569984,2060
3309,udp,24784679778084,2328
3310,udp,24784718374044,1569
3311,udp,24784744839264,2139
3312,udp,24784877341044,8756
3313,udp,24784924028094,2056
3314,udp,24784958304414,2825
3315,udp,24785004766734,2071
3316,udp,24785039278134,1878
3317,udp,24785070675264,2671
3318,udp,24785114720724,2050
3319,udp,24785148902004,2175
3320,udp,24785185028094,2101
3321,udp,24785220041244,1694
3322,udp,24785248471704,2426
3323,udp,24785288592984,2006
3324,udp,24785418934494,8621
3325,udp,24785463553344,1762
3326,udp,24785468784144,1398
3327,udp,24785516233044,2079
3328,udp,24785550867204,2320
3329,udp,24785589394584,2500
3330,udp,24785630658774,2190
3331,udp,24785667038124,1581
3332,udp,24785693636364,2038
3333,udp,24785727636834,2614
3334,udp,24785770787964,2566
3335,udp,24785813178234,2188
3336,udp,24785946472824,8326
3337,udp,24785986320234,2240
3338,udp,24786023476194,2012
3339,udp,24786057005064,2781
3340,udp,24786078607134,1455
3341,udp,24786126938394,1850
3342,udp,24786157852494,2279
3343,udp,24786195698844,1526
3344,udp,24786221471964,2907
3345,udp,24786269279964,1923
3346,udp,24786301500054,2347
3347,udp,24786340328934,1896
3348,udp,24786468894924,7714
3349,udp,24786498943314,2122
3350,udp,24786534285684,2247
3351,udp,24786571533264,2166
3352,udp,24786607573404,1920
3353,udp,24786639601974,2185
3354,udp,24786675896724,2104
3355,udp,24786710890344,1950
3356,udp,24786743464764,1661
3357,udp,24786771373404,2234
3358,udp,24786808414254,1996
3359,udp,24786841691754,2161
3360,udp,24786998733204,9051
3361,udp,24787026466164,1779
3362,udp,24787056357234,1890
3363,udp,24787087885584,2109
3364,udp,24787123001964,2490
3365,udp,24787139893884,1450
3366,udp,24787163931534,907
3367,udp,24787203540444,2259
3368,udp,24787240966584,2068
3369,udp,24787275350364,2189
3370,udp,24787311723954,1690
3371,udp,24787340181684,2312
3372,udp,24787499645034,9595
3373,udp,24787536088914,2068
3374,udp,24787570509594,2191
3375,udp,24787606870134,1832
3376,udp,24787613298384,1440
3377,udp,24787661360724,2198
3378,udp,24787697873994,2596
3379,udp,24787740817404,1915
3380,udp,24787772802504,2024
3381,udp,24787806501654,2332
3382,udp,24787845166644,2519
3383,udp,24787886803974,1921
3384,udp,24788015828784,8639
3385,udp,24788060629074,1765
3386,udp,24788065962384,1282
3387,udp,24788111499504,2131
3388,udp,24788146940964,2113
3389,udp,24788182086684,2416
3390,udp,24788222115264,2430
3391,udp,24788262357054,2136
3392,udp,24788297854404,1789
3393,udp,24788327817654,2606
3394,udp,24788370860694,2192
3395,udp,24788407303584,1478
3396,udp,24788529237114,8181
3397,udp,24788566729584,2169
3398,udp,24788602751184,1763
3399,udp,24788632276674,2766
3400,udp,24788677871304,1925
3401,udp,24788709996984,2111
3402,udp,24788745142794,1589
3403,udp,24788771914464,2171
3404,udp,24788808065124,2014
3407,udp,24788841541434,2111
3408,udp,24788949380964,5994
3409,udp,24788975537844,1976
3410,udp,24789008507634,2314
3411,udp,24789046912344,2612
3412,udp,24789090077424,2699
3413,udp,24789158818434,4018
3414,udp,24789200719824,1614
3415,udp,24789227914674,1611
3416,udp,24789255002334,1915
3417,udp,24789262795794,414
3418,udp,24789294440064,1871
3419,udp,24789325703994,1471
3420,udp,24789423252654,6798
3421,udp,24789462378264,1531
3422,udp,24789463888554,690
3423,udp,24789500061084,2223
3424,udp,24789512722734,1117
3425,udp,24789555605934,1615
3426,udp,24789582773424,1698
3427,udp,24789587080194,452
3428,udp,24789619340154,1868
3429,udp,24789626361414,1334
3430,udp,24789648442464,1217
3431,udp,24789668739714,1063
3432,udp,24789807680904,7897
3433,udp,24789816385164,1458
3434,udp,24789840518034,852
3435,udp,24789854948724,1241
3436,udp,24789875637024,1364
3437,udp,24789898235034,467
3438,udp,24789930742224,1541
3439,udp,24789956729184,1987
3440,udp,24789965629914,916
3441,udp,24789981087954,1238
3442,udp,24790001708664,633
3443,udp,24790036861314,1541
3444,udp,24790135581504,7097
3445,udp,24790155156774,1255
3446,udp,24790200285924,1526
3447,udp,24790201724484,1437
3448,udp,24790249815804,1724
3449,udp,24790278752514,2258
3450,udp,24790316234904,1536
3451,udp,24790342160574,1658
3452,udp,24790370131224,1780
3453,udp,24790399842024,2373
3454,udp,24790439190654,1557
3455,udp,24790441172184,1189
3456,udp,24790533707214,5856
3457,udp,24790557156894,1394
3458,udp,24790604483664,1937
3459,udp,24790612606074,1419
3460,udp,24790636109394,1397
3461,udp,24790707709704,3209
3462,udp,24790760950644,3340
3463,udp,24790816311984,3308
3464,udp,24790871084994,3333
3465,udp,24790926290364,3310
3466,udp,24790981171824,4016
3467,udp,24790998824424,1115
3468,udp,24791114359044,6237
3469,udp,24791120235594,487
3470,udp,24791153030694,2654
3471,udp,24791196891744,2709
3472,udp,24791217378984,995
3473,udp,24791258249514,2055
3474,udp,24791268233934,1341
3475,udp,24791314738914,1923
3476,udp,24791346902664,1890
3477,udp,24791354229654,587
3478,udp,24791388641154,1967
3479,udp,24791421438954,1483
3480,udp,24791494963374,5710
3481,udp,24791516126244,1180
3482,udp,24791535802674,1070
3483,udp,24791553655884,1321
3484,udp,24791575620654,798
3485,udp,24791589197064,563
3486,udp,24791598981324,409
3487,udp,24791606353404,179
3489,udp,24791634229284,2676
3490,udp,24791654172924,1433
3491,udp,24791702137254,2089
3492,udp,24791809591044,6643
3493,udp,24791846120874,1650
3494,udp,24791849656614,1362
3495,udp,24791872253634,1433
3496,udp,24791920211124,1547
3497,udp,24791922107874,545
3498,udp,24791955890454,2200
3499,udp,24791968149624,1113
3500,udp,24792010975674,1645
3501,udp,24792038630154,1700
3502,udp,24792042963744,359
3503,udp,24792073732944,2681
3504,udp,24792190723764,6499
3505,udp,24792224950854,2169
3506,udp,24792260983434,2584
3507,udp,24792303723174,1589
3508,udp,24792330452634,2660
3509,udp,24792374349144,1723
3510,udp,24792403249494,2101
3511,udp,24792438213684,1921
3512,udp,24792446073564,937
3513,udp,24792486097374,2709
3514,udp,24792506545194,1213
3515,udp,24792526758654,1408
3516,udp,24792646991544,5972
3517,udp,24792648588774,555
3518,udp,24792682509684,1976
3519,udp,24792691268484,1193
3520,udp,24792735359934,1754
3521,udp,24792764767074,2003
3522,udp,24792773925204,1296
3523,udp,24792819683724,2701
3524,udp,24792864334614,1493
3525,udp,24792889505814,1766
3526,udp,24792919090074,1972
3527,udp,24792927724044,1213
3528,udp,24793044878394,7278
3529,udp,24793067384244,972
3530,udp,24793083813654,1461
3531,udp,24793132154994,1882
3532,udp,24793139361114,793
3533,udp,24793177094604,1681
3534,udp,24793181056764,1004
3535,udp,24793222187214,1754
3536,udp,24793251619374,1574
3537,udp,24793253941194,826
3538,udp,24793292195784,1562
3539,udp,24793294352994,1264
3540,udp,24793412190264,7101
3541,udp,24793431872904,996
3542,udp,24793448578614,931
3543,udp,24793488528804,1964
3544,udp,24793497047214,834
3545,udp,24793511225094,1144
3546,udp,24793530309324,1295
3547,udp,24793551848574,962
3548,udp,24793592267034,1680
3549,udp,24793596233874,948
3550,udp,24793636492854,1624
3551,udp,24793639539984,1224
3552,udp,24793781052744,7591
3553,udp,24793809172074,1530
3554,udp,24793810666974,1249
3555,udp,24793831505304,1043
3556,udp,24793849017144,835
3557,udp,24793863187554,1457
3558,udp,24793887274884,1185
3559,udp,24793931249514,2268
3560,udp,24793968885624,1598
3561,udp,24793971524604,1042
3562,udp,24793989137784,1098
3563,udp,24794007426864,1103
3564,udp,24794147005704,8382
3565,udp,24794163502884,891
3566,udp,24794178546294,862
3567,udp,24794193146454,937
3568,udp,24794233254504,1742
3569,udp,24794238190014,1221
3570,udp,24794282729124,1971
3571,udp,24794291435364,1135
3572,udp,24794310360564,580
3573,udp,24794320421214,975
3575,udp,24794336876904,1356
3576,udp,24794504698014,8866
3577,udp,24794529440814,1721
3578,udp,24794558382474,1483
3579,udp,24794559161244,1057
3580,udp,24794576927694,1272
3581,udp,24794598036924,1285
3582,udp,24794619390504,815
3583,udp,24794633224854,1299
3584,udp,24794654853204,686
3585,udp,24794690836824,1613
3586,udp,24794693797824,1053
3587,udp,24794711411274,1287
3588,udp,24794853908634,8619
3589,udp,24794898467724,1990
3590,udp,24794907384384,1364
3591,udp,24794930031174,1247
3592,udp,24794950847364,487
3593,udp,24794983574154,1593
3594,udp,24795010441854,2175
3595,udp,24795022387644,1186
3596,udp,24795066399174,1806
3597,udp,24795072364824,1197
3598,udp,24795116539614,1662
3599,udp,24795144554724,1618
3600,udp,24795268621434,8693
3601,udp,24795290091384,1363
3602,udp,24795312761304,607
3603,udp,24795347453874,1884
3604,udp,24795354724344,1401
3605,udp,24795377933274,1433
3606,udp,24795425911554,1710
3607,udp,24795430349454,557
3608,udp,24795464293584,1472
3609,udp,24795464873994,1281
3610,udp,24795486247824,1436
3611,udp,24795534275694,1833
3612,udp,24795686042784,9034
3613,udp,24795713567124,1818
3614,udp,24795719712684,1328
3615,udp,24795741802824,1386
3616,udp,24795788977224,1588
3617,udp,24795791515494,852
3618,udp,24795830180484,1657
3619,udp,24795858090564,2167
3620,udp,24795869816124,1076
3621,udp,24795912089124,1572
3622,udp,24795914354424,513
3623,udp,24795947575944,1637
3624,udp,24796072035684,8035
3625,udp,24796107202104,2010
3626,udp,24796140760944,1980
3627,udp,24796149493824,1390
3628,udp,24796196772354,2186
3629,udp,24796208876814,1203
3630,udp,24796253144754,1900
3631,udp,24796284882084,1874
3632,udp,24796291983624,1118
3633,udp,24796335036564,2714
3634,udp,24796355406264,1277
3635,udp,24796376657244,1355
3636,udp,24796520282844,8798
3637,udp,24796543455054,1180
3638,udp,24796563081354,1298
3639,udp,24796584648864,1114
3640,udp,24796603278324,1359
3641,udp,24796650104424,1872
3642,udp,24796657127394,962
3643,udp,24796697590944,2209
3644,udp,24796710003924,1106
3645,udp,24796752726564,2073
3646,udp,24796787281704,1533
3647,udp,24796788826104,1101
3648,udp,24796952648784,9542
3649,udp,24796964092194,1202
3650,udp,24796984093884,1096
3651,udp,24797002427784,1424
3652,udp,24797026045944,710
3653,udp,24797062375434,1899
3654,udp,24797069870724,979
3655,udp,24797110620114,1980
3656,udp,24797119390704,612
3657,udp,24797129963454,596
3658,udp,24797164534884,1861
3659,udp,24797195661834,1906
3660,udp,24797324472894,8427
3661,udp,24797341608534,1267
3662,udp,24797362726044,1421
3663,udp,24797410483284,1615
3664,udp,24797413361664,1368
3665,udp,24797436129144,967
3666,udp,24797476637334,1522
3667,udp,24797478037554,640
3668,udp,24797489092974,1404
3669,udp,24797512393254,1386
3670,udp,24797559574494,1652
3671,udp,24797563053444,1221
3672,udp,24797728819944,9474
3673,udp,24797763331794,1610
3674,udp,24797766199284,1412
3675,udp,24797789605134,1378
3676,udp,24797836673784,1596
3677,udp,24797839299624,460
3678,udp,24797871725994,1592
3679,udp,24797874239874,1276
3680,udp,24797895550614,1178
3681,udp,24797915162064,1019
3682,udp,24797932289964,726
3683,udp,24797968959474,1606
3684,udp,24798092909634,8614
3685,udp,24798113110854,1399
3686,udp,24798136372974,1154
3687,udp,24798155507694,819
3688,udp,24798193652934,1589
3689,udp,24798196124064,1084
3690,udp,24798238563204,1669
3691,udp,24798266635284,1663
3692,udp,24798270314664,729
3693,udp,24798307047624,2388
3694,udp,24798322340514,983
3695,udp,24798338932284,1393
3696,udp,24798483272484,7556
3697,udp,24798510629244,1867
3698,udp,24798541904604,1492
3699,udp,24798542771034,1113
3700,udp,24798585827754,1555
3701,udp,24798611965464,1905
3702,udp,24798619480644,1132
3703,udp,24798662660034,1934
3704,udp,24798670735644,1385
3705,udp,24798717946944,1797
3706,udp,24798748094244,1854
3707,udp,24798754805274,1072
3708,udp,24798869642214,7218
3709,udp,24798891217284,1070
3710,udp,24798933367614,2237
3711,udp,24798970510254,2417
3712,udp,24798986293644,561
3713,udp,24799020296544,2630
3714,udp,24799039488864,1464
3715,udp,24799087955844,2004
3716,udp,24799121336214,1998
3717,udp,24799130389224,1369
3718,udp,24799177352484,2051
3719,udp,24799187218914,1238
3720,udp,24799304817144,7291
3721,udp,24799327482024,1207
3722,udp,24799347656874,890
3723,udp,24799386873204,1546
3724,udp,24799388684544,960
3725,udp,24799404891384,1268
3726,udp,24799426036074,1160
3727,udp,24799445359254,721
3728,udp,24799457682144,205
3729,udp,24799461722244,226
3730,udp,24799514614254,4250
3731,udp,24799584478464,3920
3732,tcp,24799649077584,4533
3733,udp,24799701782844,1728
3734,udp,24799730778684,1628
3735,udp,24799758148224,1856
3736,udp,24799789171404,1723
3737,udp,24799818154734,2127
3738,udp,24799853518794,2106
3739,udp,24799888513854,1526
3740,udp,24799914363024,1959
3741,udp,24799946987574,2094
3742,udp,24799981911084,1778
3743,udp,24800011662654,2045
3744,tcp,24800069956284,4517
3745,udp,24800122296324,2048
3746,udp,24800156405154,2015
3747,udp,24800189952564,2077
3748,udp,24800224562334,2204
3749,udp,24800261151204,1848
3750,udp,24800292116784,2018
3751,udp,24800325711804,1555
3752,udp,24800352037704,2104
3753,udp,24800387064984,1862
3754,udp,24800418163314,1730
3755,udp,24800447095434,2011
3757,udp,24800529095784,2068
3758,udp,24800563497834,1911
3759,udp,24800595596874,2053
3760,udp,24800629620924,2335
3761,udp,24800668308414,1813
3762,udp,24800698683774,2415
3763,udp,24800738677524,2100
3764,udp,24800773619844,1861
3765,udp,24800804730504,2220
3766,udp,24800841640044,1867
3767,udp,24800872808844,2030
3769,udp,24800906689524,1637
3770,udp,24800934208734,2022
3771,udp,24800967910674,1619
3772,udp,24800995109214,1839
3773,udp,24801025902624,2264
3774,udp,24801063448824,1909
3775,udp,24801095454174,1924
3776,udp,24801127475904,2282
3777,udp,24801165307494,1719
3778,udp,24801194152674,2124
3779,udp,24801229534554,1747
3781,udp,24801258768894,1604
3782,udp,24801285777084,1959
3783,udp,24801318493344,2373
3784,udp,24801333564924,1294
3785,udp,24801379350714,2147
3786,udp,24801415020414,1485
3787,udp,24801440162004,1795
3788,udp,24801494451624,2004
3789,udp,24801527799054,1531
3790,udp,24801553650384,1799
3791,udp,24801583791474,2085
3793,udp,24801618518694,1625
3794,udp,24801645796524,1750
3795,udp,24801675212034,2123
3796,udp,24801710524074,1762
3797,udp,24801740083764,1959
3798,udp,24801772731174,1981
3799,udp,24801805771794,1640
3800,udp,24801833336364,1865
3801,udp,24801864501204,1674
3802,udp,24801892654914,1928
3803,udp,24801924848544,2403
3805,udp,24801964645914,1822
3806,udp,24801995141244,2184
3807,udp,24802031393514,1799
3808,udp,24802061561334,2214
3809,udp,24802098371784,1915
3810,udp,24802130336814,2047
3811,udp,24802164414504,1790
3812,udp,24802194418974,2144
3813,udp,24802230042324,2311
3814,udp,24802244150454,1343
3815,udp,24802290646164,1978
3817,udp,24802323604434,1993
3818,udp,24802356798414,2143
3819,udp,24802392448134,2029
3820,udp,24802426272564,2211
3821,udp,24802463005524,1888
3822,udp,24802494589044,2084
3823,udp,24802529210514,1932
3824,udp,24802561553544,2123
3825,udp,24802596818694,2134
3826,udp,24802632324684,1792
3827,udp,24802662328974,1985
3829,udp,24802695396234,1534
3830,udp,24802721313894,2028
3831,udp,24802755149844,1750
3832,udp,24802784459604,2069
3833,udp,24802818960114,1973
3834,udp,24802851773394,1928
3835,udp,24802884056124,2087
3836,udp,24802918725114,1944
3837,udp,24802951159224,2022
3838,udp,24802984877994,2152
3839,udp,24803020731024,1938
3841,udp,24803052976764,1537
3842,udp,24803078921964,2053
3843,udp,24803113115754,2015
3844,udp,24803146708074,1503
3845,udp,24803172122094,2209
3846,udp,24803208814194,1595
3847,udp,24803235689454,1805
3848,udp,24803265862314,2080
3849,udp,24803300533014,1667
3850,udp,24803328577014,1884
3851,udp,24803360077554,1936
3853,udp,24803392384584,1875
3854,udp,24803423718984,2119
3855,udp,24803458959384,2073
3856,udp,24803493461874,2166
3857,udp,24803529405354,1948
3858,udp,24803562018204,2206
3859,udp,24803598625254,1816
3860,udp,24803629012134,1940
3861,udp,24803661378924,2224
3862,udp,24803698299534,1970
3863,udp,24803731192104,2231
3865,udp,24803768190924,2112
3866,udp,24803803335654,1889
3867,udp,24803834944014,1975
3868,udp,24803867889054,1993
3869,udp,24803901114084,1723
3870,udp,24803929978074,2088
3871,udp,24803964777474,1869
3872,udp,24803995959054,2097
3873,udp,24804030885084,2516
3874,udp,24804072479754,1728
3875,udp,24804101462184,2160
3756,tcp,24804113123754,4368
3877,udp,24804161589384,1901
3878,udp,24804193333284,1986
3879,udp,24804226434744,2215
3880,udp,24804263357874,2573
3881,udp,24804305773344,2285
3882,udp,24804343676844,2625
3883,udp,24804387029214,2176
3884,udp,24804423179334,1955
3885,udp,24804455861844,2662
3886,udp,24804499789224,2075
3887,udp,24804534324114,1868
3889,udp,24804565514964,1481
3890,udp,24804590613534,2613
3891,udp,24804633759444,2236
3892,udp,24804670820634,1857
3893,udp,24804701894844,2660
3894,udp,24804745820334,1642
3895,udp,24804773415954,2698
3896,udp,24804817987554,2601
3897,udp,24804860916474,2098
3898,udp,24804895841784,2356
3899,udp,24804934839324,1957
3901,udp,24804967511214,2085
3902,udp,24805002264354,1870
3903,udp,24805033439544,2470
3904,udp,24805074314844,1997
3905,udp,24805107641754,2560
3906,udp,24805149935994,2480
3907,udp,24805190938464,2594
3908,udp,24805233865584,2781
3909,udp,24805279632654,1818
3910,udp,24805310072364,2627
3911,udp,24805353522114,2656
3912,udp,24805445716584,4924
3913,udp,24805478542554,2607
3914,udp,24805521544914,1700
3915,udp,24805550079144,2745
3916,udp,24805595392524,2826
3917,udp,24805641901014,2117
3918,udp,24805677127914,2816
3919,udp,24805723528944,1876
3920,udp,24805754900154,2686
3921,udp,24805799212194,2545
3922,udp,24805841295024,2159
3923,udp,24805877153004,2659
3925,udp,24805921101804,2893
3926,udp,24805968709014,2493
3927,udp,24806009911734,2329
3928,udp,24806048510394,2496
3929,udp,24806089809684,2425
3930,udp,24806154143394,3209
3931,udp,24806183185854,2820
3932,udp,24806253848094,3092
3933,udp,24806281003164,2691
3934,udp,24806325453984,1918
3935,udp,24806357416674,2825
3937,udp,24806403982044,1828
3938,udp,24806434568364,2686
3939,udp,24806478868164,2254
3940,udp,24806516306004,2622
3941,udp,24806559599964,2709
3942,udp,24806604275964,2008
3943,udp,24806637772794,2234
3944,udp,24806674878804,1791
3945,udp,24806704871574,2656
3946,udp,24806748674034,2390
3947,udp,24806788269174,2082
3949,udp,24806822925924,1656
3950,udp,24806850742854,2502
3951,udp,24806892135924,2745
3952,udp,24806937403044,1999
3953,udp,24806970709704,2616
3954,udp,24807013950294,2461
3955,udp,24807054650544,2485
3956,udp,24807095777124,2634
3957,udp,24807139240194,2480
3958,udp,24807180282084,2006
3959,udp,24807213707454,1852
3961,udp,24807244698594,1795
3962,udp,24807274740414,1832
3963,udp,24807305381814,2266
3964,udp,24807342984534,1709
3965,udp,24807371691114,2272
3966,udp,24807409382214,2119
3967,udp,24807444631344,1888
3968,udp,24807476174544,2777
3969,udp,24807521951064,1721
3970,udp,24807550816224,2160
3971,udp,24807586740714,2361
3973,udp,24807625868754,2037
3974,udp,24807659799024,1704
3975,udp,24807688429554,1968
3976,udp,24807721243374,1913
3977,udp,24807753196614,1986
3978,udp,24807786302754,2212
3979,udp,24807823028964,1480
3980,udp,24807848112954,2046
3981,udp,24807882205764,1720
3982,udp,24807911050764,1981
3983,udp,24807944128374,2048
3985,udp,24807978160434,2253
3986,udp,24808015549494,1788
3987,udp,24808045522374,2383
3988,udp,24808085051364,2128
3989,udp,24808120399674,1795
3990,udp,24808150467324,2223
3991,udp,24808187423754,1931
3992,udp,24808219660134,2051
3993,udp,24808253753754,2022
3994,udp,24808287457674,1581
3995,udp,24808314078954,2002
3997,udp,24808347511884,1980
3998,udp,24808380503634,1705
3999,udp,24808384917594,1443
4000,udp,24808432984434,1993
4001,udp,24808466220894,1701
4002,udp,24808494782754,1834
4003,udp,24808525476804,1640
4004,udp,24808553051454,1828
4005,udp,24808583677374,2228
4006,udp,24808620666294,1570
4007,udp,24808647139884,1916
4009,udp,24808679125524,1743
4010,udp,24808708355544,1979
4011,udp,24808741351254,1517
4012,udp,24808766960034,1833
4013,udp,24808797610614,2151
4014,udp,24808833386514,2060
4015,udp,24808867706484,2008
4016,udp,24808901165064,1708
4017,udp,24808929835194,2002
4018,udp,24808963210344,2009
4019,udp,24808996730664,1888
4021,udp,24809028294204,1741
4022,udp,24809057455554,1904
4023,udp,24809089342824,2282
4024,udp,24809127181704,1695
4025,udp,24809155622604,2213
4026,udp,24809192388774,1959
4027,udp,24809225040954,1966
4028,udp,24809257824534,2343
4029,udp,24809296708314,2371
4030,udp,24809335954164,1893
4031,udp,24809367611124,2229
3768,tcp,24809428804914,4504
3780,tcp,24809477255514,4085
3792,tcp,24809574129354,4433
3804,tcp,24809622581124,4573
3816,tcp,24809719487544,4565
3828,tcp,24809767991604,4393
4033,udp,24809840638524,2023
4034,udp,24809874313374,2435
4035,udp,24809914652004,1793
4036,udp,24809944728474,2010
4037,udp,24809978197224,1911
4038,udp,24810010150194,2810
4039,udp,24810056370864,2140
4040,udp,24810092038494,1909
4041,udp,24810123862944,2533
4042,udp,24810165715644,2385
4043,udp,24810205231314,2356
4044,udp,24810292785924,5891
4045,udp,24810340962564,2110
4046,udp,24810376111794,2581
4047,udp,24810418730034,1997
4048,udp,24810452047764,2514
4049,udp,24810493587174,2185
4050,udp,24810529897044,1628
4051,udp,24810557266134,1920
4052,udp,24810589317294,1659
4053,udp,24810617228994,2112
4054,udp,24810652365084,2104
4055,udp,24810663125844,1395
4056,udp,24810758934264,5649
4057,udp,24810779096244,1322
4058,udp,24810825274974,1960
4059,udp,24810857938044,2166
4060,udp,24810893957304,1590
4061,udp,24810920769384,2023
4062,udp,24810954446124,1741
4063,udp,24810983648784,1981
4064,udp,24811016689494,2144
4065,udp,24811052358924,1616
4067,udp,24811079544594,1583
4068,udp,24811178887044,7304
4069,udp,24811201828134,1318
4070,udp,24811223685984,832
4071,udp,24811262049654,1712
4072,udp,24811266533904,1361
4073,udp,24811313365494,1695
4074,udp,24811341857514,1914
4075,udp,24811349592114,1115
4076,udp,24811368235704,1213
4077,udp,24811412652504,1511
4078,udp,24811438165434,2498
4079,udp,24811455239424,828
4080,udp,24811590465594,8131
4081,udp,24811602914394,1274
4082,udp,24811624112724,568
4083,udp,24811633977624,1399
4084,udp,24811657140384,1028
4085,udp,24811674421284,897
4086,udp,24811689579714,1146
4087,udp,24811708757364,790
4088,udp,24811722203544,1215
4089,udp,24811766593254,1819
4090,udp,24811772886234,657
4091,udp,24811784174844,764
4092,udp,24811918363314,8467
4093,udp,24811936157394,1414
4094,udp,24811959559554,1387
4095,udp,24812006786694,1532
4096,udp,24812008385634,861
4097,udp,24812022989934,869
4098,udp,24812086217094,1446
4099,udp,24812110145034,744
4100,udp,24812122832514,852
4101,udp,24812161474374,1664
4102,udp,24812165153844,519
4103,udp,24812174301354,1369
4104,udp,24812318143854,8504
4105,udp,24812360810244,2056
4106,udp,24812370820944,1177
4107,udp,24812390508804,1271
4108,udp,24812435866644,1535
4109,udp,24812437494654,1197
4110,udp,24812457506874,788
4111,udp,24812470956924,728
4112,udp,24812483340114,1065
4113,udp,24812525428884,1487
4114,udp,24812526221424,976
4115,udp,24812566893234,1669
4116,udp,24812643461724,5226
4117,udp,24812681104764,2334
4118,udp,24812695519524,1245
4119,udp,24812740444374,1589
4120,udp,24812767183914,1870
4121,udp,24812798469984,1810
4122,udp,24812828772264,2379
4123,udp,24812843992344,1282
4124,udp,24812889519204,1630
4125,udp,24812916927084,2166
4126,udp,24812928664074,1336
4127,udp,24812975145744,2329
4128,udp,24813086379804,6443
4129,udp,24813095536584,1134
4130,udp,24813138736314,2096
4131,udp,24813173610324,1950
4132,udp,24813206227314,2255
4133,udp,24813243566154,1838
4134,udp,24813274355514,1615
4135,udp,24813301504374,2520
4136,udp,24813343151784,1553
4137,udp,24813369323694,2711
4138,udp,24813414057024,1627
4139,udp,24813441471564,1779
4140,udp,24813519723774,5340
4141,udp,24813534878694,1284
4142,udp,24813580513644,2574
4143,udp,24813623062674,1812
4144,udp,24813653387634,1871
4145,udp,24813684613764,2369
4146,udp,24813723848274,2070
4147,udp,24813758318364,2684
4148,udp,24813778483044,1380
4149,udp,24813825503094,2007
4150,udp,24813858945564,2636
4151,udp,24813878227344,1457
4152,udp,24813999272934,6656
4153,udp,24814011955554,1458
4154,udp,24814060397334,1502
4155,udp,24814085567904,2905
4156,udp,24814109155104,1368
4157,udp,24814156184334,2797
4158,udp,24814202155344,2035
4159,udp,24814236154014,1604
4160,udp,24814263147984,2572
4161,udp,24814305634194,1603
4162,udp,24814332574794,2609
4163,udp,24814375710354,2520
4164,udp,24814490035284,6720
4165,udp,24814527864804,2552
4166,udp,24814569961224,1930
4167,udp,24814602196704,2804
4168,udp,24814648423044,1664
4169,udp,24814676468484,1742
4170,udp,24814705642884,2532
4171,udp,24814747462824,1923
4172,udp,24814779605424,2930
4173,udp,24814827859284,2341
4174,udp,24814866627864,1935
4175,udp,24814898941644,2921
4176,udp,24814995442704,5866
3840,tcp,24815019028824,4193
4177,udp,24815091719124,2606
4178,udp,24815134805274,2646
4179,udp,24815178471834,2787
4180,udp,24815224392444,2755
4181,udp,24815269815354,2510
4182,udp,24815311386444,2576
4183,udp,24815353867524,2811
4184,udp,24815400251724,2879
4185,udp,24815447597754,2766
4186,udp,24815493212454,2637
4187,udp,24815536825914,2606
4188,udp,24815652436224,6150
4189,udp,24815681141814,2632
4190,udp,24815724604524,2454
4191,udp,24815765255994,2556
4192,udp,24815807485254,2470
4193,udp,24815848313124,2875
4194,udp,24815895708204,2854
4195,udp,24815942647614,2038
4196,udp,24815977285374,2697
4197,udp,24816021782364,2539
4198,udp,24816063737214,2848
4199,udp,24816110663034,2793
4200,udp,24816205199304,5592
4201,udp,24816248617914,2241
4202,udp,24816285920124,2332
4203,udp,24816324548124,2879
4204,udp,24816371911794,2617
4205,udp,24816415095504,1695
4206,udp,24816443604084,2318
4207,udp,24816482105724,1580
4208,udp,24816508621164,2722
4209,udp,24816553503624,2629
4210,udp,24816596993874,1655
4211,udp,24816624762744,1801
4212,udp,24816751802154,7433
4213,udp,24816777415524,1824
4214,udp,24816807923184,1975
4215,udp,24816840841134,1684
4216,udp,24816869108514,1733
4217,udp,24816898250064,1610
4218,udp,24816925355904,2066
4219,udp,24816959703504,1607
4220,udp,24816986740494,1590
4221,udp,24817013555724,1672
4222,udp,24817017357054,1362
4223,udp,24817064238504,1590
4224,udp,24817187959074,7420
4225,udp,24817213278684,1494
4226,udp,24817214211534,1113
4227,udp,24817233560544,574
4228,udp,24817267797984,2180
4229,udp,24817304074464,1495
4230,udp,24817329278244,1739
4231,udp,24817358462904,1964
4232,udp,24817367018664,1136
4233,udp,24817410189324,2345
4234,udp,24817424839434,1178
4235,udp,24817444521804,1217
4236,udp,24817610114874,8926
4237,udp,24817611618504,458
4238,udp,24817619768364,1074
4239,udp,24817637726334,999
4240,udp,24817654532934,1308
4241,udp,24817676235894,1132
4242,udp,24817695164604,1385
4243,udp,24817742331534,1507
4244,udp,24817743545184,849
4245,udp,24817757952924,1377
4246,udp,24817780795734,1203
4247,udp,24817800789864,1303
4248,udp,24817943579454,8313
4249,udp,24817958978904,1403
4250,udp,24817982216724,1325
4251,udp,24818004228654,1391
4252,udp,24818027288904,505
4253,udp,24818060405304,1676
4254,udp,24818064302664,1305
4255,udp,24818085996444,1441
4256,udp,24818109920334,1436
4257,udp,24818134290264,625
4258,udp,24818169319704,1799
4259,udp,24818175227484,1300
4260,udp,24818318042094,8711
4261,udp,24818339723004,1278
4262,udp,24818360968584,643
4263,udp,24818396336154,1917
4264,udp,24818428297854,1669
4265,udp,24818432136354,1040
4266,udp,24818449618584,1202
4267,udp,24818469604524,1447
4268,udp,24818493606264,1347
4269,udp,24818515912944,1359
4270,udp,24818538501864,1090
4271,udp,24818556690684,1447
4272,udp,24818726011374,9239
4273,udp,24818756790204,1481
4274,udp,24818757512364,1343
4275,udp,24818804127054,1691
4276,udp,24818808214854,960
4277,udp,24818824414764,1391
4278,udp,24818871696624,1606
4279,udp,24818874487524,1456
4280,udp,24818898619494,1455
4281,udp,24818922721224,1194
4282,udp,24818942618604,874
4283,udp,24818957398134,1336
4284,udp,24819124934754,9103
4285,udp,24819129311184,1310
4286,udp,24819151050864,1157
4287,udp,24819170340654,1290
4288,udp,24819216097464,1567
4289,udp,24819218212644,1419
4290,udp,24819265923804,1725
4291,udp,24819270640794,1311
4292,udp,24819292470384,1074
4293,udp,24819334634304,1599
4294,udp,24819337325664,1361
4295,udp,24819359925294,1140
4296,udp,24819500129724,8077
4297,udp,24819536045754,1835
4298,udp,24819542443764,1439
4299,udp,24819566276214,1124
4300,udp,24819584987484,936
4301,udp,24819600802104,1219
4302,udp,24819621125814,582
4303,udp,24819655505454,2190
4304,udp,24819667631874,1434
4305,udp,24819715568664,2029
4306,udp,24819749371944,1911
4307,udp,24819757072344,941
4308,udp,24819918275394,9284
4309,udp,24819949750284,1926
4310,udp,24819957662634,1009
4311,udp,24819974609724,1371
4312,udp,24819997342284,628
4313,udp,24820008162624,1410
4314,udp,24820031551554,1146
4315,udp,24820074979164,1500
4316,udp,24820075979424,1131
4317,udp,24820094937114,1152
4318,udp,24820114151484,1355
4319,udp,24820136684694,1180
4320,udp,24820277451714,8094
4321,udp,24820313566194,1504
4322,udp,24820314668514,1426
4323,udp,24820362606204,1494
4324,udp,24820363532934,992
4325,udp,24820380331164,1245
4326,udp,24820425244764,1727
4327,udp,24820429959954,636
4328,udp,24820465171914,1723
4329,udp,24820494102774,2149
4330,udp,24820505593794,1147
4331,udp,24820524752724,1348
4332,udp,24820668249714,8570
4333,udp,24820711983054,1542
4334,udp,24820713688554,1365
4335,udp,24820737078744,1452
4336,udp,24820761161214,1140
4337,udp,24820780141044,570
4338,udp,24820814324394,1991
4339,udp,24820823279124,1250
4340,udp,24820844085684,1129
4341,udp,24820887175794,1474
4342,udp,24820887812724,502
4343,udp,24820920991764,1507
4344,udp,24821067532824,9217
4345,udp,24821073669564,1336
4346,udp,24821095904514,1464
4347,udp,24821120119194,453
4348,udp,24821152393284,1515
4349,udp,24821177949504,1796
4350,udp,24821183766384,1150
4351,udp,24821203007304,1073
4352,udp,24821221005684,1429
4353,udp,24821268879024,1559
4354,udp,24821270889534,1461
4355,udp,24821295169014,908
4356,udp,24821431570224,8769
4357,udp,24821454233124,1139
4358,udp,24821473253544,1201
4359,udp,24821517548124,1527
4360,udp,24821518982004,951
4361,udp,24821535050244,1447
4362,udp,24821559006354,1000
4363,udp,24821575818984,1209
4364,udp,24821595965124,1262
4365,udp,24821616959154,1179
4366,udp,24821637314364,1352
4367,udp,24821659796094,1181
4368,udp,24821800589754,8392
4369,udp,24821841514194,1707
4370,udp,24821845859124,1312
4371,udp,24821867687364,1323
4372,udp,24821889669684,448
4373,udp,24821921836314,1721
4374,udp,24821950726854,1570
4375,udp,24821952956784,1138
4376,udp,24821971979004,1229
4377,udp,24821992425834,1228
4378,udp,24822012885444,1380
4379,udp,24822035760564,1146
4380,udp,24822176084424,8677
4381,udp,24822197291844,1195
4382,udp,24822217157184,1057
4383,udp,24822259144164,1577
4384,udp,24822261389484,1320
4385,udp,24822283406364,1039
4386,udp,24822300806244,1264
4387,udp,24822321855534,814
4388,udp,24822359886474,1473
4389,udp,24822360482184,1123
4390,udp,24822379303074,1373
4391,udp,24822402125634,1127
4392,udp,24822542087154,8529
4393,udp,24822560897334,1310
4394,udp,24822582658074,1247
4395,udp,24822603402534,1422
4396,udp,24822626972094,1394
4397,udp,24822650868444,600
4398,udp,24822661139244,1430
4399,udp,24822709083234,1653
4400,udp,24822712595394,1345
4401,udp,24822734926734,1269
4402,udp,24822756085824,700
4403,udp,24822792261234,1560
4404,udp,24822915465114,8536
4405,udp,24822958705704,1521
4406,udp,24822960080634,1409
4407,udp,24822983455974,523
4408,udp,24823016852454,1827
4409,udp,24823047453534,2049
4410,udp,24823057324824,1207
4411,udp,24823077425964,1427
4412,udp,24823101089754,826
4413,udp,24823139345064,1560
4414,udp,24823165657464,1485
4415,udp,24823166419674,1398
4416,udp,24823310847984,8228
4417,udp,24823324823454,937
4418,udp,24823340706294,1323
4419,udp,24823362685374,1125
4420,udp,24823381392864,1140
4421,udp,24823400431284,1393
4422,udp,24823423537074,1021
4423,udp,24823440660744,1462
4424,udp,24823464850134,988
4425,udp,24823505719314,1588
4426,udp,24823508144274,1341
4427,udp,24823530477414,594
4428,udp,24823637708814,7234
4429,udp,24823683776394,1487
4430,udp,24823684631574,1282
4431,udp,24823705959144,1443
4432,udp,24823729849284,540
4433,udp,24823763508834,1656
4434,udp,24823791332244,1511
4435,udp,24823792573524,1373
4436,udp,24823839654324,1746
4437,udp,24823844650854,787
4438,udp,24823882347714,1916
4439,udp,24823890101394,1452
4440,udp,24823986807024,5338
4441,udp,24824026172304,1939
4442,udp,24824058585174,1773
4443,udp,24824088275724,2208
4444,udp,24824100695814,961
4445,udp,24824165369454,3168
4446,udp,24824217907854,3127
4447,udp,24824269840914,3325
4448,udp,24824300691564,2711
4449,udp,24824345413734,1971
4450,udp,24824402545194,3868
4451,udp,24824466287964,3136
4452,udp,24824542669704,5717
4453,udp,24824588074524,2640
4454,udp,24824607421824,1343
4455,udp,24824678131494,3488
4456,udp,24824711604744,2276
4457,udp,24824773595304,3143
4458,udp,24824801556054,2445
4459,udp,24824842003854,1571
4460,udp,24824868509304,2660
4461,udp,24824936663064,3107
4462,udp,24824939742324,1246
4463,udp,24824984737464,1921
4464,udp,24825113711424,8821
4465,udp,24825137314374,1334
4466,udp,24825159388584,1461
4467,udp,24825183564834,279
4468,udp,24825213058464,1709
4469,udp,24825217647834,1240
4470,udp,24825238159014,1295
4471,udp,24825259712664,1409
4472,udp,24825283064874,1117
4473,udp,24825325950864,1626
4474,udp,24825353327424,1925
4475,udp,24825361184424,1113
4476,udp,24825525164064,9015
4477,udp,24825552353604,1668
4478,udp,24825556159794,1155
4479,udp,24825575410524,1212
4480,udp,24825595590144,668
4481,udp,24825607078914,910
4482,udp,24825622441914,917
4483,udp,24825662136234,1748
4484,udp,24825667274604,1391
4485,udp,24825690291294,1401
4486,udp,24825737791314,1488
4487,udp,24825762934074,1491
4488,udp,24825909288204,9242
4489,udp,24825915763164,1225
4490,udp,24825936198474,655
4491,udp,24825971712744,1599
4492,udp,24825974343714,1123
4493,udp,24825993176664,1191
4494,udp,24826013027874,1425
4495,udp,24826036631724,827
4496,udp,24826074881274,1619
4497,udp,24826126350474,3042
4498,udp,24826128413994,1273
4499,udp,24826149600444,1197
4500,udp,24826290710364,8144
4501,udp,24826327653834,1985
4502,udp,24826336508124,741
4503,udp,24826373393004,1667
4504,udp,24826377818754,1406
4505,udp,24826401133794,830
4506,udp,24826415221584,808
4507,udp,24826428943344,1256
4508,udp,24826474088514,1487
4509,udp,24826474955844,1193
4510,udp,24826519101744,1653
4511,udp,24826546913724,1941
4512,udp,24826676226174,8470
4513,udp,24826718408814,1918
4514,udp,24826750379784,2132
4515,udp,24826785850944,1595
4516,udp,24826812722244,1508
4517,udp,24826813991874,1009
4518,udp,24826855119894,1796
4519,udp,24826861030734,1168
4520,udp,24826904747604,1616
4521,udp,24826931962614,1758
4522,udp,24826937143284,789
4523,udp,24826974806574,1744
4524,udp,24827101016904,8046
4525,udp,24827136338304,1668
4526,udp,24827164357644,1863
4527,udp,24827171295924,897
4528,udp,24827210636634,1934
4529,udp,24827218700364,1168
4530,udp,24827262498054,1589
4531,udp,24827289253524,1509
3852,tcp,24827290476984,4449
3864,tcp,24827387379894,4655
3876,tcp,24827435845704,4169
3888,tcp,24827532680034,4659
3900,tcp,24827581196874,4521
3924,tcp,24827678002134,4540
3936,tcp,24827774896674,4588
3948,tcp,24827847584004,4382
3960,tcp,24827896050084,4418
3972,tcp,24827992925454,4846
3984,tcp,24828041351304,4683
3996,tcp,24828138270594,4252
4008,tcp,24828186711654,4524
4020,tcp,24828283591884,4275
4532,udp,24828356254734,1240
4533,udp,24828401128014,1932
4534,udp,24828409165374,980
4535,udp,24828425643474,1181
4536,udp,24828566517684,8162
4537,udp,24828579448614,1390
4538,udp,24828626723274,1497
4539,udp,24828652031994,1516
4540,udp,24828653328084,1306
4541,udp,24828675107634,1282
4542,udp,24828696399924,848
4543,udp,24828735004614,1696
4544,udp,24828763463694,1713
4545,udp,24828768029034,1454
4546,udp,24828816294774,1517
4547,udp,24828817589424,1276
4548,udp,24828984373644,9286
4549,udp,24828991508034,1421
4550,udp,24829015063284,1228
4551,udp,24829035521634,1281
4552,udp,24829056826254,785
4553,udp,24829094477934,1497
4554,udp,24829095475854,1463
4555,udp,24829119731754,1033
4556,udp,24829137031464,1313
4557,udp,24829158813894,791
4558,udp,24829196495994,1822
4559,udp,24829202781954,1174
4560,udp,24829343494164,8192
4561,udp,24829356942144,1447
4562,udp,24829380940554,815
4563,udp,24829418965824,1886
4564,udp,24829450453494,1496
4565,udp,24829475760684,1473
4566,udp,24829500717054,2036
4567,udp,24829510377744,931
4568,udp,24829550302464,1849
4569,udp,24829556971554,1127
4570,udp,24829600107024,1644
4571,udp,24829603459614,1443
4572,udp,24829773065514,9104
4573,udp,24829801367904,1993
4574,udp,24829834590954,1535
4575,udp,24829860487734,1615
4576,udp,24829887714084,1527
4577,udp,24829889202054,870
4578,udp,24829928165574,2211
4579,udp,24829964953164,1943
4580,udp,24829973087094,1310
4581,udp,24830019067284,1476
4582,udp,24830044082784,1721
4583,udp,24830072918154,1473
4584,udp,24830194741614,7863
4585,udp,24830227171854,1484
4586,udp,24830252273754,1474
4587,udp,24830252875854,892
4588,udp,24830292204324,1728
4589,udp,24830296990434,1216
4590,udp,24830341467804,1751
4591,udp,24830346603474,1379
4592,udp,24830369553294,1386
4593,udp,24830416654074,1609
4594,udp,24830419479714,1410
4595,udp,24830467139574,1636
4596,udp,24830567329464,6556
4597,udp,24830578309824,1260
4598,udp,24830623507824,2478
4599,udp,24830664448554,1468
4600,udp,24830689275504,2132
4601,udp,24830724809124,2471
4602,udp,24830741383434,1263
4603,udp,24830810887734,3113
4604,udp,24830838322074,1977
4605,udp,24830871327864,2638
4606,udp,24830914866714,2925
4607,udp,24830963036154,1574
4608,udp,24831086469444,7449
4609,udp,24831112306104,1703
4610,udp,24831140817024,2335
4611,udp,24831179540874,2449
4612,udp,24831195862644,1383
4613,udp,24831242994384,2417
4614,udp,24831282994164,1826
4615,udp,24831313566624,2294
4616,udp,24831351616734,2675
4617,udp,24831371515824,1235
4618,udp,24831440534664,2985
4619,udp,24831465951204,1923
4620,udp,24831570741174,7321
4621,udp,24831618190434,2465
4622,udp,24831658943334,1781
4623,udp,24831713052054,3507
4624,udp,24831746813574,1583
4625,udp,24831773468514,2302
4626,udp,24831811707984,2570
4627,udp,24831829874124,1322
4628,udp,24831876135294,2225
4629,udp,24831889003314,1200
4630,udp,24831933020784,1533
4631,udp,24831958892544,1558
4632,udp,24832082094174,7820
4633,udp,24832113802614,1934
4634,udp,24832121916564,1137
4635,udp,24832165124844,1572
4636,udp,24832191579804,1626
4637,udp,24832194659514,762
4638,udp,24832232056854,1897
4639,udp,24832239443064,1005
4640,udp,24832280514294,1465
4641,udp,24832305290034,2252
4642,udp,24832318490784,552
4643,udp,24832352288574,2038
4644,udp,24832483203474,7803
4645,udp,24832514642814,1728
4646,udp,24832543655034,2241
4647,udp,24832556584434,1305
4648,udp,24832602560214,1859
4649,udp,24832633636584,1587
4650,udp,24832660304934,2108
4651,udp,24832695409344,1787
4652,udp,24832701127134,1134
4653,udp,24832744327494,2116
4654,udp,24832755269784,1212
4655,udp,24832799710164,2000
4656,udp,24832929960144,8253
4657,udp,24832944311724,756
4658,udp,24832981511334,1727
4659,udp,24832986216444,1290
4660,udp,24833031904494,1895
4661,udp,24833063617344,2066
4662,udp,24833073915684,1076
4663,udp,24833116066194,1840
4664,udp,24833122543494,1265
4665,udp,24833167835994,1757
4666,udp,24833173043214,1230
4667,udp,24833193527214,736
4668,udp,24833327307714,8084
4669,udp,24833339003754,1334
4670,udp,24833361118284,1302
4671,udp,24833406948444,1634
4672,udp,24833410379694,729
4673,udp,24833446890534,1544
4674,udp,24833448674874,1315
4675,udp,24833470586994,1369
4676,udp,24833517526944,1503
4677,udp,24833518578054,614
4678,udp,24833553554844,2017
4679,udp,24833587113504,1673
4680,udp,24833712129624,8391
4681,udp,24833728792764,1292
4682,udp,24833774530674,1486
4683,udp,24833799617724,1511
4684,udp,24833800891764,1054
4685,udp,24833818523124,1174
4686,udp,24833838126024,1345
4687,udp,24833860485084,708
4688,udp,24833896839864,1692
4689,udp,24833900971314,1105
4690,udp,24833919514464,1390
4691,udp,24833942537544,1276
4692,udp,24834084869124,7922
4693,udp,24834118222764,1819
4694,udp,24834124450044,1249
4695,udp,24834145244454,1433
4696,udp,24834193200324,1764
4697,udp,24834198559284,951
4698,udp,24834238768674,1823
4699,udp,24834245056884,1016
4700,udp,24834286371474,1540
4701,udp,24834312336474,1465
4702,udp,24834312801414,660
4703,udp,24834348497394,2022
4704,udp,24834503332134,9080
4705,udp,24834507314994,1442
4706,udp,24834555466884,1564
4707,udp,24834557511594,523
4708,udp,24834590904474,1539
4709,udp,24834616912764,1684
4710,udp,24834620926314,1463
4711,udp,24834669438924,1537
4712,udp,24834671171694,600
4713,udp,24834705714324,1809
4714,udp,24834711792654,1334
4715,udp,24834733953984,1369
4716,udp,24834901997844,9663
4717,udp,24834915289674,1309
4718,udp,24834937036644,1226
4719,udp,24834957520644,1173
4720,udp,24834977040744,1112
4721,udp,24834995706024,1305
4722,udp,24835017322944,521
4723,udp,24835050704844,1500
4724,udp,24835076052804,1520
4725,udp,24835077382104,972
4726,udp,24835093778394,1416
4727,udp,24835141522854,1573
4728,udp,24835289147874,9036
4729,udp,24835316658354,1543
4730,udp,24835318382484,1172
4731,udp,24835362253794,1528
4732,udp,24835363715394,917
4733,udp,24835403498184,1720
4734,udp,24835408164864,1218
4735,udp,24835428400194,1138
4736,udp,24835447431684,1323
4737,udp,24835469372244,628
4739,udp,24835504461984,1601
4740,udp,24835604147694,7045
4741,udp,24835647152124,1532
4742,udp,24835648688784,714
4743,udp,24835685201784,2121
4744,udp,24835696226694,1171
4745,udp,24835715767944,1216
4746,udp,24835736072664,1393
4747,udp,24835759164864,573
4748,udp,24835793318514,1890
4749,udp,24835800686544,1325
4750,udp,24835846878774,1822
4751,udp,24835877428194,1608
4752,udp,24835977156024,7342
4753,udp,24836024917674,2115
4754,udp,24836035917474,1153
4755,udp,24836079366774,1584
4756,udp,24836106048804,1966
4757,udp,24836114629584,1247
4758,udp,24836159569104,2093
4759,udp,24836170174974,1330
4760,udp,24836216508144,1554
4761,udp,24836242720824,1968
4762,udp,24836251303764,494
4763,udp,24836284268064,2188
4764,udp,24836393371194,6508
4765,udp,24836427709974,2042
4766,udp,24836461708824,2396
4767,udp,24836477219334,1156
4768,udp,24836520705534,2944
4769,udp,24836544921204,1346
4770,udp,24836591456604,2116
4771,udp,24836626671084,1855
4772,udp,24836633461764,1101
4773,udp,24836676133554,2181
4774,udp,24836688195534,1243
4775,udp,24836733029124,1951
4776,udp,24836838333534,7106
4777,udp,24836858007714,288
4778,udp,24836887739304,2119
4779,udp,24836898694104,1297
4780,udp,24836944500144,1957
4781,udp,24836977125864,2356
4782,udp,24836991953634,1143
4783,udp,24837035275044,1900
4784,udp,24837042774024,1409
4785,udp,24837090355224,1521
4786,udp,24837116075964,1673
4787,udp,24837119933004,1086
4788,udp,24837234994944,7096
4789,udp,24837254633754,766
4790,udp,24837291913824,1723
4791,udp,24837320847744,2064
4792,udp,24837330978954,1296
4793,udp,24837376699854,2275
4794,udp,24837390264744,1018
4795,udp,24837431515074,1701
4796,udp,24837460129584,1899
4797,udp,24837467579154,1133
4798,udp,24837510746664,1876
4799,udp,24837517873494,1203
4800,udp,24837634840644,6836
4801,udp,24837674510844,2130
4802,udp,24837685693344,978
4803,udp,24837726355794,1942
4804,udp,24837734590524,1242
4805,udp,24837779487204,1988
4806,udp,24837812651754,2176
4807,udp,24837824558574,961
4808,udp,24837864973434,1701
4809,udp,24837869276514,1076
4810,udp,24837911550414,1501
4811,udp,24837936945894,1505
4812,udp,24838035007464,6669
4813,udp,24838072077744,1468
4814,udp,24838072536744,1030
4815,udp,24838114100454,1539
4816,udp,24838140099384,1729
4817,udp,24838144825644,804
4818,udp,24838182745794,2169
4819,udp,24838194568464,1104
4820,udp,24838237249254,1922
4821,udp,24838269365934,1867
4822,udp,24838276313754,926
4823,udp,24838316206434,2027
4824,udp,24838422661854,6090
4825,udp,24838450386264,1931
4826,udp,24838482658104,2199
4827,udp,24838494893784,1104
4828,udp,24838537603644,2568
4829,udp,24838580099664,1482
4830,udp,24838605147654,1849
4831,udp,24838636115754,2130
4832,udp,24838647247764,528
4833,udp,24838680718314,2251
4834,udp,24838693809624,829
4835,udp,24838732130634,1945
4836,udp,24838837278174,6766
4837,udp,24838851620304,393
4838,udp,24838882924644,2468
4839,udp,24838899490494,1143
4840,udp,24838942838274,2037
4841,udp,24838976786724,2385
4842,udp,24838992072594,1254
4843,udp,24839037134334,2278
4844,udp,24839050675284,825
4845,udp,24839088925194,1889
4846,udp,24839120493324,1539
4847,udp,24839122209444,637
4848,udp,24839230189464,6578
4849,udp,24839241492114,1125
4850,udp,24839260234704,1401
4851,udp,24839307697104,1525
4852,udp,24839309145474,572
4853,udp,24839343423684,1849
4854,udp,24839350065864,1421
4855,udp,24839397912204,1533
4856,udp,24839423721954,1772
4857,udp,24839429152374,718
4858,udp,24839465694804,1757
4859,udp,24839495161164,1616
4860,udp,24839595013914,6395
4861,udp,24839627653674,1968
4862,udp,24839636251554,656
4864,udp,24839647568874,1460
4865,udp,24839671746744,610
4866,udp,24839682310044,1417
4867,udp,24839729993484,1776
4868,udp,24839759782224,1827
4869,udp,24839790333984,1621
4870,udp,24839793349704,1223
4871,udp,24839813734704,1330
4032,tcp,24839835798384,4805
4066,tcp,24839884306494,1631
4872,udp,24840037881594,9512
4873,udp,24840048728934,1374
4874,udp,24840071531244,1458
4875,udp,24840095671944,1291
4876,udp,24840117149634,1358
4877,udp,24840139641444,638
4878,udp,24840174870684,2011
4879,udp,24840184140684,1228
4880,udp,24840204580224,1147
4881,udp,24840223758954,1090
4882,udp,24840241982784,1057
4883,udp,24840283937724,2271
4884,udp,24840442742904,10285
4885,udp,24840466017174,1328
4886,udp,24840488098674,1236
4887,udp,24840508628124,375
4888,udp,24840539705934,1931
4889,udp,24840571919814,1691
4890,udp,24840576134064,1049
4891,udp,24840593673984,1081
4892,udp,24840611751564,724
4893,udp,24840648363204,1988
4894,udp,24840681532254,1728
4895,udp,24840686265804,1317
4896,udp,24840853538544,9395
4897,udp,24840862525224,1048
4898,udp,24840880142364,1070
4899,udp,24840897990084,1330
4900,udp,24840920133504,915
4901,udp,24840935546004,988
4902,udp,24840952230294,929
4903,udp,24840992141784,1746
4904,udp,24841021327344,1628
4905,udp,24841048715514,1933
4906,udp,24841080997074,1754
4907,udp,24841086162624,1041
4908,udp,24841248991254,9240
4909,udp,24841279760274,1694
4910,udp,24841308187404,1560
4911,udp,24841334501874,1535
4912,udp,24841336109274,682
4913,udp,24841372125204,1626
4914,udp,24841375279254,1340
4915,udp,24841421720334,1887
4916,udp,24841453251024,1971
4917,udp,24841461923514,716
4918,udp,24841498395114,2161
4919,udp,24841510077924,1120
4920,udp,24841649954934,8696
4921,udp,24841695685734,1788
4922,udp,24841701382644,1309
4923,udp,24841747378134,1811
4924,udp,24841753440264,1058
4925,udp,24841795448304,1935
4926,udp,24841827751554,2097
4927,udp,24841838393964,1234
4928,udp,24841883198214,2068
4929,udp,24841893393414,1059
4930,udp,24841935356454,1724
4931,udp,24841964265174,2267
4932,udp,24842098814094,8426
4933,udp,24842140282944,2555
4934,udp,24842182471074,1669
4935,udp,24842210514174,2232
4936,udp,24842247575544,2025
4937,udp,24842257047054,991
4938,udp,24842322214344,3020
4939,udp,24842348195094,1706
4940,udp,24842376830214,2108
4941,udp,24842411875224,2031
4942,udp,24842421478314,1072
4943,udp,24842463660684,2815
4944,udp,24842631186144,8957
4945,udp,24842657444274,1632
4946,udp,24842684895894,2006
4947,udp,24842694099834,1032
4948,udp,24842735642664,2000
4949,udp,24842744750484,1184
4950,udp,24842764471284,1179
4951,udp,24842808396774,1606
4952,udp,24842811141864,604
4953,udp,24842845909494,1713
4954,udp,24842874666474,1497
4955,udp,24842875648194,1165
4956,udp,24843016386954,8132
4957,udp,24843028877694,1181
4958,udp,24843072749184,1876
4959,udp,24843104107794,1537
4960,udp,24843105713484,1374
4961,udp,24843152828034,1681
4962,udp,24843156772464,427
4963,udp,24843188665944,1967
4964,udp,24843197278854,1163
4965,udp,24843240886824,1740
4966,udp,24843270121344,1974
4967,udp,24843278827674,528
4968,udp,24843409227414,8106
4969,udp,24843445491474,2120
4970,udp,24843456484434,1399
4971,udp,24843503932074,1838
4972,udp,24843510428544,624
4973,udp,24843545453664,2036
4974,udp,24843555156564,1463
4975,udp,24843603637404,1849
4976,udp,24843634545564,1818
4977,udp,24843640697604,880
4978,udp,24843679821954,2181
4979,udp,24843716116254,1618
4980,udp,24843840272784,8656
4981,udp,24843885331374,1524
4982,udp,24843886761384,1163
4983,udp,24843930481494,1688
4984,udp,24843934546974,1104
4985,udp,24843953017314,1218
4986,udp,24843973304124,1245
4987,udp,24843994023474,591
4988,udp,24844028540364,1936
4989,udp,24844036617144,1315
4990,udp,24844058442324,1429
4991,udp,24844082135994,1097
4992,udp,24844245826374,9072
4993,udp,24844273954254,1921
4994,udp,24844281766164,1103
4995,udp,24844300203384,1099
4996,udp,24844342834854,1524
4997,udp,24844344261264,472
4998,udp,24844352661774,1364
4999,udp,24844375303074,504
5002,udp,24844384184184,865
5003,udp,24844398809634,513
5004,udp,24844504724784,6509
5005,udp,24844515070014,1104
5006,udp,24844533394824,1177
5007,udp,24844553056044,954
5008,udp,24844569127794,1346
5009,udp,24844615677594,1552
5010,udp,24844617538344,1422
5011,udp,24844641176934,1413
5012,udp,24844664585934,461
5013,udp,24844697052084,1836
5014,udp,24844703427774,1052
5015,udp,24844745327814,1504
5016,udp,24844843426464,6580
5017,udp,24844854776004,490
5018,udp,24844887636534,1932
5019,udp,24844895679024,1416
5020,udp,24844943355534,1662
5021,udp,24844971265434,1981
5022,udp,24844980119634,1048
5023,udp,24845021884134,2046
5024,udp,24845031716904,1377
5025,udp,24845078813004,1778
5026,udp,24845108587164,1891
5027,udp,24845115974724,823
5028,udp,24845226843384,7110
5029,udp,24845246710704,625
5030,udp,24845281741044,1662
5031,udp,24845309631864,2021
5032,udp,24845319140004,1052
5033,udp,24845361008994,1997
5034,udp,24845370032484,1198
5035,udp,24845414243994,1650
5036,udp,24845441996934,1666
5037,udp,24845445764424,909
5038,udp,24845485316544,1969
5039,udp,24845518359594,1496
5040,udp,24845640400404,7497
5041,udp,24845666915754,1682
5042,udp,24845670995544,977
5043,udp,24845711683824,1877
5044,udp,24845718774294,1415
5045,udp,24845742227574,1340
5046,udp,24845788671894,1507
5047,udp,24845789807784,416
5048,udp,24845821570494,1579
5049,udp,24845848244694,1484
5050,udp,24845848989984,1191
5051,udp,24845868885834,1334
5052,udp,24845987998224,6847
5053,udp,24846027822864,1689
5054,udp,24846056186634,1617
5055,udp,24846059140434,1438
5056,udp,24846107208714,1520
5057,udp,24846132855384,1547
5058,udp,24846158940354,2158
5059,udp,24846194841714,1603
5060,udp,24846221818314,1513
5061,udp,24846247374354,1569
5062,udp,24846273803934,1570
5063,udp,24846300335034,1808
5064,udp,24846403238244,6705
5065,udp,24846416580744,1399
5066,udp,24846464056554,1581
5067,udp,24846490630404,1683
5068,udp,24846518953584,1653
5069,udp,24846546706344,1797
5070,udp,24846576781554,1629
5071,udp,24846604183134,1695
5072,udp,24846632643834,1582
5073,udp,24846659356914,2249
5074,udp,24846672389004,1298
5075,udp,24846693993234,1132
5076,udp,24846809965434,6645
5077,udp,24846822180774,1325
5078,udp,24846844173894,1379
5079,udp,24846867046854,1246
5080,udp,24846887785644,1391
5081,udp,24846910825644,1412
5082,udp,24846934288284,562
5083,udp,24846968248884,1895
5084,udp,24846975678654,1163
5085,udp,24847019316324,1717
5086,udp,24847048148544,1871
5087,udp,24847055176284,920
5088,udp,24847167638934,6294
5089,udp,24847174393614,786
5090,udp,24847211978874,2360
5091,udp,24847251106824,2702
5092,udp,24847271428284,718
5093,udp,24847307963154,2940
5094,udp,24847332121314,1032
5095,udp,24847373642094,2625
5096,udp,24847417024884,2891
5097,udp,24847440400044,851
5098,udp,24847503279714,3194
5099,udp,24847532079354,1527
5100,udp,24847630524954,6101
5101,udp,24847658441154,2440
5102,udp,24847674560424,818
5103,udp,24847736871474,3568
5104,udp,24847747393824,948
5105,udp,24847787608434,2669
5106,udp,24847831654614,2917
5107,udp,24847855485984,1429
5108,udp,24847903314504,2823
5109,udp,24847949923344,1594
5110,udp,24847977009924,2211
5111,udp,24848013380274,2886
5112,udp,24848133604164,7056
5113,udp,24848176852224,2260
5114,udp,24848190099144,1165
5115,udp,24848233774704,2226
5116,udp,24848270713404,1995
5117,udp,24848279765514,1314
5118,udp,24848325880794,2401
5119,udp,24848341355394,1269
5120,udp,24848386762644,2137
5121,udp,24848422349904,2223
5122,udp,24848434910754,880
5123,udp,24848474004954,2746
5124,udp,24848592048234,7178
5125,udp,24848637121314,2288
5126,udp,24848675079264,2770
5127,udp,24848696506014,897
5128,udp,24848760171474,3339
5129,udp,24848766963684,1322
5130,udp,24848813188404,2382
5131,udp,24848852586444,2731
5132,udp,24848873393094,1449
5133,udp,24848921655054,2671
5134,udp,24848941478004,1060
5135,udp,24848983431414,2411
5136,udp,24849096073254,7270
5137,udp,24849118399284,551
5138,udp,24849152298684,2494
5139,udp,24849169258644,1366
5140,udp,24849216151434,2216
5141,udp,24849253070964,2699
5142,udp,24849273270654,1365
5143,udp,24849320145084,2398
5144,udp,24849335653614,1189
5145,udp,24849379732014,2338
5146,udp,24849418482144,2082
5147,udp,24849428842584,1180
5148,udp,24849545493654,7264
5149,udp,24849567731034,932
5150,udp,24849607660434,2115
5151,udp,24849642855564,2501
5152,udp,24849659987784,1004
5153,udp,24849725376204,4156
5154,udp,24849769549824,1551
5155,udp,24849795692124,2768
5156,udp,24849865488744,3430
5157,udp,24849873832914,1342
5158,udp,24849944553924,4229
5159,udp,24849989894394,1565
5160,udp,24850088942724,7158
5161,udp,24850133847594,2781
5162,udp,24850155375774,1398
5163,udp,24850202744574,2177
5164,udp,24850214700534,1374
5165,udp,24850261710774,2188
5166,udp,24850298049354,1991
5167,udp,24850307033514,1073
5168,udp,24850349231274,2229
5169,udp,24850362020634,435
5170,udp,24850442453544,4845
5171,udp,24850498218804,3975
5172,udp,24850587909834,5178
5173,udp,24850624702284,1942
5174,udp,24850657140534,1593
5175,udp,24850659714714,1367
5176,udp,24850706656104,1727
5177,udp,24850711364904,1444
5178,udp,24850759545774,1692
5179,udp,24850787929164,1784
5180,udp,24850793565414,1013
5181,udp,24850834928244,2064
5182,udp,24850869210324,1924
5183,udp,24850877112864,1169
5184,udp,24850993508694,7383
5185,udp,24851017693674,618
5186,udp,24851028372894,943
5187,udp,24851044296864,924
5188,udp,24851059846704,1216
5189,udp,24851104350084,1518
5190,udp,24851105710074,1039
5191,udp,24851123179164,1033
5192,udp,24851140512174,980
5193,udp,24851156958954,1020
5194,udp,24851198371194,1733
5195,udp,24851203203024,605
5196,udp,24851310605964,7101
5197,udp,24851330240904,1059
5198,udp,24851372243994,1481
5199,udp,24851397276324,1598
5200,udp,24851399917014,1214
5201,udp,24851420211384,923
5202,udp,24851435746824,1050
5203,udp,24851453405454,1108
5204,udp,24851496127644,1659
5205,udp,24851499762114,1336
5206,udp,24851521962954,1351
5207,udp,24851544333894,1374
5208,udp,24851664109314,7338
5209,udp,24851687526504,1354
5210,udp,24851710008414,813
5211,udp,24851723765094,1058
5212,udp,24851741486544,1125
5213,udp,24851760285744,1214
5214,udp,24851804745384,1852
5215,udp,24851811508164,669
5216,udp,24851822996034,1171
5217,udp,24851842536834,1039
5218,udp,24851859970734,1081
5219,udp,24851902289094,1507
5220,udp,24852000437784,7085
5221,udp,24852019843134,1123
5222,udp,24852038628384,1188
5223,udp,24852058426134,1337
5224,udp,24852080646324,1458
5225,udp,24852104811774,364
5226,udp,24852111380424,1274
5227,udp,24852132549684,1059
5228,udp,24852174514524,1610
5229,udp,24852201645654,1571
5230,udp,24852203842734,833
5231,udp,24852218029794,1226
5232,udp,24852359619414,8290
5233,udp,24852398837544,1553
5234,udp,24852400720704,1217
5235,udp,24852421034604,800
5236,udp,24852434687784,1118
5237,udp,24852453359994,941
5238,udp,24852469180464,1350
5239,udp,24852491597214,913
5240,udp,24852507158214,1364
5241,udp,24852529624914,844
5242,udp,24852544055334,1178
5243,udp,24852563582544,1223
5244,udp,24852680861724,7377
5245,udp,24852729186594,1472
5246,udp,24852729776994,789
5247,udp,24852743269794,945
5248,udp,24852759190794,906
5250,udp,24852774490614,1097
5251,udp,24852792867534,481
5252,udp,24852801325464,1223
5253,udp,24852845939904,2198
5254,udp,24852882491604,2832
5255,udp,24852904921854,771
5256,udp,24853039162794,8493
5257,udp,24853057410474,1148
5258,udp,24853100811984,2520
5259,udp,24853142455704,1669
5260,udp,24853146280794,648
5261,udp,24853157466444,896
5262,udp,24853172588154,1094
5263,udp,24853215135834,1468
5264,udp,24853215668184,1338
5265,udp,24853262187654,1843
5266,udp,24853268769984,478
5267,udp,24853277226654,1053
5268,udp,24853416042564,8681
5269,udp,24853461572484,2040
5270,udp,24853471288074,892
5271,udp,24853510561734,1763
5272,udp,24853515881814,1193
5273,udp,24853560158034,1564
5274,udp,24853586436324,1525
5275,udp,24853587890814,1350
5276,udp,24853610332314,1155
5277,udp,24853629589434,1030
5278,udp,24853646835954,1370
5279,udp,24853693819104,1618
5280,udp,24853817982114,7539
5281,udp,24853820926374,1279
5282,udp,24853842203814,1029
5283,udp,24853883740344,1466
5284,udp,24853884222744,1345
5285,udp,24853906602594,1103
5286,udp,24853949297964,1719
5287,udp,24853953891744,545
5288,udp,24853987644714,1746
5289,udp,24853992698844,1175
5290,udp,24854036528034,1515
5291,udp,24854062097574,1742
5292,udp,24854164069374,6989
5293,udp,24854206138524,1484
5294,udp,24854231283354,1514
5295,udp,24854232534084,1441
5296,udp,24854256411624,1222
5297,udp,24854276796624,480
5298,udp,24854285268864,1288
5299,udp,24854306643594,1137
5300,udp,24854325645834,1036
5301,udp,24854367267594,1482
5302,udp,24854368061574,601
5303,udp,24854402736414,2110
5304,udp,24854486264964,5449
5305,udp,24854527421604,1755
5306,udp,24854556873294,1772
5307,udp,24854586556914,1666
5308,udp,24854614557534,1751
5309,udp,24854619670074,1275
5310,udp,24854665133754,1890
5311,udp,24854696711514,2161
5312,udp,24854732622504,2088
5313,udp,24854767412814,1766
5314,udp,24854772744234,1440
5315,udp,24854820849504,2091
5316,tcp,24854879874384,4591
5317,udp,24854933489814,1831
5318,udp,24854964126804,1873
5319,udp,24854971159764,1385
5320,udp,24855018352164,2134
5321,udp,24855053823774,2074
5322,udp,24855088405014,1922
5323,udp,24855120466254,1819
5324,udp,24855150887604,1767
5325,udp,24855180531894,2126
5326,udp,24855215886324,1837
5327,udp,24855246604944,1882
5328,udp,24855326536734,5335
5329,udp,24855365876364,1731
5330,udp,24855394888314,2387
5331,udp,24855434418204,2079
5332,udp,24855469035894,1853
5333,udp,24855500076174,1826
5334,udp,24855530582844,1723
5335,udp,24855559547274,2189
5336,udp,24855595883784,2100
5337,udp,24855630818544,1937
5338,udp,24855663161214,1917
5339,udp,24855670956474,1439
5340,tcp,24855743267784,4394
5341,udp,24855793682184,1783
5342,udp,24855823572534,1791
5343,udp,24855853542084,2087
5344,udp,24855888265974,1479
5345,udp,24855913258884,2027
5346,udp,24855947068824,1828
5347,udp,24855977618514,1829
5348,udp,24856008283134,1823
5349,udp,24856014536964,1255
5350,udp,24856059649374,1973
5351,udp,24856092641304,1537
5352,udp,24856166988864,5122
5353,udp,24856202916144,1794
5354,udp,24856208700354,1221
5355,udp,24856253370144,2024
5356,udp,24856287009624,1864
5357,udp,24856318311354,1593
5358,udp,24856345046394,2166
5359,udp,24856356758274,1324
5360,udp,24856402962654,2071
5361,udp,24856437474414,1650
5362,udp,24856440985764,1449
5363,udp,24856489180044,1621
5364,tcp,24856540675884,4326
5365,udp,24856588995804,1924
5366,udp,24856621103844,1949
5367,udp,24856653615174,1729
5368,udp,24856682617674,1681
5369,udp,24856710911514,1605
5370,udp,24856737952554,2088
5371,udp,24856772658264,1733
5372,udp,24856801737894,1768
5373,udp,24856831384254,1582
5374,udp,24856833732714,596
5375,udp,24856916778414,4740
5376,udp,24857043503724,8285
5377,udp,24857058484314,1461
5378,udp,24857082646434,962
5379,udp,24857098817364,1105
5380,udp,24857117304534,799
5381,udp,24857155116054,1465
5382,udp,24857179880454,1514
5383,udp,24857181171864,1348
5384,udp,24857203639914,1223
5385,udp,24857223983514,1279
5386,udp,24857245236294,906
5387,udp,24857260551414,1441
5388,udp,24857381304774,7029
5389,udp,24857399844234,1249
5390,udp,24857420599404,1419
5391,udp,24857468373654,1785
5392,udp,24857474066244,550
5393,udp,24857507856744,1693
5394,udp,24857536395564,1596
5395,udp,24857563186764,1485
5396,udp,24857588270664,1762
5397,udp,24857593624224,622
5398,udp,24857628576264,2107
5399,udp,24857639428464,1351
5400,udp,24857758732014,6054
5401,udp,24857785887624,1703
5402,udp,24857790231474,629
5403,udp,24857849544444,3244
5404,udp,24857854867584,889
5405,udp,24857894140074,2484
5406,udp,24857935246224,2639
5407,udp,24857954614224,1369
5408,udp,24858025736904,3681
5409,udp,24858062418294,2028
5410,udp,24858096107004,2928
5411,udp,24858168496884,3086
5412,udp,24858292468914,7537
5413,udp,24858319675824,2872
5414,udp,24858342711684,1320
5415,udp,24858388856394,1891
5416,udp,24858420476904,2011
5417,udp,24858429748884,1110
5418,udp,24858472579794,2073
5419,udp,24858507059334,1491
5420,udp,24858507948984,1440
5421,udp,24858556140744,1518
5422,udp,24858557464824,770
5423,udp,24858594853074,1684
5424,udp,24858720104454,7500
5425,udp,24858746639604,1599
5426,udp,24858773654634,1668
5427,udp,24858777441924,687
5428,udp,24858813443184,2146
5429,udp,24858825110064,1310
5430,udp,24858870893694,2165
5431,udp,24858906860124,1935
5432,udp,24858914944824,1116
5433,udp,24858957803454,2715
5434,udp,24859002600054,1465
5435,udp,24859027388664,1904
5436,udp,24859156100724,7896
5437,udp,24859164804624,412
5438,udp,24859196441424,2173
5439,udp,24859208276334,1277
5440,udp,24859253780244,1539
5441,udp,24859279743174,1797
5442,udp,24859285576344,595
5443,udp,24859320142374,2252
5444,udp,24859333277964,1282
5445,udp,24859378849464,1832
5446,udp,24859409481324,2224
5447,udp,24859422178164,971
5448,udp,24859535459814,7279
5449,udp,24859557974214,817
5450,udp,24859596102714,2137
5451,udp,24859631592054,2674
5452,udp,24859651530834,902
5453,udp,24859690990164,2476
5454,udp,24859731902094,2287
5455,udp,24859745602704,1255
5456,udp,24859790759124,1962
5457,udp,24859799243694,1399
5458,udp,24859846673604,1844
5459,udp,24859877506254,1644
5460,udp,24859977807474,7012
5461,udp,24860020328244,2114
5462,udp,24860055500244,2138
5463,udp,24860091060864,2004
5464,udp,24860124456624,2118
5465,udp,24860159674434,2603
5466,udp,24860226884094,3197
5467,udp,24860231474724,1405
5468,udp,24860279000124,2275
5469,udp,24860292509484,1260
5470,udp,24860337715134,2109
5471,udp,24860372819004,1661
5472,udp,24860497590774,8126
5473,udp,24860534262984,1662
5474,udp,24860537966034,1242
5475,udp,24860582820954,1845
5476,udp,24860613696174,1730
5477,udp,24860618501814,844
5478,udp,24860657060244,2624
5479,udp,24860700396684,1658
5480,udp,24860728229004,1736
5481,udp,24860757353814,2258
5482,udp,24860770602084,838
5483,udp,24860809030914,2201
5484,udp,24860918292444,7266
5485,udp,24860965085154,2120
5486,udp,24861000117924,2487
5487,udp,24861016974834,931
5488,udp,24861056961384,2076
5489,udp,24861067248924,1327
5490,udp,24861113566884,2386
5491,udp,24861153099204,2048
5492,udp,24861162952854,1019
5493,udp,24861204329634,1939
5494,udp,24861212435394,955
5495,udp,24861252811374,2609
5496,udp,24861368582064,7152
5497,udp,24861389067054,685
5498,udp,24861425026644,2186
5499,udp,24861437158284,1104
5500,udp,24861479738544,1617
5501,udp,24861506952114,1693
5502,udp,24861511199574,652
5503,udp,24861546632124,1908
5504,udp,24861554326674,407
5505,udp,24861634269894,4687
5506,udp,24861687467364,3473
5507,udp,24861720711654,1545
5508,udp,24861795242004,5609
5509,udp,24861814719354,1390
5510,udp,24861837780054,1249
5511,udp,24861882764664,1609
5512,udp,24861885631974,576
5513,udp,24861919869594,1771
5514,udp,24861925287864,1271
5515,udp,24861946467474,1256
5516,udp,24861967374294,1450
5517,udp,24861991356594,363
5518,udp,24862022220204,1652
5519,udp,24862025757204,1197
5520,udp,24862142589084,5968
5521,udp,24862144075614,941
5522,udp,24862160077524,1082
5523,udp,24862178125134,1306
5524,udp,24862199823144,852
5525,udp,24862214244204,1032
5526,udp,24862231538874,1333
5527,udp,24862253701284,890
5528,udp,24862292945694,1656
5529,udp,24862296539844,918
5530,udp,24862312091934,1071
5531,udp,24862329994014,1241
5532,udp,24862447598634,7204
5533,udp,24862468934034,1457
5534,udp,24862517249904,1725
5535,udp,24862521980844,1125
5536,udp,24862540787334,1375
5537,udp,24862563635904,872
5538,udp,24862578313554,1321
5539,udp,24862600236924,984
5540,udp,24862616751384,901
5541,udp,24862632095484,1242
5542,udp,24862652651934,726
5543,udp,24862665109194,1246
5544,udp,24862758494994,5491
5545,udp,24862776142284,1125
5546,udp,24862794887124,1441
5547,udp,24862818740094,564
5548,udp,24862852853244,2063
5549,udp,24862862938284,1240
5550,udp,24862907798694,1667
5551,udp,24862935819294,1736
5552,udp,24862940688114,932
5553,udp,24862980639024,2190
5554,udp,24862992781194,844
5555,udp,24863031343224,1526
5556,udp,24863105525184,5384
5557,udp,24863121629694,421
5558,udp,24863153222304,1780
5559,udp,24863158838934,845
5560,udp,24863197419774,1879
5561,udp,24863228799084,2113
5562,udp,24863239752894,1054
5563,udp,24863281623414,2130
5564,udp,24863317024284,1555
5565,udp,24863343292944,1914
5566,udp,24863375233134,2173
5567,udp,24863387106564,1217
5568,udp,24863480069454,5433
5569,udp,24863496697944,688
5570,udp,24863532751674,1764
5571,udp,24863562349164,1881
5572,udp,24863569569234,1087
5573,udp,24863611949244,1706
5574,udp,24863616321084,1434
5575,udp,24863640127074,1370
5576,udp,24863687053254,1657
5577,udp,24863690626524,589
5578,udp,24863725115064,1779
5579,udp,24863730705864,1376
5580,udp,24863850472284,6087
5581,udp,24863853925314,1324
5582,udp,24863875906734,1260
5583,udp,24863896943334,1326
5584,udp,24863943127194,1626
5585,udp,24863946204744,939
5586,udp,24863962057614,1308
5587,udp,24863983754094,1221
5588,udp,24864004131264,1347
5589,udp,24864026513004,1282
5590,udp,24864047763714,614
5591,udp,24864082660494,1590
5592,udp,24864157949094,5560
5593,udp,24864176623194,1182
5594,udp,24864196356774,1363
5595,udp,24864243181524,1694
5596,udp,24864271612524,1622
5597,udp,24864274654254,471
5598,udp,24864307368534,2409
5599,udp,24864322927914,1053
5600,udp,24864340523634,1457
5601,udp,24864388892064,1867
5602,udp,24864395891184,811
5603,udp,24864433883604,2082
5604,udp,24864517002024,5410
5605,udp,24864557526324,1635
5606,udp,24864585028254,1717
5607,udp,24864589589454,643
5608,udp,24864624935874,1931
5609,udp,24864632916444,954
5610,udp,24864673254894,1969
5611,udp,24864706053954,2060
5612,udp,24864716187684,1270
5613,udp,24864761479284,2500
5614,udp,24864778572174,1130
5615,udp,24864821738874,2233
5616,udp,24864907206654,5246
5617,udp,24864945123294,1524
5618,udp,24864970874994,1787
5619,udp,24864976548234,1189
5620,udp,24865020629334,1631
5621,udp,24865048113444,1491
5622,udp,24865048992384,1432
5623,udp,24865096988214,1867
5624,udp,24865104056004,1381
5625,udp,24865151127894,1957
5626,udp,24865183793484,1918
5627,udp,24865215803964,1620
5628,udp,24865291504044,5261
5629,udp,24865305400584,1009
5630,udp,24865346578824,1816
5631,udp,24865376969304,1805
5632,udp,24865383021444,1303
5633,udp,24865428866274,1915
5634,udp,24865436624814,1151
5635,udp,24865480136124,1865
5636,udp,24865511249844,2070
5637,udp,24865521428844,1233
5638,udp,24865566316074,1854
5639,udp,24865573076874,1361
5640,tcp,24865644091104,4778
5641,udp,24865676391744,1368
5642,udp,24865699100994,1243
5643,udp,24865743981384,1687
5644,udp,24865772360904,1553
5645,udp,24865798561434,1629
5646,udp,24865825997754,1866
5647,udp,24865832917854,568
5648,udp,24865867067904,2123
5649,udp,24865878116214,839
5650,udp,24865916570154,2732
5651,udp,24865961606964,2760
5652,tcp,24866031346434,4169
5653,udp,24866101328454,3819
5654,udp,24866164328634,3569
5655,udp,24866223353964,3662
5656,udp,24866283790044,3658
5657,udp,24866344217394,3298
5658,udp,24866423172324,4468
5659,udp,24866472795084,3268
5660,udp,24866526959964,3376
5661,udp,24866582923134,3669
5662,udp,24866619259554,2784
5663,udp,24866665185024,2912
5664,tcp,24866737398864,4224
5665,udp,24866808186474,3026
5666,udp,24866858482074,3079
5667,udp,24866885430414,2734
5668,udp,24866954678934,3663
5669,udp,24867015243174,3214
5670,udp,24867068607594,3237
5671,udp,24867122201244,3579
5672,udp,24867181383264,3220
5673,udp,24867210570624,2593
5674,udp,24867253382994,2800
5675,udp,24867299520594,2429
5676,tcp,24867363943674,3774
5677,udp,24867403412544,2421
5678,udp,24867467702334,3144
5679,udp,24867495720684,2805
5680,udp,24867541918314,2658
5681,udp,24867610025544,3078
5682,udp,24867636930414,2638
5683,udp,24867704681514,3698
5684,udp,24867765733014,3125
5685,udp,24867817667964,3002
5686,udp,24867843354774,2741
5687,udp,24867888545844,2665
5688,tcp,24867956694024,4171
5689,udp,24868002548394,2201
5690,udp,24868039082364,2639
5691,udp,24868082663064,2850
5692,udp,24868129590954,2560
5693,udp,24868196127594,3611
5694,udp,24868255771494,3271
5695,udp,24868310023044,3458
5696,udp,24868367232624,3483
5697,udp,24868424847564,3453
5698,udp,24868457766144,2721
5699,udp,24868502639514,2575
5700,tcp,24868569394044,4038
5701,udp,24868613104614,2225
5702,udp,24868650055464,2644
5703,udp,24868717916724,3035
5704,udp,24868768352454,2966
5705,udp,24868793487744,2795
5706,udp,24868863770094,3275
5707,udp,24868893814974,2604
5708,udp,24868961061534,3571
5709,udp,24869020116294,3097
5710,udp,24869047331754,2824
5711,udp,24869093831514,2646
5712,tcp,24869161738944,4389
5713,udp,24869212122564,2157
5714,udp,24869247977484,2276
5715,udp,24869285699004,2744
5716,udp,24869330960274,2555
5717,udp,24869373168924,2755
5718,udp,24869442814794,3432
5719,udp,24869499600474,3178
5720,udp,24869552384664,3437
5721,udp,24869609237304,3678
5722,udp,24869645756784,2935
5723,udp,24869694195414,2744
5724,tcp,24869763533664,4612
5725,udp,24869817439704,2441
5726,udp,24869857854924,2608
5727,udp,24869900936304,2473
5728,udp,24869941853274,2919
5729,udp,24870014123004,3164
5730,udp,24870066607134,3207
5731,udp,24870119817564,3242
5732,udp,24870173583924,2946
5733,udp,24870222588744,3560
5734,udp,24870281520294,3033
5735,udp,24870307700304,2819
5736,tcp,24870378293874,4200
5737,udp,24870424592484,2721
5738,udp,24870469465044,2159
5739,udp,24870505341564,2476
5740,udp,24870546305694,2631
5741,udp,24870589748604,2610
5742,udp,24870632860224,2727
5743,udp,24870702041334,3518
5744,udp,24870760232724,3162
5745,udp,24870812750424,3264
5746,udp,24870866832054,3447
5747,udp,24870923916894,3243
5748,tcp,24870977637624,4825
5750,udp,24871059159894,2955
5751,udp,24871108415994,2969
5752,udp,24871133513754,2618
5753,udp,24871176768024,2765
5754,udp,24871222331154,2557
5755,udp,24871264632954,2781
5756,udp,24871310472114,2832
5757,udp,24871357086174,2498
5758,udp,24871398404364,2687
5759,udp,24871442739804,2303
5760,udp,24871529378034,5366
5761,udp,24871569232104,2884
5762,udp,24871616730594,2532
5763,udp,24871682798964,3538
5764,udp,24871717052694,2450
5765,udp,24871757591844,2890
5766,udp,24871829418414,3300
5767,udp,24871859850564,2557
5768,udp,24871926331494,3482
5769,udp,24871959762354,2822
5770,udp,24872006219454,2696
5771,udp,24872074936524,3117
5772,udp,24872175157464,5944
5773,udp,24872200546014,2725
5774,udp,24872245478604,2481
5775,udp,24872286532644,2556
5776,udp,24872328791244,2519
5777,udp,24872370406434,2714
5778,udp,24872439418164,3030
5779,udp,24872465547054,2514
5780,udp,24872507125434,2824
5781,udp,24872577965694,3217
5782,udp,24872607103824,2511
5783,udp,24872672793924,3805
5784,udp,24872759747244,5795
5785,udp,24872830664274,3098
5786,udp,24872882129424,3375
5787,udp,24872913791964,2507
5788,udp,24872979499524,3487
5789,udp,24873012951714,2612
5790,udp,24873080332914,3354
5791,udp,24873135861654,3403
5792,udp,24873167952684,2644
5793,udp,24873235849404,3402
5794,udp,24873267909114,2520
5795,udp,24873333797304,3471
5796,udp,24873415469334,5526
5797,udp,24873457873374,2439
5798,udp,24873498220104,2856
5799,udp,24873545302884,2397
5800,udp,24873609190104,3315
5801,udp,24873664168944,3513
5802,udp,24873697971144,2648
5803,udp,24873765923214,3406
5804,udp,24873798098934,2242
5805,udp,24873859511424,3291
5806,udp,24873914054574,3571
5807,udp,24873948911124,2846
5808,udp,24874044243894,5870
5809,udp,24874092151614,2518
5810,udp,24874157957004,3158
5811,udp,24874210385784,3308
5812,udp,24874241017374,2308
5813,udp,24874303484394,3321
5814,udp,24874334307144,2941
5815,udp,24874406946234,3013
5816,udp,24874457010894,3331
5817,udp,24874487927874,2612
5818,udp,24874555289634,3358
5819,udp,24874586727984,2464
5820,udp,24874700208444,6027
5821,udp,24874726931334,2921
5822,udp,24874774980534,2571
5823,udp,24874817439654,2778
5824,udp,24874863214464,2239
5825,udp,24874900390044,2811
5826,udp,24874970932134,3009
5827,udp,24874996944474,2649
5828,udp,24875064681714,2990
5829,udp,24875090218944,2237
5830,udp,24875127338994,2510
5831,udp,24875168829714,2710
5832,udp,24875261992404,5849
5833,udp,24875333790624,3068
5834,udp,24875360591184,2767
5835,udp,24875406128394,2733
5836,udp,24875451230544,2682
5837,udp,24875495548794,2421
5838,udp,24875559928134,3281
5839,udp,24875589959514,2748
5840,udp,24875635259844,2501
5841,udp,24875676631674,2781
5842,udp,24875722461744,2465
5843,udp,24875787452544,3205
5844,udp,24875864840394,5832
5845,udp,24875912160144,2740
5846,udp,24875981587044,2973
5847,udp,24876006824034,2555
5848,udp,24876049009104,2751
5849,udp,24876094361184,2335
5850,udp,24876157271274,3506
5851,udp,24876215310924,3513
5852,udp,24876249214374,2699
5853,udp,24876318599514,3576
5854,udp,24876353443644,2528
5855,udp,24876419457114,3182
5856,udp,24876496784934,5585
5857,udp,24876539855064,2455
5858,udp,24876604754064,3140
5859,udp,24876632625084,2837
5860,udp,24876679335354,2727
5861,udp,24876748591704,3113
5862,udp,24876776098044,2646
5863,udp,24876819747144,2431
5864,udp,24876859950414,2914
5865,udp,24876907910154,2399
5866,udp,24876947803644,2636
5867,udp,24876991175094,2502
5868,udp,24877105267374,6507
5869,udp,24877139599584,2482
5870,udp,24877180691604,2560
5871,udp,24877222948314,2569
5872,udp,24877265388894,2279
5873,udp,24877303209504,2213
5874,udp,24877339968474,2160
5875,udp,24877375885764,2343
5876,udp,24877414709784,2525
5877,udp,24877456515324,2601
5879,udp,24877499444784,2105
5880,udp,24877655580294,10078
5881,udp,24877699745184,1783
5882,udp,24877705368384,1454
5883,udp,24877753720884,2174
5884,udp,24877790486964,2087
5885,udp,24877825266384,1616
5886,udp,24877852441794,2001
5887,udp,24877861540434,1300
5888,udp,24877907418384,2385
5889,udp,24877946922714,2019
5890,udp,24877980588294,1489
5891,udp,24878005732404,2112
5892,udp,24878186239104,10748
5893,udp,24878217443454,1834
5894,udp,24878248130574,2047
5895,udp,24878257977474,1270
5896,udp,24878303305704,2316
5897,udp,24878341826964,1556
5898,udp,24878367954774,2205
5899,udp,24878404629054,1662
5900,udp,24878432512854,1776
5901,udp,24878462300964,1888
5902,udp,24878469588804,1435
5903,udp,24878517623154,2745
5904,udp,24878708219214,10892
5905,udp,24878741887854,1547
5906,udp,24878767809924,1764
5907,udp,24878797385184,1813
5908,udp,24878827820124,2180
5909,udp,24878864059524,2027
5910,udp,24878897781894,2307
5911,udp,24878936117034,2091
5912,udp,24878946608784,878
5913,udp,24878985669234,2850
5914,udp,24879032657694,1864
5915,udp,24879040226334,1444
5916,udp,24879233715444,11128
5917,udp,24879270989214,1680
5918,udp,24879299220144,1907
5919,udp,24879331120194,2134
5920,udp,24879342356694,1404
5921,udp,24879389876694,2515
5922,udp,24879407183874,1397
5923,udp,24879454580124,2226
5924,udp,24879467291814,1458
5925,udp,24879515683824,2315
5926,udp,24879554098434,1716
5927,udp,24879582887274,1894
5928,udp,24879759879024,11249
5929,udp,24879799121544,1991
5930,udp,24879832349004,2131
5931,udp,24879867746094,2284
5932,udp,24879905651304,2085
5933,udp,24879940356654,2198
5934,udp,24879976874604,2174
5935,udp,24880013024184,2191
5936,udp,24880025164914,1454
5937,udp,24880073479434,1505
5938,udp,24880098902364,1979
5939,udp,24880132084824,1496
5940,udp,24880302477594,11190
5941,udp,24880340801304,1804
5942,udp,24880371028254,1839
5943,udp,24880401751914,2139
5944,udp,24880437321174,2245
5945,udp,24880474589004,1930
5946,udp,24880506803514,2686
5947,udp,24880526945514,1384
5948,udp,24880574081574,1769
5949,udp,24880603748364,1765
5950,udp,24880609117494,1377
5951,udp,24880656126114,2749
5952,udp,24880846874994,11742
5953,udp,24880893988734,2040
5954,udp,24880927949424,1903
5955,udp,24880959776124,1644
5956,udp,24880987438524,1742
5957,udp,24881016619584,2057
5958,udp,24881050901664,2091
5959,udp,24881085690174,2649
5960,udp,24881105187684,1253
5961,udp,24881150259054,2438
5962,udp,24881166368874,868
5963,udp,24881205309084,1927
5964,udp,24881407010334,12056
5965,udp,24881435555814,1510
5966,udp,24881461007094,1755
5967,udp,24881466178944,1160
5968,udp,24881509844334,2301
5969,udp,24881548040064,2434
5970,udp,24881588478774,1788
5971,udp,24881618213694,2508
5972,udp,24881659676604,1638
5973,udp,24881687243874,2514
5974,udp,24881704583004,785
5975,udp,24881717927394,1390
5976,udp,24881934822624,12976
5977,udp,24881953805514,1081
5978,udp,24881996089404,2235
5979,udp,24882008956524,1211
5980,udp,24882029127324,1018
5981,udp,24882070415814,2129
5982,udp,24882105830274,2264
5983,udp,24882143401944,1748
5984,udp,24882172673544,2149
5985,udp,24882184210464,672
5986,udp,24882219962784,1899
5987,udp,24882227465634,1140
5988,udp,24882440301594,13064
5989,udp,24882484922694,2546
5990,udp,24882502753944,760
5991,udp,24882539952834,2115
5992,udp,24882575150574,1546
5993,udp,24882625422504,3815
5994,udp,24882688384164,3070
5995,udp,24882690921894,538
5996,udp,24882724550394,1619
5997,udp,24882727592934,1257
5998,udp,24882772737654,2055
5999,udp,24882831195984,3010
6000,udp,24883002324594,11406
6001,udp,24883044123024,1919
6002,udp,24883076165184,2057
6003,udp,24883110431334,2434
6004,udp,24883126473204,1195
6005,udp,24883170591834,2080
6006,udp,24883205210064,2707
6007,udp,24883225661664,739
6008,udp,24883262515134,2441
6009,udp,24883278666174,1063
6010,udp,24883320708054,2715
6011,udp,24883365506454,1520
6012,udp,24883560718074,12090
6013,udp,24883589749734,1851
6014,udp,24883620686514,2601
6015,udp,24883663679064,1638
6016,udp,24883691234724,1864
6017,udp,24883698194514,623
6018,udp,24883757430534,3329
6019,udp,24883788342024,2108
6020,udp,24883824129894,1946
6021,udp,24883856593164,2036
6022,udp,24883866216054,887
6023,udp,24883905418704,2407
6024,udp,24884090704584,11099
6025,udp,24884127500724,2211
6026,udp,24884164255734,2357
6027,udp,24884179019334,869
6028,udp,24884242174134,2947
6029,udp,24884266993704,2166
6030,udp,24884303008914,2185
6031,udp,24884339551524,2408
6032,udp,24884354963934,894
6033,udp,24884394339654,2908
6034,udp,24884442219474,1557
6035,udp,24884468413434,2340
6036,udp,24884652557394,10900
6037,udp,24884661969234,1118
6038,udp,24884704909134,2260
6039,udp,24884718201774,1015
6040,udp,24884759438514,2164
6041,udp,24884795406474,1966
6042,udp,24884804071674,913
6043,udp,24884843626854,2847
6044,udp,24884866346004,488
6045,udp,24884874914994,876
6048,udp,24885107768034,14030
6049,udp,24885144139104,2867
6050,udp,24885191356344,2277
6051,udp,24885229755744,2673
6052,udp,24885249660504,894
6053,udp,24885313246674,3425
6054,udp,24885345670794,1527
6055,udp,24885371457684,1549
6056,udp,24885397582704,2633
6057,udp,24885416822184,740
6058,udp,24885453709854,2511
6059,udp,24885495210024,2393
6060,udp,24885752874714,15097
6061,udp,24885782636454,2610
6062,udp,24885825743394,2700
6063,udp,24885870297444,2655
6064,udp,24885914187654,2194
6065,udp,24885926330454,1127
6066,udp,24885945187794,830
6067,udp,24885983477034,2170
6068,udp,24886019538054,2078
6069,udp,24886054118844,2312
6070,udp,24886068213294,1196
6071,udp,24886112511294,2421
6072,udp,24886346270544,14084
6073,udp,24886383529914,2389
6074,udp,24886398859524,1201
6075,udp,24886468455444,3012
6076,udp,24886494343134,1916
6077,udp,24886502089344,657
6078,udp,24886537634844,2903
6079,udp,24886585415574,2690
6080,udp,24886629801684,1565
6081,udp,24886656172854,2438
6082,udp,24886672971624,580
6083,udp,24886707299424,2485
6084,udp,24886917984294,12774
6085,udp,24886957910274,2712
6086,udp,24887026911384,3421
6087,udp,24887059333344,1720
6088,udp,24887112391854,3171
6089,udp,24887140767054,2019
6090,udp,24887174460264,2412
6091,udp,24887238599394,3088
6092,udp,24887241423684,884
6093,udp,24887329101864,4428
6094,udp,24887353855644,2720
6095,udp,24887398730544,2457
6096,udp,24887608943634,12828
6097,udp,24887625561054,445
6098,udp,24887706178644,4500
6099,udp,24887732150934,1885
6100,udp,24887763650484,2759
6101,udp,24887833407504,3135
6102,udp,24887836977264,1416
6103,udp,24887908845054,3515
6104,udp,24887942750304,2642
6105,udp,24887986396254,2430
6106,udp,24888026590704,2703
6107,udp,24888046961394,1109
6108,udp,24888283539444,14351
6109,udp,24888325055094,1610
6110,udp,24888352174614,1967
6111,udp,24888384961524,2483
6112,udp,24888401805834,1407
6113,udp,24888449355444,2453
6114,udp,24888489947244,1926
6115,udp,24888522156444,2010
6116,udp,24888555613404,2403
6117,udp,24888571214184,718
6118,udp,24888631919004,3683
6119,udp,24888668513994,2495
6121,udp,24888758223474,2399
6122,udp,24888773705274,1266
6124,udp,24888843199044,1095
6129,udp,24889007619414,2082
6135,udp,24889211782614,2823
6137,udp,24889258313964,1330
6139,udp,24889280407974,1150
6140,udp,24889348048374,3379
6141,udp,24889403987244,3801
6142,udp,24889418236854,900
6147,udp,24889578772014,1193
6148,udp,24889622899824,2188
6149,udp,24889659253974,2200
6150,udp,24889671554454,1065
6151,udp,24889713637104,1938
6152,udp,24889721744304,998
6154,udp,24889835426274,4424
6155,udp,24889883872194,1955
6157,udp,24889917156624,2385
6158,udp,24889932417024,1394
6159,udp,24889955534874,1049
6160,udp,24889997369664,1819
6161,udp,24890052109464,2966
6162,udp,24890052886074,533
6164,udp,24890086467504,1334
6165,udp,24890108670774,685
6166,udp,24890144600664,1956
6167,udp,24890153144724,738
6169,udp,24890238339804,674
6170,udp,24890249868174,472
6173,udp,24890282471574,1812
6174,udp,24890288574384,612
6175,udp,24890299191054,1005
6176,udp,24890340293334,1594
6177,udp,24890367121344,1748
6178,udp,24890420656584,3075
6179,udp,24890423219514,1075
6180,udp,24890538222954,5906
6181,udp,24890562985194,1737
6182,udp,24890567886954,777
6183,udp,24890605377174,2140
6184,udp,24890616744174,1346
6185,udp,24890663302704,2298
6186,udp,24890701405194,2610
6187,udp,24890720930424,681
6188,udp,24890756862204,2641
6189,udp,24890776229034,1067
6190,udp,24890818385304,2525
6193,udp,24890932810224,2245
6194,udp,24890945803704,1329
6195,udp,24890992114824,2230
6197,udp,24891029103294,913
6198,udp,24891068744424,2787
6199,udp,24891090427764,973
6202,udp,24891203729574,458
6206,udp,24891357169944,2754
6207,udp,24891378344064,1245
6208,udp,24891423379254,2155
6209,udp,24891434947674,1155
6210,udp,24891478421634,2009
6211,udp,24891511895964,2095
6212,udp,24891522526584,1389
6213,udp,24891569826534,1897
6214,udp,24891601482954,1734
6215,udp,24891606337554,1013
6217,udp,24891671837664,699
6218,udp,24891683781834,1442
6219,udp,24891707646594,1449
6220,udp,24891731632404,989
6221,udp,24891772511124,1506
6222,udp,24891773620104,1059
6223,udp,24891791457114,1360
6224,udp,24891813980424,1179
6225,udp,24891833669724,732
6226,udp,24891846168204,975
6227,udp,24891862601214,892
6228,udp,24891998787144,8563
6229,udp,24892042441194,1782
6230,udp,24892048030914,921
6231,udp,24892063577694,1020
6232,udp,24892080748434,994
6233,udp,24892097433174,1155
6234,udp,24892140903894,1568
6235,udp,24892143054264,645
6236,udp,24892154248194,1296
6237,udp,24892175817144,599
6238,udp,24892234635474,3727
6239,udp,24892247686194,1040
6240,tcp,24892313610744,4796
6241,udp,24892346421414,1006
6242,udp,24892363231164,974
6243,udp,24892379504784,1134
6244,udp,24892398516474,1084
6245,udp,24892416626004,1069
6246,udp,24892434512424,1060
6247,udp,24892452316314,630
6248,udp,24892487422524,1837
6249,udp,24892493911254,1322
6250,udp,24892515887634,1360
6251,udp,24892562704734,1547
6252,tcp,24892612942284,4784
6253,udp,24892669698714,1969
6254,udp,24892678242054,1066
6255,udp,24892720355304,1892
6256,udp,24892751976624,1690
6257,udp,24892756136154,1073
6258,udp,24892798326084,1862
6259,udp,24892805236644,1332
6260,udp,24892851571344,1475
6261,udp,24892876498734,1816
6262,udp,24892882667154,756
6263,udp,24892919812134,1544
6264,udp,24892994309184,4993
6265,udp,24893028369684,1599
6266,udp,24893055104094,1664
6267,udp,24893058837744,811
6268,udp,24893096835384,1729
6269,udp,24893101615104,1364
6270,udp,24893148502134,1628
6271,udp,24893175818034,1839
6272,udp,24893182401534,1277
6273,udp,24893227848114,1845
6274,udp,24893234443944,1097
6275,udp,24893277130764,1485
6276,udp,24893374820634,5947
6277,udp,24893375963184,473
6278,udp,24893408717334,1497
6279,udp,24893433952254,1586
6280,udp,24893436432924,1263
6281,udp,24893457455754,1302
6282,udp,24893479101474,610
6283,udp,24893513842104,1542
6284,udp,24893515621404,874
6285,udp,24893530460604,1324
6286,udp,24893552404764,1153
6287,udp,24893571681684,922
6288,udp,24893659937394,4968
6289,udp,24893669184714,1436
6290,udp,24893717187114,1541
6291,udp,24893743175424,2046
6292,udp,24893752970844,1003
6293,udp,24893794082034,1687
6294,udp,24893798154444,1277
6295,udp,24893843626494,1529
6296,udp,24893869445424,1807
6297,udp,24893875502514,967
6298,udp,24893916074334,2096
6299,udp,24893950893084,1976
6300,tcp,24894008134434,4784
6301,udp,24894064775754,1868
6302,udp,24894071786034,989
6303,udp,24894136834794,3066
6304,udp,24894139280274,1293
6305,udp,24894185043114,1723
6306,udp,24894213919344,1924
6307,udp,24894221812434,888
6308,udp,24894261096804,1653
6309,udp,24894264644964,1316
6310,udp,24894310742154,1809
6311,udp,24894340976934,2023
6312,udp,24894423195444,5639
6313,udp,24894467395074,2164
6314,udp,24894479215404,761
6315,udp,24894516342564,1947
6316,udp,24894548940024,2228
6317,udp,24894561593574,895
6318,udp,24894600950844,2147
6319,udp,24894612477234,1444
6320,udp,24894636316524,1174
6321,udp,24894655897284,1370
6322,udp,24894678647664,575
6323,udp,24894712834254,1538
6324,tcp,24894763039674,4494
6325,udp,24894790819974,1186
6326,udp,24894810721404,1318
6327,udp,24894832502394,1436
6328,udp,24894880476894,1799
6329,udp,24894886389264,1299
6330,udp,24894932226264,1983
6331,udp,24894965306844,1852
6332,udp,24894996258024,1952
6333,udp,24895028847294,2872
6334,udp,24895051878204,1283
6335,udp,24895097452944,2944
6336,tcp,24895170144684,4457
6337,udp,24895221596514,2185
6338,udp,24895282102164,3105
6339,udp,24895285140834,1143
6340,udp,24895352781414,3521
6341,udp,24895410925914,3596
6342,udp,24895446296814,2292
6343,udp,24895508426064,3093
6344,udp,24895511321184,1168
6345,udp,24895579291074,3510
6349,udp,24895710037764,815
6350,udp,24895748084184,2507
6351,udp,24895789478784,2639
6352,udp,24895833077844,1545
6354,udp,24895859159664,1367
6355,udp,24895905979464,2552
6356,udp,24895948158234,2853
6357,udp,24895971023094,1209
6358,udp,24896015332974,2141
6359,udp,24896026681614,1321
6362,udp,24896145531654,1292
6363,udp,24896191264884,2532
6364,udp,24896208881304,1259
6365,udp,24896254043214,2332
6366,udp,24896292695064,2519
6367,udp,24896310064434,1129
6368,udp,24896353211874,2237
6369,udp,24896366124714,1016
6370,udp,24896407426344,2164
6371,udp,24896443380894,2371
6372,tcp,24896506902084,4513
6374,udp,24896583516564,948
6377,udp,24896696301234,1013
6379,udp,24896761778934,1083
6382,udp,24896852557884,816
6383,udp,24896890627974,2928
6384,udp,24896987275284,5747
6385,udp,24897033214164,2532
6387,udp,24897099271734,777
6388,udp,24897136761234,1564
6389,udp,24897138830694,1251
6390,udp,24897159728514,1189
6391,udp,24897179507094,1435
6392,udp,24897203289774,741
6393,udp,24897240183114,1699
6394,udp,24897244425444,838
6395,udp,24897282942384,1650
6396,udp,24897359100564,5300
6397,udp,24897373630344,385
6398,udp,24897404875374,1543
6399,udp,24897406587444,876
6400,udp,24897445696314,1723
6401,udp,24897474590454,1827
6402,udp,24897480903414,1091
6403,udp,24897523451274,1795
6404,udp,24897529249164,909
6405,udp,24897544556364,1383
6406,udp,24897567504834,1445
6407,udp,24897591475434,1024
6408,udp,24897681338454,5520
6409,udp,24897723656274,1608
6410,udp,24897726425664,1061
6411,udp,24897744212544,1023
6412,udp,24897761377524,1198
6413,udp,24897781402524,1104
6414,udp,24897799819404,597
6417,udp,24897810157524,971
6418,udp,24897826528164,838
6419,udp,24897840744744,1404
6420,udp,24897960888264,6310
6421,udp,24897992167314,1751
6422,udp,24897997295244,911
6423,udp,24898036896054,1527
6424,udp,24898038412644,1459
6425,udp,24898062589704,1201
6426,udp,24898106841804,1872
6427,udp,24898113911484,717
6428,udp,24898150429614,1875
6429,udp,24898157520624,1354
6430,udp,24898204200294,2116
6431,udp,24898239389304,2447
6432,udp,24898352666814,6887
6433,udp,24898393062234,2310
6434,udp,24898407148314,1148
6435,udp,24898474738404,3742
6436,udp,24898536540414,3822
6437,udp,24898551074964,1398
6438,udp,24898622735574,3333
6439,udp,24898629471264,1038
6440,udp,24898671177084,2738
6441,udp,24898740602274,3405
6442,udp,24898748457654,1100
6443,udp,24898815249894,3044
6444,udp,24898914293544,6754
6445,udp,24898952718864,2553
6446,udp,24899019091434,3392
6447,udp,24899026765824,1033
6448,udp,24899092638444,3078
6449,udp,24899095242234,1379
6450,udp,24899142354354,2228
6451,udp,24899179334004,2212
6452,udp,24899191836624,895
6453,udp,24899255440344,3114
6454,udp,24899282910774,1681
6455,udp,24899311162314,1536
6457,udp,24899385650094,700
6458,udp,24899421732444,1510
6460,udp,24899471532774,1616
6461,udp,24899498687304,1799
6462,udp,24899504566734,1147
6463,udp,24899547935214,1835
6464,udp,24899578653924,1641
6465,udp,24899606248014,1901
6466,udp,24899638027734,1712
6467,udp,24899642493714,644
6469,udp,24899750510004,1758
6470,udp,24899755728114,1270
6471,udp,24899801105754,1721
6472,udp,24899805784404,787
6473,udp,24899843453184,1810
6474,udp,24899873759424,1566
6476,udp,24899900149044,1301
6477,udp,24899921705484,663
6478,udp,24899957327124,2232
6479,udp,24899970192444,1140
6481,udp,24900086093724,1278
6482,udp,24900107338404,618
6483,udp,24900118051824,1426
6484,udp,24900165870894,1682
6485,udp,24900169890654,701
6486,udp,24900182067384,955
6487,udp,24900197967144,954
6488,udp,24900238304064,1562
6489,udp,24900264628704,1885
6490,udp,24900271917264,1132
6491,udp,24900290804304,1297
6492,udp,24900433502454,8399
6493,udp,24900474499164,1753
6494,udp,24900479656524,1148
6495,udp,24900498820764,1350
6496,udp,24900521222124,1413
6497,udp,24900544641024,1290
6498,udp,24900566067234,1441
6499,udp,24900589901124,1209
6500,udp,24900610058964,926
6501,udp,24900649913934,1728
6502,udp,24900654668994,1159
6503,udp,24900698295504,1583
6504,udp,24900821803134,7855
6505,udp,24900829890444,1330
6506,udp,24900851970684,1090
6507,udp,24900870209094,809
6508,udp,24900908188374,1541
6509,udp,24900909899994,1186
6510,udp,24900953949054,1519
6511,udp,24900979608594,1766
6512,udp,24900984980694,1217
6513,udp,24901029483444,2053
6514,udp,24901039452024,1279
6515,udp,24901060735764,1278
6516,udp,24901203120894,7774
6517,udp,24901209865674,1332
6518,udp,24901256224134,1667
6519,udp,24901259958144,1150
6520,udp,24901279194024,1295
6521,udp,24901324938684,1618
6522,udp,24901327918764,522
6523,udp,24901361327574,1613
6524,udp,24901364237544,1444
6525,udp,24901412426244,1681
6526,udp,24901416369144,1461
6527,udp,24901440552864,823
6528,udp,24901575689034,7736
6529,udp,24901606094544,1535
6530,udp,24901607730384,1168
6531,udp,24901651440144,1626
6532,udp,24901654555944,1177
6533,udp,24901674244074,1389
6534,udp,24901697290194,1460
6535,udp,24901721416224,1112
6536,udp,24901764246594,1468
6537,udp,24901764754554,959
6538,udp,24901805196234,1624
6539,udp,24901832527704,1525
6540,udp,24901955196084,7507
6541,udp,24901957647144,1334
6542,udp,24901979830704,698
6543,udp,24902016031224,1583
6544,udp,24902018432694,1259
6545,udp,24902039413584,758
6546,udp,24902052326784,1265
6547,udp,24902073386874,1193
6548,udp,24902093282634,1174
6549,udp,24902112860874,779
6550,udp,24902198808084,4587
6551,udp,24902250376104,3873
6553,udp,24902314253874,1841
6554,udp,24902345062584,1832
6555,udp,24902375711904,1583
6556,udp,24902402424804,1509
6557,udp,24902427932154,1793
6558,udp,24902457892344,1542
6559,udp,24902483969214,1648
6560,udp,24902511624234,2208
6561,udp,24902548315884,2028
6562,udp,24902582138604,1982
6563,udp,24902615170404,1883
6565,udp,24902646595704,2155
6566,udp,24902682436854,2142
6567,udp,24902718060384,2007
6568,udp,24902751527784,1931
6569,udp,24902783782074,1749
6570,udp,24902813133324,1584
6571,udp,24902839813014,2052
6572,udp,24902873915094,2141
6573,udp,24902909527284,2031
6574,udp,24902943395994,1637
6575,udp,24902970952374,1738
6577,udp,24903000148194,1806
6578,udp,24903030287034,1864
6579,udp,24903061499394,1883
6580,udp,24903092914434,1531
6581,udp,24903118816434,1587
6582,udp,24903145518624,1803
6583,udp,24903175771854,1744
6584,udp,24903205002324,1800
6585,udp,24903235095714,1868
6586,udp,24903266398344,1784
6587,udp,24903296213364,1759
6589,udp,24903325699164,1932
6590,udp,24903357949944,1903
6591,udp,24903389761074,1867
6592,udp,24903421016544,1801
6593,udp,24903451143234,1824
6594,udp,24903481668624,1821
6595,udp,24903512188074,1788
6596,udp,24903542091024,1885
6597,udp,24903573584454,2186
6599,udp,24903634134204,2303
6601,udp,24903672350454,1714
6602,udp,24903701119314,2304
6604,udp,24903763551594,1788
6605,udp,24903793468404,1706
6607,udp,24903846367704,1949
6608,udp,24903878948604,1703
6609,udp,24903907474014,2012
6611,udp,24903965280384,2282
6613,udp,24904003145724,1888
6614,udp,24904034641764,2023
6615,udp,24904068446574,2267
6616,udp,24904106042724,1849
6617,udp,24904136940534,1734
6618,udp,24904166041764,1935
6619,udp,24904198374174,1855
6620,udp,24904229359104,1531
6622,udp,24904279379034,2036
6625,udp,24904385964774,1863
6626,udp,24904417165704,1822
6629,udp,24904496141874,1613
6630,udp,24904523223414,1711
6631,udp,24904527735564,1440
6632,udp,24904575776574,1589
6633,udp,24904602518724,1820
6634,udp,24904632993804,1933
6635,udp,24904665306234,2074
6637,udp,24904699816374,1682
6638,udp,24904728084924,1900
6639,udp,24904759799124,1822
6641,udp,24904814533974,1824
6643,udp,24904869264414,1849
6644,udp,24904900223244,2051
6645,udp,24904934436474,1762
6646,udp,24904963941264,1880
6647,udp,24904995349914,2091
6649,udp,24905030153274,1679
6652,udp,24905106798624,1451
6653,udp,24905155006584,1671
6654,udp,24905158878384,1004
6655,udp,24905199995784,1573
6656,udp,24905226446604,1492
6657,udp,24905227380354,899
6658,udp,24905266883604,1809
6659,udp,24905297161134,1720
6661,udp,24905398711284,1311
6662,udp,24905420479044,992
6663,udp,24905461345974,1655
6664,udp,24905464934364,1438
6665,udp,24905488766544,1222
6666,udp,24905509131564,1432
6667,udp,24905532840174,779
6668,udp,24905546133804,1417
6669,udp,24905569580604,1427
6670,udp,24905593211184,1012
6671,udp,24905610189234,1233
6672,udp,24905727656514,6789
6673,udp,24905742339204,1320
6674,udp,24905764260504,1137
6675,udp,24905783237724,1243
6676,udp,24905828132514,1623
6677,udp,24905831228694,714
6678,udp,24905867697864,2370
6679,udp,24905882793744,991
6680,udp,24905899383534,1323
6681,udp,24905921409774,1407
6682,udp,24905944664604,448
6683,udp,24905976873174,1749
6684,udp,24906078887634,7107
6685,udp,24906098661894,1186
6686,udp,24906118421844,1399
6687,udp,24906141627984,462
6688,udp,24906174031224,1489
6689,udp,24906174897744,1434
6690,udp,24906222978174,1674
6691,udp,24906251066274,1522
6692,udp,24906252486564,644
6693,udp,24906287863314,1782
6694,udp,24906293447094,1177
6695,udp,24906313122264,1305
6696,udp,24906431731644,6047
6697,udp,24906434522274,462
6698,udp,24906467001384,1746
6699,udp,24906496228254,1516
6700,udp,24906497552244,1182
6701,udp,24906517402284,1409
6702,udp,24906564898614,1500
6703,udp,24906590258184,1609
6704,udp,24906617359704,2087
6705,udp,24906652127064,1553
6706,udp,24906678306534,1531
6707,udp,24906679892604,528
6708,udp,24906786032034,6966
6709,udp,24906803561244,1437
6710,udp,24906827540034,1268
6711,udp,24906872755854,1470
6712,udp,24906873255984,527
6713,udp,24906906846324,1547
6714,udp,24906932873424,1474
6715,udp,24906933505314,1053
6716,udp,24906951214254,1303
6717,udp,24906972916674,1091
6718,udp,24907015369944,1599
6719,udp,24907018018824,1194
6720,udp,24907134831894,5918
6721,udp,24907159839384,1570
6722,udp,24907162057614,619
6723,udp,24907196979684,2230
6724,udp,24907209784704,1373
6725,udp,24907256774514,1777
6726,udp,24907286555064,1870
6727,udp,24907293567594,1151
6728,udp,24907337056584,2352
6729,udp,24907351777884,1370
6730,udp,24907398722694,1780
6731,udp,24907428537444,2058
6734,udp,24907535504154,1613
6735,udp,24907562729334,1970
6737,udp,24907595530554,1065
6738,udp,24907637574864,1998
6740,udp,24907695165504,1929
6741,udp,24907727324934,2086
6742,udp,24907737865374,1360
6743,udp,24907784612544,2171
6745,udp,24907869232614,1776
6747,udp,24907898912994,991
6748,udp,24907939821954,2347
6749,udp,24907978715994,1679
6750,udp,24908006918484,1506
6751,udp,24908032333494,1576
6752,udp,24908034643074,1359
6753,udp,24908081472504,1892
6754,udp,24908088829464,1265
6755,udp,24908134073454,1868
6756,udp,24908213746944,5767
6757,udp,24908235777684,319
6758,udp,24908265900234,1983
6759,udp,24908274796554,1230
6760,udp,24908319502434,1800
6761,udp,24908349629664,2162
6762,udp,24908361469974,1337
6763,udp,24908407735644,2614
6764,udp,24908426687394,1312
6765,udp,24908472733104,2162
6766,udp,24908508620694,1865
6767,udp,24908515596234,983
6768,udp,24908629043304,6881
6769,udp,24908645191554,591
6770,udp,24908679666594,1742
6771,udp,24908708926044,1891
6772,udp,24908716299024,1165
6773,udp,24908759947944,1990
6774,udp,24908768889084,1110
6775,udp,24908811672204,1573
6776,udp,24908838187374,1831
6777,udp,24908844621114,681
6778,udp,24908904788274,4025
6779,udp,24908946866874,1925
6781,udp,24908954782914,1299
6782,udp,24909000611634,1542
6783,udp,24909026559894,1953
6784,udp,24909059196234,1726
6785,udp,24909088157424,1716
6786,udp,24909116940324,1682
6787,udp,24909145224624,1665
6788,udp,24909173258904,1593
6789,udp,24909200088984,1736
6790,udp,24909229128294,1748
6791,udp,24909258442644,1689
6793,udp,24909286836114,1699
6794,udp,24909315375384,1679
6795,udp,24909343549794,1536
6796,udp,24909369505974,1795
6797,udp,24909399558594,1653
6798,udp,24909427398654,1743
6799,udp,24909456610494,1817
6800,udp,24909486971454,1566
6801,udp,24909513446844,1608
6802,udp,24909540463224,1877
6803,udp,24909571870614,1595
6805,udp,24909574444614,1447
6806,udp,24909598406214,1435
6807,udp,24909646383414,1634
6808,udp,24909673909554,1489
6809,udp,24909699015144,1901
6810,udp,24909730760754,1839
6811,udp,24909761567754,1622
6812,udp,24909788891754,1818
6813,udp,24909819336324,2250
6814,udp,24909856702794,1718
6815,udp,24909885507294,2080
6817,udp,24909920176464,1744
6818,udp,24909949363644,2043
6552,tcp,24910007593014,4871
6564,tcp,24910104579624,4518
6576,tcp,24910152956874,4385
6822,udp,24910322553054,2394
6823,udp,24910362134334,2154
6824,udp,24910398134154,2236
6825,udp,24910435095624,2221
6826,udp,24910471958274,2259
6588,tcp,24910509460374,4544
6831,udp,24910654776354,2250
6832,udp,24910692163344,2203
6833,udp,24910728763824,2063
6834,udp,24910763071554,1863
6835,udp,24910794358974,1880
6836,udp,24910825688784,2124
6837,udp,24910861028004,2413
6838,udp,24910900947414,2205
6839,udp,24910937610894,2058
6600,tcp,24910947663894,4185
6841,udp,24911020329264,1951
6842,udp,24911052881004,1969
6843,udp,24911085704814,2350
6844,udp,24911124642324,1943
6845,udp,24911157205764,1769
6846,udp,24911186711544,2313
6847,udp,24911225078904,2082
6848,udp,24911259712164,1989
6849,udp,24911292922434,2281
6850,udp,24911330768514,2118
6851,udp,24911365963644,2583
6853,udp,24911432913384,2435
6854,udp,24911473224564,2677
6855,udp,24911517407274,2375
6856,udp,24911556815934,2179
6857,udp,24911592944904,2471
6858,udp,24911633775654,2271
6859,udp,24911671458114,2106
6860,udp,24911706522114,2273
6861,udp,24911744341644,2280
6862,udp,24911782129584,2264
6863,udp,24911819660394,2456
6865,udp,24911860253364,2270
6866,udp,24911897915214,2321
6867,udp,24911936402184,2277
6868,udp,24911974192374,1898
6869,udp,24912005892354,2080
6612,tcp,24912016286364,4444
6870,udp,24912089018874,2559
6871,udp,24912131320944,2281
6872,udp,24912217557594,2400
6873,udp,24912257343354,2388
6874,udp,24912296838684,2344
6875,udp,24912335676204,2445
6636,tcp,24912351954594,4033
6877,udp,24912400335894,2102
6878,udp,24912435369564,2026
6879,udp,24912469096164,2130
6880,udp,24912504580104,1951
6881,udp,24912537107724,2043
6882,udp,24912571139784,1838
6883,udp,24912602158374,1914
6884,udp,24912633862134,1924
6885,udp,24912666082494,1500
6886,udp,24912691369344,1564
6887,udp,24912717729084,1755
6889,udp,24912747148014,1898
6890,udp,24912778857714,1902
6891,udp,24912810635724,1837
6892,udp,24912841431114,1679
6893,udp,24912918047844,1632
6648,tcp,24912921216474,3929
6895,udp,24912993936294,1858
6896,udp,24913024952634,1780
6897,udp,24913054796634,1862
6899,udp,24913110182364,1678
6780,tcp,24913114087194,4054
6901,udp,24913162659114,1675
6902,udp,24913190706264,2023
6903,udp,24913224400914,1923
6904,udp,24913256541534,1817
6907,udp,24913335369024,1908
6909,udp,24913391517324,2015
6910,udp,24913400820174,1437
6911,udp,24913448833374,1502
6792,tcp,24913449948834,4318
6913,udp,24913498495644,1724
6914,udp,24913527477984,1955
6915,udp,24913560066894,1735
6916,udp,24913589146884,1565
6917,udp,24913615580514,1729
6918,udp,24913644490224,1932
6919,udp,24913676756214,1689
6921,udp,24913729394784,1523
6922,udp,24913755067464,1743
6925,udp,24913808557974,1515
6926,udp,24913834097724,1954
6927,udp,24913866695724,1871
6928,udp,24913898014284,1645
6929,udp,24913925632314,2048
6931,udp,24913984056174,1868
6932,udp,24914015222364,2033
6934,udp,24914073352734,1958
6937,udp,24914130207804,1748
6938,udp,24914159534664,1809
6939,udp,24914189844684,1718
6940,udp,24914218619934,1575
6941,udp,24914245207914,1777
6942,udp,24914275004934,1614
6943,udp,24914302172604,1674
6804,tcp,24914378724804,4313
6949,udp,24914499811524,1851
6950,udp,24914530778544,1891
6952,udp,24914586606084,2003
6954,udp,24914644272144,1854
6956,udp,24914699442594,1902
6957,udp,24914731253274,2093
6961,udp,24914790326394,1411
6962,udp,24914837885184,1496
6963,udp,24914863173474,1936
6964,udp,24914895557544,1662
6965,udp,24914923403544,1615
6966,udp,24914950599654,1692
6967,udp,24914979066744,1664
6968,udp,24915007001844,1806
6969,udp,24915037196304,1851
6970,udp,24915068213454,1854
6971,udp,24915099245274,1678
6973,udp,24915127390164,1698
6974,udp,24915155894064,1869
6975,udp,24915211387254,3764
6977,udp,24915249314964,1489
6978,udp,24915250121364,1220
6979,udp,24915294789174,2388
6980,udp,24915310041744,1157
6981,udp,24915353621904,1565
6982,udp,24915355742304,709
6983,udp,24915367962324,1447
6984,udp,24915488749074,6640
6985,udp,24915501084294,1384
6986,udp,24915548259324,1708
6987,udp,24915552693804,528
6988,udp,24915586196934,1775
6989,udp,24915591678204,1063
6990,udp,24915633720264,1771
6991,udp,24915663411264,1647
6992,udp,24915666864204,799
6993,udp,24915704661414,1535
6994,udp,24915706283844,701
6995,udp,24915718364904,1330
6996,udp,24915813123924,5831
6997,udp,24915836164104,335
6998,udp,24915866568534,2009
6999,udp,24915875814054,1113
7000,udp,24915918640374,1815
7001,udp,24915949044534,2086
7002,udp,24915959557254,951
7003,udp,24915999769344,2533
7004,udp,24916017400884,1197
7005,udp,24916061612484,1643
7006,udp,24916089246084,1706
7007,udp,24916093615584,727
7008,udp,24916203015444,7107
7009,udp,24916222779534,733
7010,udp,24916235324904,1238
7011,udp,24916280151024,1571
7012,udp,24916282374924,529
7013,udp,24916315869504,1693
7014,udp,24916320108684,990
7015,udp,24916336749054,1402
7016,udp,24916359948264,1259
7017,udp,24916380938424,579
7018,udp,24916390955424,1360
7019,udp,24916437719874,1494
7020,udp,24916535665614,6937
7021,udp,24916552733574,977
7022,udp,24916569152364,661
7023,udp,24916580530524,1301
7024,udp,24916602164274,490
7026,udp,24916683543534,4789
7027,udp,24916689873774,1006
7028,udp,24916706731764,427
7029,udp,24916714387884,900
7030,udp,24916729562064,1268
7031,udp,24916750844544,1438
7033,udp,24916774455864,1434
7034,udp,24916822453854,1585
7035,udp,24916824882234,1458
7036,udp,24916849029684,1181
7037,udp,24916868739504,1112
7038,udp,24916887348534,1436
7039,udp,24916911118074,908
7040,udp,24916926420684,1298
7041,udp,24916948081524,1365
7042,udp,24916970664234,552
7043,udp,24917004504774,1688
7044,udp,24917081303394,5227
7045,udp,24917094691884,1202
7046,udp,24917114765664,1296
7047,udp,24917136302484,692
7048,udp,24917172369714,1615
7049,udp,24917175294354,1377
7050,udp,24917198160564,1301
7051,udp,24917219772624,922
7052,udp,24917235319044,979
7053,udp,24917251815144,1464
7054,udp,24917275987434,1038
7055,udp,24917317674804,1525
7057,udp,24917319156564,383
7058,udp,24917350334904,2857
7059,udp,24917373162864,1092
7060,udp,24917415643854,2908
7061,udp,24917487736734,3251
7062,udp,24917493207024,1155
7063,udp,24917536816884,2858
7064,udp,24917559536034,1428
7065,udp,24917607420804,2707
7066,udp,24917676322284,3089
7067,udp,24917679158724,1368
7068,udp,24917774524074,5648
7069,udp,24917794660404,648
7070,udp,24917830043634,2610
7071,udp,24917897374344,3007
7072,udp,24917898839634,792
7073,udp,24917936633874,2633
7074,udp,24917955901974,1167
7075,udp,24917999561694,2025
7076,udp,24918033299004,2467
7077,udp,24918049905174,1127
7078,udp,24918092956764,2336
7079,udp,24918131740014,1539
7080,udp,24918206080194,5891
7081,udp,24918254384184,1826
7082,udp,24918260615424,1147
7083,udp,24918304097754,2899
7084,udp,24918327544554,1168
7085,udp,24918371296344,1764
7086,udp,24918400866384,2237
7087,udp,24918413719734,929
7088,udp,24918453634824,1647
7089,udp,24918457059414,1427
7090,udp,24918504949854,1963
7091,udp,24918537725244,2305
7092,udp,24918624409464,5645
7093,udp,24918668745174,2190
7094,udp,24918680889504,1266
7095,udp,24918726109284,2071
7096,udp,24918760607814,2585
7097,udp,24918779067354,870
7098,udp,24918818049234,2612
7099,udp,24918836963184,1108
7100,udp,24918879749994,1831
7101,udp,24918910331094,1897
7102,udp,24918917794614,1023
7103,udp,24918959191284,2461
7104,udp,24919048421964,5210
7105,udp,24919085736684,2656
7106,udp,24919129562094,2862
7107,udp,24919176692214,1572
7108,udp,24919203181824,2207
7109,udp,24919215625584,1431
7110,udp,24919263552834,2752
7111,udp,24919308955044,2585
7112,udp,24919351603254,1574
7113,udp,24919402375404,3048
7114,udp,24919404508314,1280
7115,udp,24919450076934,2720
7117,udp,24919470708444,494
7118,udp,24919527861594,3236
6816,tcp,24919533043164,4205
7119,udp,24919557294204,1013
7120,udp,24919622763894,3175
7121,udp,24919675426674,3374
7122,udp,24919707118914,1564
7123,udp,24919757701164,3388
7124,udp,24919789580334,1467
7125,udp,24919814377404,2613
7126,udp,24919881763014,3058
7127,udp,24919884093834,1306
7128,udp,24919978502934,4915
7129,udp,24919986881934,454
7130,udp,24920019193464,2722
7131,udp,24920088320844,3128
7132,udp,24920091852984,605
7133,udp,24920126516934,2884
7134,udp,24920174005434,1549
7135,udp,24920200158264,2437
7136,udp,24920240523264,2731
7137,udp,24920261261064,1312
7138,udp,24920307303534,2748
7139,udp,24920352595944,1481
7141,udp,24920401886064,3013
7142,udp,24920403455304,989
7143,udp,24920468637624,3117
7144,udp,24920471859804,1047
7145,udp,24920513670024,2720
7146,udp,24920558536464,2591
7147,udp,24920577104544,1109
7148,udp,24920619886314,2779
7149,udp,24920641442664,1102
7150,udp,24920684171874,2939
7151,udp,24920756709894,3482
7153,udp,24920814300084,3939
7154,udp,24920830814004,1215
7155,udp,24920899496064,3043
7156,udp,24920950040424,3120
7157,udp,24920953338474,1330
7158,udp,24921023969214,3152
7159,udp,24921027772884,1119
7160,udp,24921070750764,2606
7161,udp,24921138023694,3165
7162,udp,24921166292694,1499
7163,udp,24921191656674,2397
7165,udp,24921231348474,2699
7166,udp,24921300101184,3143
7167,udp,24921303757974,826
7168,udp,24921342076824,2832
7169,udp,24921364459734,965
7170,udp,24921404940834,2679
7171,udp,24921449141904,2728
7172,udp,24921469937934,1047
7173,udp,24921535919364,3045
7174,udp,24921538056504,866
7175,udp,24921577005714,2635
7176,udp,24921668948454,5313
7177,udp,24921683666244,505
7178,udp,24921740983734,3771
7179,udp,24921754761924,1231
7180,udp,24921799490754,2041
7181,udp,24921833471604,2481
7182,udp,24921850290894,925
7183,udp,24921890173404,2121
7184,udp,24921901190754,1076
7185,udp,24921943423704,2227
7186,udp,24921980408754,1903
7187,udp,24921987994224,1351
7188,udp,24922083058794,5630
7189,udp,24922102892184,981
7190,udp,24922143590814,1620
7191,udp,24922170958284,1974
7192,udp,24922179592344,750
7193,udp,24922216677024,1988
7194,udp,24922249778124,1490
7195,udp,24922275009444,1486
7196,udp,24922300106754,1599
7197,udp,24922302730344,1380
7198,udp,24922349894124,2351
7199,udp,24922364662224,1355
7201,udp,24922411293564,1849
7202,udp,24922418110884,924
7203,udp,24922457822664,2170
7204,udp,24922469675394,823
7205,udp,24922507863024,2029
7206,udp,24922541753064,2440
7207,udp,24922557841734,1008
7208,udp,24922598970654,2164
7209,udp,24922634954544,1492
7210,udp,24922660160664,2230
7211,udp,24922697206464,2400
7212,udp,24922785413214,5347
7213,udp,24922824973614,2468
7214,udp,24922841550714,1300
7215,udp,24922887386454,2198
7216,udp,24922923885504,1992
7217,udp,24922932829974,1104
7218,udp,24922999812474,3016
7219,udp,24923001517794,787
7220,udp,24923039103954,2246
7221,udp,24923076388704,2392
7222,udp,24923091763044,1099
7223,udp,24923134383804,2273
7224,udp,24923244860334,6008
7225,udp,24923271169314,1588
7226,udp,24923297918574,2045
7227,udp,24923307761694,677
7228,udp,24923343661614,2270
7229,udp,24923357053884,1291
7230,udp,24923402754444,2007
7231,udp,24923436204294,2201
7232,udp,24923448500544,1251
7233,udp,24923493594144,2730
7234,udp,24923514398454,1294
7235,udp,24923560123674,1885
7236,udp,24923640084174,5900
7237,udp,24923664203274,344
7238,udp,24923694735054,2096
7239,udp,24923705383134,1010
7240,udp,24923746558494,1815
7241,udp,24923776969314,2138
7242,udp,24923788425684,889
7243,udp,24923827560654,2078
7244,udp,24923837926584,1094
7245,udp,24923880437814,2040
7246,udp,24923914424784,2264
7247,udp,24923927758464,944
7248,udp,24924016349064,5722
7249,udp,24924037657374,632
7250,udp,24924072821454,1873
7251,udp,24924104124444,2190
7252,udp,24924116269224,749
7253,udp,24924153251934,2306
7254,udp,24924167293194,1332
7255,udp,24924213591354,1837
7256,udp,24924244399884,2256
7257,udp,24924257585604,901
7258,udp,24924297033954,2192
7259,udp,24924309245514,1077
7260,udp,24924399968484,5510
7261,udp,24924442056354,1882
7262,udp,24924449270034,973
7263,udp,24924489939414,2289
7264,udp,24924527860734,1734
7265,udp,24924556929474,1587
7266,udp,24924583649484,1686
7267,udp,24924587739984,543
7269,udp,24924597218514,1121
7270,udp,24924615966864,719
7271,udp,24924652569144,2457
7272,udp,24924790068354,8618
7273,udp,24924834613584,1578
7274,udp,24924861263394,1621
7275,udp,24924864223314,831
7276,udp,24924902549004,1663
7277,udp,24924906243594,928
7278,udp,24924921949044,1237
7279,udp,24924942530244,847
7280,udp,24924981116394,1890
7281,udp,24925012668774,1647
7282,udp,24925016190114,782
7283,udp,24925029493734,1280
7284,udp,24925171954644,8619
7285,udp,24925192272504,1147
7286,udp,24925211349264,959
7287,udp,24925251685194,1579
7288,udp,24925278363624,1736
7289,udp,24925283243244,1137
7290,udp,24925302226854,848
7291,udp,24925316583744,925
7292,udp,24925332147534,764
7293,udp,24925369411044,2143
7294,udp,24925405046904,1703
7295,udp,24925409372754,539
7296,udp,24925564254294,9422
7297,udp,24925573727064,785
7298,udp,24925587026994,1291
7299,udp,24925608487764,1343
7300,udp,24925630797504,638
7301,udp,24925666029804,1782
7302,udp,24925671667944,1226
7303,udp,24925716326664,2127
7304,udp,24925727417454,1141
7305,udp,24925746530934,969
7306,udp,24925762812924,1100
7307,udp,24925781194164,1350
7308,udp,24925900546674,7292
7309,udp,24925947458724,2306
7310,udp,24925961497554,339
7311,udp,24925967708634,411
7312,udp,24925975114824,162
7314,udp,24926002734024,2088
7315,udp,24926013226674,912
7316,udp,24926053051854,1896
7317,udp,24926060262924,872
7318,udp,24926100371334,2872
7319,udp,24926123439144,1312
7320,udp,24926266379844,8436
7321,udp,24926283781074,1146
7322,udp,24926302878174,1054
7323,udp,24926344772094,1638
7324,udp,24926348158884,1321
7325,udp,24926370025914,755
7326,udp,24926382933444,1040
7327,udp,24926400311544,1439
7328,udp,24926424216534,1407
7329,udp,24926447421594,1355
7330,udp,24926469981264,1183
7331,udp,24926489668944,1270
7332,udp,24926631950304,8650
7333,udp,24926676967494,1581
7334,udp,24926679356094,1252
7335,udp,24926724413064,1711
7336,udp,24926728902534,1417
7337,udp,24926752395594,537
7338,udp,24926786004204,1703
7339,udp,24926790373794,1381
7340,udp,24926837480244,1517
7341,udp,24926863103604,1491
7342,udp,24926864038434,531
7343,udp,24926897593314,1555
7344,udp,24927044954094,9410
7345,udp,24927054214824,1299
7346,udp,24927075790884,1277
7347,udp,24927097021074,647
7348,udp,24927108176124,1431
7349,udp,24927156120744,1772
6840,tcp,24927210170334,4068
7350,udp,24927234252264,1262
6852,tcp,24927303719304,4661
7351,udp,24927327963324,1371
7352,udp,24927350684454,928
7353,udp,24927414747534,1446
6864,tcp,24927438675384,4739
7354,udp,24927511442634,1916
7355,udp,24927567615504,1127
7356,udp,24927731768934,9248
6876,tcp,24927738470514,4352
7357,udp,24927811130304,805
7358,udp,24927849028044,1634
7359,udp,24927876536724,1490
7360,udp,24927877441404,995
7361,udp,24927894186264,1126
7362,udp,24927913036494,778
7363,udp,24927926270364,1370
7364,udp,24927973241274,1537
7365,udp,24927974899074,1187
6888,tcp,24927994717434,4450
6900,tcp,24928043252904,3740
6912,tcp,24928091634564,4434
6924,tcp,24928188549264,3746
6936,tcp,24928237003374,3895
6948,tcp,24928285426524,3897
6960,tcp,24928382324304,3719
6972,tcp,24928430761044,4036
7032,tcp,24928527680064,4833
7056,tcp,24928576165404,4219
7116,tcp,24928673004594,4768
7366,udp,24928697223414,1053
7367,udp,24928714884834,696
7368,udp,24928872138324,9256
7369,udp,24928903176624,1799
7370,udp,24928909090074,1264
7371,udp,24928930074834,1109
7372,udp,24928948680984,676
7373,udp,24928984472634,1753
7374,udp,24928989678864,1347
7375,udp,24929012070864,1054
7376,udp,24929029663524,1401
7377,udp,24929052860034,1052
7378,udp,24929094721644,1585
7140,tcp,24929121444534,4199
7379,udp,24929169901434,1090
7380,udp,24929333462214,9655
7381,udp,24929346659004,1247
7382,udp,24929367422544,965
7383,udp,24929383630014,1460
7384,udp,24929432094564,1953
7385,udp,24929440401114,486
7386,udp,24929449027974,785
7387,udp,24929462385144,863
7388,udp,24929501201424,1616
7389,udp,24929528419404,1675
7390,udp,24929532328464,1004
7391,udp,24929549168364,1393
7392,udp,24929717621004,8397
7393,udp,24929758627524,1471
7394,udp,24929783513064,1639
7395,udp,24929786807784,926
7396,udp,24929802435114,1427
7397,udp,24929850290544,1698
7398,udp,24929878785444,1774
7399,udp,24929908532604,1639
7400,udp,24929936146494,1579
7401,udp,24929962688574,1686
7402,udp,24929966764944,1435
7403,udp,24930014858064,1887
7404,udp,24930143235414,7813
7405,udp,24930174977244,1518
7406,udp,24930200509704,1659
7407,udp,24930204198894,1195
7408,udp,24930248278374,1722
7409,udp,24930277164144,1792
7410,udp,24930307227654,1595
7152,tcp,24930309782754,4563
7411,udp,24930382609494,1564
7412,udp,24930384650874,1271
7413,udp,24930430005384,1865
7414,udp,24930461270124,1668
7164,tcp,24930513457704,4742
7415,udp,24930561870594,1450
7416,udp,24930707046624,8587
7417,udp,24930726786054,1237
7418,udp,24930771615234,1622
7419,udp,24930774679014,1114
7420,udp,24930793276524,1355
7421,udp,24930888448734,1831
7422,udp,24930894845394,975
7423,udp,24930935495604,1793
7424,udp,24930941310324,1259
7425,udp,24930986466834,1747
7426,udp,24931015761114,1719
7427,udp,24931020406014,940
7428,udp,24931181685384,9002
7429,udp,24931184304834,1123
7430,udp,24931227372174,1632
7431,udp,24931254777354,1702
7432,udp,24931259130384,1055
7433,udp,24931301044014,1869
7434,udp,24931308133584,1270
7435,udp,24931329237504,1417
7200,tcp,24931352666304,4712
7436,udp,24931387600254,1471
7437,udp,24931388187594,415
7438,udp,24931419877494,1921
7439,udp,24931427754654,1321
7440,udp,24931570876614,8546
7441,udp,24931589971464,1304
7442,udp,24931611617724,479
7443,udp,24931644348474,1963
7444,udp,24931677071214,1488
7445,udp,24931677912264,1305
7446,udp,24931699675254,1390
7447,udp,24931722760614,425
7448,udp,24931754550504,1534
7449,udp,24931756142604,1411
7450,udp,24931803856374,1750
7451,udp,24931808890524,1155
7452,udp,24931949320044,8028
7453,udp,24931984385574,1637
7454,udp,24931987628724,1234
7455,udp,24932032477524,1600
7456,udp,24932059400394,1784
7457,udp,24932089295604,1850
7458,udp,24932120226984,1855
7459,udp,24932151270324,1807
7460,udp,24932157277284,1363
7461,udp,24932204158104,1848
7462,udp,24932235042684,1662
7463,udp,24932262990654,1951
7464,udp,24932368254924,7246
7465,udp,24932414494854,2041
7466,udp,24932448441594,2059
7467,udp,24932482790004,1984
7468,udp,24932515840164,1745
7469,udp,24932545079904,2105
7470,udp,24932580135354,2494
7471,udp,24932621340234,1863
7472,udp,24932652556554,2696
7473,udp,24932697010434,1994
7474,udp,24932730294504,2152
7475,udp,24932766025134,2573
7476,udp,24932881184904,6242
7477,udp,24932911418964,2475
7478,udp,24932952378864,1992
7479,udp,24932985584094,2256
7480,udp,24933022997994,2489
7481,udp,24933088396044,3105
7482,udp,24933115753884,2536
7483,udp,24933157686864,2372
7484,udp,24933196979694,2046
7485,udp,24933231025974,2602
7486,udp,24933273979284,1842
7487,udp,24933304858464,2682
7488,udp,24933421782684,6573
7489,udp,24933457281474,2218
7490,udp,24933494123424,2416
7491,udp,24933534098994,2000
7492,udp,24933567399534,2784
7493,udp,24933613339494,1991
7494,udp,24933646486314,1898
7495,udp,24933678172884,2584
7496,udp,24933720894264,1586
7497,udp,24933747625704,2550
7498,udp,24933789728604,2133
7499,udp,24933825238374,2280
7500,udp,24933911516334,5537
7501,udp,24933954070764,2178
7502,udp,24933990248694,2515
7503,udp,24934031823384,2223
7504,udp,24934068786114,2062
7505,udp,24934103073504,2470
7506,udp,24934143933234,1908
7507,udp,24934175884764,2511
7508,udp,24934217369274,1934
7509,udp,24934249585224,1800
7510,udp,24934279855194,2418
7511,udp,24934319787834,2108
7512,udp,24934427609004,6002
7513,udp,24934453886124,1742
7514,udp,24934483137204,1994
7515,udp,24934516325784,2526
7516,udp,24934558095774,1733
7517,udp,24934587172434,2628
7518,udp,24934630552794,1755
7519,udp,24934659997104,1980
7520,udp,24934693010454,2419
7521,udp,24934733087094,1992
7522,udp,24934766255604,2598
7523,udp,24934809207294,1807
7525,udp,24934912149204,2669
7526,udp,24934956233454,1896
7527,udp,24934987864134,2808
7529,udp,24935082573384,1884
7530,udp,24935114198214,2671
7531,udp,24935158171404,2602
7532,udp,24935176920834,1244
7533,udp,24935221857834,2449
7534,udp,24935238132174,983
7535,udp,24935278909284,2181
7537,udp,24935363575074,1000
7538,udp,24935404625334,1797
7539,udp,24935410525374,1232
7540,udp,24935455206684,1531
7541,udp,24935456757564,1429
7542,udp,24935480481294,938
7543,udp,24935520515994,1766
7544,udp,24935525856144,687
7545,udp,24935561874054,1806
7546,udp,24935592167424,1987
7547,udp,24935601060234,849
7548,udp,24935688179604,5886
7549,udp,24935712087654,682
7550,udp,24935748080004,1827
7551,udp,24935778510894,2366
7552,udp,24935793478884,1005
7553,udp,24935834634354,1929
7554,udp,24935842609974,1223
7555,udp,24935887188954,1774
7556,udp,24935916908484,2191
7557,udp,24935929117434,834
7558,udp,24935967448974,1768
7559,udp,24935972844294,1383
7560,udp,24936092671464,6317
7561,udp,24936124078134,1795
7562,udp,24936129844434,694
7563,udp,24936166021284,1961
7564,udp,24936175204614,543
7565,udp,24936184699074,1405
7566,udp,24936232177674,1616
7567,udp,24936235153074,727
7568,udp,24936271803144,1714
7569,udp,24936300570204,2469
7570,udp,24936317198244,534
7571,udp,24936326535384,1341
7572,udp,24936469925724,8387
7573,udp,24936486511104,1072
7574,udp,24936504446034,1329
7575,udp,24936526543554,718
7576,udp,24936538818654,1005
7577,udp,24936555711924,1028
7578,udp,24936572950164,1289
7579,udp,24936618597984,2112
7580,udp,24936629486814,786
7581,udp,24936642903924,1431
7582,udp,24936666650784,461
7583,udp,24936674743944,1313
7584,udp,24936817693644,8418
7585,udp,24936834796614,998
7586,udp,24936851529054,986
7587,udp,24936868154214,601
7588,udp,24936878524554,1076
7589,udp,24936896533194,942
7590,udp,24936912422784,1403
7591,udp,24936935649804,593
7592,udp,24936945948324,490
7593,udp,24936954598584,1357
7594,udp,24936977135214,1033
7595,udp,24936995082654,1274
7596,udp,24937113220614,7374
7597,udp,24937161523164,1562
7598,udp,24937187805234,1956
7599,udp,24937220459754,1565
7600,udp,24937222585194,506
7601,udp,24937231532814,400
7602,udp,24937238722104,349
7603,udp,24937293583944,3831
7604,udp,24937332591114,2025
7605,udp,24937366262274,1796
7606,udp,24937396324884,1538
7607,udp,24937422329304,1908
7608,tcp,24937478418564,4886
7609,udp,24937512456924,1343
7610,udp,24937559081784,1602
7611,udp,24937561687644,1249
7612,udp,24937606723464,1765
7613,udp,24937612098534,1276
7614,udp,24937657517034,1637
7615,udp,24937660767384,1393
7616,udp,24937683915924,1230
7617,udp,24937728667974,1883
7618,udp,24937735974624,1243
7619,udp,24937756590834,1431
7620,tcp,24937828703064,4312
7621,udp,24937852576464,1414
7622,udp,24937900229754,1491
7623,udp,24937901146404,1395
7624,udp,24937924293864,1228
7625,udp,24937968968604,1485
7626,udp,24937994748114,1470
7627,udp,24938019683964,1500
7628,udp,24938020706904,1343
7629,udp,24938043049134,1449
7630,udp,24938066984274,1305
7631,udp,24938088756804,1353
7632,tcp,24938159619024,3928
7633,udp,24938177286564,1347
7634,udp,24938223857244,1589
7635,udp,24938250606414,1536
7636,udp,24938252263404,1088
7637,udp,24938294745744,1670
7638,udp,24938322818994,1535
7639,udp,24938348705064,1690
7640,udp,24938377084674,1527
7641,udp,24938402876604,1680
7642,udp,24938431100064,1630
7643,udp,24938458531074,1613
7644,tcp,24938509938624,3690
7645,udp,24938523761544,1189
7646,udp,24938543598714,1452
7647,udp,24938591880744,1522
7648,udp,24938617616964,1680
7649,udp,24938645805954,1722
7650,udp,24938674693524,1516
7651,udp,24938700274764,1677
7652,udp,24938728445664,1751
7653,udp,24938757814104,1699
7654,udp,24938786374974,1596
7655,udp,24938813296674,1595
7656,tcp,24938864342154,4143
7657,udp,24938909700444,1656
7658,udp,24938937537984,1744
7659,udp,24938966763504,1557
7660,udp,24938993111544,1686
7661,udp,24939021393414,1640
7662,udp,24939048933414,1974
7663,udp,24939081899064,1576
7664,udp,24939108437724,1673
7665,udp,24939136591794,2049
7666,udp,24939170674434,2197
7667,udp,24939207166914,1925
7668,tcp,24939263559564,4741
7669,udp,24939319492944,1714
7670,udp,24939348267024,1860
7671,udp,24939379435194,1961
7672,udp,24939412166934,1858
7673,udp,24939443191824,1989
7674,udp,24939476329284,1890
7675,udp,24939507918834,1894
7676,udp,24939539603964,2311
7677,udp,24939577925604,2684
7678,udp,24939622162404,1975
7679,udp,24939655098174,2127
7681,udp,24939690511464,1773
7682,udp,24939720270234,2358
7683,udp,24939759342924,2172
7684,udp,24939795352194,2015
7685,udp,24939828986004,2292
7686,udp,24939866956914,1883
7687,udp,24939899101044,2158
7688,udp,24939935011134,1836
7689,udp,24939965727954,2073
7690,udp,24940000205874,2212
7691,udp,24940036962774,1919
7693,udp,24940069021584,1791
7694,udp,24940098991674,1915
7695,udp,24940131067584,1846
7696,udp,24940161868104,1917
7697,udp,24940193878584,2049
7698,udp,24940227988314,1938
7699,udp,24940260370584,1891
7700,udp,24940291960134,2024
7701,udp,24940325677554,2011
7702,udp,24940359183024,2230
7703,udp,24940396205424,1764
7704,udp,24940474253514,4895
7705,udp,24940506544614,2158
7706,udp,24940542472884,1720
7707,udp,24940571324364,1985
7708,udp,24940604519694,1738
7709,udp,24940633577634,1726
7710,udp,24940662478794,2042
7711,udp,24940696518054,1542
7712,udp,24940722575754,2225
7713,udp,24940759515264,1628
7714,udp,24940786903974,1729
7715,udp,24940815894684,1734
7717,udp,24940845015804,1525
7718,udp,24940871386074,1694
7719,udp,24940899849204,1643
7720,udp,24940927474074,1527
7721,udp,24940953278874,1550
7722,udp,24940979418474,1661
7723,udp,24941007357534,1542
7724,udp,24941033316774,1529
7725,udp,24941034848394,1440
7726,udp,24941058731604,1431
7727,udp,24941106667854,1568
7729,udp,24941108826774,993
7730,udp,24941125542114,1066
7731,udp,24941143412334,1253
7732,udp,24941164257504,1310
7733,udp,24941210345244,1570
7734,udp,24941212638804,1402
7735,udp,24941235768804,1194
7736,udp,24941255643504,1386
7737,udp,24941278600974,1118
7738,udp,24941321513964,1663
7739,udp,24941325229434,1361
7741,udp,24941347827624,1295
7742,udp,24941369324214,1102
7743,udp,24941387781594,1342
7744,udp,24941410070904,1193
7745,udp,24941429961714,1235
7746,udp,24941450536704,1195
7747,udp,24941470462974,1228
7748,udp,24941491583454,1354
7749,udp,24941538268254,1496
7750,udp,24941539223874,1153
7751,udp,24941558565414,1365
7753,udp,24941605443174,1591
7754,udp,24941632248234,1508
7755,udp,24941633425704,1320
7756,udp,24941655384894,1263
7757,udp,24941700609084,1596
7758,udp,24941727515394,1557
7759,udp,24941729492244,1454
7760,udp,24941753593254,1448
7761,udp,24941801829114,1553
7762,udp,24941827939194,1762
7763,udp,24941833280604,1339
7765,udp,24941879727804,1566
7766,udp,24941906165394,1647
7767,udp,24941933829864,1638
7769,udp,24941937134484,1439
7770,udp,24941960949474,768
7771,udp,24941974053744,1366
7772,udp,24941996672814,1005
7773,udp,24942037816674,1729
7774,udp,24942042612954,746
7775,udp,24942055340484,1144
7776,udp,24942195556974,7724
7777,udp,24942201534414,729
7778,udp,24942214001394,1331
7779,udp,24942236120334,1453
7780,udp,24942260129364,984
7781,udp,24942276712764,1251
7782,udp,24942297492594,1387
7783,udp,24942320481654,1138
7784,udp,24942339494064,1184
7785,udp,24942359245104,1161
7786,udp,24942378615624,1305
7787,udp,24942400281594,739
7788,udp,24942509819964,7366
7789,udp,24942533757984,1216
7790,udp,24942578296914,1539
7791,udp,24942604231584,1759
7792,udp,24942609481194,1014
7793,udp,24942650721354,1711
7794,udp,24942655240164,1403
7795,udp,24942678473664,1247
7796,udp,24942723473034,1535
7797,udp,24942725094114,612
7798,udp,24942759975774,1513
7799,udp,24942761226144,1227
7800,udp,24942878597124,6583
7801,udp,24942889976724,1434
7802,udp,24942913753194,985
7803,udp,24942954536604,1735
7804,udp,24942959394444,941
7805,udp,24942999499884,1936
7806,udp,24943031799084,2331
7807,udp,24943046251014,1026
7808,udp,24943087666674,1525
7809,udp,24943113425034,1533
7810,udp,24943115021814,1452
7811,udp,24943163344074,1594
7812,udp,24943262859144,7051
7813,udp,24943305992454,1610
7814,udp,24943333106034,1740
7815,udp,24943362253884,1556
7816,udp,24943388457384,1782
7817,udp,24943394097054,648
7818,udp,24943429570554,2102
7819,udp,24943440227544,1159
7820,udp,24943459625784,1301
7821,udp,24943505452074,1765
7822,udp,24943510844334,471
7823,udp,24943543416684,1785
7824,udp,24943670252064,8185
7825,udp,24943683559824,1354
7826,udp,24943730259924,1482
7827,udp,24943731017544,599
7828,udp,24943765637844,1725
7829,udp,24943770490824,959
7830,udp,24943810767264,1642
7831,udp,24943838365764,1473
7832,udp,24943838973714,728
7833,udp,24943875696234,1944
7834,udp,24943883922684,1282
7835,udp,24943929463944,1601
7836,udp,24944029166754,7075
7837,udp,24944048362134,795
7838,udp,24944086154214,1683
7839,udp,24944090269464,1317
7840,udp,24944136314724,1702
7841,udp,24944164895574,2163
7842,udp,24944176577754,821
7843,udp,24944214773034,2102
7844,udp,24944225521284,1265
7845,udp,24944270791194,2086
7846,udp,24944305486464,1871
7847,udp,24944312553984,974
7848,udp,24944425864074,7229
7849,udp,24944471809524,1810
7850,udp,24944502140514,1765
7851,udp,24944531707404,1738
7852,udp,24944536626264,1250
7853,udp,24944581627794,1929
7854,udp,24944589640224,1141
7855,udp,24944632895754,2067
7856,udp,24944667375834,2274
7857,udp,24944680856394,1205
7858,udp,24944725155474,1988
7859,udp,24944734052424,839
7860,udp,24944869419264,7855
7861,udp,24944902043094,1501
7862,udp,24944902785324,831
7863,udp,24944941288674,1970
7864,udp,24944973997914,1692
7865,udp,24944978897514,1236
7866,udp,24945023725794,1616
7867,udp,24945026654574,773
7868,udp,24945064157844,1718
7869,udp,24945068657124,1166
7870,udp,24945088126284,1264
7871,udp,24945109175304,1451
7872,udp,24945254307774,8249
7873,udp,24945292921554,1509
7874,udp,24945294082374,1274
7875,udp,24945339585834,1486
7876,udp,24945364714284,1650
7877,udp,24945368181804,1037
7878,udp,24945409827144,2000
7879,udp,24945418966014,1461
7880,udp,24945443079984,1124
7881,udp,24945461909424,1402
7882,udp,24945485095944,681
7883,udp,24945521048964,1702
7884,udp,24945646533264,7808
7885,udp,24945653827944,873
7886,udp,24945692838984,1608
7887,udp,24945695680194,1029
7888,udp,24945712997364,1121
7889,udp,24945731683974,864
7890,udp,24945794737074,4389
7891,udp,24945842671614,2733
7892,udp,24945863506074,925
7893,udp,24945879100734,1389
7894,udp,24945902119674,1148
7895,udp,24945921251424,1044
7896,udp,24946012174824,4978
7897,udp,24946021546794,678
7898,udp,24946033231674,822
7899,udp,24946047152784,1223
7900,udp,24946067477214,850
7901,udp,24946081879554,1222
7902,udp,24946102263024,650
7903,udp,24946113486384,1208
7904,udp,24946133576274,1042
7905,udp,24946151094144,951
7906,udp,24946167063294,1437
7907,udp,24946190994024,777
7909,udp,24946204136094,1187
7910,udp,24946223894064,907
7911,udp,24946239159324,734
7912,udp,24946251747894,1199
7913,udp,24946271730414,1058
7914,udp,24946313724414,1492
7915,udp,24946314604254,932
7916,udp,24946330369284,1106
7917,udp,24946348894344,1133
7918,udp,24946367809824,1218
7919,udp,24946388147304,1234
7921,udp,24946408611054,1125
7922,udp,24946427410344,1032
7923,udp,24946444733004,1059
7924,udp,24946486739604,1479
7925,udp,24946487427384,964
7926,udp,24946503741414,928
7927,udp,24946520063454,1046
7928,udp,24946537555494,1142
7929,udp,24946556640354,1054
7930,udp,24946574340744,1130
7931,udp,24946593226254,896
7933,udp,24946608299004,1173
7934,udp,24946652146464,1480
7935,udp,24946652867634,1176
7936,udp,24946672600224,817
7937,udp,24946686425574,1036
7938,udp,24946728121764,1551
7939,udp,24946729889004,1253
7940,udp,24946750823094,885
7941,udp,24946765764354,932
7942,udp,24946781442894,1118
7943,udp,24946800157224,1262
7944,udp,24946893857844,5231
7945,udp,24946907250564,1006
7946,udp,24946924192524,978
7947,udp,24946940640564,1093
7948,udp,24946958918124,997
7949,udp,24946975640844,1458
7950,udp,24946999852014,836
7951,udp,24947013962394,1143
7952,udp,24947033058504,1057
7953,udp,24947050738644,1220
7954,udp,24947071069914,842
7955,udp,24947085371544,818
7957,udp,24947099264484,1155
7958,udp,24947118666954,1075
7959,udp,24947136545994,1035
7960,udp,24947154559494,1004
7961,udp,24947171429814,1091
7962,udp,24947189701614,1077
7963,udp,24947231960664,1480
7964,udp,24947232695154,1057
7965,udp,24947250411654,1333
7966,udp,24947272598094,1376
7967,udp,24947295412104,1213
7969,udp,24947315600724,1125
7970,udp,24947334394434,947
7971,udp,24947350346304,1242
7972,udp,24947371020384,747
7973,udp,24947408095434,1492
7974,udp,24947408934864,1242
7975,udp,24947429889024,1066
7976,udp,24947471751894,1484
7977,udp,24947472541014,709
7978,udp,24947484720804,1298
7979,udp,24947506317204,1323
7981,udp,24947528295924,1107
7982,udp,24947546802624,996
7983,udp,24947563584114,1017
7984,udp,24947580654954,1023
7985,udp,24947597792124,1139
7986,udp,24947616807144,919
7987,udp,24947632264644,705
7988,udp,24947644358754,1006
7989,udp,24947661302064,1331
7990,udp,24947684101134,1012
7991,udp,24947701045974,1036
7992,udp,24947815303584,6376
7993,udp,24947823391614,1304
7994,udp,24947845147494,988
7995,udp,24947861659434,1082
7996,udp,24947879812794,863
7997,udp,24947894382444,961
7998,udp,24947910576414,1279
7999,udp,24947931823524,1041
8000,udp,24947949280104,1120
8001,udp,24947968080474,923
8002,udp,24947983577394,997
8003,udp,24948000319824,1175
8004,udp,24948092639304,5781
8005,udp,24948114839694,1141
8006,udp,24948133913664,918
8007,udp,24948149394744,853
8008,udp,24948163834704,1179
8009,udp,24948183494034,990
8010,udp,24948200207214,1139
8011,udp,24948219206484,1028
8012,udp,24948236371914,899
8013,udp,24948251613504,1104
8014,udp,24948270064404,1089
8015,udp,24948288264834,1146
8017,udp,24948307434204,823
8018,udp,24948321375384,1258
8019,udp,24948342357894,958
8020,udp,24948358451154,995
8021,udp,24948375849414,875
8022,udp,24948390632094,949
8023,udp,24948406640034,1082
8024,udp,24948424724994,1346
8025,udp,24948447064164,823
8026,udp,24948461025504,1328
8027,udp,24948483076764,932
7680,tcp,24948547908084,4658
7692,tcp,24948644794074,4638
7716,tcp,24948693258624,4142
7728,tcp,24948790239384,4243
7740,tcp,24948838593594,4032
7752,tcp,24948935510724,4333
7764,tcp,24948984098214,4416
7908,tcp,24949080857844,4609
7920,tcp,24949129287834,4054
7932,tcp,24949226170224,4420
7956,tcp,24949274625774,4523
7968,tcp,24949371504924,4690
7980,tcp,24949419980004,4557
8016,tcp,24949516870854,4761
8028,tcp,24949589532444,4818
8029,udp,24949621308564,1293
8030,udp,24949642790214,1044
8031,udp,24949660295394,1026
8032,udp,24949677557124,1116
8033,udp,24949696179294,954
8034,udp,24949712223234,874
8035,udp,24949727015904,1265
8036,udp,24949748087334,967
8037,udp,24949764329364,907
8038,udp,24949779674364,1166
8039,udp,24949823341644,1522
8040,udp,24949873249074,4147
8041,udp,24949893062034,948
8042,udp,24949909026234,1151
8043,udp,24949928225754,996
8044,udp,24949944963234,1078
8045,udp,24949963049814,896
8046,udp,24949978140834,815
8047,udp,24949991985444,561
8048,udp,24950001747114,1080
8049,udp,24950019844404,979
8050,udp,24950036283894,1145
8051,udp,24950055423834,840
8052,udp,24950118115854,3709
8053,udp,24950227807044,6164
8054,udp,24950232495414,1160
8055,udp,24950276123814,1788
8056,udp,24950281799124,1304
8057,udp,24950303475264,775
8058,udp,24950316662964,1391
8059,udp,24950364065244,1516
8060,udp,24950365301124,1078
8061,udp,24950383411014,915
8062,udp,24950398811904,997
8063,udp,24950439772974,1486
8064,udp,24950537583714,6305
8065,udp,24950544546294,1458
8066,udp,24950592903204,1911
8067,udp,24950600563734,753
8068,udp,24950637660204,1566
8069,udp,24950664122724,1695
8070,udp,24950692534284,1538
8071,udp,24950718478944,1629
8072,udp,24950721643794,820
8073,udp,24950759800914,1777
8074,udp,24950765311974,805
8075,udp,24950803309794,1683
8076,udp,24950904261174,7136
8077,udp,24950924474994,335
8078,udp,24950954890674,1729
8079,udp,24950959648884,926
8080,udp,24950999510514,1499
8081,udp,24951024842814,1489
8082,udp,24951025696824,419
8083,udp,24951057520914,1687
8084,udp,24951061569654,1446
8085,udp,24951109798764,1648
8086,udp,24951113254494,1412
8087,udp,24951136634604,1357
8088,udp,24951280339044,8175
8089,udp,24951293511984,1443
8090,udp,24951317380254,449
8091,udp,24951325338504,588
8092,udp,24951335572944,1117
8093,udp,24951354235344,1455
8094,udp,24951378285864,1321
8095,udp,24951400251984,671
8096,udp,24951411772344,1058
8097,udp,24951429489654,795
8098,udp,24951443007204,1170
8099,udp,24951462547914,1286
8100,udp,24951580874784,6403
8101,udp,24951686295924,6083
8102,udp,24951713871294,1482
8103,udp,24951738938724,2042
8104,udp,24951748746024,1328
8105,udp,24951795000624,1982
8106,udp,24951828077514,2165
8107,udp,24951839787234,1375
8108,udp,24951886868844,1998
8109,udp,24951920151294,1756
8110,udp,24951949582734,1960
8111,udp,24951982295034,1853
8112,udp,24952110210414,7627
8113,udp,24952138889364,1915
8114,udp,24952146601194,1287
8115,udp,24952192261614,1815
8116,udp,24952222625274,1930
8117,udp,24952230671004,1097
8118,udp,24952273205724,1927
8119,udp,24952281153174,1273
8120,udp,24952326547464,1465
8121,udp,24952351305474,1652
8122,udp,24952354884774,378
8123,udp,24952385921994,1933
8124,udp,24952515141204,8606
8125,udp,24952535182944,1200
8126,udp,24952555227294,1321
8127,udp,24952577127804,670
8128,udp,24952612883274,1561
8129,udp,24952614903324,1411
8130,udp,24952638378204,1349
8131,udp,24952660722774,1276
8132,udp,24952681953234,1174
8133,udp,24952725798714,1746
8134,udp,24952730813964,1179
8135,udp,24952750517124,939
8136,udp,24952887438984,8563
8137,udp,24952906854864,1232
8138,udp,24952951564434,1594
8139,udp,24952954182984,1151
8140,udp,24952973446944,1356
8141,udp,24952995929124,1208
8142,udp,24953016091464,674
8143,udp,24953051837484,1663
8144,udp,24953079781224,1584
8145,udp,24953082192144,1022
8146,udp,24953099379984,1386
8147,udp,24953122358514,1262
8148,udp,24953264495244,8777
8149,udp,24953311513944,1681
8150,udp,24953315607594,1323
8151,udp,24953361745284,1564
8152,udp,24953363835444,681
8153,udp,24953399839224,1515
8154,udp,24953425459254,1492
8155,udp,24953426374464,1088
8156,udp,24953468839434,1623
8157,udp,24953472067644,1076
8158,udp,24953514151824,1659
8159,udp,24953517830304,1404
8160,udp,24953662191384,8681
8161,udp,24953683510134,1449
8162,udp,24953707503954,715
8163,udp,24953743957914,1498
8164,udp,24953744930454,1384
8165,udp,24953767968204,991
8166,udp,24953808811734,1526
8167,udp,24953810290884,1237
8168,udp,24953855178294,1728
8169,udp,24953859977724,943
8170,udp,24953875828254,1431
8171,udp,24953923814364,1705
8172,udp,24954049279764,7861
8173,udp,24954081695514,1723
8174,udp,24954110584974,1475
8175,udp,24954111253764,1270
8176,udp,24954156654354,1471
8177,udp,24954157237914,773
8178,udp,24954194766204,2017
8179,udp,24954228317034,2203
8180,udp,24954240705624,1231
8181,udp,24954285410154,1578
8182,udp,24954287756364,436
8183,udp,24954319789344,1756
8184,udp,24954446121624,8699
8185,udp,24954467697864,1303
8186,udp,24954513631794,1554
8187,udp,24954515517564,655
8188,udp,24954526856124,1415
8189,udp,24954574520034,1568
8190,udp,24954576662754,1300
8191,udp,24954598335384,1297
8192,udp,24954619854564,546
8193,udp,24954653634984,1846
8194,udp,24954684503994,1554
8195,udp,24954686439624,1056
8196,udp,24954849540414,8998
8197,udp,24954852179664,799
8198,udp,24954865779654,1262
8199,udp,24954886798794,770
8200,udp,24954899911704,924
8201,udp,24954939713484,1596
8202,udp,24954942319704,574
8203,udp,24954976554084,1914
8204,udp,24954984308934,1072
8205,udp,24955026549984,1585
8206,udp,24955053281424,1472
8207,udp,24955053806934,1323
8208,udp,24955196960214,8507
8209,udp,24955239749814,1629
8210,udp,24955242883434,1174
8211,udp,24955286701824,1469
8212,udp,24955287278184,769
8213,udp,24955300446174,1460
8214,udp,24955324643214,1198
8215,udp,24955344686034,1306
8216,udp,24955390474884,1701
8217,udp,24955394783634,307
8218,udp,24955424777394,1688
8219,udp,24955453148634,1630
8220,udp,24955577395524,8261
8221,udp,24955591980024,1383
8222,udp,24955614912294,1030
8223,udp,24955656420654,1778
8224,udp,24955661958444,1391
8225,udp,24955685084124,1377
8226,udp,24955707907314,1290
8227,udp,24955729317324,776
8228,udp,24955766773974,1670
8229,udp,24955794834624,1584
8230,udp,24955797229434,1449
8231,udp,24955845535044,1761
8232,udp,24955971938064,8524
8233,udp,24955990709004,1404
8234,udp,24956013971394,774
8235,udp,24956027168364,1421
8236,udp,24956050733604,1400
8237,udp,24956098117884,1687
8238,udp,24956126455734,1905
8239,udp,24956158287564,1627
8240,udp,24956161368354,1198
8241,udp,24956205620994,1479
8242,udp,24956206352244,693
8243,udp,24956242535844,1684
8244,udp,24956367705324,8508
8245,udp,24956386220034,1256
8246,udp,24956431363854,1485
8247,udp,24956432156664,412
8248,udp,24956463898404,1848
8249,udp,24956470522854,1099
8250,udp,24956488914714,1279
8251,udp,24956534408004,1584
8252,udp,24956536818294,688
8253,udp,24956572938444,1745
8254,udp,24956577951714,1107
8255,udp,24956596465254,1436
8256,udp,24956741362644,7496
8257,udp,24956743621734,520
8258,udp,24956777120094,1752
8259,udp,24956782188444,1009
8260,udp,24956823347064,1588
8261,udp,24956850101364,1598
8262,udp,24956852752224,696
8263,udp,24956889017274,2229
8264,udp,24956925986664,1510
8265,udp,24956951469354,1917
8266,udp,24956983550304,1503
8267,udp,24956984594214,698
8268,udp,24957117755154,7594
8269,udp,24957145865664,1632
8270,udp,24957173340504,1616
8271,udp,24957200526084,1734
8272,udp,24957205383834,574
8273,udp,24957239602824,1620
8274,udp,24957266858694,1496
8275,udp,24957292139694,1522
8276,udp,24957293549004,1449
8277,udp,24957341817984,1660
8278,udp,24957369751554,1599
8279,udp,24957372383244,1254
8280,udp,24957490200984,7370
8281,udp,24957538484094,1687
8282,udp,24957542544624,674
8283,udp,24957578348154,1826
8284,udp,24957584672724,1172
8285,udp,24957628497144,1619
8286,udp,24957655705584,1912
8287,udp,24957663418134,863
8288,udp,24957702324414,2229
8289,udp,24957715029084,938
8290,udp,24957755114004,1642
8291,udp,24957782733384,1795
8292,udp,24957909725454,8459
8293,udp,24957951675084,1563
8294,udp,24957953759844,1049
8295,udp,24957995583924,1521
8296,udp,24957996980634,1395
8297,udp,24958020179844,563
8298,udp,24958054174464,1787
8299,udp,24958084168494,1999
8300,udp,24958093166244,1198
8301,udp,24958113178104,1193
8302,udp,24958133056224,499
8303,udp,24958166079204,1524
8304,udp,24958288745874,8040
8305,udp,24958324040544,1552
8306,udp,24958350164304,1549
8307,udp,24958351988154,802
8308,udp,24958389876894,1842
8309,udp,24958396534284,1084
8310,udp,24958438860114,1510
8311,udp,24958440102024,1314
8312,udp,24958461990474,867
8313,udp,24958500870294,1746
8314,udp,24958505891034,1253
8315,udp,24958526772924,1246
8316,udp,24958668598794,7872
8317,udp,24958676984454,571
8318,udp,24958686928374,1444
8319,udp,24958710823914,1227
8320,udp,24958731240594,1430
8321,udp,24958754907714,1451
8322,udp,24958778915214,701
8323,udp,24958815162354,1635
8324,udp,24958818448974,1392
8325,udp,24958841501934,1360
8326,udp,24958864119024,1311
8327,udp,24958885858884,481
8328,udp,24959015478054,7895
8329,udp,24959024161614,1205
8330,udp,24959044235754,1330
8331,udp,24959066368464,1431
8332,udp,24959090012994,620
8333,udp,24959125070604,1692
8334,udp,24959129188104,1103
8335,udp,24959171858544,1850
8336,udp,24959178570744,1331
8337,udp,24959200673394,705
8338,udp,24959236952754,2568
8339,udp,24959279411334,1589
8340,udp,24959403129744,7600
8341,udp,24959407072644,1448
8342,udp,24959431018404,1071
8343,udp,24959449064664,1433
8344,udp,24959472693174,1210
8345,udp,24959492848134,1362
8346,udp,24959539716714,1590
8347,udp,24959542165524,909
8348,udp,24959581810164,1909
8349,udp,24959613791754,1648
8350,udp,24959641391154,1547
8351,udp,24959643270894,1347
8352,udp,24959786796234,7933
8353,udp,24959820338964,1474
8354,udp,24959820952314,1341
8355,udp,24959843282394,1121
8356,udp,24959862011394,1162
8357,udp,24959881357614,541
8358,udp,24959915116704,1693
8359,udp,24959919293334,1447
8360,udp,24959943400734,882
8361,udp,24959982323034,1746
8362,udp,24959987394534,974
8363,udp,24960028053924,2192
8364,udp,24960161322864,8363
8365,udp,24960177507834,940
8366,udp,24960193354764,1169
8367,udp,24960212876484,534
8368,udp,24960246510924,1490
8369,udp,24960247372854,1232
8370,udp,24960267970524,1298
8371,udp,24960289532094,1334
8372,udp,24960311662734,746
8373,udp,24960348628344,1705
8374,udp,24960352986144,1175
8375,udp,24960396840714,1596
8376,udp,24960496460274,7331
8377,udp,24960519819864,618
8378,udp,24960554699274,1939
8379,udp,24960587096574,1637
8380,udp,24960590371224,1261
8381,udp,24960635633664,1546
8382,udp,24960637427814,566
8383,udp,24960671552304,1596
8384,udp,24960674139084,1254
8385,udp,24960719297664,1487
8386,udp,24960720135114,1444
8387,udp,24960744160254,769
8388,udp,24960878348904,7846
8389,udp,24960886232994,1041
8390,udp,24960903700374,1381
8391,udp,24960926586474,1119
8392,udp,24960945300174,666
8393,udp,24960980982204,1662
8394,udp,24960984683904,1244
8395,udp,24961029609654,1807
8396,udp,24961035668634,1206
8397,udp,24961055710644,591
8398,udp,24961065996744,1385
8399,udp,24961088959794,1452
8400,udp,24961234097844,8376
8401,udp,24961250499624,1428
8402,udp,24961274197344,855
8403,udp,24961312880964,1472
8404,udp,24961313435904,1359
8405,udp,24961336077204,1041
8406,udp,24961353485904,1242
8407,udp,24961374203094,801
8408,udp,24961387817214,1399
8409,udp,24961411011834,1381
8410,udp,24961433883084,1374
8411,udp,24961456645974,1235
8412,udp,24961598338554,8187
8413,udp,24961611744324,1451
8414,udp,24961635735264,1076
8415,udp,24961677988554,1513
8416,udp,24961679236404,1430
8417,udp,24961703013864,664
8418,udp,24961738683024,1849
8419,udp,24961769572644,1660
8420,udp,24961773268044,1315
8421,udp,24961819338954,1524
8422,udp,24961820804784,595
8423,udp,24961855408434,1997
8424,udp,24961961340774,7202
8425,udp,24962006921454,1680
8426,udp,24962035144734,2016
8427,udp,24962044447944,682
8428,udp,24962080494924,1921
8429,udp,24962088258954,1454
8430,udp,24962136575994,1765
8431,udp,24962166195174,1685
8432,udp,24962170197024,923
8433,udp,24962209998894,2093
8434,udp,24962220588834,1286
8435,udp,24962266285704,2002
8436,udp,24962396546214,7436
8437,udp,24962397931314,183
8438,udp,24962425877574,2553
8439,udp,24962468065794,1657
8440,udp,24962495856534,1844
8441,udp,24962526701064,2318
8442,udp,24962540966334,932
8443,udp,24962580852174,2518
8444,udp,24962622526494,1553
8445,udp,24962648679144,1930
8446,udp,24962680884204,1930
8447,udp,24962688927774,1144
8448,udp,24962804912574,6656
8449,udp,24962817444174,296
8450,udp,24962895665154,4737
8451,udp,24962949693774,3643
8452,udp,24962961397824,1296
8453,udp,24963007169124,1742
8454,udp,24963012170874,916
8455,udp,24963051860154,1576
8456,udp,24963078425544,1517
8457,udp,24963079757814,739
8458,udp,24963116657454,1754
8459,udp,24963121860264,1325
8460,tcp,24963192272574,4038
8461,udp,24963235954704,1549
8462,udp,24963237859464,822
8463,udp,24963276073734,2103
8464,udp,24963286778424,1168
8465,udp,24963330564324,1681
8466,udp,24963358794354,1808
8467,udp,24963364852344,804
8468,udp,24963402677184,1760
8469,udp,24963407970174,1069
8470,udp,24963450099534,1480
8471,udp,24963475130784,1569
8472,udp,24963550059654,4896
8473,udp,24963582365964,1555
8474,udp,24963584319774,857
8475,udp,24963623132364,1489
8476,udp,24963648276924,1482
8477,udp,24963648988734,671
8478,udp,24963684863184,1465
8479,udp,24963685327674,1261
8480,udp,24963706389834,1277
8481,udp,24963751810764,1508
8482,udp,24963753035754,587
8483,udp,24963787490814,1700
8484,udp,24963864532164,5164
8485,udp,24963876890424,1306
8486,udp,24963898569714,1430
8487,udp,24963922230534,736
8488,udp,24963934790934,1346
8489,udp,24963957161694,1141
8490,udp,24963976207314,1193
8491,udp,24963996138264,1333
8492,udp,24964018220844,761
8493,udp,24964055433684,1707
8494,udp,24964059861324,1169
8495,udp,24964079446134,1207
8496,udp,24964172185194,5052
8497,udp,24964182713574,395
8498,udp,24964189890264,1293
8499,udp,24964211394594,1206
8500,udp,24964231453884,1083
8501,udp,24964249543164,1035
8502,udp,24964266944664,663
8503,udp,24964278319944,1343
8504,udp,24964300615374,1412
8505,udp,24964324092684,954
8506,udp,24964340080464,1093
8507,udp,24964358378184,949
8508,tcp,24964422828444,4547
8509,udp,24964451446554,1118
8510,udp,24964470183744,1415
8511,udp,24964493573664,714
8512,udp,24964505790804,381
8514,udp,24964512690024,1340
8515,udp,24964534943334,1348
8516,udp,24964581577014,1769
8517,udp,24964586978724,989
8518,udp,24964627805154,1722
8519,udp,24964632477144,1409
8520,udp,24964728512184,5346
8521,udp,24964768138014,1599
8522,udp,24964770740814,955
8523,udp,24964811047314,1847
8524,udp,24964817678154,1011
8525,udp,24964834693284,1392
8526,udp,24964881961554,1474
8527,udp,24964882578324,918
8528,udp,24964922369664,1539
8529,udp,24964924082454,969
8530,udp,24964964639604,1604
8531,udp,24964991675604,1983
8532,udp,24965073175374,5629
8533,udp,24965117204724,1748
8534,udp,24965122276224,1139
8535,udp,24965165541744,1680
8536,udp,24965193765564,1507
8537,udp,24965194922874,745
8538,udp,24965231954634,2113
8539,udp,24965242871184,1137
8540,udp,24965261853174,1421
8541,udp,24965309649204,1555
8542,udp,24965311560174,881
8543,udp,24965350761204,1736
8544,udp,24965452567674,6403
8545,udp,24965461052874,1198
8546,udp,24965481026034,1282
8547,udp,24965502380964,867
8548,udp,24965541265284,1710
8549,udp,24965545676904,749
8550,udp,24965558490384,1313
8551,udp,24965580319884,1304
8552,udp,24965601969744,964
8553,udp,24965642422044,2022
8554,udp,24965651893104,1024
8555,udp,24965693298324,2026
8556,udp,24965775505674,5703
8557,udp,24965796570354,611
8558,udp,24965831305764,2040
8559,udp,24965841059604,1191
8560,udp,24965885196054,1732
8561,udp,24965914240584,2048
8562,udp,24965924222664,793
8563,udp,24965961847344,2121
8564,udp,24965997119784,1501
8565,udp,24966022462704,2125
8566,udp,24966057810834,2696
8567,udp,24966078085674,1038
8568,udp,24966192389004,5952
8569,udp,24966193626504,854
8570,udp,24966232410024,1833
8571,udp,24966263059524,1820
8572,udp,24966269313264,951
8573,udp,24966309577284,1997
8574,udp,24966318600774,1404
8575,udp,24966366116094,1906
8576,udp,24966397976724,1994
8577,udp,24966406978884,776
8578,udp,24966444407904,2309
8579,udp,24966482726934,2038
8580,tcp,24966540919584,4867
8581,udp,24966598875174,2050
8582,udp,24966633026304,2180
8583,udp,24966669231144,2176
8584,udp,24966705412044,2341
8585,udp,24966744296724,2190
8586,udp,24966780602094,1982
8587,udp,24966813682134,2316
8588,udp,24966852160734,1980
8589,udp,24966885098394,1833
8590,udp,24966939949884,3876
8591,udp,24966979639434,2731
8592,tcp,24967048891734,3585
8593,udp,24967085328774,1507
8594,udp,24967086513174,1259
8595,udp,24967107514944,1324
8596,udp,24967153704474,1466
8597,udp,24967154190924,1357
8598,udp,24967176910254,1451
8599,udp,24967200785904,1064
8600,udp,24967218644964,1271
8601,udp,24967264041864,1783
8602,udp,24967269629964,1098
8603,udp,24967312261884,1670
8604,tcp,24967364552334,3351
8605,udp,24967372990554,1339
8606,udp,24967419463944,1502
8607,udp,24967420570044,973
8608,udp,24967461254184,1703
8609,udp,24967489785354,1551
8610,udp,24967491648624,1341
8611,udp,24967538200584,1487
8612,udp,24967539008064,1135
8613,udp,24967582286274,1657
8614,udp,24967585902294,1127
8615,udp,24967628998524,1923
8616,tcp,24967685328984,3539
8617,udp,24967696775634,1019
8618,udp,24967738120554,1745
8619,udp,24967767423384,1544
8620,udp,24967769137434,1238
8621,udp,24967814056704,1719
8622,udp,24967842905754,1638
8623,udp,24967870459794,1661
8624,udp,24967874120904,1375
8625,udp,24967896976584,1295
8626,udp,24967918448964,1407
8627,udp,24967941819084,1269
8628,tcp,24968011333464,3606
8629,udp,24968023826994,1305
8630,udp,24968069789274,1647
8631,udp,24968097527724,1952
8632,udp,24968130024654,1639
8633,udp,24968157710904,1836
8634,udp,24968188332864,1610
8635,udp,24968215441674,1834
8636,udp,24968246164794,2045
8637,udp,24968280186144,1552
8638,udp,24968306366154,1712
8639,udp,24968335137534,1475
8640,tcp,24968335765374,2808
8641,udp,24968407205034,2301
8642,udp,24968445411564,2036
8643,udp,24968479278924,2138
8644,udp,24968514835674,1842
8645,udp,24968545694964,2034
8646,udp,24968603793924,2992
8647,udp,24968629288944,1802
8648,udp,24968659497174,1999
8649,udp,24968668576824,1203
8650,udp,24968712869964,1754
8651,udp,24968742283764,2004
8652,tcp,24968751433974,2743
8653,udp,24968821869144,1597
8654,udp,24968824491564,591
8655,udp,24968858974704,1620
8656,udp,24968886219324,1676
8657,udp,24968890110024,801
8658,udp,24968903763204,1433
8659,udp,24968927473434,303
8660,udp,24968957344974,1541
8661,udp,24968983364064,1576
8662,udp,24968985692004,358
8663,udp,24969016463634,1651
8664,tcp,24969019940694,2609
8665,udp,24969063961944,1433
8666,udp,24969087703314,1359
8667,udp,24969110227884,742
8668,udp,24969122899704,787
8669,udp,24969136295124,508
8670,udp,24969169481274,2145
8671,udp,24969229362234,3547
8672,udp,24969239556084,741
8673,udp,24969252188934,1385
8674,udp,24969275162514,1108
8675,udp,24969293655084,1009
8676,tcp,24969359085534,4732
8677,udp,24969390663474,850
8678,udp,24969405063204,1190
8679,udp,24969424918014,970
8680,udp,24969441246624,1000
8681,udp,24969458034864,1022
8682,udp,24969475195164,1085
8683,udp,24969493351224,1151
8684,udp,24969512561904,898
8685,udp,24969527728884,1257
8686,udp,24969548693934,1273
8687,udp,24969569820444,1010
8688,tcp,24969635235324,4738
8689,udp,24969667017384,929
8690,udp,24969706821234,1507
8691,udp,24969732288174,1585
8692,udp,24969734773434,919
8693,udp,24969774504114,2277
8694,udp,24969788078184,1357
8695,udp,24969834808074,1605
8696,udp,24969861800784,1783
8697,udp,24969867446034,898
8698,udp,24969906851634,1647
8699,udp,24969910251654,976
8700,udp,24969999449304,5158
8701,udp,24970011707754,1182
8702,udp,24970031428194,992
8703,udp,24970048127784,1106
8704,udp,24970066587054,350
8705,udp,24970121439624,3752
8706,udp,24970207564944,4764
8707,udp,24970213531224,859
8708,udp,24970228154064,385
8709,udp,24970235094054,1382
8710,udp,24970257940464,616
8711,udp,24970292900874,1512
8712,udp,24970366842804,5005
8713,udp,24970376749284,1455
8714,udp,24970400830584,730
8715,udp,24970413309264,1186
8716,udp,24970433056704,1162
8717,udp,24970452481404,897
8718,udp,24970467589344,1436
8719,udp,24970515635574,1680
8720,udp,24970519626084,1369
8721,udp,24970566579534,1691
8722,udp,24970570701894,852
8723,udp,24970609309734,1539
8724,tcp,24970659507864,4245
8725,udp,24970682306394,1379
8726,udp,24970729379364,1635
8727,udp,24970732604064,305
8728,udp,24970762565694,2822
8729,udp,24970809036654,1961
8730,udp,24970841774154,2564
8731,udp,24970884200334,2618
8732,udp,24970927375764,1824
8733,udp,24970982119704,3350
8734,udp,24970989158424,1260
8735,udp,24971034429234,1569
8736,udp,24971109285654,5472
8737,udp,24971126595084,427
8738,udp,24971158401534,1940
8739,udp,24971166556704,734
8740,udp,24971203340874,1785
8741,udp,24971233234194,2029
8742,udp,24971242819104,596
8743,udp,24971277364254,1876
8744,udp,24971284590084,863
8745,udp,24971323363794,1491
8746,udp,24971324310324,1386
8747,udp,24971347287684,819
8748,udp,24971482338984,7610
8749,udp,24971486443704,915
8750,udp,24971501959884,1271
8751,udp,24971523079914,1074
8752,udp,24971541034824,799
8753,udp,24971554618614,1404
8754,udp,24971602266324,1604
8755,udp,24971604879024,512
8756,udp,24971613946974,1025
8757,udp,24971631089904,587
8758,udp,24971641258014,1292
8759,udp,24971686994394,1658
8760,udp,24971787566424,6779
8762,udp,24971802058674,1270
8763,udp,24971847432804,1557
8764,udp,24971849415414,1392
8765,udp,24971872561524,1293
8766,udp,24971893983414,1217
8767,udp,24971914419084,283
8768,udp,24971943839544,1870
8769,udp,24971950885194,985
8770,udp,24971967465804,1051
8771,udp,24972009387084,1526
8772,udp,24972131947014,7927
8773,udp,24972165378684,1484
8774,udp,24972166150884,851
8775,udp,24972204878424,1552
8776,udp,24972206764104,1002
8777,udp,24972223665474,893
8778,udp,24972262977114,1516
8779,udp,24972264304794,772
8780,udp,24972277519404,1047
8781,udp,24972295088304,1371
8782,udp,24972317787474,954
8783,udp,24972333887304,1353
8784,udp,24972477430014,7858
8785,udp,24972485540724,870
8786,udp,24972500260404,1301
8787,udp,24972521928174,895
8788,udp,24972537004434,1419
8789,udp,24972560511534,842
8790,udp,24972574798674,999
8791,udp,24972615797994,1578
8792,udp,24972618102714,822
8793,udp,24972656354604,1512
8794,udp,24972657575994,977
8795,udp,24972674063724,1429
8796,udp,24972818922954,7759
8797,udp,24972825408714,703
8798,udp,24972837443604,1365
8799,udp,24972860118744,753
8800,udp,24972872925114,955
8801,udp,24972889023684,1141
8802,udp,24972908115924,292
8803,udp,24972913568214,1333
8804,udp,24972959894274,1608
8805,udp,24972962747274,776
8806,udp,24972975979434,1187
8807,udp,24972995779164,1040
8808,udp,24973134376284,7890
8809,udp,24973143025284,1426
8810,udp,24973166554254,919
8811,udp,24973182102384,1077
8812,udp,24973200113184,935
8813,udp,24973216170534,1345
8814,udp,24973238244654,1065
8815,udp,24973256077074,1109
8816,udp,24973274609334,1330
8817,udp,24973296665454,762
8818,udp,24973309673334,1422
8819,udp,24973333247844,554
8820,udp,24973439818824,5923
8821,udp,24973464861774,1761
8822,udp,24973470186894,736
8823,udp,24973482776274,1038
8824,udp,24973500239604,276
8827,udp,24973553804814,3204
8828,udp,24973582947084,1775
8829,udp,24973612582104,2241
8830,udp,24973649677494,1733
8831,udp,24973678799784,1571
8832,udp,24973802165394,8498
8833,udp,24973844728464,1640
8834,udp,24973848135054,1335
8835,udp,24973870201614,1318
8836,udp,24973892174394,1314
8837,udp,24973913989494,1114
8838,udp,24973956800694,1556
8839,udp,24973983037134,2052
8840,udp,24973992995904,1319
8841,udp,24974014862844,1383
8842,udp,24974037795384,682
8843,udp,24974073740124,1639
8844,udp,24974198275014,8673
8845,udp,24974219411424,1335
8846,udp,24974241518124,1206
8847,udp,24974261632134,641
8848,udp,24974296893684,1665
8849,udp,24974324926794,1484
8850,udp,24974325654804,1140
8851,udp,24974344799694,1154
8852,udp,24974364077334,738
8853,udp,24974400898944,1592
8854,udp,24974427690864,1802
8855,udp,24974433636534,1090
8856,udp,24974573100804,8447
8857,udp,24974590627404,988
8858,udp,24974631405144,1662
8859,udp,24974659359594,1621
8860,udp,24974686651374,1568
8861,udp,24974688822714,1314
8862,udp,24974710624674,323
8863,udp,24974740892034,1465
8864,udp,24974741326374,1400
8865,udp,24974764619184,1372
8866,udp,24974811578934,1915
8867,udp,24974819378964,1016
8868,udp,24974957513934,8484
8869,udp,24974999929224,1714
8870,udp,24975028637424,1514
8871,udp,24975029907054,1017
8872,udp,24975047031354,855
8873,udp,24975085764204,1579
8874,udp,24975112356144,1947
8875,udp,24975120682494,627
8876,udp,24975131465304,1412
8877,udp,24975179151714,1703
8878,udp,24975207715734,1643
8879,udp,24975211132494,589
8880,udp,24975342446184,8682
8881,udp,24975363758724,1089
8882,udp,24975406247634,1510
8883,udp,24975407406924,1232
8884,udp,24975452215854,1597
8885,udp,24975454905954,850
8886,udp,24975493580304,1619
8887,udp,24975496522224,520
8888,udp,24975505639494,1451
8889,udp,24975529720434,1049
8890,udp,24975547264134,1326
8891,udp,24975569267424,1159
8892,udp,24975709721424,8634
8893,udp,24975754531974,1473
8894,udp,24975755148564,1117
8895,udp,24975773861544,796
8896,udp,24975787372164,890
8897,udp,24975826698384,1560
8898,udp,24975852942114,1740
8899,udp,24975882118224,2085
8900,udp,24975892601334,1161
8901,udp,24975912078954,1430
8902,udp,24975935714484,759
8903,udp,24975972862884,1877
8904,udp,24976125719154,9223
8905,udp,24976131683994,1214
8906,udp,24976151908614,1206
8907,udp,24976172025414,1034
8908,udp,24976213544214,1910
8909,udp,24976221222744,956
8910,udp,24976237345614,1083
8911,udp,24976279676934,1608
8912,udp,24976282510494,472
8913,udp,24976315096254,2017
8914,udp,24976348688484,1563
8915,udp,24976375076934,1587
8916,udp,24976522931004,9115
8917,udp,24976527488874,854
8918,udp,24976566169074,1552
8919,udp,24976568161764,1101
8920,udp,24976610772894,1761
8921,udp,24976640299824,1480
8922,udp,24976641002814,422
8923,udp,24976648619784,1342
8924,udp,24976695159414,1790
8925,udp,24976700941104,1393
8926,udp,24976748287494,1549
8927,udp,24976750088934,577
8928,udp,24976881266994,8749
8929,udp,24976927900494,1677
8930,udp,24976931767074,1256
8931,udp,24976952698914,1244
8932,udp,24976973410254,646
8933,udp,24977008767204,1716
8934,udp,24977037570084,1519
8935,udp,24977038947264,1249
8936,udp,24977059768224,1448
8937,udp,24977083693554,546
8938,udp,24977117485044,1699
8939,udp,24977146016754,1487
8940,udp,24977268143604,8526
8941,udp,24977286888984,804
8942,udp,24977300529114,809
8943,udp,24977338508664,1843
8944,udp,24977369367414,1485
8945,udp,24977370174264,1412
8946,udp,24977417806674,1635
8947,udp,24977445370254,1808
8948,udp,24977475593874,1612
8949,udp,24977478456234,1084
8950,udp,24977520904464,1522
8951,udp,24977522297844,1420
8952,udp,24977666994174,8774
8953,udp,24977714004324,1777
8954,udp,24977719583604,1385
8955,udp,24977742524964,1356
8956,udp,24977765016774,1249
8957,udp,24977785911534,495
8958,udp,24977818718244,1639
8959,udp,24977846347974,1889
8960,udp,24977853660204,1157
8961,udp,24977872977984,1289
8962,udp,24977894609214,412
8963,udp,24977901814524,1406
8964,udp,24978046196844,8743
8965,udp,24978068499114,1087
8966,udp,24978110914044,1507
8967,udp,24978112133364,1093
8968,udp,24978154659984,1567
8969,udp,24978156956424,1286
8970,udp,24978178197594,1263
8971,udp,24978199158954,1254
8972,udp,24978220130304,938
8973,udp,24978260182824,1773
8974,udp,24978265584984,972
8975,udp,24978281950134,1443
8976,udp,24978426972804,7772
8977,udp,24978433714704,1256
8978,udp,24978478853304,1673
8979,udp,24978482706204,1313
8980,udp,24978504570264,1223
8981,udp,24978549074634,1600
8982,udp,24978551788314,909
8983,udp,24978591422154,2034
8984,udp,24978601066464,1233
8985,udp,24978645842544,1821
8986,udp,24978676279374,1492
8987,udp,24978677213394,721
8988,udp,24978810750714,7859
8989,udp,24978818854134,1038
8990,udp,24978860506404,1560
8991,udp,24978886846704,1994
8992,udp,24978895897734,640
8993,udp,24978931160004,1910
8994,udp,24978963038184,1971
8995,udp,24978995955054,1564
8996,udp,24979022258454,1843
8997,udp,24979028840424,429
8998,udp,24979060773684,2054
8999,udp,24979094965134,1611
9000,udp,24979219096554,7890
9001,udp,24979251868614,1785
9002,udp,24979257545004,773
9003,udp,24979294943334,2388
9004,udp,24979310239284,1149
9005,udp,24979329442944,1376
9006,udp,24979376470014,1707
9007,udp,24979380883704,323
9008,udp,24979411129824,1707
9009,udp,24979415536494,1462
9010,udp,24979463925894,1528
9011,udp,24979489726464,2243
9012,udp,24979623859944,7459
9013,udp,24979649858154,2151
9014,udp,24979661379594,1143
9015,udp,24979704675264,1966
9016,udp,24979737464694,2183
9017,udp,24979749502464,622
9018,udp,24979784480424,2752
9019,udp,24979805634294,1248
9020,udp,24979850633304,2687
9021,udp,24979894964244,2900
9022,udp,24979918492044,1360
9023,udp,24979965275934,2697
9024,udp,24980106649914,7800
9025,udp,24980138101584,2009
9026,udp,24980171634054,2101
9027,udp,24980182306164,883
9028,udp,24980221489554,2064
9029,udp,24980255839674,1806
9030,udp,24980286099924,1751
9031,udp,24980315438754,2381
9032,udp,24980354900514,2628
9033,udp,24980398263864,2189
9034,udp,24980434631874,2071
9035,udp,24980444876124,1427
9036,udp,24980589638334,8062
9037,udp,24980601048444,1454
9038,udp,24980649317874,1867
9039,udp,24980680540944,2034
9040,udp,24980690177064,1370
9041,udp,24980737118274,2082
9042,udp,24980771804004,1601
9043,udp,24980798781504,1946
9044,udp,24980807013534,1013
9045,udp,24980824123704,1318
9046,udp,24980870143134,1487
9047,udp,24980870965374,1225
9048,udp,24981012602514,8598
9049,udp,24981032561184,1458
9050,udp,24981056671014,1154
9051,udp,24981075903474,1200
9052,udp,24981095937024,377
9053,udp,24981102725184,1406
9054,udp,24981126032034,1411
9055,udp,24981149422854,1158
9056,udp,24981168744774,1140
9057,udp,24981187797954,637
9058,udp,24981222995244,1677
9059,udp,24981251261814,1661
9060,udp,24981376061664,7478
9061,udp,24981378006204,1416
9062,udp,24981425727894,1864
9063,udp,24981432678774,1375
9064,udp,24981455470464,780
9065,udp,24981492976524,1791
9066,udp,24981523033734,2277
9067,udp,24981536535984,1037
9068,udp,24981578161074,2167
9069,udp,24981589936674,1335
9070,udp,24981636297744,1664
9071,udp,24981664300794,1900
9072,udp,24981768706104,7205
9073,udp,24981814293624,2078
9074,udp,24981824678814,1009
9075,udp,24981865826814,1791
9076,udp,24981895836144,1968
9077,udp,24981904415574,1389
9078,udp,24981951682494,2021
9079,udp,24981961148064,1298
9080,udp,24982006914414,1684
9081,udp,24982035216354,1915
9082,udp,24982042962924,950
9083,udp,24982083196884,1947
9084,udp,24982212649104,7444
9085,udp,24982214017644,1401
9086,udp,24982261538724,2012
9087,udp,24982270818534,614
9088,udp,24982305695244,2116
9089,udp,24982316663184,1183
9090,udp,24982360636194,2635
9091,udp,24982404211314,2766
9092,udp,24982449730434,1808
9093,udp,24982504227504,3214
9094,udp,24982509076614,1277
9095,udp,24982554538494,2598
9096,udp,24982670141244,6058
9097,udp,24982673081544,233
9098,udp,24982726097844,3792
9099,udp,24982740279774,745
9100,udp,24982801414704,3226
9101,udp,24982854921864,3733
9102,udp,24982916519304,3750
9103,udp,24982978486914,3925
9104,udp,24983043117894,4030
9105,udp,24983085264354,2810
9106,udp,24983155788714,3332
9107,udp,24983210970054,2977
9108,udp,24983284761594,5332
9110,udp,24983324056674,1998
9111,udp,24983357347314,2286
9112,udp,24983371024884,1281
9113,udp,24983416540224,1610
9114,udp,24983443659744,1819
9115,udp,24983449871814,713
9116,udp,24983462045484,1407
9117,udp,24983485422444,977
9118,udp,24983526019464,2093
9119,udp,24983536671324,1149
9120,udp,24983677046304,8262
9121,udp,24983691562224,907
9122,udp,24983706872754,1142
9123,udp,24983725964184,1126
9124,udp,24983744866074,1281
9125,udp,24983766030024,256
9126,udp,24983771045004,1379
9127,udp,24983793785034,953
9128,udp,24983809835904,905
9129,udp,24983825104854,1390
9130,udp,24983848166724,850
9131,udp,24983862552684,795
9132,udp,24983997206904,8629
9133,udp,24984017668944,1094
9134,udp,24984035963874,1209
9135,udp,24984056243844,960
9136,udp,24984072234954,1148
9137,udp,24984091441854,694
9138,udp,24984103342374,1165
9139,udp,24984122791464,1245
9140,udp,24984143499384,632
9141,udp,24984154420614,839
9142,udp,24984168627564,1216
9143,udp,24984188926254,1061
9144,udp,24984327792564,7776
9145,udp,24984334631214,1209
9146,udp,24984354752334,898
9147,udp,24984369934704,1008
9148,udp,24984386852904,1356
9149,udp,24984409327074,1171
9150,udp,24984428889474,1066
9151,udp,24984446762034,1078
9152,udp,24984464789124,1109
9153,udp,24984483345504,1308
9154,udp,24984529308594,1572
9155,udp,24984531522594,775
9156,udp,24984665898444,7601
9157,udp,24984669836214,1208
9158,udp,24984690022134,952
9159,udp,24984706021164,1276
9160,udp,24984727293924,787
9161,udp,24984740668194,1336
9162,udp,24984762855354,993
9163,udp,24984779508414,1284
9164,udp,24984800896914,1203
9165,udp,24984820915704,856
9166,udp,24984835442514,1075
9167,udp,24984853411374,1045
9168,udp,24984992103984,7843
9169,udp,24984999944154,1449
9170,udp,24985023914844,726
9171,udp,24985060566984,1584
9172,udp,24985062975924,775
9173,udp,24985076239764,1005
9174,udp,24985117324494,1739
9175,udp,24985122250554,949
9176,udp,24985138256334,1101
9177,udp,24985156675194,994
9178,udp,24985173343104,1047
9179,udp,24985215175824,1584
9180,udp,24985338752754,7643
9181,udp,24985343479824,1042
9182,udp,24985360926054,1075
9183,udp,24985378934784,1200
9184,udp,24985398909024,1249
9185,udp,24985419728904,923
9186,udp,24985435252734,1451
9187,udp,24985459264914,1265
9188,udp,24985480294044,873
9189,udp,24985519347744,1526
9190,udp,24985520796564,1061
9191,udp,24985562842854,1693
9192,udp,24985664102934,7231
9193,udp,24985685703924,783
9194,udp,24985723281534,1706
9195,udp,24985727694774,983
9196,udp,24985744192314,1384
9197,udp,24985791396234,1472
9198,udp,24985792063224,1315
9199,udp,24985838174274,1474
9200,udp,24985838739564,887
9201,udp,24985878039234,1575
9202,udp,24985904588154,1698
9203,udp,24985908843084,1256
9204,udp,24986026675044,7273
9205,udp,24986049102864,493
9206,udp,24986082053214,1541
9207,udp,24986108107584,1663
9208,udp,24986111764284,1053
9209,udp,24986153660004,1632
9210,udp,24986156882274,889
9211,udp,24986171872044,1381
9212,udp,24986194764354,1411
9213,udp,24986242365984,1803
9214,udp,24986248332084,1073
9215,udp,24986266327044,1224
9216,udp,24986359382724,5754
9217,udp,24986405441754,1975
9218,udp,24986414144574,1167
9219,udp,24986433669624,1134
9220,udp,24986452548384,1417
9221,udp,24986500323534,2483
9222,udp,24986541301434,2597
9223,udp,24986584215684,1711
9224,udp,24986612938104,1625
9225,udp,24986664600984,3817
9226,udp,24986703306474,2289
9227,udp,24986765431674,4055
9228,udp,24986856528144,5384
9229,udp,24986896598124,2757
9230,udp,24986966269914,4338
9231,udp,24987013289154,2905
9232,udp,24987085383924,3928
9233,udp,24987125855934,2546
9234,udp,24987167937684,2246
9235,udp,24987229455924,3498
9236,udp,24987263113044,2689
9237,udp,24987331699344,3065
9238,udp,24987358377414,1690
9239,udp,24987362479074,1352
9240,udp,24987506088384,8211
9241,udp,24987519876384,1408
9242,udp,24987543189624,410
9243,udp,24987550541814,1086
9244,udp,24987568710924,1394
9245,udp,24987592530774,640
9246,udp,24987627808074,1503
9247,udp,24987628877994,876
9248,udp,24987643725204,1300
9249,udp,24987689563374,1836
9250,udp,24987696101334,840
9251,udp,24987710284344,1079
9252,udp,24987849533694,7816
9253,udp,24987881177964,1745
9254,udp,24987886203744,1351
9255,udp,24987908628414,561
9256,udp,24987918390714,1051
9257,udp,24987936064734,878
9258,udp,24987975087564,1746
9259,udp,24987980155914,801
9260,udp,24987993753924,1042
9261,udp,24988011205014,999
9262,udp,24988028042934,1291
9263,udp,24988073699484,2196
9264,udp,24988207119984,7831
9265,udp,24988214800944,1153
9266,udp,24988233996954,792
9267,udp,24988247469054,1144
9268,udp,24988290833214,1655
9269,udp,24988294381464,1169
9270,udp,24988313896794,790
9271,udp,24988327383384,904
9272,udp,24988342661514,456
9274,udp,24988374967374,1851
9275,udp,24988382354034,1281
9276,udp,24988500560214,7239
9277,udp,24988522471704,1336
9278,udp,24988544594154,1149
9279,udp,24988588140924,1622
9280,udp,24988591071684,826
9281,udp,24988629356424,1646
9282,udp,24988632777774,1366
9283,udp,24988679718174,1955
9284,udp,24988688190864,1251
9285,udp,24988709025324,776
9286,udp,24988722364854,1207
9287,udp,24988742337834,1389
9288,udp,24988886478414,7954
9289,udp,24988896177444,1279
9290,udp,24988917352734,748
9291,udp,24988930127964,1365
9292,udp,24988952764044,1238
9293,udp,24988973399064,1164
9294,udp,24989017064814,1524
9295,udp,24989018540274,1019
9296,udp,24989035684104,1103
9297,udp,24989054129964,942
9298,udp,24989094242424,1466
9299,udp,24989119090254,1519
9300,udp,24989241554784,7710
9301,udp,24989247354744,1192
9302,udp,24989267185524,1042
9303,udp,24989308931394,1514
9304,udp,24989310167274,1203
9305,udp,24989330284254,486
9306,udp,24989363736624,1623
9307,udp,24989366829024,1279
9308,udp,24989388088014,1025
9309,udp,24989429510244,1617
9310,udp,24989432489964,475
9311,udp,24989440887954,1079
9312,udp,24989580177174,7957
9313,udp,24989589802044,1258
9314,udp,24989610723444,1295
9315,udp,24989632223184,674
9316,udp,24989643838044,1409
9317,udp,24989667195744,1218
9318,udp,24989687479584,1317
9319,udp,24989709353634,1406
9320,udp,24989732640594,422
9321,udp,24989740219404,1273
9322,udp,24989761364544,1048
9323,udp,24989778912924,1100
9324,udp,24989918475294,8008
9325,udp,24989928976674,1399
9326,udp,24989952192084,1118
9327,udp,24989970814704,1193
9328,udp,24990014953584,1832
9329,udp,24990021369234,905
9330,udp,24990036607044,643
9331,udp,24990047870454,875
9332,udp,24990062515254,886
9333,udp,24990101717184,1630
9334,udp,24990104846574,1063
9335,udp,24990146957214,1748
9336,udp,24990273209214,7947
9337,udp,24990282722664,887
9338,udp,24990297691284,959
9339,udp,24990313829454,1441
9340,udp,24990337658844,848
9341,udp,24990352087464,1425
9342,udp,24990375661524,1233
9343,udp,24990420461724,1880
9344,udp,24990427648134,1259
9345,udp,24990448567644,750
9346,udp,24990461347914,1422
9347,udp,24990484912074,1415
9348,udp,24990629596614,7508
9349,udp,24990656224194,1687
9350,udp,24990660300654,1097
9351,udp,24990678640134,1407
9352,udp,24990701972544,1234
9353,udp,24990722539344,1407
9354,udp,24990770080224,2031
9355,udp,24990779680434,900
9356,udp,24990794899704,1249
9357,udp,24990815681874,1445
9358,udp,24990839577144,1189
9359,udp,24990883637814,1757
9360,udp,24991010009424,7727
9361,udp,24991016055354,1240
9362,udp,24991036677774,822
9363,udp,24991050620394,1434
9364,udp,24991074376254,1442
9365,udp,24991098312204,731
9366,udp,24991110724374,925
9367,udp,24991126328664,1144
9368,udp,24991145452134,1114
9369,udp,24991188329214,1879
9370,udp,24991195469274,707
9371,udp,24991207585164,1354
9372,udp,24991375408884,9053
9373,udp,24991403251554,1643
9374,udp,24991406601624,1444
9375,udp,24991454775564,1489
9376,udp,24991455594834,737
9377,udp,24991468216344,793
9378,udp,24991506057294,1723
9379,udp,24991534918764,1536
9380,udp,24991536599514,647
9381,udp,24991547740074,1159
9382,udp,24991567094934,1049
9383,udp,24991608895524,1545
9384,udp,24991731899154,7885
9385,udp,24991740368874,925
9386,udp,24991756096374,1080
9387,udp,24991774144344,1217
9388,udp,24991794392184,768
9389,udp,24991831762794,1992
9390,udp,24991864896744,1817
9391,udp,24991871055984,1014
9392,udp,24991888131054,705
9393,udp,24991924433634,1750
9394,udp,24991929547434,1371
9395,udp,24991952408154,623
9396,udp,24992059895064,6212
9398,udp,24992089605504,1647
9399,udp,24992117291394,1812
9400,udp,24992123443884,806
9401,udp,24992137131624,1424
9402,udp,24992160716664,1375
9403,udp,24992183537154,690
9404,udp,24992219598714,1481
9405,udp,24992244607464,1530
9406,udp,24992270467974,1614
9407,udp,24992273350134,760
9408,udp,24992383253724,6952
9409,udp,24992400534894,1171
9410,udp,24992420169024,1120
9411,udp,24992438856804,1387
9412,udp,24992461848654,503
9413,udp,24992494923654,1766
9414,udp,24992500296204,992
9415,udp,24992541187974,1490
9416,udp,24992566351434,1550
9417,udp,24992592497334,1565
9418,udp,24992594646174,756
9419,udp,24992631771354,1985
9420,udp,24992737599834,6018
9421,udp,24992739919674,1343
9422,udp,24992762210964,1411
9423,udp,24992785614834,1065
9424,udp,24992827696944,1905
9425,udp,24992835286554,1337
9426,udp,24992881685784,1514
9427,udp,24992907313014,1566
9428,udp,24992933639544,1620
9429,udp,24992936653914,843
9430,udp,24992975192364,1585
9431,udp,24992977640544,1384
9432,udp,24993097529184,7019
9433,udp,24993115872534,1296
9434,udp,24993137484144,1439
9435,udp,24993185449104,1517
9436,udp,24993211098654,1541
9437,udp,24993212858244,750
9438,udp,24993249822054,2101
9439,udp,24993260564364,1110
9440,udp,24993303418494,1498
9441,udp,24993328727034,1615
9442,udp,24993331634664,924
9443,udp,24993371460114,1621
9444,udp,24993471396834,7108
9445,udp,24993491211144,1302
9446,udp,24993537111864,1502
9447,udp,24993538205904,709
9448,udp,24993574608114,1537
9449,udp,24993576270324,781
9450,udp,24993613860444,1528
9451,udp,24993639613764,1479
9452,udp,24993640340424,700
9453,udp,24993676687824,1537
9454,udp,24993678289194,968
9455,udp,24993694654254,1385
9456,udp,24993814511934,6707
9457,udp,24993827893494,477
9458,udp,24993860571594,1513
9459,udp,24993861794424,943
9460,udp,24993877743684,1271
9461,udp,24993923128254,1713
9462,udp,24993927642744,499
9463,udp,24993936434934,1435
9464,udp,24993960220494,1009
9465,udp,24993977124474,1326
9466,udp,24993999135684,1368
9467,udp,24994021863474,1184
9468,udp,24994114264674,5029
9469,udp,24994124453304,464
9470,udp,24994205409744,4679
9472,udp,24994234207404,1470
9473,udp,24994234784214,943
9474,udp,24994250737884,1295
9475,udp,24994272247524,650
9476,udp,24994283443074,1330
9477,udp,24994305540954,1179
9478,udp,24994349444034,1856
9479,udp,24994356262344,1157
9480,udp,24994472467554,6409
9481,udp,24994505338974,1719
9482,udp,24994509942474,593
9483,udp,24994544492664,1779
9484,udp,24994574269884,2094
9485,udp,24994609096734,2588
9486,udp,24994651878324,2600
9487,udp,24994694855034,1522
9488,udp,24994720518894,1818
9489,udp,24994726682814,929
9490,udp,24994766562894,1668
9491,udp,24994794635604,1674
9492,udp,24994919699064,7558
9493,udp,24994922922234,1405
9494,udp,24994946227014,732
9495,udp,24994982958804,1688
9496,udp,24994987146234,1178
9497,udp,24995006873604,971
9498,udp,24995047380534,1737
9499,udp,24995052245124,882
9500,udp,24995091418614,1481
9501,udp,24995092165974,1416
9502,udp,24995115682704,1420
9503,udp,24995139147954,1422
9504,udp,24995235428064,5721
9505,udp,24995256702804,1352
9506,udp,24995303353494,1728
9507,udp,24995308131504,722
9508,udp,24995344687254,2039
9509,udp,24995354414904,940
9510,udp,24995394539784,2465
9511,udp,24995459552994,3076
9512,udp,24995462099544,751
9513,udp,24995523462444,4356
9514,udp,24995546547534,544
9515,udp,24995604526524,3641
9516,udp,24995713137264,7208
9517,udp,24995734502184,188
9518,udp,24995811017124,4565
9519,udp,24995813734224,677
9520,udp,24995873869254,3406
9521,udp,24995954453454,4613
9522,udp,24995957976774,853
9523,udp,24996020919894,3999
9524,udp,24996038378274,1377
9525,udp,24996085391664,2850
9526,udp,24996156606234,3132
9527,udp,24996160120464,901
9528,udp,24996248060544,5866
9529,udp,24996271629294,566
9530,udp,24996305736234,2003
9531,udp,24996339097164,2463
9532,udp,24996355615944,898
9533,udp,24996395028744,2348
9534,udp,24996409696224,1175
9535,udp,24996453496794,1823
9536,udp,24996484118664,2563
9537,udp,24996502160154,799
9538,udp,24996539976534,2433
9539,udp,24996580321914,1548
9540,udp,24996679036884,6221
9541,udp,24996708925434,1572
9542,udp,24996711123234,779
9543,udp,24996748626144,1831
9544,udp,24996755075814,921
9545,udp,24996794809554,1666
9546,udp,24996822821064,2093
9547,udp,24996833418744,850
9548,udp,24996872062224,2054
9549,udp,24996906250794,1493
9550,udp,24996907215774,1428
9551,udp,24996955181814,1746
9552,udp,24997081328334,7394
9553,udp,24997106281374,1656
9554,udp,24997109802534,1328
9555,udp,24997156122924,1494
9556,udp,24997157074134,1317
9557,udp,24997179025764,571
9558,udp,24997213227744,1848
9559,udp,24997244106564,2018
9560,udp,24997253466114,1000
9561,udp,24997270297824,1222
9562,udp,24997290630894,490
9563,udp,24997299280434,1368
9564,udp,24997443097824,7899
9565,udp,24997451856534,991
9566,udp,24997468569534,1358
9567,udp,24997491131544,855
9568,udp,24997505530554,1274
9569,udp,24997550929794,1682
9570,udp,24997554967734,1157
9571,udp,24997574277414,1210
9572,udp,24997594466034,730
9573,udp,24997631143014,1795
9574,udp,24997661295624,1686
9575,udp,24997665291984,1400
9576,udp,24997785407964,5913
9577,udp,24997786007544,812
9578,udp,24997824205704,1885
9579,udp,24997831403544,1270
9580,udp,24997876743924,1892
9581,udp,24997908358134,2026
9582,udp,24997917915864,1149
9583,udp,24997961321154,2267
9584,udp,24997998911094,1572
9585,udp,24998025423384,2212
9586,udp,24998062122324,2477
9587,udp,24998103152244,1770
9588,tcp,24998157027324,4730
9589,udp,24998212816524,1534
9590,udp,24998238698814,2409
9591,udp,24998278603734,2811
9592,udp,24998325034194,1756
9593,udp,24998378588064,3052
9594,udp,24998405090364,1890
9595,udp,24998460891354,3673
9596,udp,24998521547304,3540
9597,udp,24998555875284,2665
9598,udp,24998624114004,3135
9599,udp,24998651908344,2673
9600,tcp,24998720253624,4250
9601,udp,24998791550724,3637
9602,udp,24998851593954,3490
9603,udp,24998909337954,4144
9604,udp,24998977524834,3615
9605,udp,24999037234974,3799
9606,udp,24999099904044,4161
9607,udp,24999168370824,3566
9608,udp,24999227325684,4141
9609,udp,24999295480074,3366
9610,udp,24999351206364,3440
9611,udp,24999408153954,4025
9612,tcp,24999474447954,4733
9613,udp,24999554477484,3890
9614,udp,24999594407244,2928
9615,udp,24999666852024,3571
9616,udp,24999725835324,3582
9617,udp,24999760855314,2694
9618,udp,24999829523244,3663
9619,udp,24999865767684,2504
9620,udp,24999931407834,2976
9621,udp,24999980929704,3174
9622,udp,25000009344594,1599
9623,udp,25000060512834,3016
9624,tcp,25000110670284,3881
9625,udp,25000151794704,2550
9626,udp,25000218167094,3007
9627,udp,25000243978644,1843
9628,udp,25000299059004,3607
9629,udp,25000334399124,2180
9630,udp,25000394852304,3196
9631,udp,25000447857804,3388
9632,udp,25000479720594,2744
9633,udp,25000549271334,3656
9634,udp,25000585381944,2532
9635,udp,25000651438344,3898
9636,udp,25000739980434,4991
9637,udp,25000773763194,2630
9638,udp,25000841428074,3971
9639,udp,25000906814964,3056
9640,udp,25000957600704,3542
9641,udp,25001016199344,3883
9642,udp,25001056034604,2337
9643,udp,25001118935514,3692
9644,udp,25001155684944,2424
9645,udp,25001220057804,3618
9646,udp,25001279806104,4128
9647,udp,25001323482114,2691
9648,tcp,25001392119804,4713
9649,udp,25001447701374,2706
9650,udp,25001516551104,4141
9651,udp,25001584747074,4320
9652,udp,25001631491364,2362
9653,udp,25001719040034,4456
9654,udp,25001744355324,2442
9655,udp,25001808989544,4221
9656,udp,25001902681974,4740
9657,udp,25001932510314,2067
9658,udp,25001991140634,4161
9659,udp,25002035417034,2703
9660,tcp,25002104171004,4276
9661,udp,25002175851324,3805
9662,udp,25002214413354,2196
9663,udp,25002275094864,3749
9664,udp,25002312728274,2615
9665,udp,25002380155464,3722
9666,udp,25002441608364,4336
9667,udp,25002488634984,2100
9668,udp,25002572105034,4562
9669,udp,25002599015304,2697
9670,udp,25002667729944,3452
9671,udp,25002724824414,3859
9672,tcp,25002788446944,4687
9673,udp,25002867860064,3957
9674,udp,25002908795574,2661
9675,udp,25002976946094,3501
9676,udp,25003034825634,3922
9677,udp,25003075288464,2374
9678,udp,25003138841604,3627
9679,udp,25003174497714,2326
9680,udp,25003237277934,3578
9681,udp,25003296438624,4231
9682,udp,25003341779364,2056
9683,udp,25003400310774,3974
9684,udp,25003489952034,5288
9685,udp,25003576977174,4429
9687,udp,25003601826624,2631
9688,udp,25003693709964,4428
9689,udp,25003718543934,2898
9690,udp,25003790647884,3790
9691,udp,25003853070894,3526
9692,udp,25003887086394,2481
9693,udp,25003952353314,3752
9694,udp,25003990045044,2404
9695,udp,25004054096694,3501
9696,tcp,25004111970474,4684
9697,udp,25004167081974,1501
9698,udp,25004216664144,4239
9699,udp,25004262126384,2285
9700,udp,25004324267694,4156
9701,udp,25004416848264,4775
9702,udp,25004447272764,2432
9703,udp,25004511714384,4099
9704,udp,25004555024904,2238
9705,udp,25004616405354,4019
9706,udp,25004682540234,3990
9707,udp,25004724190164,2598
9708,tcp,25004791205064,4547
9709,udp,25004844179514,2465
9710,udp,25004909112804,3264
9711,udp,25004963261214,3496
9712,udp,25004996790804,1764
9713,udp,25005050899794,3724
9714,udp,25005087867654,2186
9715,udp,25005148393824,3765
9716,udp,25005210497694,4204
9717,udp,25005255483204,2229
9718,udp,25005316697964,3998
9719,udp,25005358354104,2528
9720,udp,25005448618254,5245
9721,udp,25005534934194,4501
9722,udp,25005585125124,3071
9723,udp,25005660401574,4789
9724,udp,25005690959814,2725
9725,udp,25005760202484,4208
9726,udp,25005853697184,4451
9727,udp,25005878816364,2284
9728,udp,25005940957134,3865
9729,udp,25005980404584,2694
9730,udp,25006049113374,3569
9731,udp,25006108143384,3563
9732,tcp,25006166962344,3986
9733,udp,25006234026564,4179
9734,udp,25006278557934,2646
9735,udp,25006346464464,3996
9736,udp,25006436596404,4629
9737,udp,25006464595674,2625
9739,udp,25006532147244,3028
9740,udp,25006582619424,3965
9741,udp,25006672091214,4631
9742,udp,25006700158884,2329
9743,udp,25006762900944,4206
9744,udp,25006856353794,5305
9745,udp,25006895234604,2940
9746,udp,25006967852274,3951
9747,udp,25007008666464,2005
9748,udp,25007066358714,3645
9749,udp,25007102332614,2768
9750,udp,25007147945154,2594
9751,udp,25007215002894,3316
9752,udp,25007245754094,2623
9753,udp,25007313326274,3820
9754,udp,25007352172614,2797
9755,udp,25007422404024,3528
9756,udp,25007504985144,5728
9757,udp,25007550550794,1908
9758,udp,25007606766324,3901
9759,udp,25007646818214,2812
9760,udp,25007717291634,2955
9761,udp,25007766488604,3795
9762,udp,25007804847774,2624
9763,udp,25007872489074,3744
9764,udp,25007910086034,2663
9765,udp,25007953921344,2512
9766,udp,25007995548414,2638
9767,udp,25008039033894,1936
9768,udp,25008144066324,6074
9769,udp,25008171527124,2204
9770,udp,25008208194744,2387
9771,udp,25008247646874,2788
9772,udp,25008293636694,1912
9773,udp,25008349852314,3054
9774,udp,25008376339044,2813
9775,udp,25008422690574,2366
9776,udp,25008461892774,2884
9777,udp,25008509376054,2012
9778,udp,25008542871804,2806
9779,udp,25008589145934,2158
9780,udp,25008697678824,6486
9781,udp,25008731763894,2118
9782,udp,25008742774224,1423
9783,udp,25008790585644,2686
9784,udp,25008810653034,1401
9785,udp,25008858131364,2151
9786,udp,25008893886654,2135
9787,udp,25008905098314,1414
9788,udp,25008952742064,2501
9789,udp,25008994141254,1759
9790,udp,25009023633534,1525
9791,udp,25009025059854,1381
9792,udp,25009144904934,7217
9793,udp,25009190730414,1480
9794,udp,25009191414144,1332
9795,udp,25009213577904,1343
9796,udp,25009235859654,1236
9797,udp,25009256438334,574
9798,udp,25009290715284,2041
9799,udp,25009324652844,1866
9800,udp,25009355880504,1544
9801,udp,25009381953594,1566
9802,udp,25009384104144,584
9803,udp,25009418486394,2158
9804,udp,25009527017934,7089
9805,udp,25009570726164,2195
9806,udp,25009607182464,2119
9807,udp,25009618199094,1095
9808,udp,25009660774944,2149
9809,udp,25009696494144,1711
9810,udp,25009725199014,1941
9811,udp,25009757662014,2009
9812,udp,25009766901414,651
9813,udp,25009802306964,2674
9814,udp,25009846515504,1496
9815,udp,25009871766444,1896
9816,udp,25009976167524,7254
9817,udp,25009998221664,950
9818,udp,25010038450584,2428
9819,udp,25010054440974,1363
9820,udp,25010101223694,2212
9821,udp,25010137969524,2394
9822,udp,25010153372754,1219
9823,udp,25010197949934,2497
9824,udp,25010239272264,1672
9825,udp,25010267340744,2389
9826,udp,25010306940474,2022
9827,udp,25010316400824,995
9828,udp,25010454200184,7839
9829,udp,25010462041344,1336
9830,udp,25010508469734,1609
9831,udp,25010535596364,1969
9832,udp,25010544192534,799
9833,udp,25010581950414,2032
9834,udp,25010615813544,1604
9835,udp,25010642830104,1529
9836,udp,25010668706904,1869
9837,udp,25010675654994,648
9838,udp,25010711054064,2172
9839,udp,25010722914444,808
9840,udp,25010857761534,7528
9841,udp,25010884859904,1755
9842,udp,25010890035444,885
9843,udp,25010929195614,2001
9844,udp,25010938324584,1380
9845,udp,25010985480354,1542
9846,udp,25011011478024,1635
9847,udp,25011014750244,1249
9848,udp,25011059758434,1652
9849,udp,25011063317124,1356
9850,udp,25011085776174,1353
9851,udp,25011108247284,1462
9852,udp,25011253584144,8519
9853,udp,25011272255544,1419
9854,udp,25011295810254,745
9855,udp,25011332697474,1539
9856,udp,25011358751574,1472
9857,udp,25011359296164,622
9858,udp,25011394419204,2045
9859,udp,25011404304264,858
9860,udp,25011418680504,1035
9861,udp,25011436077774,1312
9862,udp,25011457837794,864
9863,udp,25011472458294,1364
9864,udp,25011616225914,8733
9865,udp,25011638357004,959
9866,udp,25011654474474,1023
9867,udp,25011671690034,980
9868,udp,25011688174434,995
9869,udp,25011729111384,2242
9870,udp,25011742087674,879
9871,udp,25011781195734,1500
9872,udp,25011782218674,629
9873,udp,25011817400754,1590
9874,udp,25011819935154,1168
9875,udp,25011863630874,1496
9876,tcp,25011913113054,3202
9877,udp,25011919218024,405
9878,udp,25011950725044,1641
9879,udp,25011954057744,918
9880,udp,25011993803544,1758
9881,udp,25012023353154,1902
9882,udp,25012030827204,819
9883,udp,25012068926184,2285
9884,udp,25012082647044,1080
9885,udp,25012124962074,2098
9886,udp,25012159850754,1915
9887,udp,25012167606684,920
9888,tcp,25012231588764,3877
9889,udp,25012248465834,339
9890,udp,25012278920484,1999
9891,udp,25012312242804,2342
9892,udp,25012326841794,597
9893,udp,25012361412324,2028
9894,udp,25012370974374,1008
9895,udp,25012412149194,1771
9896,udp,25012441843254,1898
9897,udp,25012449283644,826
9898,udp,25012487522754,1805
9899,udp,25012493527734,954
9900,tcp,25012558099314,4213
9901,udp,25012580327694,1312
9902,udp,25012602146304,728
9903,udp,25012638784494,1804
9904,udp,25012644742674,1068
9905,udp,25012686901554,1764
9906,udp,25012716503814,1885
9907,udp,25012723743954,868
9908,udp,25012762686594,1836
9909,udp,25012769113854,896
9910,udp,25012808492364,1637
9911,udp,25012836089244,1689
9912,tcp,25012888655994,4807
9913,udp,25012945733994,1831
9914,udp,25012952188794,883
9915,udp,25012991218014,1593
9916,udp,25013018081394,1668
9917,udp,25013021937444,858
9918,udp,25013060674434,1677
9919,udp,25013064604464,1327
9920,udp,25013086634844,1204
9921,udp,25013130898284,1467
9922,udp,25013131421544,1019
9923,udp,25013148726384,1363
9924,tcp,25013219651064,4843
9925,udp,25013253039354,1178
9926,udp,25013272666824,1416
9927,udp,25013296157814,804
9928,udp,25013334103074,1810
9929,udp,25013340158544,1459
9930,udp,25013388517794,1582
9931,udp,25013415189474,1575
9932,udp,25013417423094,819
9933,udp,25013455603164,1892
9934,udp,25013462961204,928
9935,udp,25013502916974,1579
9936,tcp,25013553673014,4288
9937,udp,25013577123684,375
9938,udp,25013608177104,2180
9939,udp,25013620184544,1261
9940,udp,25013665336374,1745
9941,udp,25013694621654,2254
9942,udp,25013707782174,930
9943,udp,25013747703024,2346
9944,udp,25013762357814,1321
9945,udp,25013808499644,1792
9946,udp,25013838614994,1743
9947,udp,25013843560044,815
9948,udp,25013954277054,6330
9949,udp,25013961665874,1265
9950,udp,25013982700674,1448
9951,udp,25014030887124,1814
9952,udp,25014037051854,834
9953,udp,25014075405894,1643
9954,udp,25014103009074,1505
9955,udp,25014128504364,1616
9956,udp,25014155683374,1769
9957,udp,25014161076444,592
9958,udp,25014195614484,1910
9959,udp,25014227541264,1551
9960,udp,25014326333274,6406
9961,udp,25014334874454,1383
9962,udp,25014357843534,1097
9963,udp,25014400395624,1890
9964,udp,25014431963754,1574
9965,udp,25014434209074,907
9966,udp,25014449635344,1420
9967,udp,25014473074314,1090
9968,udp,25014491420814,1188
9969,udp,25014511124244,1301
9970,udp,25014532767984,1169
9971,udp,25014552241914,730
9972,udp,25014661692894,6279
9973,udp,25014668165244,1266
9974,udp,25014689232084,1417
9975,udp,25014736974744,1620
9976,udp,25014764269944,1766
9977,udp,25014769558074,608
9978,udp,25014804317424,1765
9979,udp,25014833971614,1757
9980,udp,25014839080824,1389
9981,udp,25014886382934,1597
9982,udp,25014888977724,818
9983,udp,25014927150234,1959
9984,udp,25015008293244,5298
9985,udp,25015047045174,1609
9986,udp,25015074150384,1639
9987,udp,25015077462834,851
9988,udp,25015116132864,1843
9989,udp,25015146980814,1632
9990,udp,25015174425774,1666
9991,udp,25015202427024,1741
9992,udp,25015207396734,790
9993,udp,25015245076134,2528
9994,udp,25015286870064,1562
9995,udp,25015288877694,1424
9996,udp,25015385215854,5889
9997,udp,25015409195904,490
9998,udp,25015442117004,1519
9999,udp,25015443485004,1316
10000,udp,25015465376334,1210
10001,udp,25015485505194,1461
10002,udp,25015509669744,644
10003,udp,25015545016704,1726
10004,udp,25015573985454,1503
10005,udp,25015599353394,1607
10006,udp,25015626405504,1493
10007,udp,25015651651854,1482
10008,udp,25015725238644,5865
10009,udp,25015748746824,1417
10010,udp,25015772223144,1251
10011,udp,25015793052114,1349
10012,udp,25015815428274,1235
10013,udp,25015835977974,1393
10014,udp,25015883289984,1639
10015,udp,25015886607384,1241
10016,udp,25015907281464,1266
10017,udp,25015928326434,1373
10018,udp,25015951111644,1435
10019,udp,25015974863274,1401
10020,udp,25016070763494,5780
10021,udp,25016093031474,1215
10022,udp,25016113301454,854
10023,udp,25016151973284,1665
10024,udp,25016155669134,1237
10025,udp,25016200519644,1509
10026,udp,25016226030504,1474
10027,udp,25016226628014,1145
10028,udp,25016270057874,1563
10029,udp,25016272177194,1140
10030,udp,25016315438034,1493
10031,udp,25016340656034,1735
10032,tcp,25016393992914,4551
10033,udp,25016446962774,2547
10034,udp,25016489030394,2113
10035,udp,25016548431294,3174
10036,udp,25016576884614,2725
10037,udp,25016621796684,1707
10038,udp,25016674693104,3331
10039,udp,25016681386764,976
10040,udp,25016722076664,2089
10041,udp,25016756832954,2347
10042,udp,25016771469744,1173
10043,udp,25016815291104,2209
10044,udp,25016924706354,6054
10045,udp,25016951837394,1703
10046,udp,25016980575114,2130
10047,udp,25016991612804,1125
10048,udp,25017034677624,1741
10049,udp,25017039563184,1462
10050,udp,25017063801894,1277
10051,udp,25017109317684,1505
10052,udp,25017110421624,653
10053,udp,25017146000964,1740
10054,udp,25017150888684,1142
10055,udp,25017169941144,573
10056,udp,25017252650244,5023
10057,udp,25017262725024,1215
10058,udp,25017307191864,1644
10059,udp,25017310548414,1324
10060,udp,25017332616504,575
10061,udp,25017342628554,604
10062,udp,25017353169804,576
10064,udp,25017435750564,4840
10065,udp,25017467186394,2144
10066,udp,25017502834944,2036
10067,udp,25017536795994,1732
10068,udp,25017686930664,9841
10069,udp,25017727338324,1873
10070,udp,25017734403504,787
10071,udp,25017772060134,1621
10072,udp,25017799306824,1553
10073,udp,25017801185124,1355
10074,udp,25017847984674,1649
10075,udp,25017851470554,1226
10076,udp,25017871890564,783
10077,udp,25017909456114,1972
10078,udp,25017918133104,1200
10079,udp,25017938125794,1157
10080,udp,25018102859274,9565
10081,udp,25018138813734,1583
10082,udp,25018141247334,633
10083,udp,25018176366324,1790
10084,udp,25018206377094,1953
10085,udp,25018214717844,816
10086,udp,25018228557774,870
10087,udp,25018243317774,1192
10088,udp,25018263186084,1367
10089,udp,25018310060334,1760
10090,udp,25018315362504,971
10091,udp,25018355894724,2300
10092,udp,25018515166734,9172
10093,udp,25018520652594,1431
10094,udp,25018544330514,1428
10095,udp,25018592204124,1834
10096,udp,25018622986914,1904
10097,udp,25018630477704,791
10098,udp,25018668145944,2377
10099,udp,25018707532374,1593
10100,udp,25018734359754,1630
10101,udp,25018761795444,1686
10102,udp,25018765884864,762
10103,udp,25018803161874,1836
10104,udp,25018930745154,7647
10105,udp,25018983935514,3477
10106,udp,25019041473864,3818
10107,udp,25019055967284,1445
10108,udp,25019128348434,3033
10109,udp,25019154523044,1785
10110,udp,25019184430044,2783
10111,udp,25019230312764,2593
10112,udp,25019248898124,1457
10113,udp,25019297323794,2662
10114,udp,25019316953154,1150
10115,udp,25019360386524,1897
10116,udp,25019464757724,7174
10117,udp,25019485596594,391
10118,udp,25019516891754,2164
10119,udp,25019552905974,1538
10120,udp,25019578870704,2139
10121,udp,25019614416564,2524
10122,udp,25019631883854,1125
10123,udp,25019674897914,2880
10124,udp,25019722328904,1489
10125,udp,25019747493714,2595
10126,udp,25019790358104,2721
10127,udp,25019835304644,1553
10128,udp,25019934161724,6430
10129,udp,25019943044094,590
10130,udp,25019977569264,2669
10131,udp,25020021614994,2707
10132,udp,25020042047334,1272
10133,udp,25020087435864,2775
10134,udp,25020108966474,1252
10135,udp,25020153998424,2709
10136,udp,25020198655434,2657
10137,udp,25020242482914,1491
10138,udp,25020267700554,2622
10139,udp,25020286771644,1112
10140,udp,25020402280524,5965
10141,udp,25020428062554,2144
10142,udp,25020439434054,897
10143,udp,25020503034174,3423
10144,udp,25020511214274,1084
10145,udp,25020553656834,2665
10146,udp,25020597620844,2649
10147,udp,25020617080734,1286
10148,udp,25020662715414,2670
10149,udp,25020682553304,1352
10150,udp,25020729207684,2769
10151,udp,25020774863334,2805
10152,udp,25020893790144,6691
10153,udp,25020931103694,2690
10154,udp,25020951266214,1320
10155,udp,25020997480224,2145
10156,udp,25021033135974,1982
10157,udp,25021041927534,958
10158,udp,25021082298204,2256
10159,udp,25021119739824,1689
10160,udp,25021148108454,1809
10161,udp,25021178376624,1953
10162,udp,25021186728354,1224
10163,udp,25021231333794,2116
10164,udp,25021339250274,6888
10165,udp,25021379775114,1916
10166,udp,25021411797474,1923
10167,udp,25021443890394,1638
10168,udp,25021471412664,1925
10169,udp,25021479371634,785
10170,udp,25021516928904,1570
10171,udp,25021543364154,1654
10172,udp,25021546960914,843
10173,udp,25021585491444,2202
10174,udp,25021622097414,1470
10175,udp,25021646937054,1658
10176,udp,25021747466064,6248
10177,udp,25021753479684,747
10178,udp,25021790479044,1893
10179,udp,25021797852564,1348
10180,udp,25021844525754,1899
10181,udp,25021876176324,1984
10182,udp,25021885083444,1129
10183,udp,25021928146554,1971
10184,udp,25021936793394,1398
10185,udp,25021984207734,2033
10186,udp,25022018076174,1985
10187,udp,25022026917864,1186
10188,udp,25022143592514,7003
10189,udp,25022186021574,1731
10190,udp,25022215030104,1622
10191,udp,25022242301994,1972
10192,udp,25022250987894,794
10193,udp,25022288755404,1924
10194,udp,25022296586754,1156
10195,udp,25022340112014,1593
10196,udp,25022366966664,1526
10197,udp,25022368422774,1109
10198,udp,25022411250714,2029
10199,udp,25022445070284,1654
10200,udp,25022569841694,7400
10201,udp,25022594787894,1495
10202,udp,25022595748374,995
10203,udp,25022636763084,1769
10204,udp,25022642176314,1446
10205,udp,25022666116494,1192
10206,udp,25022710253394,1485
10207,udp,25022711022804,553
10208,udp,25022720772684,1452
10209,udp,25022744825634,1452
10210,udp,25022793121074,1543
10211,udp,25022819160954,1563
10212,udp,25022918149794,7003
10213,udp,25022960477154,1684
10214,udp,25022964478104,1290
10215,udp,25023010217544,1647
10216,udp,25023013656084,1376
10217,udp,25023036506544,872
10218,udp,25023075432804,1971
10219,udp,25023084100614,764
10220,udp,25023097106784,1401
10221,udp,25023120339834,1454
10222,udp,25023144442914,970
10223,udp,25023184948764,1601
10224,udp,25023284581914,6992
10225,udp,25023326799744,1571
10226,udp,25023353268564,1770
10227,udp,25023358764504,902
10228,udp,25023398139144,2028
10229,udp,25023431946114,1669
10230,udp,25023460056624,1929
10231,udp,25023492203634,1598
10232,udp,25023494854314,685
10233,udp,25023530842704,2362
10234,udp,25023545741304,1376
10235,udp,25023592992114,1705
10236,udp,25023718349244,7603
10237,udp,25023722388444,989
10238,udp,25023763240794,1597
10239,udp,25023765898494,1179
10240,udp,25023785603904,1241
10241,udp,25023830490504,1550
10242,udp,25023832348824,801
10243,udp,25023870257634,1944
10244,udp,25023878428554,1443
10245,udp,25023902336154,1431
10246,udp,25023926069244,1411
10247,udp,25023949413804,717
10248,udp,25024058586864,7001
10249,udp,25024076670564,1431
10250,udp,25024124639844,1945
10251,udp,25024157114094,2306
10252,udp,25024171083354,718
10253,udp,25024207622004,2011
10254,udp,25024241092464,1769
10255,udp,25024246509474,1236
10256,udp,25024291341894,1638
10257,udp,25024294650474,1315
10258,udp,25024340758554,1943
10259,udp,25024373354664,2064
10260,udp,25024480242354,6725
10261,udp,25024518132084,1781
10262,udp,25024523768514,885
10263,udp,25024563019674,2053
10264,udp,25024572920034,1205
10265,udp,25024617240264,1632
10266,udp,25024644608904,1788
10267,udp,25024650365754,722
10268,udp,25024686914934,1883
10269,udp,25024694171634,1319
10270,udp,25024740330294,1502
10271,udp,25024765677534,2018
10272,udp,25024872040434,7028
10273,udp,25024914683694,1797
10274,udp,25024920560154,1309
10275,udp,25024966586874,1753
10276,udp,25024996048824,1558
10277,udp,25024997968074,748
10278,udp,25025035027734,1814
10279,udp,25025041111014,834
10280,udp,25025079471624,1912
10281,udp,25025111441604,1864
10282,udp,25025118349194,563
10283,udp,25025152440204,1769
10284,udp,25025254755714,7158
10285,udp,25025299604604,1575
10286,udp,25025326148304,1615
10287,udp,25025329021014,646
10288,udp,25025364417024,2280
10289,udp,25025402241144,1745
10290,udp,25025431534164,1709
10291,udp,25025460188994,1583
10292,udp,25025462616474,971
10293,udp,25025503275954,2276
10294,udp,25025540965344,1559
10295,udp,25025567267754,1585
10296,udp,25025666652684,7123
10297,udp,25025686728804,667
10298,udp,25025722401114,1937
10299,udp,25025754716334,1989
10300,udp,25025787895194,1765
10301,udp,25025817450654,1893
10302,udp,25025824896264,1222
10303,udp,25025869482084,2259
10304,udp,25025906992734,1739
10305,udp,25025936141484,1598
10306,udp,25025963045364,1914
10307,udp,25025995008864,1741
10308,udp,25026096889404,6808
10309,udp,25026136157394,1957
10310,udp,25026168738834,1943
10311,udp,25026201168174,2370
10312,udp,25026216226344,1159
10313,udp,25026284062584,3167
10314,udp,25026312321594,1964
10315,udp,25026345114084,2108
10316,udp,25026380256294,2590
10317,udp,25026422971014,1576
10318,udp,25026449594274,2628
10319,udp,25026492929364,2530
10320,udp,25026607458684,6157
10321,udp,25026636303054,2037
10322,udp,25026670183464,1922
10323,udp,25026702296454,2940
10324,udp,25026750630144,2238
10325,udp,25026787852344,1889
10326,udp,25026819371604,2739
10327,udp,25026864544854,1659
10328,udp,25026916640454,3237
10329,udp,25026946088814,2825
10330,udp,25026992655444,2057
10331,udp,25027026915384,2876
10332,udp,25027147002654,6782
10333,udp,25027185749094,2762
10334,udp,25027255512234,3238
10335,udp,25027284960414,2229
10336,udp,25027322014494,2786
10337,udp,25027367936004,2204
10338,udp,25027428761874,3635
10339,udp,25027464566754,2720
10340,udp,25027509425184,2592
10341,udp,25027576488054,3021
10342,udp,25027602481044,1877
10343,udp,25027658097624,3366
10344,udp,25027762321674,6328
10345,udp,25027793849754,2570
10346,udp,25027836308784,2829
10347,udp,25027882890444,2145
10348,udp,25027942766274,3103
10349,udp,25027994322234,3259
10350,udp,25028024106924,2846
10351,udp,25028070989184,2524
10352,udp,25028112711564,2841
10353,udp,25028183781234,3898
10354,udp,25028223795684,2478
10355,udp,25028289101304,3726
10357,udp,25028350535844,2795
10360,udp,25028469285624,2539
10361,udp,25028511210324,2687
10363,udp,25028579761704,2888
10364,udp,25028627336244,2519
10365,udp,25028668977624,2819
10366,udp,25028715417084,2688
10367,udp,25028759767374,2751
10369,udp,25028902022544,2858
10370,udp,25028949072474,2477
10372,udp,25029014312214,2728
10373,udp,25029059303394,2578
10374,udp,25029101893824,2720
10375,udp,25029170967024,3025
10377,udp,25029221244174,2897
10378,udp,25029268998624,2791
10379,udp,25029314938314,2871
10381,udp,25029410732874,1820
10383,udp,25029465472674,2839
10385,udp,25029536364864,2667
10387,udp,25029628878204,3159
10388,udp,25029657050994,2437
10389,udp,25029697379454,2200
10390,udp,25029758153394,2973
10391,udp,25029783376434,2346
10394,udp,25029870735384,2090
10396,udp,25029929746404,1939
10397,udp,25029962073504,2712
10398,udp,25030006826634,2071
10400,udp,25030065524184,2672
10401,udp,25030109628774,2094
10402,udp,25030144465434,2764
10403,udp,25030190064744,2127
10405,udp,25030273895694,2861
10406,udp,25030320954714,2458
10407,udp,25030385871984,3165
10408,udp,25030414154574,1838
10409,udp,25030444932144,2008
10410,udp,25030502622414,3110
10411,udp,25030530083484,2148
10415,udp,25030662636384,2786
10417,udp,25030757033064,2769
10418,udp,25030802700954,2366
10419,udp,25030841861304,2163
10420,udp,25030877831784,2742
10421,udp,25030923041844,2498
10422,udp,25030988558784,3102
10425,udp,25031064327624,2905
10426,udp,25031112139764,1885
10427,udp,25031143648314,2921
10429,udp,25031240184654,1771
10430,udp,25031294140284,2988
10432,udp,25031343780234,2740
10433,udp,25031388956094,2253
10436,udp,25031474818974,2040
10437,udp,25031532995874,2960
10438,udp,25031558019114,2046
10439,udp,25031592157914,2066
10441,udp,25031699199954,1649
10442,udp,25031726934804,2874
10445,udp,25031798477784,2619
10447,udp,25031890175634,3104
10449,udp,25031941711164,2056
10450,udp,25031975929974,2818
10451,udp,25032022377354,2208
10455,udp,25032204393264,3150
10456,udp,25032232506114,1886
10458,udp,25032312436734,2476
10460,udp,25032377600424,2807
10461,udp,25032423949704,1920
10462,udp,25032456091044,2786
10463,udp,25032501895734,2272
10466,udp,25032612209904,2327
10468,udp,25032699350334,1877
10469,udp,25032730604814,2469
10470,udp,25032771471924,2857
10471,udp,25032818508444,1975
10472,udp,25032851483904,2884
10473,udp,25032898948644,2062
10474,udp,25032933284904,1972
10475,udp,25032966308604,2734
10477,udp,25033083962724,2637
10479,udp,25033151700864,1967
10480,udp,25033184505504,2792
10481,udp,25033230535014,2332
10483,udp,25033317683634,1886
10484,udp,25033349163564,1985
10486,udp,25033406533704,1872
10489,udp,25033510536534,1583
10490,udp,25033537142604,2892
10491,udp,25033584789324,2097
10492,udp,25033619674044,2908
10493,udp,25033667507694,2087
10494,udp,25033702238424,1943
10495,udp,25033734679194,2800
10496,udp,25033780868544,2241
10497,udp,25033842236484,2971
10499,udp,25033891662684,2017
10501,udp,25033998005874,2038
10502,udp,25034031909504,2916
10503,udp,25034079904614,2085
10504,udp,25034114618424,2042
10505,udp,25034148628164,2722
10506,udp,25034193561924,2169
10507,udp,25034229573624,2883
10508,udp,25034277052584,2348
10509,udp,25034316045084,2175
10510,udp,25034352176214,2687
10511,udp,25034396478444,2226
10514,udp,25034506045794,2157
10515,udp,25034541936804,2713
10516,udp,25034586713154,1961
10517,udp,25034619420324,2719
10518,udp,25034712687324,4697
10520,udp,25034766043914,1972
10522,udp,25034798971134,1423
10523,udp,25034846738004,2036
10524,tcp,25034904886464,4831
10525,udp,25034962301964,1961
10526,udp,25034995027134,2179
10527,udp,25035007011624,1365
10529,udp,25035053864004,1311
10530,udp,25035099836004,2171
10531,udp,25035136261074,1953
10532,udp,25035144288714,1371
10533,udp,25035191267634,2803
10534,udp,25035213233214,1183
10535,udp,25035257221164,1987
10536,tcp,25035314614614,4218
10537,udp,25035336946044,560
10538,udp,25035370871004,2258
10539,udp,25035384160584,1343
10540,udp,25035430684644,2027
10541,udp,25035464426904,2277
10542,udp,25035477953274,1008
10543,udp,25035519140784,2375
10544,udp,25035534270774,1209
10545,udp,25035578609364,2327
10546,udp,25035617175264,2537
10547,udp,25035634877994,1201
10548,tcp,25035703404534,4732
10549,udp,25035734981214,615
10550,udp,25035769871604,1980
10551,udp,25035802870014,2261
10552,udp,25035816150864,1119
10553,udp,25035859093374,2238
10554,udp,25035896277594,1529
10555,udp,25035922202004,1863
10556,udp,25035953198274,2144
10557,udp,25035965275194,1362
10558,udp,25036012115604,2358
10559,udp,25036051175874,1472
10560,tcp,25036100311824,4670
10561,udp,25036155146844,2262
10562,udp,25036192704294,1507
10563,udp,25036218170874,2049
10564,udp,25036228086984,1455
10565,udp,25036276424904,1703
10566,udp,25036305005754,2051
10567,udp,25036314950394,1344
10568,udp,25036361440524,1972
10569,udp,25036394302134,1522
10570,udp,25036420132944,1637
10571,udp,25036447561614,1812
10572,tcp,25036502096304,4642
10573,udp,25036556492124,2083
10574,udp,25036591164894,1671
10575,udp,25036619258664,1641
10576,udp,25036646842044,1772
10577,udp,25036652304234,1460
10578,udp,25036700796594,2029
10579,udp,25036734540474,1466
10580,udp,25036759308384,2099
10581,udp,25036794291114,2056
10582,udp,25036828509474,1894
10583,udp,25036860147264,2168
10584,tcp,25036920451854,4623
10585,udp,25036974532854,1953
10586,udp,25037007138414,1900
10587,udp,25037039514924,2118
10588,udp,25037074843074,2120
10589,udp,25037110036494,2002
10590,udp,25037143416144,1931
10591,udp,25037175659094,1928
10592,udp,25037207824104,1791
10593,udp,25037237847924,2254
10594,udp,25037275254894,1924
10595,udp,25037307388494,1656
10596,tcp,25037359406604,4244
10597,udp,25037406410454,1757
10598,udp,25037435910024,2150
10599,udp,25037471615094,1468
10600,udp,25037496477324,1960
10601,udp,25037529097104,2193
10602,udp,25037541296874,941
10603,udp,25037581465404,2078
10604,udp,25037616038814,1718
10605,udp,25037644796604,1972
10606,udp,25037677709154,2305
10607,udp,25037715936744,1639
10608,tcp,25037767746324,4380
10609,udp,25037817952194,1526
10610,udp,25037843703804,2025
10611,udp,25037877504744,2388
10612,udp,25037892853524,852
10613,udp,25037931507894,2298
10614,udp,25037945348904,1301
10615,udp,25037991168624,2271
10616,udp,25038028878084,2535
10617,udp,25038046520874,1202
10618,udp,25038091444824,2370
10619,udp,25038106505604,1284
10620,tcp,25038176253354,3825
10621,udp,25038216592434,1883
10622,udp,25038223812504,1068
10623,udp,25038265930074,2459
10624,udp,25038282365604,1255
10625,udp,25038327507084,1908
10626,udp,25038359386254,2068
10627,udp,25038369572724,1030
10628,udp,25038411096744,2141
10629,udp,25038446675724,1726
10630,udp,25038475658064,2154
10631,udp,25038511492104,2424
10632,tcp,25038575825994,4465
10633,udp,25038627357384,2472
10634,udp,25038644052564,986
10635,udp,25038684822204,2536
10636,udp,25038726757524,2534
10637,udp,25038768674124,2147
10638,udp,25038804363804,2220
10639,udp,25038841188924,1963
10640,udp,25038849699954,1425
10641,udp,25038897560244,1807
10642,udp,25038927780084,1596
10643,udp,25038954691344,1801
10644,tcp,25039009059084,4705
10645,udp,25039064479374,1465
10646,udp,25039089299394,1660
10647,udp,25039117160334,1785
10648,udp,25039147064634,1972
10649,udp,25039180073034,1948
10650,udp,25039212514794,1532
10652,udp,25039262578824,1640
10654,udp,25039314415044,1847
10655,udp,25039345299264,1539
10656,tcp,25039395617634,4154
10657,udp,25039416788604,1448
10658,udp,25039464986304,1809
10659,udp,25039495252404,1643
10660,udp,25039522886904,1668
10661,udp,25039551033774,1886
10662,udp,25039582481574,2012
10664,udp,25039640222424,2032
10666,udp,25039698325884,1957
10668,tcp,25039779376824,4437
10670,udp,25039854738684,1651
10672,udp,25039906735374,1704
10674,udp,25039935357264,1268
10675,udp,25039980656694,1910
10676,udp,25040012553504,2198
10677,udp,25040024843904,1203
10678,udp,25040069141004,1961
10679,udp,25040077655004,1200
10680,tcp,25040146089294,4763
10681,udp,25040178157194,1386
10682,udp,25040201138244,875
10683,udp,25040240189784,2619
10684,udp,25040259249624,1128
10685,udp,25040302284384,1780
10686,udp,25040332157814,2061
10687,udp,25040342193894,806
10688,udp,25040380138164,2120
10689,udp,25040391190974,1025
10690,udp,25040432598804,2007
10691,udp,25040466048654,1984
10692,tcp,25040523354624,4572
10693,udp,25040576645244,2287
10694,udp,25040590315164,1161
10695,udp,25040633939334,1935
10696,udp,25040666194524,1976
10697,udp,25040674919574,878
10698,udp,25040714044104,2334
10699,udp,25040728508994,1127
10700,udp,25040771515404,1576
10701,udp,25040798124894,2032
10702,udp,25040807775144,722
10703,udp,25040844311814,1793
10704,udp,25040922800814,5462
10705,udp,25040939925024,1354
10706,udp,25040986622514,1647
10707,udp,25040990064564,1254
10708,udp,25041035163924,1516
10709,udp,25041060791694,1544
10710,udp,25041062536434,1093
10711,udp,25041080870154,1122
10712,udp,25041099657474,993
10713,udp,25041140542494,1518
10714,udp,25041141921294,1214
10715,udp,25041162217014,856
10716,udp,25041249363834,5033
10717,udp,25041259730934,606
10718,udp,25041270169314,1408
10719,udp,25041293475534,915
10720,udp,25041308946804,1180
10721,udp,25041328643034,1408
10722,udp,25041351975534,922
10723,udp,25041367502424,1463
10724,udp,25041391735554,1051
10725,udp,25041433552434,1616
10726,udp,25041436509474,1126
10727,udp,25041455392104,835
10728,udp,25041542154984,5489
10729,udp,25041559757094,1220
10730,udp,25041580074594,1254
10731,udp,25041600952254,1313
10732,udp,25041622740264,855
10733,udp,25041637267434,1249
10734,udp,25041658018644,761
10735,udp,25041670937694,1160
10736,udp,25041714593274,1475
10737,udp,25041715774074,674
10738,udp,25041751098984,1548
10739,udp,25041752881884,1298
10740,udp,25041847189194,4985
10741,udp,25041856694274,1091
10742,udp,25041874981194,995
10743,udp,25041915944154,1472
10744,udp,25041916797894,1148
10745,udp,25041935831094,1051
10746,udp,25041953395314,902
10747,udp,25041968572464,1347
10748,udp,25041991030254,855
10749,udp,25042029660864,2423
10750,udp,25042045582404,929
10751,udp,25042085437554,2079
10752,tcp,25042144318254,4359
10753,udp,25042169967534,714
10754,udp,25042206412854,2560
10755,udp,25042224454434,1138
10756,udp,25042267710324,1756
10757,udp,25042297116834,1919
10758,udp,25042304972754,1147
10759,udp,25042348328004,2081
10760,udp,25042358718324,900
10761,udp,25042398144984,2223
10762,udp,25042435055064,2636
10763,udp,25042454407134,1279
10764,tcp,25042524102684,4863
10765,udp,25042557761424,390
10766,udp,25042589120124,1743
10767,udp,25042618324044,1949
10768,udp,25042626622854,1093
10769,udp,25042669148124,1544
10770,udp,25042670919414,955
10771,udp,25042687029774,1349
10772,udp,25042709379474,1076
10773,udp,25042727403594,1266
10774,udp,25042748450544,1426
10775,udp,25042772103624,1032
10776,udp,25042862112444,5444
10777,udp,25042878987714,833
10778,udp,25042893100974,1083
10779,udp,25042911170724,1314
10780,udp,25042933029204,772
10781,udp,25042946179824,1091
10782,udp,25042964458014,1073
10783,udp,25042982462784,1030
10784,udp,25042999687614,1244
10785,udp,25043020400574,1109
10786,udp,25043038939314,1221
10787,udp,25043059313874,1015
10788,udp,25043149055484,5174
10789,udp,25043161537764,1181
10790,udp,25043181276024,987
10791,udp,25043222051244,1467
10792,udp,25043223113604,907
10793,udp,25043237962254,1344
10794,udp,25043260258314,1117
10795,udp,25043278952484,953
10796,udp,25043294984544,1276
10797,udp,25043316200694,571
10798,udp,25043350364874,1980
10799,udp,25043359130604,1183
10800,tcp,25043427340614,4404
10801,udp,25043477943114,1665
10802,udp,25043481659304,711
10803,udp,25043518105794,2334
10804,udp,25043532521274,1181
10805,udp,25043576480064,1562
10806,udp,25043602806684,1699
10807,udp,25043607105174,994
10808,udp,25043648049594,2101
10809,udp,25043682993354,1489
10810,udp,25043708174544,1523
10811,udp,25043733868374,1841
10813,udp,25043837316804,1602
10814,udp,25043840061174,816
10815,udp,25043878138644,1755
10816,udp,25043907613644,1733
10817,udp,25043912405334,1219
10818,udp,25043956949034,2223
10819,udp,25043969599344,1254
10820,udp,25043990453064,1294
10821,udp,25044036249294,1556
10822,udp,25044038191404,695
10823,udp,25044074377794,1664
10825,udp,25044078109464,1327
10826,udp,25044124390704,1569
10827,udp,25044126565644,992
10828,udp,25044167489634,1601
10829,udp,25044170149224,951
10830,udp,25044186227004,1454
10831,udp,25044210298584,1306
10832,udp,25044231987864,1364
10833,udp,25044278836644,1734
10834,udp,25044283723554,770
10835,udp,25044296831424,1192
10836,udp,25044389426394,5298
10837,udp,25044403896684,804
10838,udp,25044417591714,1047
10839,udp,25044435191304,1364
10840,udp,25044457732884,811
10841,udp,25044471512424,1049
10842,udp,25044489107964,762
10843,udp,25044502092714,1439
10844,udp,25044525937854,904
10845,udp,25044541184664,1002
10846,udp,25044558039054,1156
10847,udp,25044577326954,989
10848,udp,25044666608934,5027
10849,udp,25044701024484,1626
10850,udp,25044704090424,870
10851,udp,25044718862304,1259
10852,udp,25044739811784,1059
10853,udp,25044757554384,1269
10854,udp,25044778691244,1374
10855,udp,25044801452334,853
10856,udp,25044815883744,1354
10857,udp,25044838369254,1276
10858,udp,25044883807194,1681
10859,udp,25044887818494,1393
10861,udp,25044910890714,1312
10862,udp,25044932768994,1231
10863,udp,25044977416374,1665
10864,udp,25044981150294,1403
10865,udp,25045004419344,1312
10866,udp,25045026227874,1365
10867,udp,25045073093304,1549
10868,udp,25045099252524,1542
10869,udp,25045125278004,1949
10870,udp,25045133506254,1082
10871,udp,25045175877894,1474
10873,udp,25045200824274,1531
10874,udp,25045226675244,1707
10875,udp,25045231067064,1119
10876,udp,25045249782564,1367
10877,udp,25045272445014,982
10878,udp,25045313168934,1777
10879,udp,25045342998534,1570
10880,udp,25045345188954,1171
10881,udp,25045364772594,1432
10882,udp,25045388423964,1378
10883,udp,25045435541484,1638
10885,udp,25045438884534,1072
10886,udp,25045456800474,1293
10887,udp,25045502628204,1507
10888,udp,25045503672294,1440
10889,udp,25045551957204,1684
10890,udp,25045555844484,1070
10891,udp,25045573790124,1363
10892,udp,25045596378324,1191
10893,udp,25045640480124,1527
10894,udp,25045642006794,1374
10895,udp,25045664792454,1022
10897,udp,25045681983264,736
10898,udp,25045694534934,684
10899,udp,25045706281824,620
10900,udp,25045716974274,850
10901,udp,25045731446004,956
10902,udp,25045747497414,1164
10903,udp,25045766926254,1400
10904,udp,25045814351034,1965
10905,udp,25045847115084,2324
10906,udp,25045909888554,3211
10907,udp,25045938912294,2234
10908,udp,25046024485374,5832
10909,udp,25046071762284,2461
10910,udp,25046112473514,2066
10911,udp,25046146913634,2602
10912,udp,25046189834904,2238
10913,udp,25046227043424,1819
10914,udp,25046281675494,3548
10915,udp,25046316147474,2414
10916,udp,25046356115934,2680
10917,udp,25046424540594,3601
10918,udp,25046459812584,1854
10919,udp,25046515049364,3455
10921,udp,25046523750204,516
10922,udp,25046532789984,507
10923,udp,25046541735714,1082
10924,udp,25046559851094,1334
10925,udp,25046582025204,1015
10926,udp,25046599007754,1366
10927,udp,25046621693604,1270
10928,udp,25046667044514,1486
10929,udp,25046692172784,1559
10930,udp,25046694136854,1388
10931,udp,25046741423574,1874
10932,udp,25046821253664,5153
10933,udp,25046833458834,1415
10934,udp,25046856843354,1290
10935,udp,25046878291884,1151
10936,udp,25046897520654,1331
10937,udp,25046919643464,1122
10938,udp,25046962675344,1903
10939,udp,25046994380724,1857
10940,udp,25047001222794,1299
10941,udp,25047047033334,2000
10942,udp,25047056143584,1296
10943,udp,25047101900304,1947
10944,udp,25047207083574,7200
10945,udp,25047228337344,1176
10946,udp,25047272186964,1535
10947,udp,25047298096524,1545
10948,udp,25047324169614,1890
10949,udp,25047355746654,1977
10950,udp,25047364513014,858
10951,udp,25047403238124,2198
10952,udp,25047439753464,1651
10953,udp,25047467528454,1648
10954,udp,25047495252504,1694
10955,udp,25047499451454,1294
10956,udp,25047666317304,9080
10957,udp,25047670237524,1084
10958,udp,25047712747854,1571
10959,udp,25047714943314,1274
10960,udp,25047736112754,310
10961,udp,25047741887964,746
10962,udp,25047754615404,1331
10963,udp,25047776722734,1407
10964,udp,25047800054694,1437
10965,udp,25047823869324,580
10966,udp,25047858140604,1619
10967,udp,25047861106284,526
10968,udp,25047991464894,8749
10969,udp,25048013845914,1311
10970,udp,25048035619614,821
10971,udp,25048049568894,1352
10972,udp,25048072068804,680
10973,udp,25048083679164,1366
10974,udp,25048106383464,1174
10975,udp,25048125906264,1003
10976,udp,25048167028794,1805
10977,udp,25048172970234,1333
10978,udp,25048219378194,2326
10979,udp,25048233673704,801
10980,udp,25048392703074,9211
10981,udp,25048398703824,1271
10982,udp,25048419873984,800
10983,udp,25048433482074,1266
10984,udp,25048454528844,1279
10985,udp,25048475791254,1271
10986,udp,25048496948634,1025
10987,udp,25048514120634,1336
10988,udp,25048560538944,1466
10989,udp,25048561345884,1075
10990,udp,25048603320714,1782
10991,udp,25048608980094,1065
10992,udp,25048772162334,9232
10993,udp,25048778559804,848
10994,udp,25048792911744,1191
10995,udp,25048837054674,1549
10996,udp,25048838887794,1032
10997,udp,25048856230704,762
10998,udp,25048893453894,1647
10999,udp,25048896883074,724
11000,udp,25048909313604,556
11001,udp,25048919036214,856
11002,udp,25048933555914,856
11003,udp,25048972285074,1587
11004,udp,25049120118714,9266
11005,udp,25049127046464,985
11006,udp,25049143591254,733
11007,udp,25049156143014,947
11008,udp,25049196301644,1844
11009,udp,25049227152834,1591
11010,udp,25049229683724,575
11011,udp,25049239747164,767
11012,udp,25049277039294,1526
11013,udp,25049302803414,1696
11014,udp,25049331291564,1595
11015,udp,25049333951964,654
11016,udp,25049490531264,9016
11017,udp,25049493422154,1048
11018,udp,25049535297804,1815
11019,udp,25049541435354,1252
11020,udp,25049562288804,1411
11021,udp,25049585722104,945
11022,udp,25049601564444,432
11023,udp,25049633523084,1944
11024,udp,25049641731624,1228
11025,udp,25049662196454,1114
11026,udp,25049680796934,1137
11027,udp,25049699797464,643
11028,udp,25049807811414,7334
11029,udp,25049855436354,1858
11030,udp,25049862267444,1021
11031,udp,25049903658174,1626
11032,udp,25049906773974,1440
11033,udp,25049954851344,2031
11034,udp,25049988721764,1681
11035,udp,25049992679244,1201
11036,udp,25050036954474,2027
11037,udp,25050070729404,1904
11038,udp,25050102520644,1889
11039,udp,25050134081304,1780
11040,udp,25050236591754,6445
11041,udp,25050270025224,1783
11042,udp,25050275679024,1142
11043,udp,25050318957594,1962
11044,udp,25050351694374,1752
11045,udp,25050356853984,1196
11046,udp,25050401002674,1877
11047,udp,25050408147864,1377
11048,udp,25050455238924,1836
11049,udp,25050485953314,1752
11050,udp,25050491137314,1026
11051,udp,25050532604454,1647
11052,udp,25050632957424,5982
11053,udp,25050634669044,1444
11054,udp,25050658693464,1374
11055,udp,25050681429084,1050
11056,udp,25050723336864,1540
11057,udp,25050724973244,1153
11058,udp,25050768446124,1563
11059,udp,25050770569224,1237
11060,udp,25050791191104,961
11061,udp,25050831581394,1586
11062,udp,25050834079164,713
11063,udp,25050846272634,570
11065,udp,25050856219884,1004
11066,udp,25050897283644,1678
11067,udp,25050925548324,2246
11068,udp,25050938583654,932
11069,udp,25050978518634,2334
11070,udp,25051017154644,1797
11071,udp,25051047297714,1744
11072,udp,25051076486604,2059
11073,udp,25051135004784,3377
11074,udp,25051166704764,2538
11075,udp,25051208661864,2230
11076,udp,25051294110294,5014
11077,udp,25051328317674,2651
11078,udp,25051372127244,2332
11079,udp,25051410755334,2025
11080,udp,25051468787154,3206
11081,udp,25051497675174,2102
11082,udp,25051508452044,1452
11083,udp,25051556715264,1503
11084,udp,25051582076814,2152
11085,udp,25051617838584,1670
11086,udp,25051645914264,1666
11087,udp,25051698181494,3131
11089,udp,25051701643974,1288
11090,udp,25051723136874,775
11091,udp,25051736277954,275
11092,udp,25051741469604,671
11093,udp,25051753710954,485
11094,udp,25051762353654,424
11095,udp,25051769814654,528
11096,udp,25051779067644,724
11097,udp,25051791500424,277
10812,tcp,25051797341604,4684
10824,tcp,25051845797604,4818
10860,tcp,25051942714644,4727
10872,tcp,25052039588394,4613
10884,tcp,25052088062574,4323
10896,tcp,25052184939204,4582
10920,tcp,25052184950004,313
11064,tcp,25052233356054,4628
11088,tcp,25052281820424,2200
