frame_index,transport_protocol,receive_time_ns,payload_bytes
0,tcp,52426984220874,6663
1,tcp,52426999388574,121
2,tcp,52427002680144,92
3,tcp,52427037127194,112
4,tcp,52427078694954,94
5,tcp,52427120386014,61
6,tcp,52427162024964,61
7,tcp,52427203825824,49
8,tcp,52427245435164,41
9,tcp,52427287245924,39
10,tcp,52427328719004,35
11,tcp,52427370395484,28
12,tcp,52427412086814,131
13,tcp,52427453862114,26
14,tcp,52427495434824,24
15,tcp,52427537134614,22
16,tcp,52427578891824,19
17,tcp,52427620482264,18
18,tcp,52427662088994,17
19,tcp,52427703792654,17
20,tcp,52428029017554,18
21,tcp,52428029026284,17
22,tcp,52428029027634,17
23,tcp,52428029028714,18
24,tcp,52428029031414,539
25,tcp,52428029035824,80
26,tcp,52428029037534,53
27,tcp,52428037105404,52
28,tcp,52428078812394,45
29,tcp,52428120404634,45
30,tcp,52428162143034,45
31,tcp,52428203742564,41
32,tcp,52428245447844,37
33,tcp,52428287172924,40
34,tcp,52428328743924,39
35,tcp,52428370399164,35
36,tcp,52428412093374,201
37,tcp,52428708249624,39
38,tcp,52428708258624,37
39,tcp,52428708260064,42
40,tcp,52428708261864,39
41,tcp,52428708263844,33
42,tcp,52428708268164,39
43,tcp,52428708269334,37
44,tcp,52428745418814,35
45,tcp,52428787261074,39
46,tcp,52428828716694,36
47,tcp,52428870487944,35
48,tcp,52428912107634,1034
49,tcp,52428953808414,71
50,tcp,52428995551044,48
51,tcp,52429037007294,36
52,tcp,52429078823904,65
53,tcp,52429120503714,20
54,tcp,52429162196304,20
55,tcp,52429203773424,24
56,tcp,52429245421644,20
57,tcp,52429287074814,20
58,tcp,52429328832924,20
59,tcp,52429370395014,20
60,tcp,52429412123604,226
61,tcp,52429453739604,28
62,tcp,52429752227574,28
63,tcp,52429752237924,28
64,tcp,52429752239724,25
65,tcp,52429752241974,26
66,tcp,52429752243054,25
67,tcp,52429752244134,25
68,tcp,52429752245214,22
69,tcp,52429787127234,22
70,tcp,52429828736214,22
71,tcp,52429905080694,22
72,tcp,52429912181514,824
73,tcp,52429953780144,60
74,tcp,52429995473454,42
75,tcp,52430037132564,72
76,tcp,52430078781684,31
77,tcp,52430120576334,29
78,tcp,52430162076594,26
79,tcp,52430203763244,20
80,tcp,52430245484544,18
81,tcp,52430287177584,17
82,tcp,52430328845514,17
83,tcp,52430370507414,18
84,tcp,52430412203514,191
85,tcp,52430453727804,25
86,tcp,52430495533794,21
87,tcp,52430537069154,22
88,tcp,52430578847424,20
89,tcp,52430620500504,20
90,tcp,52430662206684,20
91,tcp,52430703939864,20
92,tcp,52430745561354,20
93,tcp,52430787088434,20
94,tcp,52430828860314,20
95,tcp,52430870431494,20
96,tcp,52431168259044,934
97,tcp,52431168269934,61
98,tcp,52431168272274,39
99,tcp,52431168273534,30
100,tcp,52431168274704,48
101,tcp,52431168275964,26
102,tcp,52431168277044,29
103,tcp,52431203847834,22
104,tcp,52431322011174,20
105,tcp,52431322039884,20
106,tcp,52431363439884,19
107,tcp,52431370493454,20
108,tcp,52431412160484,179
109,tcp,52431522285384,23
110,tcp,52431522297624,22
111,tcp,52431570738414,22
112,tcp,52431578718714,21
113,tcp,52431620593914,22
114,tcp,52431662210004,21
115,tcp,52431722517294,21
116,tcp,52431770913714,22
117,tcp,52431787010304,21
118,tcp,52431862509954,21
119,tcp,52432184288664,22
120,tcp,52432184309544,982
121,tcp,52432184315034,103
122,tcp,52432184318184,37
123,tcp,52432184319894,31
124,tcp,52432184321874,23
125,tcp,52432184323944,22
126,tcp,52432184327634,23
127,tcp,52432580315484,22
128,tcp,52432580331144,22
129,tcp,52432580334924,22
130,tcp,52432580336814,20
131,tcp,52432580338254,20
132,tcp,52432580340414,70
133,tcp,52432580342394,19
134,tcp,52432580344374,20
135,tcp,52432580345724,17
136,tcp,52432763884524,17
137,tcp,52432763900814,18
138,tcp,52432763903334,17
139,tcp,52432763905764,17
140,tcp,52432763907834,18
141,tcp,52432787096244,17
142,tcp,52432964293554,17
143,tcp,52432964308134,18
144,tcp,52432964312094,1140
145,tcp,52432964314614,36
146,tcp,52432995388644,33
147,tcp,52433164547424,32
148,tcp,52433164561644,24
149,tcp,52433164565514,20
150,tcp,52433164567764,20
151,tcp,52433203739454,21
152,tcp,52433245512414,20
153,tcp,52433364875454,19
154,tcp,52433364891654,19
155,tcp,52433404061634,18
156,tcp,52433445764934,192
157,tcp,52433565159744,26
158,tcp,52433565177474,26
159,tcp,52433565180174,29
160,tcp,52433578809414,26
161,tcp,52433620346484,25
162,tcp,52433662184694,27
163,tcp,52433765381124,21
164,tcp,52433765395794,20
165,tcp,52433787041514,19
166,tcp,52433828827704,19
167,tcp,52433870397174,20
168,tcp,52433965631754,648
169,tcp,52433965650474,49
170,tcp,52433995415364,35
171,tcp,52434037098504,36
172,tcp,52434078715404,24
173,tcp,52434120641904,20
174,tcp,52434165992544,17
175,tcp,52434203880204,17
176,tcp,52434245365344,18
177,tcp,52434287231904,17
178,tcp,52434328688154,17
179,tcp,52434370414764,18
180,tcp,52434412059384,219
181,tcp,52434453738294,25
182,tcp,52434495419184,25
183,tcp,52434537165954,26
184,tcp,52434578920374,25
185,tcp,52434620405604,22
186,tcp,52434662057154,22
187,tcp,52434703795554,21
188,tcp,52434745411914,22
189,tcp,52435044290484,21
190,tcp,52435044305964,21
191,tcp,52435044308394,20
192,tcp,52435044312174,1224
193,tcp,52435044315144,212
194,tcp,52435044317394,44
195,tcp,52435044319284,37
196,tcp,52435078944804,54
197,tcp,52435196745624,29
198,tcp,52435196759394,29
199,tcp,52435238322024,28
200,tcp,52435245581424,25
201,tcp,52435287028314,25
202,tcp,52435396941444,21
203,tcp,52435396949994,22
204,tcp,52435438611174,167
205,tcp,52435453731894,31
206,tcp,52435495350234,24
207,tcp,52435537236954,22
208,tcp,52435597151934,20
209,tcp,52435638798444,20
210,tcp,52435662064614,20
211,tcp,52435703776914,20
212,tcp,52435745470134,20
213,tcp,52435787201154,20
214,tcp,52435828880244,20
215,tcp,52435870465734,20
216,tcp,52435912096494,911
217,tcp,52435953754614,51
218,tcp,52435995380424,30
219,tcp,52436037048804,27
220,tcp,52436078721954,23
221,tcp,52436404103994,21
222,tcp,52436404117674,21
223,tcp,52436404120284,19
224,tcp,52436404122174,18
225,tcp,52436404124244,15
226,tcp,52436404126044,15
227,tcp,52436704330404,16
228,tcp,52436704345254,193
229,tcp,52436704347864,21
230,tcp,52436704350294,19
231,tcp,52436704352544,20
232,tcp,52436704354524,17
233,tcp,52436704358304,18
234,tcp,52436704360374,17
235,tcp,52436890019214,18
236,tcp,52436890047654,18
237,tcp,52436890052514,18
238,tcp,52436890057734,17
239,tcp,52436890060614,16
240,tcp,52436912094324,1107
241,tcp,52437090365424,235
242,tcp,52437090383424,45
243,tcp,52437090385854,28
244,tcp,52437090387834,100
245,tcp,52437120461694,32
246,tcp,52437162211974,27
247,tcp,52437290702904,24
248,tcp,52437290718204,22
249,tcp,52437290721174,18
250,tcp,52438124239074,4675
251,tcp,52438124252574,96
252,tcp,52438124255544,204
253,tcp,52438124257884,159
254,tcp,52438124259864,67
255,tcp,52438124261844,51
256,tcp,52438124263554,79
257,tcp,52438124266254,38
258,tcp,52438124268414,37
259,tcp,52438124270304,35
260,tcp,52438124272734,24
261,tcp,52438124274714,20
262,tcp,52438124276784,19
263,tcp,52438124278854,15
264,tcp,52438124286414,446
265,tcp,52438124289384,61
266,tcp,52438153882644,47
267,tcp,52438153897224,41
268,tcp,52438153900104,35
269,tcp,52438153903794,24
270,tcp,52438324479714,21
271,tcp,52438324494204,15
272,tcp,52438324496364,16
273,tcp,52438324498164,15
274,tcp,52438354038324,15
275,tcp,52438370418954,13
276,tcp,52438778822754,209
277,tcp,52438778832924,22
278,tcp,52438778834454,24
279,tcp,52438778835894,23
280,tcp,52438778837244,20
281,tcp,52438778838864,17
282,tcp,52438778839944,17
283,tcp,52438778841024,17
284,tcp,52438778842104,15
285,tcp,52438954543434,15
286,tcp,52438954553424,15
287,tcp,52438954554774,15
288,tcp,52438954557114,1076
289,tcp,52438954559004,186
290,tcp,52438995486594,40
291,tcp,52439154689484,34
292,tcp,52439154699204,62
293,tcp,52439154700644,24
294,tcp,52440068272824,27
295,tcp,52440068283084,25
296,tcp,52440068284704,23
297,tcp,52440068286054,20
298,tcp,52440068287224,17
299,tcp,52440268463694,15
300,tcp,52440268474944,252
301,tcp,52440268476654,21
302,tcp,52440268477734,22
303,tcp,52440268478724,23
304,tcp,52440268479804,21
305,tcp,52440268480794,20
306,tcp,52440268481784,20
307,tcp,52440268482864,19
308,tcp,52440268483854,20
309,tcp,52440268486554,19
310,tcp,52440268487634,19
311,tcp,52440268488624,20
312,tcp,52440268489974,841
313,tcp,52440468680484,89
314,tcp,52440468697854,37
315,tcp,52440468699924,37
316,tcp,52440468701814,83
317,tcp,52440468703344,34
318,tcp,52440468704964,34
319,tcp,52440468707304,26
320,tcp,52440468709014,22
321,tcp,52440468710814,19
322,tcp,52440468712344,20
323,tcp,52440468713874,20
324,tcp,52440468715674,232
325,tcp,52440468717654,33
326,tcp,52440495449454,28
327,tcp,52440668787294,26
328,tcp,52440668797644,26
329,tcp,52440668799084,24
330,tcp,52440668800254,21
331,tcp,52440703719984,22
332,tcp,52440868994184,22
333,tcp,52440869006514,21
334,tcp,52440869008584,22
335,tcp,52440870344094,22
336,tcp,52440912190854,905
337,tcp,52441069298724,128
338,tcp,52441069319964,42
339,tcp,52441069322664,32
340,tcp,52441078710114,45
341,tcp,52441120613304,25
342,tcp,52441162074324,25
343,tcp,52441278911784,19
344,tcp,52441278925464,20
345,tcp,52441287184494,17
346,tcp,52441328812284,19
347,tcp,52441479045774,18
348,tcp,52441479057384,237
349,tcp,52441479060264,30
350,tcp,52441495442514,27
351,tcp,52441537418604,24
352,tcp,52441578773784,22
353,tcp,52441620495534,20
354,tcp,52441932186054,19
355,tcp,52441932197664,17
356,tcp,52441932200454,18
357,tcp,52441932202614,17
358,tcp,52441932204864,17
359,tcp,52441932207024,16
360,tcp,52442105140764,1446
361,tcp,52442105148054,220
362,tcp,52442105149944,75
363,tcp,52442105151294,48
364,tcp,52442105152644,54
365,tcp,52442132344884,25
366,tcp,52442188534494,26
367,tcp,52442305512984,21
368,tcp,52442305534764,16
369,tcp,52442305536834,15
370,tcp,52442328774024,12
371,tcp,52442370527634,13
372,tcp,52442412066414,196
373,tcp,52442505657684,21
374,tcp,52442505667134,20
375,tcp,52442537239764,17
376,tcp,52442578722114,16
377,tcp,52442620437204,17
378,tcp,52442661981474,18
379,tcp,52442737495344,16
380,tcp,52442745336684,17
381,tcp,52442820643734,16
382,tcp,52442828707644,15
383,tcp,52442870484204,16
384,tcp,52443196275384,1115
385,tcp,52443196289604,179
386,tcp,52443196292844,36
387,tcp,52443196295094,34
388,tcp,52443196297254,50
389,tcp,52443196304274,28
390,tcp,52443221081454,26
391,tcp,52443221092074,26
392,tcp,52443355144104,18
393,tcp,52443355152114,17
394,tcp,52443355153644,15
395,tcp,52443396395424,13
396,tcp,52443421404984,167
397,tcp,52443596666124,23
398,tcp,52443596679354,23
399,tcp,52443596682414,23
400,tcp,52443596684844,21
401,tcp,52443620522604,18
402,tcp,52443662058144,18
403,tcp,52443703696104,15
404,tcp,52443745422624,16
405,tcp,52443796831794,15
406,tcp,52443828662994,15
407,tcp,52443870528474,16
408,tcp,52443912076344,654
409,tcp,52443997034004,81
410,tcp,52443997043814,36
411,tcp,52444037086524,28
412,tcp,52444078725654,32
413,tcp,52444120667994,16
414,tcp,52444162028934,15
415,tcp,52444203727374,15
416,tcp,52444245400974,16
417,tcp,52444287191664,15
418,tcp,52444328724054,15
419,tcp,52444628295174,16
420,tcp,52444628309844,249
421,tcp,52444628312634,25
422,tcp,52444628315064,21
423,tcp,52444628317224,23
424,tcp,52444628319024,21
425,tcp,52444653922944,20
426,tcp,52445070694854,20
427,tcp,52445070714474,17
428,tcp,52445070717534,15
429,tcp,52445070719964,12
430,tcp,52445070722034,12
431,tcp,52445070724104,13
432,tcp,52445270847384,1232
433,tcp,52445536363584,279
434,tcp,52445536382124,35
435,tcp,52445536384284,29
436,tcp,52445536387524,85
437,tcp,52445536389504,21
438,tcp,52445536391394,19
439,tcp,52445536393194,28
440,tcp,52445536394904,19
441,tcp,52445536396524,17
442,tcp,52445536398234,17
443,tcp,52445536400034,15
444,tcp,52445536402014,196
445,tcp,52445536404084,23
446,tcp,52445536405974,22
447,tcp,52445537790354,21
448,tcp,52445736554454,19
449,tcp,52445736564264,20
450,tcp,52445736565794,19
451,tcp,52445736569574,17
452,tcp,52445745351324,18
453,tcp,52445936871054,17
454,tcp,52445936879604,17
455,tcp,52445936880954,15
456,tcp,52445936882574,848
457,tcp,52445953754784,93
458,tcp,52445995385994,29
459,tcp,52446137186844,27
460,tcp,52446137205924,53
461,tcp,52446137208534,19
462,tcp,52446162040254,18
463,tcp,52446337412004,15
464,tcp,52446337422174,16
465,tcp,52446337423614,15
466,tcp,52446337424784,15
467,tcp,52446624346494,16
468,tcp,52446624365394,233
469,tcp,52446624372504,22
470,tcp,52446624374394,23
471,tcp,52446624376284,24
472,tcp,52446624378084,23
473,tcp,52446813509754,22
474,tcp,52446813519024,21
475,tcp,52446813520644,19
476,tcp,52446813521904,17
477,tcp,52446813522984,16
478,tcp,52447213922724,16
479,tcp,52447213933434,17
480,tcp,52447213936224,1485
481,tcp,52447213938204,698
482,tcp,52447213939734,48
483,tcp,52447614373044,45
484,tcp,52447614393924,52
485,tcp,52447614396804,34
486,tcp,52447614398604,34
487,tcp,52447614400404,35
488,tcp,52447614402294,27
489,tcp,52447614405354,24
490,tcp,52447614407064,33
491,tcp,52447614409224,22
492,tcp,52447614411294,195
493,tcp,52447814459604,34
494,tcp,52447814472114,30
495,tcp,52447814475804,25
496,tcp,52447814478144,22
497,tcp,52447814480484,18
498,tcp,52447814482824,17
499,tcp,52447814484894,19
500,tcp,52449244833834,5598
501,tcp,52449244851024,147
502,tcp,52449244853454,80
503,tcp,52449244857414,69
504,tcp,52449244860024,561
505,tcp,52449244861824,162
506,tcp,52449244864074,150
507,tcp,52449244865874,58
508,tcp,52449244867764,35
509,tcp,52449244869474,48
510,tcp,52449645218184,26
511,tcp,52449645235914,27
512,tcp,52449645240864,24
513,tcp,52449645243204,19
514,tcp,52449645245094,17
515,tcp,52449645246894,19
516,tcp,52449645250944,1548
517,tcp,52449645253734,80
518,tcp,52449645255984,76
519,tcp,52449645257964,270
520,tcp,52449645260124,69
521,tcp,52449645263004,39
522,tcp,52449645265704,38
523,tcp,52449645267684,19
524,tcp,52449645269664,18
525,tcp,52449645271554,15
526,tcp,52449645273444,12
527,tcp,52449645275244,12
528,tcp,52449845406084,784
529,tcp,52449845420664,184
530,tcp,52449845423184,69
531,tcp,52449845424624,40
532,tcp,52449845425884,25
533,tcp,52449845427054,17
534,tcp,52449845428314,13
535,tcp,52449845429664,12
536,tcp,52449845431374,12
537,tcp,52449845433084,13
538,tcp,52449845434704,12
539,tcp,52449845436324,12
540,tcp,52449845438664,466
541,tcp,52449845440734,29
542,tcp,52449845442984,29
543,tcp,52449845445144,33
544,tcp,52449845447484,17
545,tcp,52449845449464,17
546,tcp,52449845451354,18
547,tcp,52449845453154,12
548,tcp,52449845455314,12
549,tcp,52449845456934,13
550,tcp,52449845458554,12
551,tcp,52450045569684,12
552,tcp,52450045584174,871
553,tcp,52450045587684,152
554,tcp,52450045593984,46
555,tcp,52450045596504,44
556,tcp,52450078774824,115
557,tcp,52450245708444,25
558,tcp,52450245718884,23
559,tcp,52450245720594,22
560,tcp,52450245721674,19
561,tcp,52450287129954,18
562,tcp,52450328716074,15
563,tcp,52450445933514,15
564,tcp,52450445948634,540
565,tcp,52450487344944,36
566,tcp,52450528831884,31
567,tcp,52450646015754,142
568,tcp,52450646023584,27
569,tcp,52450646025114,26
570,tcp,52450662071754,37
571,tcp,52450704262854,19
572,tcp,52450745481324,15
573,tcp,52450846223994,15
574,tcp,52450846236684,15
575,tcp,52450870419144,15
576,tcp,52450912070784,923
577,tcp,52451246642904,249
578,tcp,52451246658384,51
579,tcp,52451246661264,34
580,tcp,52451246663784,39
581,tcp,52451246665764,29
582,tcp,52451246667924,25
583,tcp,52451320581594,31
584,tcp,52451320592034,29
585,tcp,52451320593474,25
586,tcp,52451363333574,23
587,tcp,52451446763484,20
588,tcp,52451446774644,649
589,tcp,52451520852564,41
590,tcp,52451520863724,38
591,tcp,52451563659534,144
592,tcp,52451578991124,39
593,tcp,52451647120764,30
594,tcp,52451763914484,38
595,tcp,52451763928434,21
596,tcp,52451763930774,22
597,tcp,52451787108294,19
598,tcp,52451847328284,12
599,tcp,52451870458914,12
600,tcp,52451912246814,1129
601,tcp,52451964218934,294
602,tcp,52451995546134,53
603,tcp,52452047595564,37
604,tcp,52452078815124,36
605,tcp,52452120791664,25
606,tcp,52452164482164,23
607,tcp,52452203966964,18
608,tcp,52452247846104,15
609,tcp,52452287082684,16
610,tcp,52452328708494,15
611,tcp,52452370434564,15
612,tcp,52452412088904,658
613,tcp,52452453696174,31
614,tcp,52452495432684,29
615,tcp,52452537030234,93
616,tcp,52452578698254,22
617,tcp,52452620407134,18
618,tcp,52452662058054,52
619,tcp,52452703789344,17
620,tcp,52452745475634,17
621,tcp,52452787115574,17
622,tcp,52452828743904,12
623,tcp,52452870496974,12
624,tcp,52452912359754,1161
625,tcp,52452953698824,245
626,tcp,52452995414274,51
627,tcp,52453037098044,40
628,tcp,52453078800354,30
629,tcp,52453120416174,24
630,tcp,52453162056654,19
631,tcp,52453203746904,19
632,tcp,52453245526704,19
633,tcp,52453287052704,19
634,tcp,52453328756184,19
635,tcp,52453370392794,17
636,tcp,52453412252874,880
637,tcp,52453453723524,36
638,tcp,52453495477494,36
639,tcp,52453537130484,159
640,tcp,52453578998214,30
641,tcp,52453620401904,25
642,tcp,52453661999454,46
643,tcp,52453704097314,27
644,tcp,52453745404794,20
645,tcp,52453787125464,25
646,tcp,52453828803384,12
647,tcp,52453870423704,12
648,tcp,52453911982014,718
649,tcp,52453953852084,101
650,tcp,52453995403914,75
651,tcp,52454037096414,27
652,tcp,52454078825094,19
653,tcp,52454120477004,17
654,tcp,52454162146374,12
655,tcp,52454203827174,12
656,tcp,52454245599054,12
657,tcp,52454287124154,12
658,tcp,52454328755814,12
659,tcp,52454370388284,12
660,tcp,52454412115344,308
661,tcp,52454453831514,26
662,tcp,52454495479734,24
663,tcp,52454537039484,44
664,tcp,52454578781214,18
665,tcp,52454620404684,17
666,tcp,52454662072974,17
667,tcp,52454703831624,15
668,tcp,52454745513864,15
669,tcp,52454787053004,15
670,tcp,52454828790774,12
671,tcp,52454870428644,12
672,tcp,52454912193144,1242
673,tcp,52454953815174,415
674,tcp,52454995465464,113
675,tcp,52455037224744,46
676,tcp,52455078780624,36
677,tcp,52455120487254,26
678,tcp,52455161979414,19
679,tcp,52455203822394,19
680,tcp,52455245365854,17
681,tcp,52455544247034,15
682,tcp,52455544257024,15
683,tcp,52455544258374,15
684,tcp,52455544260444,658
685,tcp,52455544262244,37
686,tcp,52455544263504,35
687,tcp,52455544264764,95
688,tcp,52455578730354,26
689,tcp,52455696684714,20
690,tcp,52455696695514,18
691,tcp,52455738500964,15
692,tcp,52455745498014,12
693,tcp,52455787089624,13
694,tcp,52455896990604,12
695,tcp,52455897011934,12
696,tcp,52455912230934,888
697,tcp,52455953749104,203
698,tcp,52455995492724,83
699,tcp,52456037081364,29
700,tcp,52456097205684,120
701,tcp,52456120436214,28
702,tcp,52456162113864,23
703,tcp,52456203795744,19
704,tcp,52456245570594,17
705,tcp,52456287136374,12
706,tcp,52456328789724,12
707,tcp,52456370505894,12
708,tcp,52456412222694,808
709,tcp,52456453797564,33
710,tcp,52456778961174,32
711,tcp,52456778971614,57
712,tcp,52456778973324,25
713,tcp,52456778974404,16
714,tcp,52456778975484,17
715,tcp,52456778976474,12
716,tcp,52456778977554,12
717,tcp,52456863348864,13
718,tcp,52456863359304,12
719,tcp,52456905165114,12
720,tcp,52457200260444,1662
721,tcp,52457200275114,993
722,tcp,52457200277994,142
723,tcp,52457200280514,58
724,tcp,52457200287354,126
725,tcp,52457200288704,53
726,tcp,52457200289964,34
727,tcp,52457263810434,29
728,tcp,52457263821234,29
729,tcp,52457380741314,25
730,tcp,52457380754904,25
731,tcp,52457380757424,23
732,tcp,52457412212694,1401
733,tcp,52457464178244,45
734,tcp,52457581218114,42
735,tcp,52457581238544,130
736,tcp,52457581241154,36
737,tcp,52457620451724,25
738,tcp,52457662092114,79
739,tcp,52457703879834,32
740,tcp,52457781606174,28
741,tcp,52457820761484,26
742,tcp,52457862331224,12
743,tcp,52457904172224,12
744,tcp,52457981851134,585
745,tcp,52457981866704,118
746,tcp,52458021044244,49
747,tcp,52458062558274,34
748,tcp,52458104369214,25
749,tcp,52458182106984,22
750,tcp,52458304623804,6396
751,tcp,52458304633434,161
752,tcp,52458304635684,81
753,tcp,52458304637214,134
754,tcp,52458421483134,74
755,tcp,52458421496364,80
756,tcp,52458421498254,328
757,tcp,52458453875934,73
758,tcp,52458495450444,76
759,tcp,52458792290874,78
760,tcp,52458792300324,63
761,tcp,52458792303474,63
762,tcp,52458792305004,69
763,tcp,52458792306354,54
764,tcp,52458792307794,57
765,tcp,52458792308874,62
766,tcp,52458828768504,47
767,tcp,52458946763094,52
768,tcp,52458946776864,1086
769,tcp,52458988313214,320
770,tcp,52458995518614,97
771,tcp,52459037106714,47
772,tcp,52459146974484,43
773,tcp,52459146984024,27
774,tcp,52459445751804,21
775,tcp,52459445766114,21
776,tcp,52459445768544,19
777,tcp,52459445770434,21
778,tcp,52459445772324,23
779,tcp,52459445774214,19
780,tcp,52459445777274,513
781,tcp,52459487481744,34
782,tcp,52459862373774,32
783,tcp,52459862385114,57
784,tcp,52459862387364,23
785,tcp,52459862388354,23
786,tcp,52459862389434,21
787,tcp,52459862390604,17
788,tcp,52459862391594,15
789,tcp,52459862392674,15
790,tcp,52460524469574,15
791,tcp,52460524483524,15
792,tcp,52460524486314,666
793,tcp,52460524489374,214
794,tcp,52460524493064,68
795,tcp,52460524494954,43
796,tcp,52460524496754,41
797,tcp,52460524498464,30
798,tcp,52460524500264,23
799,tcp,52460524502064,20
800,tcp,52460524503684,19
801,tcp,52460524505214,15
802,tcp,52460524506834,15
803,tcp,52460524508454,15
804,tcp,52460524510704,513
805,tcp,52460524512774,31
806,tcp,52460524514484,32
807,tcp,52460724682674,101
808,tcp,52460724697344,28
809,tcp,52460724704004,26
810,tcp,52460724706344,51
811,tcp,52460724708324,17
812,tcp,52460745429654,15
813,tcp,52460924843214,13
814,tcp,52460924856624,12
815,tcp,52460924859144,12
816,tcp,52460924866884,876
817,tcp,52460953785144,264
818,tcp,52460995385214,42
819,tcp,52461125009334,29
820,tcp,52461125019504,21
821,tcp,52461125021034,18
822,tcp,52461162240624,19
823,tcp,52461203909634,20
824,tcp,52461245461734,18
825,tcp,52461325236924,17
826,tcp,52461362364714,17
827,tcp,52461403995204,17
828,tcp,52461445596894,708
829,tcp,52461525457134,48
830,tcp,52461525471354,46
831,tcp,52461562551174,99
832,tcp,52461604174644,36
833,tcp,52461620385264,32
834,tcp,52461725778054,65
835,tcp,52461725792454,21
836,tcp,52461745535574,17
837,tcp,52461787072194,22
838,tcp,52461828927774,17
839,tcp,52461870560514,17
840,tcp,52461925967934,939
841,tcp,52461953729064,334
842,tcp,52461995632974,53
843,tcp,52462037115414,35
844,tcp,52462078700094,35
845,tcp,52462120436334,26
846,tcp,52462162004724,23
847,tcp,52462203830604,22
848,tcp,52462245380994,19
849,tcp,52462287198504,18
850,tcp,52462328713884,19
851,tcp,52462370410794,17
852,tcp,52462412093034,653
853,tcp,52462453779684,32
854,tcp,52462495434204,27
855,tcp,52462537182864,85
856,tcp,52462578763584,22
857,tcp,52462620481734,20
858,tcp,52462662200424,77
859,tcp,52462703786454,24
860,tcp,52462745426304,23
861,tcp,52462787103054,20
862,tcp,52462828896714,12
863,tcp,52462870605774,12
864,tcp,52462912201254,1089
865,tcp,52462953789534,305
866,tcp,52462995427134,40
867,tcp,52463037031794,35
868,tcp,52463078902944,28
869,tcp,52463120364324,24
870,tcp,52463162134944,19
871,tcp,52463203685244,19
872,tcp,52463245474224,19
873,tcp,52463287006704,18
874,tcp,52463328754554,17
875,tcp,52463370372984,15
876,tcp,52463412177714,913
877,tcp,52463453739354,36
878,tcp,52463752273044,37
879,tcp,52463752283484,95
880,tcp,52463752285014,24
881,tcp,52463752286094,25
882,tcp,52463752287174,24
883,tcp,52463752288434,12
884,tcp,52463752289604,12
885,tcp,52463787207714,13
886,tcp,52463905157754,12
887,tcp,52463905176564,12
888,tcp,52463946739824,672
889,tcp,52463953932084,89
890,tcp,52463995457454,49
891,tcp,52464360371364,36
892,tcp,52464360386304,34
893,tcp,52464360389094,76
894,tcp,52464360396024,30
895,tcp,52464360397644,26
896,tcp,52464360399354,21
897,tcp,52464360401334,19
898,tcp,52464360402864,17
899,tcp,52464370392504,17
900,tcp,52464548456604,365
901,tcp,52464548471094,27
902,tcp,52464548473974,29
903,tcp,52464548476584,100
904,tcp,52464578887494,25
905,tcp,52464620465964,20
906,tcp,52464748751064,18
907,tcp,52464748763934,15
908,tcp,52464748766454,15
909,tcp,52464787188894,13
910,tcp,52464828877884,12
911,tcp,52464949124904,12
912,tcp,52464949144344,1219
913,tcp,52464953813094,432
914,tcp,52464995342694,78
915,tcp,52465037085954,37
916,tcp,52465149434394,37
917,tcp,52465149447624,25
918,tcp,52465162063914,19
919,tcp,52465203828504,20
920,tcp,52465245435954,19
921,tcp,52465349712474,17
922,tcp,52465349722554,15
923,tcp,52465370508324,15
924,tcp,52465412172744,542
925,tcp,52465708256634,33
926,tcp,52465708268244,28
927,tcp,52465708270314,111
928,tcp,52465708271484,25
929,tcp,52465708272744,19
930,tcp,52465708273824,20
931,tcp,52465750163514,12
932,tcp,52465750173234,12
933,tcp,52465896985734,13
934,tcp,52465896999864,12
935,tcp,52465897001844,12
936,tcp,52465912136244,868
937,tcp,52466297371614,159
938,tcp,52466297381874,69
939,tcp,52466297383404,29
940,tcp,52466297384574,94
941,tcp,52466297385834,26
942,tcp,52466297386914,18
943,tcp,52466362217514,12
944,tcp,52466362227954,12
945,tcp,52466362229574,12
946,tcp,52466362230654,12
947,tcp,52466497623684,12
948,tcp,52466497644654,821
949,tcp,52466497648254,31
950,tcp,52466497650504,32
951,tcp,52466562445104,62
952,tcp,52466578739064,27
953,tcp,52466697871254,20
954,tcp,52466697884394,24
955,tcp,52466762900484,12
956,tcp,52466762919384,12
957,tcp,52466787185544,13
958,tcp,52466898142314,12
959,tcp,52466898154734,12
960,tcp,52466987337534,1578
961,tcp,52466987347704,687
962,tcp,52467098492844,58
963,tcp,52467098509944,54
964,tcp,52467098512284,70
965,tcp,52467187538664,63
966,tcp,52467187545864,55
967,tcp,52467203742624,52
968,tcp,52467587956314,43
969,tcp,52467587969004,33
970,tcp,52467587971164,32
971,tcp,52467587973234,30
972,tcp,52467587976474,1164
973,tcp,52467587979894,48
974,tcp,52467587982504,44
975,tcp,52467587988984,57
976,tcp,52467996201354,27
977,tcp,52467996211074,23
978,tcp,52467996212424,31
979,tcp,52467996217014,17
980,tcp,52467996218094,15
981,tcp,52467996219174,16
982,tcp,52467996220254,12
983,tcp,52467996221244,12
984,tcp,52467996223134,570
985,tcp,52467996224934,104
986,tcp,52468188473394,39
987,tcp,52468188482124,29
988,tcp,52468188483564,26
989,tcp,52468188484644,17
990,tcp,52468188485904,15
991,tcp,52468203826314,15
992,tcp,52468388782704,15
993,tcp,52468388798004,12
994,tcp,52468388800344,12
995,tcp,52468388802144,12
996,tcp,52468412191344,524
997,tcp,52468589025504,31
998,tcp,52468589036034,27
999,tcp,52468589037384,27
1000,tcp,52468860330414,6027
1001,tcp,52468860340134,101
1002,tcp,52468860342474,145
1003,tcp,52468860343824,65
1004,tcp,52468860345174,32
1005,tcp,52468860346344,50
1006,tcp,52468860347514,27
1007,tcp,52468873118964,23
1008,tcp,52469060607054,1055
1009,tcp,52469060621094,372
1010,tcp,52469060623614,51
1011,tcp,52469060625684,39
1012,tcp,52469336316024,45
1013,tcp,52469336329884,31
1014,tcp,52469336334114,26
1015,tcp,52469336336544,35
1016,tcp,52469336338524,24
1017,tcp,52469336340594,21
1018,tcp,52469336342574,21
1019,tcp,52469788266864,17
1020,tcp,52469788280094,372
1021,tcp,52469788285494,31
1022,tcp,52469788286844,27
1023,tcp,52469788288554,33
1024,tcp,52469788289634,26
1025,tcp,52469788290624,19
1026,tcp,52469788291794,19
1027,tcp,52469788292874,15
1028,tcp,52469937415404,15
1029,tcp,52469937423414,15
1030,tcp,52469937424674,15
1031,tcp,52469937425754,15
1032,tcp,52469937427374,853
1033,tcp,52469988357024,381
1034,tcp,52470137728854,52
1035,tcp,52470137743524,41
1036,tcp,52470137745954,107
1037,tcp,52470137747934,36
1038,tcp,52470188598294,30
1039,tcp,52470337961034,25
1040,tcp,52470337975074,19
1041,tcp,52470337977774,19
1042,tcp,52470337979934,19
1043,tcp,52470370517094,19
1044,tcp,52470412194474,362
1045,tcp,52470538231734,35
1046,tcp,52470538242624,30
1047,tcp,52470538244334,139
1048,tcp,52470578774034,33
1049,tcp,52470620522154,21
1050,tcp,52470738482094,20
1051,tcp,52470738492804,19
1052,tcp,52471000257804,15
1053,tcp,52471000275354,16
1054,tcp,52471000277064,15
1055,tcp,52471000278594,15
1056,tcp,52471000286514,521
1057,tcp,52471000289124,292
1058,tcp,52471188493704,40
1059,tcp,52471188502614,35
1060,tcp,52471188504234,56
1061,tcp,52471188505584,26
1062,tcp,52471188506754,21
1063,tcp,52471203683634,27
1064,tcp,52471388868984,22
1065,tcp,52471388884734,18
1066,tcp,52471388886624,18
1067,tcp,52471388887794,19
1068,tcp,52471412153424,478
1069,tcp,52471453713984,30
1070,tcp,52471589390784,24
1071,tcp,52471589417964,95
1072,tcp,52471589421024,27
1073,tcp,52471620387954,23
1074,tcp,52471662289974,26
1075,tcp,52471703733714,17
1076,tcp,52471789525044,17
1077,tcp,52471789538184,25
1078,tcp,52472120215194,13
1079,tcp,52472120225364,12
1080,tcp,52472120227974,1335
1081,tcp,52472120229864,520
1082,tcp,52472120231304,44
1083,tcp,52472120232564,38
1084,tcp,52472271766914,72
1085,tcp,52472271775104,31
1086,tcp,52472271776544,26
1087,tcp,52472271777714,32
1088,tcp,52472271778884,20
1089,tcp,52472320424424,21
1090,tcp,52472472108354,15
1091,tcp,52472472121584,15
1092,tcp,52472472124734,736
1093,tcp,52472472127524,36
1094,tcp,52472495466054,24
1095,tcp,52472537118324,129
1096,tcp,52472672367174,52
1097,tcp,52472672380404,20
1098,tcp,52472672382744,35
1099,tcp,52472703672234,17
1100,tcp,52472745406764,15
1101,tcp,52472787001164,22
1102,tcp,52472872597644,15
1103,tcp,52472872614834,15
1104,tcp,52472912103954,1133
1105,tcp,52472953718334,381
1106,tcp,52472995372674,39
1107,tcp,52473072817764,37
1108,tcp,52473112319214,119
1109,tcp,52473154024494,39
1110,tcp,52473195562644,28
1111,tcp,52473273103854,28
1112,tcp,52473273115374,17
1113,tcp,52473312537984,17
1114,tcp,52473354299244,19
1115,tcp,52473395844414,17
1116,tcp,52473512790054,722
1117,tcp,52473512800944,37
1118,tcp,52473512802924,32
1119,tcp,52473537172314,110
1120,tcp,52473578695074,24
1121,tcp,52473620355354,19
1122,tcp,52473662030934,26
1123,tcp,52473713047164,18
1124,tcp,52474263845454,18
1125,tcp,52474263859134,25
1126,tcp,52474263861384,22
1127,tcp,52474263863184,17
1128,tcp,52474263866334,700
1129,tcp,52474263868854,216
1130,tcp,52474263871104,51
1131,tcp,52474263872814,41
1132,tcp,52474263874704,54
1133,tcp,52474263876864,31
1134,tcp,52474263878574,33
1135,tcp,52474263880464,36
1136,tcp,52474263882264,31
1137,tcp,52474389827544,24
1138,tcp,52474389841224,24
1139,tcp,52474389843204,20
1140,tcp,52474464099414,325
1141,tcp,52474464109764,23
1142,tcp,52474495490064,19
1143,tcp,52474848280884,17
1144,tcp,52474848295824,15
1145,tcp,52474848298164,15
1146,tcp,52474848300234,15
1147,tcp,52475048620614,15
1148,tcp,52475048635374,15
1149,tcp,52475048642124,15
1150,tcp,52475048644374,15
1151,tcp,52475048646354,15
1152,tcp,52475048649774,1244
1153,tcp,52475248888704,350
1154,tcp,52475248899234,121
1155,tcp,52475248901214,44
1156,tcp,52475248902654,66
1157,tcp,52475248904184,36
1158,tcp,52475248905354,30
1159,tcp,52475248906524,27
1160,tcp,52475248907604,24
1161,tcp,52475287290084,22
1162,tcp,52475328865944,23
1163,tcp,52475449120614,21
1164,tcp,52475449131144,628
1165,tcp,52475744239974,33
1166,tcp,52475744251404,24
1167,tcp,52475744253384,125
1168,tcp,52475744254644,19
1169,tcp,52475744256084,17
1170,tcp,52475744257344,17
1171,tcp,52475744258424,17
1172,tcp,52475929487604,17
1173,tcp,52475929498854,17
1174,tcp,52475929500294,17
1175,tcp,52475929501374,17
1176,tcp,52475929505514,857
1177,tcp,52475953733964,249
1178,tcp,52476129741024,131
1179,tcp,52476129754794,38
1180,tcp,52476129757134,32
1181,tcp,52476129759204,27
1182,tcp,52476162047064,24
1183,tcp,52476330001014,25
1184,tcp,52476330014964,21
1185,tcp,52476330017394,21
1186,tcp,52476330019554,22
1187,tcp,52476370358454,21
1188,tcp,52476412114494,638
1189,tcp,52476570647964,35
1190,tcp,52476570662274,31
1191,tcp,52476570669024,50
1192,tcp,52476578682174,27
1193,tcp,52476620375754,22
1194,tcp,52476770824974,108
1195,tcp,52476770835234,29
1196,tcp,52476770838024,23
1197,tcp,52476787131804,18
1198,tcp,52476828783714,12
1199,tcp,52476870433914,12
1200,tcp,52476987446964,1573
1201,tcp,52476987460104,687
1202,tcp,52477029192384,162
1203,tcp,52477070714874,57
1204,tcp,52477187724684,131
1205,tcp,52477187736654,58
1206,tcp,52477187739444,46
1207,tcp,52477203750534,42
1208,tcp,52477245483444,41
1209,tcp,52477287078834,46
1210,tcp,52477328837034,50
1211,tcp,52477388067384,33
1212,tcp,52477412222034,1140
1213,tcp,52477453758114,51
1214,tcp,52477495566804,46
1215,tcp,52477537171104,160
1216,tcp,52477588154934,36
1217,tcp,52477620384744,29
1218,tcp,52477661999304,104
1219,tcp,52477703827344,30
1220,tcp,52477745411484,34
1221,tcp,52477787147004,38
1222,tcp,52477828701714,19
1223,tcp,52477870367664,19
1224,tcp,52477912051704,583
1225,tcp,52477953763824,76
1226,tcp,52477995371004,60
1227,tcp,52478037192204,50
1228,tcp,52478078763384,51
1229,tcp,52478120405754,52
1230,tcp,52478416252044,43
1231,tcp,52478416265364,42
1232,tcp,52478416267794,34
1233,tcp,52478416269054,28
1234,tcp,52478416273824,25
1235,tcp,52478613496944,21
1236,tcp,52478613511344,567
1237,tcp,52478613518724,35
1238,tcp,52478613521334,35
1239,tcp,52478613523494,53
1240,tcp,52478613525204,33
1241,tcp,52478620467714,29
1242,tcp,52478662100004,33
1243,tcp,52478813603664,25
1244,tcp,52478813611584,22
1245,tcp,52478813613744,28
1246,tcp,52478828892594,21
1247,tcp,52478870492484,20
1248,tcp,52478912339514,1081
1249,tcp,52478953702254,234
1250,tcp,52479112578264,6596
1251,tcp,52479112590054,99
1252,tcp,52479112591764,104
1253,tcp,52479154035414,135
1254,tcp,52479229301334,80
1255,tcp,52479229308624,71
1256,tcp,52479245363094,100
1257,tcp,52479312849504,51
1258,tcp,52479897247944,33
1259,tcp,52479897267834,33
1260,tcp,52479897271794,298
1261,tcp,52479897274854,31
1262,tcp,52479897276924,42
1263,tcp,52479897279534,29
1264,tcp,52479897282054,19
1265,tcp,52479897284394,27
1266,tcp,52479897286464,21
1267,tcp,52479897288534,17
1268,tcp,52479897291054,18
1269,tcp,52479897292944,18
1270,tcp,52479897295104,17
1271,tcp,52479897297084,18
1272,tcp,52479939829914,930
1273,tcp,52479981616464,64
1274,tcp,52480097586954,433
1275,tcp,52480097613864,42
1276,tcp,52480097625384,37
1277,tcp,52480376182404,145
1278,tcp,52480376192124,29
1279,tcp,52480376193564,22
1280,tcp,52480376194734,20
1281,tcp,52480376195904,15
1282,tcp,52480376196984,15
1283,tcp,52480403873874,15
1284,tcp,52480576427454,256
1285,tcp,52480576442664,23
1286,tcp,52480576445274,22
1287,tcp,52480576447704,20
1288,tcp,52480578756564,17
1289,tcp,52480620393714,21
1290,tcp,52480662043644,15
1291,tcp,52480776636234,15
1292,tcp,52480776645774,15
1293,tcp,52480787087124,15
1294,tcp,52480828703394,15
1295,tcp,52480870605054,15
1296,tcp,52480976921874,1054
1297,tcp,52480976938074,100
1298,tcp,52480995381774,340
1299,tcp,52481037286134,41
1300,tcp,52481078950644,35
1301,tcp,52481177113374,39
1302,tcp,52481177122734,32
1303,tcp,52481203634034,31
1304,tcp,52481245598154,123
1305,tcp,52481287120194,29
1306,tcp,52481328725844,27
1307,tcp,52481403889884,20
1308,tcp,52481412190764,418
1309,tcp,52481453743404,33
1310,tcp,52481495666304,34
1311,tcp,52481804312394,36
1312,tcp,52481804326884,20
1313,tcp,52481804329224,17
1314,tcp,52481804331384,206
1315,tcp,52481804333184,38
1316,tcp,52482004454394,38
1317,tcp,52482004464564,31
1318,tcp,52482004465914,15
1319,tcp,52482004470144,13
1320,tcp,52482004472394,485
1321,tcp,52482004474104,81
1322,tcp,52482004475274,403
1323,tcp,52482105087804,38
1324,tcp,52482105095994,32
1325,tcp,52482120486624,64
1326,tcp,52482204723024,24
1327,tcp,52482204738054,21
1328,tcp,52482505489254,18
1329,tcp,52482505501044,15
1330,tcp,52482505503114,15
1331,tcp,52482505504644,16
1332,tcp,52482505506444,145
1333,tcp,52482570651414,17
1334,tcp,52482570665094,16
1335,tcp,52482570667884,56
1336,tcp,52482613479444,18
1337,tcp,52482705673284,20
1338,tcp,52482705691014,25
1339,tcp,52482705693264,12
1340,tcp,52482770911044,13
1341,tcp,52482813699744,13
1342,tcp,52482828747294,12
1343,tcp,52482905875854,13
1344,tcp,52483228292124,1287
1345,tcp,52483228303284,91
1346,tcp,52483228305624,512
1347,tcp,52483228307064,32
1348,tcp,52483228308414,26
1349,tcp,52483228309584,32
1350,tcp,52483228310754,21
1351,tcp,52483228311924,17
1352,tcp,52483415568444,60
1353,tcp,52483415588514,17
1354,tcp,52483415590674,17
1355,tcp,52483415592834,15
1356,tcp,52483415596164,379
1357,tcp,52483453749414,25
1358,tcp,52483615805484,26
1359,tcp,52483615819434,141
1360,tcp,52483615821864,27
1361,tcp,52483620491604,26
1362,tcp,52483662066204,19
1363,tcp,52483816153044,12
1364,tcp,52483816164834,13
1365,tcp,52483816166184,13
1366,tcp,52483828762764,12
1367,tcp,52483870438164,13
1368,tcp,52484016584394,679
1369,tcp,52484016608964,72
1370,tcp,52484016611394,284
1371,tcp,52484037081624,33
1372,tcp,52484078878344,26
1373,tcp,52484120504244,38
1374,tcp,52484237354394,26
1375,tcp,52484237368164,25
1376,tcp,52484245464474,42
1377,tcp,52484287128084,15
1378,tcp,52484328797184,15
1379,tcp,52484437669014,23
1380,tcp,52484437686654,284
1381,tcp,52484453782434,21
1382,tcp,52484495595174,30
1383,tcp,52484936260734,19
1384,tcp,52484936275584,17
1385,tcp,52484936278464,16
1386,tcp,52484936280354,17
1387,tcp,52484936282874,12
1388,tcp,52484936284584,13
1389,tcp,52484936286384,13
1390,tcp,52484936288094,12
1391,tcp,52484936289984,13
1392,tcp,52485336662544,1504
1393,tcp,52485336678474,77
1394,tcp,52485336681984,506
1395,tcp,52485336684594,32
1396,tcp,52485336686844,27
1397,tcp,52485336689004,110
1398,tcp,52485536769354,21
1399,tcp,52485536779524,17
1400,tcp,52485536780874,16
1401,tcp,52485536781954,12
1402,tcp,52485536782944,12
1403,tcp,52485536783934,13
1404,tcp,52485536787894,220
1405,tcp,52485536791134,22
1406,tcp,52485536792304,23
1407,tcp,52485537139344,13
1408,tcp,52485737086854,12
1409,tcp,52485737102424,13
1410,tcp,52485737104854,13
1411,tcp,52485737106924,12
1412,tcp,52485745417254,13
1413,tcp,52485937441434,13
1414,tcp,52485937460064,12
1415,tcp,52485937462494,13
1416,tcp,52485937466184,988
1417,tcp,52485953886144,83
1418,tcp,52485995460114,451
1419,tcp,52486137622404,29
1420,tcp,52486137632034,25
1421,tcp,52486137633474,72
1422,tcp,52486162072434,23
1423,tcp,52486203788964,20
1424,tcp,52486337912094,26
1425,tcp,52486337921724,21
1426,tcp,52486337923164,18
1427,tcp,52486370360784,16
1428,tcp,52486412139864,458
1429,tcp,52486453840734,30
1430,tcp,52486570590714,38
1431,tcp,52486570602774,33
1432,tcp,52486578764784,24
1433,tcp,52486620467994,20
1434,tcp,52486662133044,19
1435,tcp,52486770786534,12
1436,tcp,52486770798594,13
1437,tcp,52486787132604,13
1438,tcp,52486829060094,12
1439,tcp,52486870398804,13
1440,tcp,52486971091254,2307
1441,tcp,52486971101244,342
1442,tcp,52486995493764,844
1443,tcp,52487292252834,65
1444,tcp,52487292269574,79
1445,tcp,52487292272994,345
1446,tcp,52487292275064,66
1447,tcp,52487292282174,78
1448,tcp,52487292284334,106
1449,tcp,52487292286494,49
1450,tcp,52487403852024,49
1451,tcp,52487403861204,63
1452,tcp,52487446633614,405
1453,tcp,52487744281974,45
1454,tcp,52487744291874,40
1455,tcp,52487744293494,175
1456,tcp,52487744294934,31
1457,tcp,52487744296464,35
1458,tcp,52487744297544,34
1459,tcp,52487744298624,17
1460,tcp,52487905187034,19
1461,tcp,52487905205214,16
1462,tcp,52487905207284,12
1463,tcp,52487905208994,13
1464,tcp,52487944535034,500
1465,tcp,52488105416874,88
1466,tcp,52488105428394,247
1467,tcp,52488105431274,52
1468,tcp,52488105433884,50
1469,tcp,52488120420414,57
1470,tcp,52488505984014,34
1471,tcp,52488506004984,40
1472,tcp,52488506007864,45
1473,tcp,52488506009934,33
1474,tcp,52488506011644,32
1475,tcp,52488528924204,39
1476,tcp,52488528939954,364
1477,tcp,52488528942924,43
1478,tcp,52488528945264,56
1479,tcp,52488729144324,60
1480,tcp,52488729152064,36
1481,tcp,52488729153864,43
1482,tcp,52488729154854,39
1483,tcp,52488729156114,12
1484,tcp,52488745562574,13
1485,tcp,52488787236804,13
1486,tcp,52488929435184,12
1487,tcp,52488929444994,13
1488,tcp,52488929447154,1231
1489,tcp,52488987633144,147
1490,tcp,52488995402034,344
1491,tcp,52489129692114,35
1492,tcp,52489129708854,28
1493,tcp,52489129711104,42
1494,tcp,52489440230004,22
1495,tcp,52489440242154,18
1496,tcp,52489440245124,126
1497,tcp,52489440246924,18
1498,tcp,52489440248814,19
1499,tcp,52489440250614,18
1500,tcp,52489840689054,6175
1501,tcp,52489840699134,107
1502,tcp,52489840700754,95
1503,tcp,52489840701924,98
1504,tcp,52489840703094,68
1505,tcp,52489840704624,84
1506,tcp,52489840705704,87
1507,tcp,52489840706874,67
1508,tcp,52489840708674,74
1509,tcp,52489840710024,66
1510,tcp,52489840711374,50
1511,tcp,52489908277074,62
1512,tcp,52490040926364,864
1513,tcp,52490040937254,195
1514,tcp,52490040939414,470
1515,tcp,52490040940854,62
1516,tcp,52490108572344,64
1517,tcp,52490309019174,148
1518,tcp,52490309038524,59
1519,tcp,52490309040954,67
1520,tcp,52490309042934,76
1521,tcp,52490309045184,45
1522,tcp,52490328738444,48
1523,tcp,52490624276214,55
1524,tcp,52490624290434,277
1525,tcp,52490624293224,45
1526,tcp,52490624295024,47
1527,tcp,52490813499324,62
1528,tcp,52490813507604,31
1529,tcp,52490813509044,37
1530,tcp,52490854203444,20
1531,tcp,52490854214244,20
1532,tcp,52490854215954,23
1533,tcp,52490854217034,20
1534,tcp,52490854218204,20
1535,tcp,52490870461764,23
1536,tcp,52491013692534,1064
1537,tcp,52491013702704,108
1538,tcp,52491054536604,344
1539,tcp,52491054546504,51
1540,tcp,52491078959364,49
1541,tcp,52491120384654,171
1542,tcp,52491254817114,44
1543,tcp,52491254842674,49
1544,tcp,52491254845014,61
1545,tcp,52491287110734,37
1546,tcp,52491328850484,45
1547,tcp,52491370413564,50
1548,tcp,52491412118574,354
1549,tcp,52491455066934,43
1550,tcp,52491495590604,52
1551,tcp,52491537146034,90
1552,tcp,52491578988564,30
1553,tcp,52491620454264,27
1554,tcp,52491695792724,29
1555,tcp,52491703885074,17
1556,tcp,52491745434474,16
1557,tcp,52491787164684,17
1558,tcp,52491828754224,12
1559,tcp,52491896128404,13
1560,tcp,52491945758634,1226
1561,tcp,52491953905884,85
1562,tcp,52491995509914,477
1563,tcp,52492037233374,35
1564,tcp,52492096424934,32
1565,tcp,52492146045174,48
1566,tcp,52492162117914,27
1567,tcp,52492203777564,26
1568,tcp,52492245421284,31
1569,tcp,52492296637134,19
1570,tcp,52492328722044,22
1571,tcp,52492370385564,21
1572,tcp,52492412097774,301
1573,tcp,52492453703604,23
1574,tcp,52492495552794,24
1575,tcp,52492537055214,58
1576,tcp,52492578870114,18
1577,tcp,52492620395844,21
1578,tcp,52492662107334,18
1579,tcp,52492703890824,12
1580,tcp,52492745593674,13
1581,tcp,52492787035434,13
1582,tcp,52492828805964,12
1583,tcp,52492870443924,13
1584,tcp,52492912125354,1055
1585,tcp,52492953725694,84
1586,tcp,52492995449604,456
1587,tcp,52493037199614,31
1588,tcp,52493078686374,26
1589,tcp,52493120484174,33
1590,tcp,52493162122404,17
1591,tcp,52493203854054,17
1592,tcp,52493245471584,97
1593,tcp,52493287110264,22
1594,tcp,52493328663444,18
1595,tcp,52493370441534,18
1596,tcp,52493412133584,280
1597,tcp,52493453830494,28
1598,tcp,52493495509854,24
1599,tcp,52493537184894,113
1600,tcp,52493578947324,26
1601,tcp,52493620475844,23
1602,tcp,52493662141074,69
1603,tcp,52493703763104,21
1604,tcp,52493745498444,22
1605,tcp,52493787063594,23
1606,tcp,52493828779404,17
1607,tcp,52494128306244,18
1608,tcp,52494128322984,730
1609,tcp,52494128326044,74
1610,tcp,52494237246744,273
1611,tcp,52494237256734,33
1612,tcp,52494237258534,32
1613,tcp,52494237259704,36
1614,tcp,52494280295724,29
1615,tcp,52494280320204,30
1616,tcp,52494280329744,30
1617,tcp,52494321788874,20
1618,tcp,52494328788624,18
1619,tcp,52494437547954,38
1620,tcp,52494437566314,286
1621,tcp,52494480501534,22
1622,tcp,52494522171534,39
1623,tcp,52494537171924,23
1624,tcp,52494578722854,19
1625,tcp,52494637699314,17
1626,tcp,52494680724444,17
1627,tcp,52494722394624,17
1628,tcp,52494745457304,17
1629,tcp,52494787244664,17
1630,tcp,52494828728364,17
1631,tcp,52494870431574,17
1632,tcp,52494922711044,1512
1633,tcp,52494953764734,112
1634,tcp,52494995437614,426
1635,tcp,52495037123274,42
1636,tcp,52495078790574,32
1637,tcp,52495120562364,112
1638,tcp,52495162199514,25
1639,tcp,52495203670614,24
1640,tcp,52495245437634,48
1641,tcp,52495287188184,23
1642,tcp,52495328811024,23
1643,tcp,52495370400204,18
1644,tcp,52495412104944,249
1645,tcp,52495453707444,22
1646,tcp,52495495589394,24
1647,tcp,52495537065804,20
1648,tcp,52495578772974,17
1649,tcp,52495620446574,18
1650,tcp,52495662149154,18
1651,tcp,52495703697294,17
1652,tcp,52495745588784,18
1653,tcp,52495787091474,18
1654,tcp,52495828775514,17
1655,tcp,52495870547844,18
1656,tcp,52495912052514,957
1657,tcp,52495953803244,161
1658,tcp,52495995390804,476
1659,tcp,52496037172404,34
1660,tcp,52496078712624,27
1661,tcp,52496120505114,128
1662,tcp,52496162093934,26
1663,tcp,52496203752324,23
1664,tcp,52496245461924,34
1665,tcp,52496287143804,23
1666,tcp,52496328744504,24
1667,tcp,52496370480384,21
1668,tcp,52496412109614,365
1669,tcp,52496453835324,26
1670,tcp,52496495439534,26
1671,tcp,52496537170644,85
1672,tcp,52496578894554,24
1673,tcp,52496620458534,26
1674,tcp,52496662166334,22
1675,tcp,52496703754614,12
1676,tcp,52496745416244,13
1677,tcp,52496787058254,13
1678,tcp,52496829043614,12
1679,tcp,52496870482764,13
1680,tcp,52496912335464,1468
1681,tcp,52496953733754,265
1682,tcp,52496995482684,504
1683,tcp,52497037040094,46
1684,tcp,52497078878664,47
1685,tcp,52497120435084,289
1686,tcp,52497162420894,41
1687,tcp,52497203827554,37
1688,tcp,52497245440674,35
1689,tcp,52497287043174,22
1690,tcp,52497328694004,22
1691,tcp,52497370538874,22
1692,tcp,52497412070004,410
1693,tcp,52497453763674,28
1694,tcp,52497495350514,26
1695,tcp,52497537112044,55
1696,tcp,52497578780154,22
1697,tcp,52497620450514,25
1698,tcp,52497662135454,21
1699,tcp,52497704171844,12
1700,tcp,52497745502544,13
1701,tcp,52497787022604,13
1702,tcp,52498084264344,12
1703,tcp,52498084278924,13
1704,tcp,52498084282704,606
1705,tcp,52498084285224,76
1706,tcp,52498084287564,266
1707,tcp,52498084289724,30
1708,tcp,52498084291704,21
1709,tcp,52498120428234,18
1710,tcp,52498238408964,15
1711,tcp,52498238422104,15
1712,tcp,52498280200824,16
1713,tcp,52498287133164,15
1714,tcp,52498328811624,15
1715,tcp,52498480420854,16
1716,tcp,52498480431924,331
1717,tcp,52498480438494,23
1718,tcp,52498495400994,22
1719,tcp,52498820738034,26
1720,tcp,52498820749734,12
1721,tcp,52498820751084,13
1722,tcp,52498820752614,39
1723,tcp,52498820753694,19
1724,tcp,52498820754774,18
1725,tcp,52498820755854,17
1726,tcp,52498905300234,12
1727,tcp,52498905319404,13
1728,tcp,52498988422524,1157
1729,tcp,52498988433234,131
1730,tcp,52498995361974,297
1731,tcp,52499037100194,41
1732,tcp,52499105522154,27
1733,tcp,52499188590174,91
1734,tcp,52499188597194,32
1735,tcp,52499203857054,28
1736,tcp,52499245540464,74
1737,tcp,52499589283764,25
1738,tcp,52499589298794,27
1739,tcp,52499589301134,26
1740,tcp,52499589303654,290
1741,tcp,52499589306444,23
1742,tcp,52499612410974,34
1743,tcp,52499612430324,23
1744,tcp,52499612437524,20
1745,tcp,52499655047574,20
1746,tcp,52499789487054,20
1747,tcp,52499789500554,17
1748,tcp,52499789503344,18
1749,tcp,52499789505684,18
1750,tcp,52499989734714,5613
1751,tcp,52499989744344,109
1752,tcp,52500055666374,1018
1753,tcp,52500055682124,499
1754,tcp,52500055685094,146
1755,tcp,52500055687434,70
1756,tcp,52500078851544,71
1757,tcp,52500120435684,69
1758,tcp,52500252507984,42
1759,tcp,52500252519864,43
1760,tcp,52500252521664,35
1761,tcp,52500287159154,29
1762,tcp,52500328729704,25
1763,tcp,52500370388904,24
1764,tcp,52500452800014,256
1765,tcp,52500453683994,31
1766,tcp,52500495392424,30
1767,tcp,52500570572844,28
1768,tcp,52500853166814,32
1769,tcp,52500853176534,25
1770,tcp,52500853178424,26
1771,tcp,52500853179504,24
1772,tcp,52500853180584,24
1773,tcp,52500972164274,24
1774,tcp,52500972173904,24
1775,tcp,52500972175164,24
1776,tcp,52500972177324,1129
1777,tcp,52500972181824,379
1778,tcp,52501053328434,134
1779,tcp,52501053339054,36
1780,tcp,52501253585094,33
1781,tcp,52501253598684,24
1782,tcp,52501253601474,23
1783,tcp,52501253603454,22
1784,tcp,52501253605254,22
1785,tcp,52501287064374,21
1786,tcp,52501328906004,22
1787,tcp,52501370482944,22
1788,tcp,52501412220264,376
1789,tcp,52501453860384,36
1790,tcp,52501495486374,35
1791,tcp,52501537140354,48
1792,tcp,52501578735384,24
1793,tcp,52501620646404,22
1794,tcp,52501662073404,79
1795,tcp,52501703965704,25
1796,tcp,52501745368044,19
1797,tcp,52501787205264,19
1798,tcp,52501828685274,13
1799,tcp,52501870593684,13
1800,tcp,52501945653414,1634
1801,tcp,52501987384614,614
1802,tcp,52502028959034,194
1803,tcp,52502070785004,67
1804,tcp,52502145882624,124
1805,tcp,52502145894684,86
1806,tcp,52502162052474,38
1807,tcp,52502203637244,17
1808,tcp,52502245457904,17
1809,tcp,52502346078624,16
1810,tcp,52502346088434,17
1811,tcp,52502628250764,17
1812,tcp,52502628265344,427
1813,tcp,52502628268764,50
1814,tcp,52502628271194,19
1815,tcp,52502628273714,57
1816,tcp,52502628276054,22
1817,tcp,52502628278304,18
1818,tcp,52502662223154,21
1819,tcp,52502780088504,16
1820,tcp,52502780103084,16
1821,tcp,52502821774434,21
1822,tcp,52502828807844,15
1823,tcp,52502870512404,13
1824,tcp,52502980328694,1273
1825,tcp,52503022172934,637
1826,tcp,52503022195164,43
1827,tcp,52503037140744,38
1828,tcp,52503336253314,89
1829,tcp,52503336265014,34
1830,tcp,52503445622214,23
1831,tcp,52503445635894,26
1832,tcp,52503445638144,21
1833,tcp,52503528987414,17
1834,tcp,52503528998484,17
1835,tcp,52503536420604,17
1836,tcp,52503536431854,382
1837,tcp,52503536436894,31
1838,tcp,52503536438244,30
1839,tcp,52503537194154,164
1840,tcp,52503645849624,35
1841,tcp,52503645862494,22
1842,tcp,52503729257664,66
1843,tcp,52503729273234,25
1844,tcp,52503745625244,23
1845,tcp,52503787040364,24
1846,tcp,52503846123654,13
1847,tcp,52503870430314,13
1848,tcp,52503929493444,639
1849,tcp,52503953712714,281
1850,tcp,52503995428884,61
1851,tcp,52504046425224,25
1852,tcp,52504078871934,26
1853,tcp,52504120406574,25
1854,tcp,52504162199874,18
1855,tcp,52504246845864,18
1856,tcp,52504246867104,16
1857,tcp,52504287267294,12
1858,tcp,52504328749554,13
1859,tcp,52504370491644,13
1860,tcp,52504412124384,186
1861,tcp,52504453825344,32
1862,tcp,52504495463664,23
1863,tcp,52504537079394,17
1864,tcp,52504578778464,16
1865,tcp,52504620388254,16
1866,tcp,52504662036564,15
1867,tcp,52504703875854,16
1868,tcp,52504745509494,16
1869,tcp,52504787145654,15
1870,tcp,52504828738434,16
1871,tcp,52504870467294,16
1872,tcp,52504912127934,1550
1873,tcp,52504953949134,481
1874,tcp,52504995511314,136
1875,tcp,52505036996274,27
1876,tcp,52505078819814,24
1877,tcp,52505120346444,18
1878,tcp,52505655098634,15
1879,tcp,52505655108894,16
1880,tcp,52505655110154,16
1881,tcp,52505655111234,15
1882,tcp,52505655112224,16
1883,tcp,52505655113214,16
1884,tcp,52505655115464,267
1885,tcp,52505655117444,24
1886,tcp,52505655118614,22
1887,tcp,52505655119964,13
1888,tcp,52505655121044,13
1889,tcp,52505655122124,13
1890,tcp,52505773053264,13
1891,tcp,52505773062984,13
1892,tcp,52505773064424,13
1893,tcp,52505814781314,13
1894,tcp,52506112227624,13
1895,tcp,52506112241934,13
1896,tcp,52506112246074,972
1897,tcp,52506112253364,543
1898,tcp,52506112256334,39
1899,tcp,52506112258494,29
1900,tcp,52506112260474,49
1901,tcp,52506480372354,25
1902,tcp,52506480382884,15
1903,tcp,52506480384234,15
1904,tcp,52506480385404,13
1905,tcp,52506480386574,12
1906,tcp,52506512624664,13
1907,tcp,52506512640324,13
1908,tcp,52506512644194,477
1909,tcp,52506512647344,32
1910,tcp,52506512649684,26
1911,tcp,52506680554944,75
1912,tcp,52506680564844,23
1913,tcp,52506680566374,17
1914,tcp,52506680570244,19
1915,tcp,52506712844154,15
1916,tcp,52506880873704,15
1917,tcp,52506880886664,15
1918,tcp,52506880889184,13
1919,tcp,52506880891344,13
1920,tcp,52506913070304,2123
1921,tcp,52507081224504,969
1922,tcp,52507081239714,152
1923,tcp,52507081243044,61
1924,tcp,52507081245204,68
1925,tcp,52507120430484,35
1926,tcp,52507162067364,23
1927,tcp,52507281405744,25
1928,tcp,52507281415734,22
1929,tcp,52507320715044,15
1930,tcp,52507328683464,16
1931,tcp,52507370406654,16
1932,tcp,52507481680764,335
1933,tcp,52507481695074,37
1934,tcp,52507520929044,24
1935,tcp,52507570676544,21
1936,tcp,52507578709854,13
1937,tcp,52507681869834,13
1938,tcp,52507681880724,13
1939,tcp,52507721202174,13
1940,tcp,52507745410194,13
1941,tcp,52507787111694,13
1942,tcp,52507828848024,13
1943,tcp,52507882102554,13
1944,tcp,52507921466574,595
1945,tcp,52507953792414,306
1946,tcp,52507995584274,35
1947,tcp,52508292327504,24
1948,tcp,52508292344154,24
1949,tcp,52508292347124,15
1950,tcp,52508292349284,12
1951,tcp,52508446611354,13
1952,tcp,52508446622244,13
1953,tcp,52508446623684,12
1954,tcp,52508446624854,13
1955,tcp,52508488451364,13
1956,tcp,52508488465584,295
1957,tcp,52508488473684,22
1958,tcp,52508495451204,21
1959,tcp,52508904271164,117
1960,tcp,52508904292494,22
1961,tcp,52508904295014,15
1962,tcp,52508904296994,13
1963,tcp,52508904299064,13
1964,tcp,52508904301134,13
1965,tcp,52508904303114,13
1966,tcp,52508904305004,13
1967,tcp,52508988461034,13
1968,tcp,52508988479124,1216
1969,tcp,52509063523824,439
1970,tcp,52509063534714,98
1971,tcp,52509063537594,30
1972,tcp,52509252399264,28
1973,tcp,52509252417444,26
1974,tcp,52509252419874,17
1975,tcp,52509252421584,15
1976,tcp,52509252423114,15
1977,tcp,52509287044854,15
1978,tcp,52509328877214,15
1979,tcp,52509370385934,15
1980,tcp,52509452574654,294
1981,tcp,52509487270644,43
1982,tcp,52509529216944,26
1983,tcp,52509570616674,19
1984,tcp,52509652860654,15
1985,tcp,52509652870554,15
1986,tcp,52509687578064,15
1987,tcp,52509729437514,15
1988,tcp,52509771079524,15
1989,tcp,52509853211814,15
1990,tcp,52509853228824,15
1991,tcp,52510148195004,15
1992,tcp,52510148204544,840
1993,tcp,52510148206524,425
1994,tcp,52510331210364,52
1995,tcp,52510331220534,42
1996,tcp,52510331222964,126
1997,tcp,52510331224224,43
1998,tcp,52510331225304,20
1999,tcp,52510348373094,15
2000,tcp,52510571952354,7097
2001,tcp,52510571965854,62
2002,tcp,52510594781214,71
2003,tcp,52510594791114,89
2004,tcp,52510594793454,218
2005,tcp,52510594794714,60
2006,tcp,52510594796154,121
2007,tcp,52510594797414,29
2008,tcp,52510772086524,22
2009,tcp,52510772094624,23
2010,tcp,52510772096244,13
2011,tcp,52510772097324,13
2012,tcp,52510772098494,13
2013,tcp,52510787065044,13
2014,tcp,52510829036994,13
2015,tcp,52510870325124,13
2016,tcp,52510912155504,1216
2017,tcp,52510972293954,297
2018,tcp,52510995461484,287
2019,tcp,52511037081894,35
2020,tcp,52511078737404,32
2021,tcp,52511120387514,81
2022,tcp,52511195686734,30
2023,tcp,52511203734804,26
2024,tcp,52511245479774,22
2025,tcp,52511287182174,13
2026,tcp,52511328786564,13
2027,tcp,52511445738684,13
2028,tcp,52511445753084,307
2029,tcp,52511453764614,23
2030,tcp,52511495407524,31
2031,tcp,52511537132604,15
2032,tcp,52511578715664,13
2033,tcp,52511645931444,18
2034,tcp,52511662066914,13
2035,tcp,52511737537044,13
2036,tcp,52511745329424,13
2037,tcp,52511787133794,13
2038,tcp,52511846177754,13
2039,tcp,52511870421954,13
2040,tcp,52511937672924,1279
2041,tcp,52511953835844,248
2042,tcp,52511995484604,395
2043,tcp,52512037004394,39
2044,tcp,52512078854394,21
2045,tcp,52512120374634,48
2046,tcp,52512162252534,19
2047,tcp,52512203796084,17
2048,tcp,52512245502714,16
2049,tcp,52512287100174,13
2050,tcp,52512328913634,13
2051,tcp,52512624210654,13
2052,tcp,52512624220644,160
2053,tcp,52512624222174,19
2054,tcp,52512624223344,15
2055,tcp,52512624224424,13
2056,tcp,52512624225504,13
2057,tcp,52512624226584,13
2058,tcp,52512662087964,13
2059,tcp,52512779981484,13
2060,tcp,52512779995524,13
2061,tcp,52512821750034,13
2062,tcp,52512828711444,13
2063,tcp,52512870452544,13
2064,tcp,52512980298264,1441
2065,tcp,52512980309064,379
2066,tcp,52513028923734,409
2067,tcp,52513037218314,34
2068,tcp,52513078743954,25
2069,tcp,52513436278314,68
2070,tcp,52513436288754,19
2071,tcp,52513436290284,20
2072,tcp,52513436291454,28
2073,tcp,52513571772144,18
2074,tcp,52513571782044,16
2075,tcp,52513571783484,15
2076,tcp,52513571785014,299
2077,tcp,52513571789244,22
2078,tcp,52513613526294,20
2079,tcp,52513613540784,13
2080,tcp,52513613543304,13
2081,tcp,52513636547844,13
2082,tcp,52513662192984,13
2083,tcp,52513772066964,13
2084,tcp,52513772081724,13
2085,tcp,52513813769454,13
2086,tcp,52513836775434,13
2087,tcp,52513870443354,13
2088,tcp,52513912271124,836
2089,tcp,52513972323984,177
2090,tcp,52514272421424,266
2091,tcp,52514272518894,41
2092,tcp,52514372662614,36
2093,tcp,52514372671884,42
2094,tcp,52514372673684,22
2095,tcp,52514372674854,19
2096,tcp,52514438556384,16
2097,tcp,52514438575374,13
2098,tcp,52514438577714,13
2099,tcp,52514438579334,13
2100,tcp,52514438581854,277
2101,tcp,52514472394944,53
2102,tcp,52514572846554,92
2103,tcp,52514572859694,21
2104,tcp,52514638754634,18
2105,tcp,52514638764444,16
2106,tcp,52514672694534,13
2107,tcp,52514703774234,13
2108,tcp,52514773020324,13
2109,tcp,52514839079694,13
2110,tcp,52514839089414,13
2111,tcp,52514873306604,13
2112,tcp,52514912217114,1372
2113,tcp,52514953731954,177
2114,tcp,52514995619304,384
2115,tcp,52515039424554,26
2116,tcp,52515078665364,26
2117,tcp,52515120363894,97
2118,tcp,52515162142794,25
2119,tcp,52515203814504,18
2120,tcp,52515245361204,63
2121,tcp,52515287059464,18
2122,tcp,52515328737024,15
2123,tcp,52515370488474,17
2124,tcp,52515412233804,198
2125,tcp,52515453710034,24
2126,tcp,52515528988194,43
2127,tcp,52515537106194,17
2128,tcp,52515578728404,15
2129,tcp,52515620579484,16
2130,tcp,52515662120784,13
2131,tcp,52515729207324,13
2132,tcp,52515745399134,13
2133,tcp,52515787170474,13
2134,tcp,52515828700614,13
2135,tcp,52515870473484,13
2136,tcp,52515912066624,1160
2137,tcp,52515953806104,284
2138,tcp,52515995360814,433
2139,tcp,52516037197764,31
2140,tcp,52516078831674,26
2141,tcp,52516120455054,64
2142,tcp,52516162263924,25
2143,tcp,52516203824034,22
2144,tcp,52516245377034,20
2145,tcp,52516287072504,13
2146,tcp,52516328721804,13
2147,tcp,52516370430504,13
2148,tcp,52516412185554,311
2149,tcp,52516453698774,23
2150,tcp,52516495596024,24
2151,tcp,52516537050474,15
2152,tcp,52516578780054,13
2153,tcp,52516620367254,13
2154,tcp,52516662217704,13
2155,tcp,52516703732994,13
2156,tcp,52516745430354,13
2157,tcp,52516787102154,13
2158,tcp,52517084278554,13
2159,tcp,52517084291064,13
2160,tcp,52517084295204,2412
2161,tcp,52517084297994,412
2162,tcp,52517084300604,980
2163,tcp,52517084303214,60
2164,tcp,52517084305464,41
2165,tcp,52517120660604,104
2166,tcp,52517238602094,37
2167,tcp,52517238615504,32
2168,tcp,52517279988234,87
2169,tcp,52517287054224,22
2170,tcp,52517328773994,19
2171,tcp,52517438748504,16
2172,tcp,52517438755704,200
2173,tcp,52517453842764,16
2174,tcp,52517495513484,13
2175,tcp,52517537138754,13
2176,tcp,52517578749984,13
2177,tcp,52517639026764,13
2178,tcp,52517662216704,13
2179,tcp,52517960325234,13
2180,tcp,52517960336664,13
2181,tcp,52517960338104,13
2182,tcp,52517960339274,13
2183,tcp,52517960340354,13
2184,tcp,52517960342424,667
2185,tcp,52517960344404,186
2186,tcp,52517995596234,243
2187,tcp,52518113494164,34
2188,tcp,52518113517204,25
2189,tcp,52518155069574,21
2190,tcp,52518162277494,13
2191,tcp,52518203703144,13
2192,tcp,52518313675854,13
2193,tcp,52518313685844,13
2194,tcp,52518328988274,13
2195,tcp,52518370411224,13
2196,tcp,52518412070424,291
2197,tcp,52518453790374,23
2198,tcp,52518772229004,35
2199,tcp,52518772241784,23
2200,tcp,52518772243584,13
2201,tcp,52518772244754,13
2202,tcp,52518772246014,13
2203,tcp,52518772247094,13
2204,tcp,52518772248264,13
2205,tcp,52518787111044,13
2206,tcp,52518905217234,13
2207,tcp,52518905233974,13
2208,tcp,52518972421314,1387
2209,tcp,52518972432024,186
2210,tcp,52518995677854,423
2211,tcp,52519105419444,32
2212,tcp,52519105428444,20
2213,tcp,52519120404444,67
2214,tcp,52519172705694,17
2215,tcp,52519203722664,18
2216,tcp,52519245504894,71
2217,tcp,52519305773304,21
2218,tcp,52519328717724,18
2219,tcp,52519372959294,18
2220,tcp,52519412179044,280
2221,tcp,52519453732314,39
2222,tcp,52519506022854,95
2223,tcp,52519537004814,21
2224,tcp,52519578915294,18
2225,tcp,52519620415194,20
2226,tcp,52519662330264,13
2227,tcp,52519706289144,13
2228,tcp,52519745453454,13
2229,tcp,52519787085654,13
2230,tcp,52519828705254,13
2231,tcp,52519870427184,13
2232,tcp,52519912074054,1086
2233,tcp,52519953800754,249
2234,tcp,52519995338544,431
2235,tcp,52520037048864,37
2236,tcp,52520078827494,28
2237,tcp,52520120436924,116
2238,tcp,52520162098374,27
2239,tcp,52520203863234,20
2240,tcp,52520245513164,15
2241,tcp,52520287051764,13
2242,tcp,52520328663264,13
2243,tcp,52520370485904,13
2244,tcp,52520412273084,253
2245,tcp,52520453970264,21
2246,tcp,52520495542704,47
2247,tcp,52520537114064,18
2248,tcp,52520578831494,15
2249,tcp,52520620434264,17
2250,tcp,52520820692184,7542
2251,tcp,52520820705774,71
2252,tcp,52520820709284,73
2253,tcp,52520820711444,68
2254,tcp,52521232276584,42
2255,tcp,52521232288914,30
2256,tcp,52521232292694,1075
2257,tcp,52521232295304,147
2258,tcp,52521232302594,274
2259,tcp,52521232304934,37
2260,tcp,52521232306464,31
2261,tcp,52521232308444,64
2262,tcp,52521232310334,22
2263,tcp,52521232311954,20
2264,tcp,52521245430084,59
2265,tcp,52521363420354,19
2266,tcp,52521363429804,19
2267,tcp,52521405157044,18
2268,tcp,52521432540354,288
2269,tcp,52521763850784,22
2270,tcp,52521763866984,89
2271,tcp,52521763869594,20
2272,tcp,52521763871754,13
2273,tcp,52521763875624,13
2274,tcp,52521763877604,13
2275,tcp,52521820628724,13
2276,tcp,52521820638714,13
2277,tcp,52521820640064,13
2278,tcp,52521863314734,13
2279,tcp,52522263702504,13
2280,tcp,52522263716004,1225
2281,tcp,52522276159494,287
2282,tcp,52522276168674,333
2283,tcp,52522276170744,37
2284,tcp,52522276172184,24
2285,tcp,52522463850084,69
2286,tcp,52522463860434,21
2287,tcp,52522463861784,21
2288,tcp,52522463862864,18
2289,tcp,52522463863854,13
2290,tcp,52522463864844,13
2291,tcp,52522463866284,13
2292,tcp,52522463867634,198
2293,tcp,52522463868714,19
2294,tcp,52522495452954,22
2295,tcp,52522664245254,13
2296,tcp,52522664267664,13
2297,tcp,52522664277654,13
2298,tcp,52522664279364,13
2299,tcp,52522703796384,13
2300,tcp,52522745340024,13
2301,tcp,52522864466004,13
2302,tcp,52522864476894,13
2303,tcp,52522904157624,13
2304,tcp,52522945669854,1501
2305,tcp,52523064701694,367
2306,tcp,52523064712494,406
2307,tcp,52523064714474,41
2308,tcp,52523145895644,28
2309,tcp,52523145906354,81
2310,tcp,52523162136684,23
2311,tcp,52523203811454,22
2312,tcp,52523546355774,27
2313,tcp,52523546370444,15
2314,tcp,52523546372874,16
2315,tcp,52523612800074,16
2316,tcp,52523612816364,288
2317,tcp,52523746607664,22
2318,tcp,52523746627194,39
2319,tcp,52523746629804,18
2320,tcp,52523746632054,13
2321,tcp,52523746633944,13
2322,tcp,52523746635924,13
2323,tcp,52523746638264,13
2324,tcp,52523746640064,13
2325,tcp,52523812900314,13
2326,tcp,52524164485224,13
2327,tcp,52524164501964,13
2328,tcp,52524164506194,826
2329,tcp,52524164509344,176
2330,tcp,52524164512134,285
2331,tcp,52524164514744,39
2332,tcp,52524164517354,25
2333,tcp,52524432328374,36
2334,tcp,52524432338184,27
2335,tcp,52524432339444,23
2336,tcp,52524432340614,45
2337,tcp,52524432341604,25
2338,tcp,52524432342594,22
2339,tcp,52524432346374,25
2340,tcp,52524432347994,276
2341,tcp,52524453727314,33
2342,tcp,52524495355464,92
2343,tcp,52524537114024,21
2344,tcp,52524632698524,20
2345,tcp,52524632714274,18
2346,tcp,52524662110254,13
2347,tcp,52524703769094,13
2348,tcp,52524833010444,13
2349,tcp,52524833026914,13
2350,tcp,52524833028894,13
2351,tcp,52524870381144,13
2352,tcp,52524912163644,1707
2353,tcp,52525033290144,310
2354,tcp,52525033299414,473
2355,tcp,52525070684334,37
2356,tcp,52525112546484,28
2357,tcp,52525120399974,71
2358,tcp,52525233645984,20
2359,tcp,52525233666054,17
2360,tcp,52525271052684,13
2361,tcp,52525312745094,13
2362,tcp,52525328930064,13
2363,tcp,52525370459574,13
2364,tcp,52525433864034,248
2365,tcp,52525471239144,20
2366,tcp,52525512988614,44
2367,tcp,52525537143174,19
2368,tcp,52525578725334,15
2369,tcp,52525634123844,13
2370,tcp,52525671552594,13
2371,tcp,52525713257424,13
2372,tcp,52525745393364,13
2373,tcp,52525787031234,13
2374,tcp,52525828673514,13
2375,tcp,52525870583814,13
2376,tcp,52525912143744,960
2377,tcp,52525953790254,303
2378,tcp,52525995356844,308
2379,tcp,52526037121074,25
2380,tcp,52526078786664,21
2381,tcp,52526120378724,110
2382,tcp,52526162093274,20
2383,tcp,52526203761474,19
2384,tcp,52526245487364,17
2385,tcp,52526287052784,13
2386,tcp,52526584224504,13
2387,tcp,52526584233954,13
2388,tcp,52526584235844,189
2389,tcp,52526584237194,21
2390,tcp,52526584238454,29
2391,tcp,52526584239624,15
2392,tcp,52526584240794,13
2393,tcp,52526620443294,18
2394,tcp,52526738300004,13
2395,tcp,52526738309454,13
2396,tcp,52526780091144,13
2397,tcp,52526787052284,13
2398,tcp,52526828853054,13
2399,tcp,52526938601124,13
2400,tcp,52526980375614,2462
2401,tcp,52526980384254,532
2402,tcp,52526995407234,760
2403,tcp,52527180678084,48
2404,tcp,52527180692394,27
2405,tcp,52527180695184,116
2406,tcp,52527180697524,25
2407,tcp,52527203737164,26
2408,tcp,52527245429844,31
2409,tcp,52527287095344,17
2410,tcp,52527328720704,19
2411,tcp,52527370460994,24
2412,tcp,52527412124874,182
2413,tcp,52527453760494,18
2414,tcp,52527495403134,18
2415,tcp,52527537146394,13
2416,tcp,52527578856894,13
2417,tcp,52527620377764,13
2418,tcp,52527662188794,13
2419,tcp,52527703685994,13
2420,tcp,52527745429344,13
2421,tcp,52527787014474,13
2422,tcp,52527828916764,13
2423,tcp,52527870377964,13
2424,tcp,52527912381774,626
2425,tcp,52527953675394,181
2426,tcp,52527995371044,131
2427,tcp,52528037076504,39
2428,tcp,52528078801044,35
2429,tcp,52528120530534,139
2430,tcp,52528162196844,32
2431,tcp,52528203880254,30
2432,tcp,52528245415074,58
2433,tcp,52528544223804,33
2434,tcp,52528544233344,40
2435,tcp,52528544234694,42
2436,tcp,52528544236494,307
2437,tcp,52528544238294,28
2438,tcp,52528544241714,39
2439,tcp,52528544243694,20
2440,tcp,52528578753384,13
2441,tcp,52528696611534,13
2442,tcp,52528696621164,13
2443,tcp,52528738483314,13
2444,tcp,52528745357154,13
2445,tcp,52528787230824,13
2446,tcp,52528896809964,13
2447,tcp,52528896819504,13
2448,tcp,52528938719364,1380
2449,tcp,52528953749904,136
2450,tcp,52528995503694,372
2451,tcp,52529037043644,36
2452,tcp,52529097027834,27
2453,tcp,52529138963154,105
2454,tcp,52529162087214,23
2455,tcp,52529460389694,27
2456,tcp,52529460406974,22
2457,tcp,52529460409404,13
2458,tcp,52529460410934,13
2459,tcp,52529460412374,13
2460,tcp,52529460414444,281
2461,tcp,52529460417234,40
2462,tcp,52529495494104,83
2463,tcp,52529613341994,22
2464,tcp,52529613351624,21
2465,tcp,52529655023694,13
2466,tcp,52529662050804,13
2467,tcp,52529703748164,13
2468,tcp,52529813625204,13
2469,tcp,52529813638254,13
2470,tcp,52529855450004,13
2471,tcp,52529870427804,13
2472,tcp,52529912107434,1074
2473,tcp,52529953721184,263
2474,tcp,52530013798344,468
2475,tcp,52530316234254,41
2476,tcp,52530316243524,30
2477,tcp,52530316245324,109
2478,tcp,52530316246494,27
2479,tcp,52530316248114,21
2480,tcp,52530316249284,24
2481,tcp,52530316250364,20
2482,tcp,52530328831644,16
2483,tcp,52530446810844,15
2484,tcp,52530446824524,251
2485,tcp,52530488415594,21
2486,tcp,52530516515574,43
2487,tcp,52530537027024,15
2488,tcp,52530647135544,13
2489,tcp,52530647153724,13
2490,tcp,52530688618974,13
2491,tcp,52530703720524,13
2492,tcp,52530745421844,13
2493,tcp,52531047614484,13
2494,tcp,52531047640674,13
2495,tcp,52531047643014,13
2496,tcp,52531047648414,1244
2497,tcp,52531047651654,184
2498,tcp,52531047660204,369
2499,tcp,52531397036964,37
2500,tcp,52531447799214,6470
2501,tcp,52531447808844,93
2502,tcp,52531447810644,42
2503,tcp,52531447811994,45
2504,tcp,52531447813074,13
2505,tcp,52531447814244,13
2506,tcp,52531447815234,13
2507,tcp,52531447816674,13
2508,tcp,52531447818024,271
2509,tcp,52531597196244,91
2510,tcp,52531597209744,20
2511,tcp,52531597212534,13
2512,tcp,52531597214874,13
2513,tcp,52531648133904,13
2514,tcp,52531661998674,13
2515,tcp,52531797375684,13
2516,tcp,52531797385674,13
2517,tcp,52531797387114,13
2518,tcp,52531848442134,13
2519,tcp,52531870396734,13
2520,tcp,52532048667294,1635
2521,tcp,52532048681424,627
2522,tcp,52532048684664,75
2523,tcp,52532048687634,42
2524,tcp,52532078765274,36
2525,tcp,52532248806594,13
2526,tcp,52532248818474,13
2527,tcp,52532248820094,13
2528,tcp,52532248821264,13
2529,tcp,52532544440394,13
2530,tcp,52532544456594,13
2531,tcp,52532544458574,13
2532,tcp,52532544460824,81
2533,tcp,52532544462714,13
2534,tcp,52532544464604,13
2535,tcp,52532730160434,13
2536,tcp,52532730169254,13
2537,tcp,52532730170784,13
2538,tcp,52532730171954,13
2539,tcp,52532730173124,13
2540,tcp,52532745418134,13
2541,tcp,52532930538774,13
2542,tcp,52532930559564,13
2543,tcp,52532930561994,13
2544,tcp,52532930565324,1412
2545,tcp,52532953798284,647
2546,tcp,52533130761144,52
2547,tcp,52533130774734,33
2548,tcp,52533130777974,26
2549,tcp,52533130780224,101
2550,tcp,52533162065934,25
2551,tcp,52533203904684,23
2552,tcp,52533245485764,13
2553,tcp,52533331069824,13
2554,tcp,52533331083684,13
2555,tcp,52533370426464,13
2556,tcp,52533412178814,302
2557,tcp,52533453691134,34
2558,tcp,52533570704994,23
2559,tcp,52533570718494,13
2560,tcp,52533578693484,13
2561,tcp,52533620378244,13
2562,tcp,52533662197554,13
2563,tcp,52533770901084,13
2564,tcp,52533770911164,13
2565,tcp,52533787236714,13
2566,tcp,52533828765954,13
2567,tcp,52533870443784,13
2568,tcp,52534224229284,809
2569,tcp,52534224240444,349
2570,tcp,52534224242514,64
2571,tcp,52534224244134,29
2572,tcp,52534224245484,41
2573,tcp,52534224246834,27
2574,tcp,52534224247914,17
2575,tcp,52534237382064,15
2576,tcp,52534396936224,13
2577,tcp,52534396949094,13
2578,tcp,52534396951524,13
2579,tcp,52534396953594,13
2580,tcp,52534424433834,273
2581,tcp,52534453845024,64
2582,tcp,52534597327074,23
2583,tcp,52534597351914,13
2584,tcp,52534597354074,13
2585,tcp,52534620351684,13
2586,tcp,52534662176844,13
2587,tcp,52534703816514,13
2588,tcp,52534797713154,13
2589,tcp,52534797731604,13
2590,tcp,52534828732104,13
2591,tcp,52534870345134,13
2592,tcp,52534912249854,1693
2593,tcp,52534998275274,595
2594,tcp,52534998296604,107
2595,tcp,52535037079044,33
2596,tcp,52535078790804,29
2597,tcp,52535198534184,13
2598,tcp,52535198552814,13
2599,tcp,52535688685074,13
2600,tcp,52535688697044,13
2601,tcp,52535688699474,13
2602,tcp,52535688701544,13
2603,tcp,52535688703704,13
2604,tcp,52535688706044,216
2605,tcp,52535688708564,41
2606,tcp,52535688710634,21
2607,tcp,52535688712614,13
2608,tcp,52535688714684,13
2609,tcp,52535688716844,13
2610,tcp,52535688718914,13
2611,tcp,52535848207104,13
2612,tcp,52535848220424,13
2613,tcp,52535848222584,13
2614,tcp,52535848224474,13
2615,tcp,52535888973324,13
2616,tcp,52536278962854,1121
2617,tcp,52536278975004,664
2618,tcp,52536278979324,75
2619,tcp,52536278981034,26
2620,tcp,52536278982384,25
2621,tcp,52536278983374,13
2622,tcp,52536278984544,13
2623,tcp,52536278985624,13
2624,tcp,52536278986704,13
2625,tcp,52536448744704,13
2626,tcp,52536448754244,13
2627,tcp,52536448755594,13
2628,tcp,52536448757124,307
2629,tcp,52536479071284,34
2630,tcp,52536648963744,25
2631,tcp,52536648973644,20
2632,tcp,52536648974904,13
2633,tcp,52536648976074,13
2634,tcp,52536662092494,13
2635,tcp,52536703849074,13
2636,tcp,52536849304644,13
2637,tcp,52536849317874,13
2638,tcp,52536849319404,13
2639,tcp,52536870403524,13
2640,tcp,52537049549604,1800
2641,tcp,52537049563644,948
2642,tcp,52537049567064,100
2643,tcp,52537072389984,41
2644,tcp,52537249791504,26
2645,tcp,52537249800954,13
2646,tcp,52537249802484,13
2647,tcp,52537249803564,13
2648,tcp,52537249804644,13
2649,tcp,52537287174804,13
2650,tcp,52537328717904,13
2651,tcp,52537450098744,13
2652,tcp,52537450109454,201
2653,tcp,52537453656624,26
2654,tcp,52537495483854,15
2655,tcp,52537537042884,13
2656,tcp,52537650348204,13
2657,tcp,52537650358644,13
2658,tcp,52537662072234,13
2659,tcp,52537703875524,13
2660,tcp,52537745433384,13
2661,tcp,52537787115354,13
2662,tcp,52537850678304,13
2663,tcp,52537870406394,13
2664,tcp,52537912105554,500
2665,tcp,52537953726864,288
2666,tcp,52537995501714,46
2667,tcp,52538050902744,36
2668,tcp,52538078798424,33
2669,tcp,52538120466174,32
2670,tcp,52538162048604,19
2671,tcp,52538203787004,18
2672,tcp,52538245383294,13
2673,tcp,52538287268574,13
2674,tcp,52538328733374,13
2675,tcp,52538370461424,13
2676,tcp,52538412086424,308
2677,tcp,52538453727534,28
2678,tcp,52538495442264,27
2679,tcp,52538537087784,18
2680,tcp,52538578725834,13
2681,tcp,52538620641624,13
2682,tcp,52538916256524,13
2683,tcp,52538916270474,13
2684,tcp,52538916273174,13
2685,tcp,52539070573854,13
2686,tcp,52539070583934,13
2687,tcp,52539070585284,13
2688,tcp,52539070587804,1405
2689,tcp,52539070589694,516
2690,tcp,52539113538774,81
2691,tcp,52539113555514,30
2692,tcp,52539113558304,33
2693,tcp,52539120427014,88
2694,tcp,52539162123564,19
2695,tcp,52539270753654,19
2696,tcp,52539270766524,13
2697,tcp,52539313772304,13
2698,tcp,52539328823274,13
2699,tcp,52539370439184,13
2700,tcp,52539412269204,291
2701,tcp,52539470919774,115
2702,tcp,52539514149024,25
2703,tcp,52539570638964,13
2704,tcp,52539578684424,13
2705,tcp,52539620515344,13
2706,tcp,52539662032524,13
2707,tcp,52539703765434,13
2708,tcp,52539745367844,13
2709,tcp,52539787039104,13
2710,tcp,52539828750144,13
2711,tcp,52539870528774,13
2712,tcp,52539912134424,1082
2713,tcp,52539953797944,590
2714,tcp,52539995501424,99
2715,tcp,52540037279244,34
2716,tcp,52540078738374,37
2717,tcp,52540120452294,13
2718,tcp,52540162092054,13
2719,tcp,52540203750984,13
2720,tcp,52540500273534,13
2721,tcp,52540500291264,13
2722,tcp,52540500293694,13
2723,tcp,52540500295494,13
2724,tcp,52540500297834,244
2725,tcp,52540500300084,45
2726,tcp,52540500301974,20
2727,tcp,52540537077234,13
2728,tcp,52540655063994,13
2729,tcp,52540655073624,13
2730,tcp,52540700510394,13
2731,tcp,52540703756064,13
2732,tcp,52540745538024,13
2733,tcp,52540855331904,13
2734,tcp,52540855342254,13
2735,tcp,52540870407174,13
2736,tcp,52540912105974,1205
2737,tcp,52540953930594,454
2738,tcp,52540995408084,41
2739,tcp,52541312347404,22
2740,tcp,52541312360094,71
2741,tcp,52541312362254,19
2742,tcp,52541312363424,13
2743,tcp,52541312364504,13
2744,tcp,52541312365584,13
2745,tcp,52541312366664,13
2746,tcp,52541328696354,13
2747,tcp,52541446750614,13
2748,tcp,52541446760244,308
2749,tcp,52541488375434,48
2750,tcp,52541688624174,6979
2751,tcp,52541688632454,71
2752,tcp,52541688634434,39
2753,tcp,52541688635694,52
2754,tcp,52541688636774,29
2755,tcp,52541920290114,13
2756,tcp,52541920304514,20
2757,tcp,52541920306404,13
2758,tcp,52541920308294,13
2759,tcp,52541920310184,24
2760,tcp,52541920313334,1272
2761,tcp,52542120573864,221
2762,tcp,52542120590694,536
2763,tcp,52542120593484,26
2764,tcp,52542120600234,30
2765,tcp,52542120602304,69
2766,tcp,52542162169614,16
2767,tcp,52542204179994,13
2768,tcp,52542245448234,13
2769,tcp,52542287175654,13
2770,tcp,52542328711824,13
2771,tcp,52542370469754,13
2772,tcp,52542412122834,219
2773,tcp,52542453803904,17
2774,tcp,52542495424134,64
2775,tcp,52542537207534,17
2776,tcp,52542578738574,13
2777,tcp,52542620531964,21
2778,tcp,52542662073084,13
2779,tcp,52542703778724,13
2780,tcp,52543000275084,13
2781,tcp,52543000289124,13
2782,tcp,52543000291734,13
2783,tcp,52543000293984,13
2784,tcp,52543000297674,1731
2785,tcp,52543000301004,231
2786,tcp,52543313640504,520
2787,tcp,52543313657874,34
2788,tcp,52543313660574,22
2789,tcp,52543403951004,148
2790,tcp,52543403961714,22
2791,tcp,52543403963154,20
2792,tcp,52543513801764,19
2793,tcp,52543513811664,13
2794,tcp,52543513813014,13
2795,tcp,52543513814094,13
2796,tcp,52543513815534,230
2797,tcp,52543513816794,23
2798,tcp,52543513818054,97
2799,tcp,52543604123964,23
2800,tcp,52543604134314,13
2801,tcp,52543714054284,13
2802,tcp,52543714064184,13
2803,tcp,52543714065534,13
2804,tcp,52543745469234,13
2805,tcp,52543804360104,13
2806,tcp,52543914492024,13
2807,tcp,52543914514524,13
2808,tcp,52543914517764,959
2809,tcp,52543953727614,229
2810,tcp,52544004640164,186
2811,tcp,52544114667054,40
2812,tcp,52544114676594,41
2813,tcp,52544154006144,41
2814,tcp,52544204867304,26
2815,tcp,52544204880624,20
2816,tcp,52544314962864,80
2817,tcp,52544314975104,26
2818,tcp,52544354192694,23
2819,tcp,52544370556764,21
2820,tcp,52544412139464,306
2821,tcp,52544515324194,59
2822,tcp,52544515336164,107
2823,tcp,52544808272304,22
2824,tcp,52544808283284,21
2825,tcp,52544808284814,22
2826,tcp,52544808286074,13
2827,tcp,52544808287154,13
2828,tcp,52544808288234,13
2829,tcp,52544980424484,13
2830,tcp,52544980431954,13
2831,tcp,52544980433214,13
2832,tcp,52545008483154,1927
2833,tcp,52545008497554,321
2834,tcp,52545008500164,428
2835,tcp,52545208745934,36
2836,tcp,52545208760964,30
2837,tcp,52545208764114,139
2838,tcp,52545208766454,24
2839,tcp,52545208768434,23
2840,tcp,52545245419314,24
2841,tcp,52545287159064,13
2842,tcp,52545409039134,13
2843,tcp,52545409052724,30
2844,tcp,52545700225854,258
2845,tcp,52545700236564,56
2846,tcp,52545700238634,75
2847,tcp,52545700239894,23
2848,tcp,52545700240974,20
2849,tcp,52545700244574,15
2850,tcp,52545700245654,13
2851,tcp,52545896850654,13
2852,tcp,52545896861274,13
2853,tcp,52545896862714,13
2854,tcp,52545896863884,13
2855,tcp,52545896864964,13
2856,tcp,52545912193494,1328
2857,tcp,52546097147634,409
2858,tcp,52546097159334,353
2859,tcp,52546097164644,31
2860,tcp,52546097166264,23
2861,tcp,52546120404354,96
2862,tcp,52546162148874,19
2863,tcp,52546297391424,17
2864,tcp,52546297400964,73
2865,tcp,52546297402314,16
2866,tcp,52546328729874,16
2867,tcp,52546370514804,13
2868,tcp,52546412151234,285
2869,tcp,52546497699204,29
2870,tcp,52546497711444,114
2871,tcp,52546537077264,21
2872,tcp,52546578692094,13
2873,tcp,52546620402504,18
2874,tcp,52546698083844,13
2875,tcp,52546737371724,13
2876,tcp,52546778947944,13
2877,tcp,52546820685804,13
2878,tcp,52546898316654,13
2879,tcp,52546898326374,13
2880,tcp,52547020853184,3714
2881,tcp,52547098560354,712
2882,tcp,52547098570524,1056
2883,tcp,52547098572504,47
2884,tcp,52547098574124,29
2885,tcp,52547298749964,290
2886,tcp,52547298764454,41
2887,tcp,52547298767424,32
2888,tcp,52547298769764,23
2889,tcp,52547298771834,21
2890,tcp,52547328752454,21
2891,tcp,52547370412734,19
2892,tcp,52547412195864,222
2893,tcp,52547453713134,39
2894,tcp,52547752269054,77
2895,tcp,52547752283274,22
2896,tcp,52547752285704,16
2897,tcp,52547752287774,13
2898,tcp,52547752289844,13
2899,tcp,52547752291914,13
2900,tcp,52547752293894,13
2901,tcp,52547787039024,13
2902,tcp,52547905002654,13
2903,tcp,52547905012464,13
2904,tcp,52547952511404,714
2905,tcp,52547953836204,137
2906,tcp,52547995435194,186
2907,tcp,52548105388014,45
2908,tcp,52548105407814,42
2909,tcp,52548120490464,156
2910,tcp,52548162027174,48
2911,tcp,52548203807514,55
2912,tcp,52548245365194,60
2913,tcp,52548564371274,43
2914,tcp,52548564393414,48
2915,tcp,52548564395484,55
2916,tcp,52548564399174,327
2917,tcp,52548564401514,47
2918,tcp,52548564403944,151
2919,tcp,52548564405744,39
2920,tcp,52548578770104,39
2921,tcp,52548696685674,42
2922,tcp,52548696695394,35
2923,tcp,52548738357114,35
2924,tcp,52548764541174,39
2925,tcp,52548787078434,31
2926,tcp,52548897050694,31
2927,tcp,52548897065364,38
2928,tcp,52548938677314,1320
2929,tcp,52548953801904,213
2930,tcp,52549403909724,324
2931,tcp,52549403921334,29
2932,tcp,52549403923044,23
2933,tcp,52549403924664,132
2934,tcp,52549403928354,25
2935,tcp,52549403929614,28
2936,tcp,52549403930694,20
2937,tcp,52549403931864,13
2938,tcp,52549403932944,13
2939,tcp,52549403934024,13
2940,tcp,52549412120874,312
2941,tcp,52549600473324,45
2942,tcp,52549600489164,82
2943,tcp,52549600491324,21
2944,tcp,52549600493034,19
2945,tcp,52549624614474,13
2946,tcp,52549662218634,13
2947,tcp,52549703849574,13
2948,tcp,52549800755544,13
2949,tcp,52549800768414,13
2950,tcp,52549828779474,13
2951,tcp,52549870569444,13
2952,tcp,52549912069344,1205
2953,tcp,52549953781824,358
2954,tcp,52550001038574,345
2955,tcp,52550037158184,42
2956,tcp,52550078855634,28
2957,tcp,52550120396034,224
2958,tcp,52550162191944,31
2959,tcp,52550203740354,25
2960,tcp,52550500272264,18
2961,tcp,52550500282614,13
2962,tcp,52550500283874,13
2963,tcp,52550500284954,13
2964,tcp,52550500286664,249
2965,tcp,52550500288194,50
2966,tcp,52550500289724,76
2967,tcp,52550613488124,20
2968,tcp,52550613515034,18
2969,tcp,52550655081894,18
2970,tcp,52550696650734,13
2971,tcp,52550703771264,13
2972,tcp,52550813785374,13
2973,tcp,52550813796444,13
2974,tcp,52550855469234,13
2975,tcp,52550896935744,13
2976,tcp,52550912131434,1382
2977,tcp,52550953896384,213
2978,tcp,52551014086584,279
2979,tcp,52551055571634,36
2980,tcp,52551097175664,33
2981,tcp,52551120480984,63
2982,tcp,52551162020394,19
2983,tcp,52551203796864,16
2984,tcp,52551245355984,13
2985,tcp,52551287056944,13
2986,tcp,52551328718754,13
2987,tcp,52551370458774,13
2988,tcp,52551668250144,309
2989,tcp,52551668260494,30
2990,tcp,52551668262744,111
2991,tcp,52551668264094,17
2992,tcp,52551668265174,13
2993,tcp,52551668266254,19
2994,tcp,52551868537674,13
2995,tcp,52551868551804,13
2996,tcp,52552091702754,13
2997,tcp,52552091719674,13
2998,tcp,52552091721924,13
2999,tcp,52552091723814,13
3000,tcp,52552692445194,8309
3001,tcp,52552692466164,79
3002,tcp,52552692469134,34
3003,tcp,52552692471384,33
3004,tcp,52552692474174,20
3005,tcp,52552692476064,13
3006,tcp,52552692477594,13
3007,tcp,52552692479124,13
3008,tcp,52552692480834,13
3009,tcp,52552692483084,13
3010,tcp,52552692484614,13
3011,tcp,52552692486324,13
3012,tcp,52552736521344,213
3013,tcp,52552736533944,21
3014,tcp,52552736536014,59
3015,tcp,52552736537994,16
3016,tcp,52552736539614,13
3017,tcp,52552736541234,13
3018,tcp,52552736542854,13
3019,tcp,52552736548434,13
3020,tcp,52552936798074,13
3021,tcp,52552936814994,13
3022,tcp,52552936817334,13
3023,tcp,52552936819404,13
3024,tcp,52552936822464,1733
3025,tcp,52553137218894,298
3026,tcp,52553137243464,488
3027,tcp,52553137246794,33
3028,tcp,52553137249044,26
3029,tcp,52553137251204,121
3030,tcp,52553162054304,24
3031,tcp,52553203759134,23
3032,tcp,52553245517064,13
3033,tcp,52553337405804,13
3034,tcp,52553337415614,13
3035,tcp,52553370445884,13
3036,tcp,52553412284004,267
3037,tcp,52553453873364,46
3038,tcp,52553537663994,111
3039,tcp,52553537674704,18
3040,tcp,52553578777794,13
3041,tcp,52553620579824,13
3042,tcp,52553662090884,13
3043,tcp,52553737959084,13
3044,tcp,52553779094214,13
3045,tcp,52553820821454,13
3046,tcp,52553862410634,13
3047,tcp,52553938253634,13
3048,tcp,52553938266684,974
3049,tcp,52553953977534,186
3050,tcp,52553995399134,289
3051,tcp,52554037193064,51
3052,tcp,52554078741474,43
3053,tcp,52554138481494,62
3054,tcp,52554162092454,30
3055,tcp,52554203868384,22
3056,tcp,52554245465574,59
3057,tcp,52554287137914,25
3058,tcp,52554338735004,22
3059,tcp,52554370380894,17
3060,tcp,52554412127394,200
3061,tcp,52554453666624,73
3062,tcp,52554495474414,72
3063,tcp,52554537045504,18
3064,tcp,52554578894334,16
3065,tcp,52554620539944,13
3066,tcp,52554662077554,13
3067,tcp,52554703681764,13
3068,tcp,52554745478124,13
3069,tcp,52554787082784,13
3070,tcp,52554828791844,13
3071,tcp,52554870361134,13
3072,tcp,52554912447024,1925
3073,tcp,52554953777904,287
3074,tcp,52554995493444,422
3075,tcp,52555037286114,35
3076,tcp,52555078745694,27
3077,tcp,52555120576614,161
3078,tcp,52555162143024,24
3079,tcp,52555203774864,20
3080,tcp,52555245333084,13
3081,tcp,52555544291304,13
3082,tcp,52555544306424,13
3083,tcp,52555544308944,13
3084,tcp,52555544312094,252
3085,tcp,52555544314974,67
3086,tcp,52555544317404,77
3087,tcp,52555544319744,20
3088,tcp,52555578795684,15
3089,tcp,52555696938054,21
3090,tcp,52555696963164,15
3091,tcp,52555738454514,13
3092,tcp,52556112245034,13
3093,tcp,52556112261954,13
3094,tcp,52556112264474,13
3095,tcp,52556112266634,13
3096,tcp,52556112270054,1363
3097,tcp,52556195563524,279
3098,tcp,52556195573514,401
3099,tcp,52556195575584,30
3100,tcp,52556195579454,23
3101,tcp,52556195580984,43
3102,tcp,52556195581974,15
3103,tcp,52556312366334,15
3104,tcp,52556312376774,13
3105,tcp,52556312378304,13
3106,tcp,52556512624794,13
3107,tcp,52556512638744,13
3108,tcp,52556512642704,284
3109,tcp,52556512645674,81
3110,tcp,52556512648014,104
3111,tcp,52556537177064,23
3112,tcp,52556578762824,13
3113,tcp,52556620405464,13
3114,tcp,52556712986124,13
3115,tcp,52556712999984,13
3116,tcp,52556745419784,13
3117,tcp,52556787143424,13
3118,tcp,52556828715504,13
3119,tcp,52556913216144,13
3120,tcp,52556945678514,2127
3121,tcp,52556987325024,505
3122,tcp,52557028941024,647
3123,tcp,52557187619304,40
3124,tcp,52557187630374,25
3125,tcp,52557187632984,117
3126,tcp,52557187634694,26
3127,tcp,52557203710854,17
3128,tcp,52557500474694,78
3129,tcp,52557500499444,17
3130,tcp,52557500502144,17
3131,tcp,52557500504304,13
3132,tcp,52557500507274,204
3133,tcp,52557500509614,28
3134,tcp,52557528993534,71
3135,tcp,52557688758654,15
3136,tcp,52557688779984,13
3137,tcp,52557688782234,22
3138,tcp,52557688783764,13
3139,tcp,52557703699734,13
3140,tcp,52557745473594,13
3141,tcp,52557888920274,13
3142,tcp,52557888933144,13
3143,tcp,52557888935934,13
3144,tcp,52557912111474,750
3145,tcp,52557953851674,68
3146,tcp,52557995444454,278
3147,tcp,52558089300144,24
3148,tcp,52558089319494,22
3149,tcp,52558120546344,16
3150,tcp,52558162041024,13
3151,tcp,52558203783564,13
3152,tcp,52558245426204,13
3153,tcp,52558289575434,13
3154,tcp,52558328834604,13
3155,tcp,52558370447814,13
3156,tcp,52558412137974,300
3157,tcp,52558453845864,37
3158,tcp,52558529069664,126
3159,tcp,52558537086324,19
3160,tcp,52558578865224,13
3161,tcp,52558620406524,13
3162,tcp,52558729313544,13
3163,tcp,52558729325694,13
3164,tcp,52558745530734,13
3165,tcp,52558787119824,13
3166,tcp,52558828951824,13
3167,tcp,52558870414104,13
3168,tcp,52558945837974,1486
3169,tcp,52558987433994,221
3170,tcp,52559029181124,359
3171,tcp,52559324293914,32
3172,tcp,52559324306694,26
3173,tcp,52559404193574,81
3174,tcp,52559404210944,18
3175,tcp,52559404213554,13
3176,tcp,52559404215894,47
3177,tcp,52559404217874,13
3178,tcp,52559446753674,13
3179,tcp,52559446763484,13
3180,tcp,52559446765374,313
3181,tcp,52559488485324,74
3182,tcp,52559604242874,107
3183,tcp,52559604252954,22
3184,tcp,52559604255114,18
3185,tcp,52559620489224,15
3186,tcp,52559662232754,13
3187,tcp,52559703801954,13
3188,tcp,52560028993194,13
3189,tcp,52560029011104,13
3190,tcp,52560029013534,13
3191,tcp,52560029015514,13
3192,tcp,52560029019564,1004
3193,tcp,52560029023074,307
3194,tcp,52560029025414,279
3195,tcp,52560112212144,39
3196,tcp,52560112222044,33
3197,tcp,52560229027554,178
3198,tcp,52560229035924,34
3199,tcp,52560229037544,31
3200,tcp,52560245536794,32
3201,tcp,52560312448554,24
3202,tcp,52560328853664,17
3203,tcp,52560429241644,22
3204,tcp,52560429253074,221
3205,tcp,52560453908484,35
3206,tcp,52560512661564,74
3207,tcp,52560537115644,20
3208,tcp,52560629518554,15
3209,tcp,52560629532954,13
3210,tcp,52560662075784,13
3211,tcp,52560712922994,13
3212,tcp,52560745384374,13
3213,tcp,52560829721124,13
3214,tcp,52560829730304,13
3215,tcp,52560870368994,13
3216,tcp,52560913214934,1310
3217,tcp,52560953732574,238
3218,tcp,52560995432454,309
3219,tcp,52561037087244,26
3220,tcp,52561113419574,20
3221,tcp,52561120416894,70
3222,tcp,52561162012734,19
3223,tcp,52561203806304,15
3224,tcp,52561245450474,18
3225,tcp,52561313691354,13
3226,tcp,52561328892714,13
3227,tcp,52561370368494,13
3228,tcp,52561412113194,305
3229,tcp,52561453720104,39
3230,tcp,52561495548054,109
3231,tcp,52561537033824,22
3232,tcp,52561578750084,13
3233,tcp,52561620368694,19
3234,tcp,52561662030684,17
3235,tcp,52561703763774,13
3236,tcp,52561745703684,13
3237,tcp,52561787245524,13
3238,tcp,52561828786284,13
3239,tcp,52561870340094,13
3240,tcp,52561912186944,2038
3241,tcp,52561953790704,247
3242,tcp,52561995434604,571
3243,tcp,52562037119724,41
3244,tcp,52562078691984,21
3245,tcp,52562120473044,120
3246,tcp,52562162021724,20
3247,tcp,52562203801614,22
3248,tcp,52562245327974,20
3249,tcp,52562287235934,15
3250,tcp,52562445626124,7936
3251,tcp,52562445636564,163
3252,tcp,52562445638544,198
3253,tcp,52562821816494,116
3254,tcp,52562821832334,54
3255,tcp,52562821835034,24
3256,tcp,52562821837554,44
3257,tcp,52562821839624,41
3258,tcp,52562821841424,16
3259,tcp,52562821843224,39
3260,tcp,52562821844844,38
3261,tcp,52563105282744,13
3262,tcp,52563105295254,38
3263,tcp,52563105297414,38
3264,tcp,52563105300744,1696
3265,tcp,52563105303444,677
3266,tcp,52563105305784,146
3267,tcp,52563146891004,39
3268,tcp,52563146905224,56
3269,tcp,52563146907654,48
3270,tcp,52563223309014,24
3271,tcp,52563223318734,39
3272,tcp,52563305500524,39
3273,tcp,52563305516634,22
3274,tcp,52563347111214,37
3275,tcp,52563680260164,39
3276,tcp,52563680271414,313
3277,tcp,52563680273394,139
3278,tcp,52563680275104,40
3279,tcp,52563680276274,27
3280,tcp,52563680279514,31
3281,tcp,52563680280774,31
3282,tcp,52563855371814,13
3283,tcp,52563855379734,31
3284,tcp,52563855381174,31
3285,tcp,52563855382434,13
3286,tcp,52563855383514,31
3287,tcp,52563880605474,31
3288,tcp,52564312233774,948
3289,tcp,52564312244754,428
3290,tcp,52564312247454,56
3291,tcp,52564312250064,25
3292,tcp,52564312252224,41
3293,tcp,52564312254834,35
3294,tcp,52564312256814,19
3295,tcp,52564312259154,34
3296,tcp,52564312261044,32
3297,tcp,52564312263114,16
3298,tcp,52564488534504,32
3299,tcp,52564488552954,32
3300,tcp,52564488556914,300
3301,tcp,52564488560244,153
3302,tcp,52564512460374,35
3303,tcp,52564688868924,18
3304,tcp,52564688884764,34
3305,tcp,52564688886924,35
3306,tcp,52564688888994,16
3307,tcp,52564712773104,32
3308,tcp,52564889310534,32
3309,tcp,52564889337714,16
3310,tcp,52564889340054,32
3311,tcp,52564889342034,32
3312,tcp,52564912937424,1899
3313,tcp,52565089537854,678
3314,tcp,52565089550994,163
3315,tcp,52565089554054,31
3316,tcp,52565089556394,45
3317,tcp,52565120404614,48
3318,tcp,52565162105034,22
3319,tcp,52565289855804,39
3320,tcp,52565289869034,39
3321,tcp,52565289871914,20
3322,tcp,52565328739404,40
3323,tcp,52565370543144,38
3324,tcp,52565412125394,148
3325,tcp,52565490208584,95
3326,tcp,52565528962584,43
3327,tcp,52565570916264,26
3328,tcp,52565612379624,41
3329,tcp,52565690408094,40
3330,tcp,52565690416554,22
3331,tcp,52565703690474,42
3332,tcp,52565745499164,40
3333,tcp,52565787070074,22
3334,tcp,52565828671854,40
3335,tcp,52565890698954,40
3336,tcp,52565912147754,1372
3337,tcp,52565953746474,657
3338,tcp,52565995481364,124
3339,tcp,52566037040214,27
3340,tcp,52566091033464,38
3341,tcp,52566120465534,36
3342,tcp,52566162207354,21
3343,tcp,52566203723274,35
3344,tcp,52566245401464,35
3345,tcp,52566287100984,16
3346,tcp,52566328746054,35
3347,tcp,52566370597044,35
3348,tcp,52566412088394,313
3349,tcp,52566453799164,140
3350,tcp,52566495341724,43
3351,tcp,52566537068334,24
3352,tcp,52566578692344,35
3353,tcp,52566620416074,31
3354,tcp,52566662033784,13
3355,tcp,52566703797204,31
3356,tcp,52566745449924,31
3357,tcp,52566787202904,13
3358,tcp,52566828734034,31
3359,tcp,52567128250794,31
3360,tcp,52567128266184,2864
3361,tcp,52567128269784,1048
3362,tcp,52567128272754,179
3363,tcp,52567128275184,37
3364,tcp,52567128277614,59
3365,tcp,52567128279774,52
3366,tcp,52567195795884,31
3367,tcp,52567280058384,46
3368,tcp,52567280068464,49
3369,tcp,52567287021234,25
3370,tcp,52567328822004,42
3371,tcp,52567370364204,42
3372,tcp,52567412170104,226
3373,tcp,52567453796364,81
3374,tcp,52567495558614,36
3375,tcp,52567537110894,16
3376,tcp,52567578789984,38
3377,tcp,52567620422364,33
3378,tcp,52567662047004,13
3379,tcp,52567703875674,33
3380,tcp,52567745367114,33
3381,tcp,52568044232634,13
3382,tcp,52568044243344,33
3383,tcp,52568044244694,33
3384,tcp,52568044246944,759
3385,tcp,52568044248834,375
3386,tcp,52568044250274,58
3387,tcp,52568044251534,24
3388,tcp,52568078749704,47
3389,tcp,52568196710184,41
3390,tcp,52568196719994,18
3391,tcp,52568238474144,36
3392,tcp,52568245439874,35
3393,tcp,52568287201764,16
3394,tcp,52568397054234,35
3395,tcp,52568397071514,35
3396,tcp,52568438754474,293
3397,tcp,52568453801754,137
3398,tcp,52568495509284,38
3399,tcp,52568537075154,22
3400,tcp,52568597261754,33
3401,tcp,52568639089524,33
3402,tcp,52568662082454,13
3403,tcp,52568703786834,33
3404,tcp,52568745500034,33
3405,tcp,52568797506624,13
3406,tcp,52568839380564,33
3407,tcp,52568870398974,33
3408,tcp,52568945750394,1524
3409,tcp,52568997843924,454
3410,tcp,52568997864174,130
3411,tcp,52569039578904,34
3412,tcp,52569078729084,40
3413,tcp,52569120558294,40
3414,tcp,52569162037134,21
3415,tcp,52569203775444,42
3416,tcp,52569245333664,19
3417,tcp,52569544296924,13
3418,tcp,52569544309974,17
3419,tcp,52569544312494,17
3420,tcp,52569544316004,306
3421,tcp,52569544319334,130
3422,tcp,52569544321404,29
3423,tcp,52569544323384,22
3424,tcp,52569578710134,28
3425,tcp,52569696720474,30
3426,tcp,52569696731814,22
3427,tcp,52569738352494,24
3428,tcp,52569745456194,26
3429,tcp,52569786987324,18
3430,tcp,52569897026724,32
3431,tcp,52569897044364,19
3432,tcp,52569938671254,1276
3433,tcp,52569953672094,618
3434,tcp,52569995514534,199
3435,tcp,52570037049714,34
3436,tcp,52570097366004,42
3437,tcp,52570138917834,37
3438,tcp,52570162074474,20
3439,tcp,52570203741324,30
3440,tcp,52570245428784,22
3441,tcp,52570287098514,18
3442,tcp,52570328913234,19
3443,tcp,52570370382624,19
3444,tcp,52570412375364,259
3445,tcp,52570453766724,89
3446,tcp,52570495404144,28
3447,tcp,52570537177914,25
3448,tcp,52570578839724,26
3449,tcp,52570620448704,23
3450,tcp,52570662030234,20
3451,tcp,52570703771244,21
3452,tcp,52570745438724,21
3453,tcp,52570787070024,18
3454,tcp,52570828762704,21
3455,tcp,52570870502364,21
3456,tcp,52570912127364,1007
3457,tcp,52570953852084,381
3458,tcp,52570995469074,62
3459,tcp,52571037343374,25
3460,tcp,52571078792064,34
3461,tcp,52571120460174,37
3462,tcp,52571162119554,21
3463,tcp,52571203758234,28
3464,tcp,52571245518504,28
3465,tcp,52571287121634,19
3466,tcp,52571328767334,24
3467,tcp,52571370386394,24
3468,tcp,52571412191574,278
3469,tcp,52571453753034,154
3470,tcp,52571495418084,31
3471,tcp,52571537147124,17
3472,tcp,52571578879134,23
3473,tcp,52571620339164,24
3474,tcp,52571662138134,15
3475,tcp,52571703738654,22
3476,tcp,52571745594234,22
3477,tcp,52571787054534,13
3478,tcp,52571828822634,22
3479,tcp,52571870653104,22
3480,tcp,52571912373504,1480
3481,tcp,52571953890954,565
3482,tcp,52571995417674,64
3483,tcp,52572037061664,27
3484,tcp,52572078684234,26
3485,tcp,52572154145544,26
3486,tcp,52572162036474,15
3487,tcp,52572203842014,24
3488,tcp,52572245416344,23
3489,tcp,52572287125854,13
3490,tcp,52572328732134,22
3491,tcp,52572370503474,22
3492,tcp,52572412156914,210
3493,tcp,52572453806214,68
3494,tcp,52572495413664,24
3495,tcp,52572537185184,13
3496,tcp,52572578791104,22
3497,tcp,52572620462814,22
3498,tcp,52572662203194,13
3499,tcp,52572703730904,22
3500,tcp,52572904087014,8914
3501,tcp,52572904097904,88
3502,tcp,52572904099884,76
3503,tcp,52572904101234,55
3504,tcp,52572945878424,1912
3505,tcp,52573248258624,326
3506,tcp,52573248269874,539
3507,tcp,52573248272034,29
3508,tcp,52573248273564,16
3509,tcp,52573248275184,113
3510,tcp,52573248276354,21
3511,tcp,52573248277434,13
3512,tcp,52573248278424,13
3513,tcp,52573321957824,13
3514,tcp,52573363361154,13
3515,tcp,52573446704844,13
3516,tcp,52573446715644,325
3517,tcp,52573708205514,102
3518,tcp,52573708215684,94
3519,tcp,52573708217214,18
3520,tcp,52573708218384,13
3521,tcp,52573708222254,13
3522,tcp,52573708223334,13
3523,tcp,52573708224414,13
3524,tcp,52573745480364,13
3525,tcp,52573863609054,13
3526,tcp,52573863622014,13
3527,tcp,52573905060084,13
3528,tcp,52574465192274,1127
3529,tcp,52574465205774,271
3530,tcp,52574465207214,274
3531,tcp,52574465208744,40
3532,tcp,52574465210094,13
3533,tcp,52574465211264,22
3534,tcp,52574465212344,13
3535,tcp,52574465213334,13
3536,tcp,52574465214324,13
3537,tcp,52574465215314,13
3538,tcp,52574465216844,13
3539,tcp,52574465217924,13
3540,tcp,52574465219094,341
3541,tcp,52574465220534,78
3542,tcp,52574564656134,82
3543,tcp,52574564664414,16
3544,tcp,52574665312764,13
3545,tcp,52574665323204,26
3546,tcp,52574665324644,17
3547,tcp,52574703799194,13
3548,tcp,52574764903884,13
3549,tcp,52574787152694,13
3550,tcp,52574865511554,13
3551,tcp,52574904078084,13
3552,tcp,52574987454984,2157
3553,tcp,52574987471454,288
3554,tcp,52574995429614,443
3555,tcp,52575065780364,40
3556,tcp,52575104260674,13
3557,tcp,52575187656564,99
3558,tcp,52575187667004,16
3559,tcp,52575203845404,13
3560,tcp,52575266002464,13
3561,tcp,52575287189094,13
3562,tcp,52575328725894,13
3563,tcp,52575387887034,13
3564,tcp,52575412393404,276
3565,tcp,52575466251834,44
3566,tcp,52575495510834,72
3567,tcp,52575537040434,15
3568,tcp,52575588270144,13
3569,tcp,52575620429484,19
3570,tcp,52575666459804,13
3571,tcp,52575703765974,13
3572,tcp,52575745390884,38
3573,tcp,52575788455794,15
3574,tcp,52575828697584,13
3575,tcp,52575870374514,13
3576,tcp,52575912223254,1552
3577,tcp,52575953775804,361
3578,tcp,52575995454984,488
3579,tcp,52576037151624,30
3580,tcp,52576336388214,13
3581,tcp,52576336399014,83
3582,tcp,52576336400454,13
3583,tcp,52576336401534,13
3584,tcp,52576336402614,13
3585,tcp,52576336403604,13
3586,tcp,52576336404684,13
3587,tcp,52576446643794,13
3588,tcp,52576446653424,202
3589,tcp,52576530003414,56
3590,tcp,52576530016914,57
3591,tcp,52576537073274,20
3592,tcp,52576578770724,13
3593,tcp,52576646868234,13
3594,tcp,52576730293374,13
3595,tcp,52576730308314,13
3596,tcp,52576745364954,13
3597,tcp,52576787127294,13
3598,tcp,52576828890084,13
3599,tcp,52576870379814,13
3600,tcp,52576968531834,3672
3601,tcp,52576987377744,730
3602,tcp,52577029195794,1015
3603,tcp,52577070604614,39
3604,tcp,52577145843444,18
3605,tcp,52577145850644,154
3606,tcp,52577162056764,20
3607,tcp,52577203686984,13
3608,tcp,52577245431504,282
3609,tcp,52577287031394,20
3610,tcp,52577328860784,13
3611,tcp,52577370403884,21
3612,tcp,52577412227154,175
3613,tcp,52577453778264,38
3614,tcp,52577495454834,46
3615,tcp,52577537286384,13
3616,tcp,52577862251454,13
3617,tcp,52577862262344,21
3618,tcp,52577862263874,13
3619,tcp,52577862265044,13
3620,tcp,52577862266124,21
3621,tcp,52578030040704,13
3622,tcp,52578030051504,13
3623,tcp,52578030052944,21
3624,tcp,52578030054924,846
3625,tcp,52578030056544,194
3626,tcp,52578030057804,326
3627,tcp,52578062418114,32
3628,tcp,52578146885544,17
3629,tcp,52578146895444,19
3630,tcp,52578230298714,13
3631,tcp,52578230318784,13
3632,tcp,52578500204664,19
3633,tcp,52578500214474,13
3634,tcp,52578500215734,13
3635,tcp,52578500216814,19
3636,tcp,52578500218614,287
3637,tcp,52578500220414,90
3638,tcp,52578547292214,106
3639,tcp,52578547304904,18
3640,tcp,52578688474044,13
3641,tcp,52578688482684,19
3642,tcp,52578688484214,13
3643,tcp,52578703889244,13
3644,tcp,52578747573804,19
3645,tcp,52578904204764,13
3646,tcp,52578904218714,13
3647,tcp,52578904221144,19
3648,tcp,52578912202254,1791
3649,tcp,52578953838414,247
3650,tcp,52579104470064,322
3651,tcp,52579104486084,27
3652,tcp,52579104488874,15
3653,tcp,52579120506174,123
3654,tcp,52579416236814,21
3655,tcp,52579416252564,13
3656,tcp,52579416255984,145
3657,tcp,52579416263634,15
3658,tcp,52579416265254,13
3659,tcp,52579416266694,23
3660,tcp,52579605362634,350
3661,tcp,52579605376584,70
3662,tcp,52579605379284,90
3663,tcp,52579605381444,13
3664,tcp,52579605383244,13
3665,tcp,52579620358614,19
3666,tcp,52579805611824,13
3667,tcp,52579805621814,13
3668,tcp,52579805623344,19
3669,tcp,52579805624514,13
3670,tcp,52579828777464,13
3671,tcp,52579870394814,19
3672,tcp,52580029174074,1452
3673,tcp,52580029192254,322
3674,tcp,52580029194774,384
3675,tcp,52580037094884,33
3676,tcp,52580078776854,13
3677,tcp,52580229343794,138
3678,tcp,52580229351624,18
3679,tcp,52580229353064,13
3680,tcp,52580245512564,174
3681,tcp,52580287058904,18
3682,tcp,52580328674274,13
3683,tcp,52580429555004,19
3684,tcp,52580429564724,279
3685,tcp,52580453715954,49
3686,tcp,52580495452104,73
3687,tcp,52580537146314,15
3688,tcp,52580629840374,13
3689,tcp,52580629855404,26
3690,tcp,52580916244314,13
3691,tcp,52580916258354,13
3692,tcp,52580916261234,65
3693,tcp,52580916263124,13
3694,tcp,52580916264924,13
3695,tcp,52580916266994,19
3696,tcp,52581105276264,1359
3697,tcp,52581116447964,210
3698,tcp,52581116468754,346
3699,tcp,52581116473434,33
3700,tcp,52581116475684,13
3701,tcp,52581316670424,26
3702,tcp,52581316680594,15
3703,tcp,52581316682214,13
3704,tcp,52581316683384,19
3705,tcp,52581316684554,13
3706,tcp,52581328737984,13
3707,tcp,52581370353984,19
3708,tcp,52581528957204,304
3709,tcp,52581528973314,106
3710,tcp,52581528976284,84
3711,tcp,52581537038664,17
3712,tcp,52581578785074,13
3713,tcp,52581729410874,19
3714,tcp,52581729418254,13
3715,tcp,52581729419514,13
3716,tcp,52581745376784,19
3717,tcp,52581787033914,13
3718,tcp,52581828698154,13
3719,tcp,52581929725314,19
3720,tcp,52581929739444,1330
3721,tcp,52581953797164,231
3722,tcp,52581995422794,359
3723,tcp,52582037105124,28
3724,tcp,52582130057304,13
3725,tcp,52582130075034,131
3726,tcp,52582162122954,20
3727,tcp,52582203752904,18
3728,tcp,52582245413364,25
3729,tcp,52582330318284,15
3730,tcp,52582330330434,13
3731,tcp,52582370546124,19
3732,tcp,52582412137014,146
3733,tcp,52582730815044,45
3734,tcp,52582730835384,37
3735,tcp,52582730838174,15
3736,tcp,52582730840694,13
3737,tcp,52582730843034,23
3738,tcp,52582779082134,13
3739,tcp,52582779098514,13
3740,tcp,52582779101304,66
3741,tcp,52582821701364,13
3742,tcp,52582979265264,13
3743,tcp,52582979272464,19
3744,tcp,52582979274894,1943
3745,tcp,52582979276514,296
3746,tcp,52583336294904,490
3747,tcp,52583336308674,30
3748,tcp,52583336311734,13
3749,tcp,52583336313714,20
3750,tcp,52583880250314,9417
3751,tcp,52583880259584,167
3752,tcp,52583880261384,97
3753,tcp,52583880263364,65
3754,tcp,52583880264444,60
3755,tcp,52583880265704,60
3756,tcp,52583899160484,326
3757,tcp,52583899177224,136
3758,tcp,52583899185594,125
3759,tcp,52583899188024,21
3760,tcp,52583899190184,52
3761,tcp,52583899192164,52
3762,tcp,52583899194054,13
3763,tcp,52583899196484,52
3764,tcp,52583899198734,52
3765,tcp,52583899200804,13
3766,tcp,52583899202874,52
3767,tcp,52583899205304,52
3768,tcp,52584080534784,1061
3769,tcp,52584080552964,266
3770,tcp,52584080555844,268
3771,tcp,52584080558274,31
3772,tcp,52584080560704,54
3773,tcp,52584120442854,66
3774,tcp,52584280754184,15
3775,tcp,52584280768224,52
3776,tcp,52584280770834,52
3777,tcp,52584287020254,13
3778,tcp,52584328841544,52
3779,tcp,52584480971784,52
3780,tcp,52584480983124,342
3781,tcp,52584480985464,71
3782,tcp,52584495615144,129
3783,tcp,52584537156264,18
3784,tcp,52584578887014,55
3785,tcp,52584681246354,52
3786,tcp,52584681259944,13
3787,tcp,52584703777224,52
3788,tcp,52584745380714,52
3789,tcp,52584787163934,13
3790,tcp,52584881699664,52
3791,tcp,52584881720724,52
3792,tcp,52584945628644,2158
3793,tcp,52584953952024,405
3794,tcp,52584995392794,494
3795,tcp,52585081852824,31
3796,tcp,52585081866324,52
3797,tcp,52585145848854,113
3798,tcp,52585162071264,18
3799,tcp,52585203908934,52
3800,tcp,52585245483894,52
3801,tcp,52585287015204,13
3802,tcp,52585346057184,52
3803,tcp,52585370315604,52
3804,tcp,52585668269244,234
3805,tcp,52585668278964,78
3806,tcp,52585668280404,85
3807,tcp,52585668281844,16
3808,tcp,52585668283104,52
3809,tcp,52585668284274,52
3810,tcp,52585668285444,13
3811,tcp,52585703762904,52
3812,tcp,52585821660834,52
3813,tcp,52585821671544,13
3814,tcp,52585868432574,52
3815,tcp,52585870351284,52
3816,tcp,52586021849994,1551
3817,tcp,52586021861784,346
3818,tcp,52586021863404,395
3819,tcp,52586037116694,26
3820,tcp,52586078732064,52
3821,tcp,52586120483874,133
3822,tcp,52586221969674,17
3823,tcp,52586221978404,52
3824,tcp,52586245375974,52
3825,tcp,52586287048854,13
3826,tcp,52586328708414,52
3827,tcp,52586370392004,52
3828,tcp,52586412080364,313
3829,tcp,52586453811114,110
3830,tcp,52586495402364,133
3831,tcp,52586537123484,13
3832,tcp,52586578694034,52
3833,tcp,52586620512894,52
3834,tcp,52586662206654,13
3835,tcp,52586703710604,52
3836,tcp,52586745531984,52
3837,tcp,52586787031704,13
3838,tcp,52586828753274,52
3839,tcp,52586870321304,52
3840,tcp,52586946023634,3056
3841,tcp,52586987265594,536
3842,tcp,52587028995264,782
3843,tcp,52587112337694,33
3844,tcp,52587112352634,52
3845,tcp,52587120392964,194
3846,tcp,52587162093834,21
3847,tcp,52587204114834,52
3848,tcp,52587245585754,52
3849,tcp,52587287121744,13
3850,tcp,52587328778874,52
3851,tcp,52587370499094,52
3852,tcp,52587412130844,209
3853,tcp,52587453835134,81
3854,tcp,52587495455454,93
3855,tcp,52587537080454,17
3856,tcp,52587578690244,52
3857,tcp,52587620505234,52
3858,tcp,52587662029434,13
3859,tcp,52587703759104,52
3860,tcp,52587745462944,52
3861,tcp,52588044206874,13
3862,tcp,52588044216324,52
3863,tcp,52588044217944,52
3864,tcp,52588196699634,728
3865,tcp,52588196712324,109
3866,tcp,52588196714304,200
3867,tcp,52588196715924,18
3868,tcp,52588196717184,55
3869,tcp,52588238377194,55
3870,tcp,52588238388174,13
3871,tcp,52588238389704,52
3872,tcp,52588245496824,52
3873,tcp,52588287045594,13
3874,tcp,52588653931314,52
3875,tcp,52588653945444,52
3876,tcp,52588653948594,325
3877,tcp,52588653951114,132
3878,tcp,52588653957144,123
3879,tcp,52588653959124,18
3880,tcp,52588653961284,52
3881,tcp,52588653962994,60
3882,tcp,52588854181494,13
3883,tcp,52588854194004,52
3884,tcp,52588854196524,52
3885,tcp,52588854198234,13
3886,tcp,52588854200034,52
3887,tcp,52588870521624,52
3888,tcp,52588912112694,1766
3889,tcp,52589054386044,232
3890,tcp,52589054397204,345
3891,tcp,52589054399274,22
3892,tcp,52589078731674,55
3893,tcp,52589120512014,171
3894,tcp,52589162047914,22
3895,tcp,52589254634424,52
3896,tcp,52589254644324,52
3897,tcp,52589287210284,13
3898,tcp,52589328745914,52
3899,tcp,52589370483594,52
3900,tcp,52589455013214,349
3901,tcp,52589455036344,140
3902,tcp,52589495404584,101
3903,tcp,52589570696244,16
3904,tcp,52589578807314,55
3905,tcp,52589620440054,62
3906,tcp,52589662283304,15
3907,tcp,52589703816414,52
3908,tcp,52590062631114,52
3909,tcp,52590062638404,13
3910,tcp,52590062639844,52
3911,tcp,52590187443204,52
3912,tcp,52590187457784,1444
3913,tcp,52590187460844,346
3914,tcp,52590187463364,408
3915,tcp,52590187465614,33
3916,tcp,52590187467324,52
3917,tcp,52590187469754,209
3918,tcp,52590187471824,26
3919,tcp,52590262910454,52
3920,tcp,52590262925214,73
3921,tcp,52590387591324,17
3922,tcp,52590387605364,52
3923,tcp,52590387607884,59
3924,tcp,52590412131804,273
3925,tcp,52590463201314,79
3926,tcp,52590495462084,105
3927,tcp,52590587890284,16
3928,tcp,52590587903424,52
3929,tcp,52590620568834,52
3930,tcp,52590663494424,13
3931,tcp,52590703997664,52
3932,tcp,52590745471824,52
3933,tcp,52590788191674,13
3934,tcp,52590828840354,52
3935,tcp,52590870503874,52
3936,tcp,52590945722814,1534
3937,tcp,52590988501794,275
3938,tcp,52591029221754,395
3939,tcp,52591403926944,27
3940,tcp,52591403937294,52
3941,tcp,52591403938734,119
3942,tcp,52591403939904,17
3943,tcp,52591403941614,52
3944,tcp,52591403942874,57
3945,tcp,52591403944044,13
3946,tcp,52591403945214,52
3947,tcp,52591403946384,52
3948,tcp,52591445650584,321
3949,tcp,52591604177214,122
3950,tcp,52591604194134,125
3951,tcp,52591604196474,19
3952,tcp,52591604198454,52
3953,tcp,52591620532644,52
3954,tcp,52591662097524,13
3955,tcp,52591703856984,52
3956,tcp,52591804376004,52
3957,tcp,52591804389324,13
3958,tcp,52591828710834,52
3959,tcp,52592128239564,52
3960,tcp,52592128250274,2214
3961,tcp,52592128252074,338
3962,tcp,52592128253424,475
3963,tcp,52592321777454,34
3964,tcp,52592321792034,13
3965,tcp,52592321794914,94
3966,tcp,52592521950144,20
3967,tcp,52592521964184,16
3968,tcp,52592521966974,66
3969,tcp,52592521969224,13
3970,tcp,52592528658114,13
3971,tcp,52592528669634,23
3972,tcp,52592528671344,233
3973,tcp,52592528672694,48
3974,tcp,52592528673774,50
3975,tcp,52592722163424,16
3976,tcp,52592722178634,13
3977,tcp,52592722181244,16
3978,tcp,52592722183404,13
3979,tcp,52592722185474,13
3980,tcp,52592745518964,16
3981,tcp,52592945765184,13
3982,tcp,52592945779044,13
3983,tcp,52592945781474,16
3984,tcp,52592945784534,1745
3985,tcp,52592953757544,318
3986,tcp,52592995483614,497
3987,tcp,52593146028774,25
3988,tcp,52593146042454,15
3989,tcp,52593146045424,49
3990,tcp,52593162019074,18
3991,tcp,52593203824704,13
3992,tcp,52593245383284,16
3993,tcp,52593346265994,13
3994,tcp,52593346282104,13
3995,tcp,52593370441254,16
3996,tcp,52593412142574,241
3997,tcp,52593453858834,86
3998,tcp,52593546514464,89
3999,tcp,52593546527064,17
4000,tcp,52593835494384,9063
4001,tcp,52593835508244,106
4002,tcp,52593835511124,16
4003,tcp,52593835513644,16
4004,tcp,52593835515984,16
4005,tcp,52593835518324,13
4006,tcp,52593946978914,16
4007,tcp,52593946993224,16
4008,tcp,52593946996644,1099
4009,tcp,52593953791914,410
4010,tcp,52594012977354,39
4011,tcp,52594292283984,28
4012,tcp,52594292300364,16
4013,tcp,52594292302524,16
4014,tcp,52594292305044,13
4015,tcp,52594292306844,16
4016,tcp,52594292308554,16
4017,tcp,52594292310264,13
4018,tcp,52594347452094,16
4019,tcp,52594446725424,16
4020,tcp,52594446738204,341
4021,tcp,52594488679554,132
4022,tcp,52594495401924,21
4023,tcp,52594904230524,21
4024,tcp,52594904240784,18
4025,tcp,52594904242134,18
4026,tcp,52594904243484,13
4027,tcp,52594904244474,16
4028,tcp,52594904245644,16
4029,tcp,52594904246634,13
4030,tcp,52594904247714,16
4031,tcp,52595263677204,16
4032,tcp,52595263688184,2155
4033,tcp,52595263690524,626
4034,tcp,52595263692414,119
4035,tcp,52595263693674,25
4036,tcp,52595263694844,23
4037,tcp,52595304908364,16
4038,tcp,52595304918984,13
4039,tcp,52595304923304,16
4040,tcp,52595304924474,16
4041,tcp,52595304925554,13
4042,tcp,52595463885174,16
4043,tcp,52595463895704,16
4044,tcp,52595463897594,287
4045,tcp,52595463899484,79
4046,tcp,52595505252594,27
4047,tcp,52595664108804,17
4048,tcp,52595664119334,16
4049,tcp,52595664120774,16
4050,tcp,52595664122034,13
4051,tcp,52595705452914,16
4052,tcp,52595745414174,16
4053,tcp,52595864293554,13
4054,tcp,52595864303004,16
4055,tcp,52596164173194,16
4056,tcp,52596164185974,1538
4057,tcp,52596164188404,710
4058,tcp,52596164189844,66
4059,tcp,52596164191284,24
4060,tcp,52596164192454,16
4061,tcp,52596164193624,16
4062,tcp,52596346015404,13
4063,tcp,52596346027824,16
4064,tcp,52596346029444,16
4065,tcp,52596346030524,13
4066,tcp,52596346031604,16
4067,tcp,52596370499634,16
4068,tcp,52596546237324,313
4069,tcp,52596546249564,138
4070,tcp,52596546251454,18
4071,tcp,52596546252804,13
4072,tcp,52596578801124,16
4073,tcp,52596620440884,16
4074,tcp,52596746472114,13
4075,tcp,52596746482374,16
4076,tcp,52596746483724,16
4077,tcp,52596787068954,13
4078,tcp,52596828822744,16
4079,tcp,52596946823094,16
4080,tcp,52597029011814,3065
4081,tcp,52597029024774,1024
4082,tcp,52597029026664,154
4083,tcp,52597187584434,33
4084,tcp,52597187597754,20
4085,tcp,52597187600634,16
4086,tcp,52597187602794,13
4087,tcp,52597203813324,16
4088,tcp,52597245367944,16
4089,tcp,52597287149814,13
4090,tcp,52597640262654,16
4091,tcp,52597640271834,16
4092,tcp,52597640273634,232
4093,tcp,52597640275344,102
4094,tcp,52597640276514,21
4095,tcp,52597640277684,18
4096,tcp,52597640278764,16
4097,tcp,52597813433724,16
4098,tcp,52597813441464,13
4099,tcp,52597813442994,16
4100,tcp,52597813444164,16
4101,tcp,52597813445244,13
4102,tcp,52597840414374,16
4103,tcp,52598013667164,16
4104,tcp,52598013677964,851
4105,tcp,52598013679944,285
4106,tcp,52598013681384,33
4107,tcp,52598037010914,24
4108,tcp,52598078838234,18
4109,tcp,52598213894034,18
4110,tcp,52598213904204,17
4111,tcp,52598213905734,16
4112,tcp,52598245392504,16
4113,tcp,52598287104894,13
4114,tcp,52598328821784,16
4115,tcp,52598414181474,16
4116,tcp,52598414201184,323
4117,tcp,52598453820174,145
4118,tcp,52598495448414,25
4119,tcp,52598537077554,18
4120,tcp,52598614483404,21
4121,tcp,52598654120574,18
4122,tcp,52598695726044,16
4123,tcp,52598737315404,16
4124,tcp,52598814750774,16
4125,tcp,52598814761664,13
4126,tcp,52598854400634,16
4127,tcp,52598896148394,16
4128,tcp,52599015175464,1651
4129,tcp,52599015189954,519
4130,tcp,52599015192924,85
4131,tcp,52599054649374,20
4132,tcp,52599096383094,18
4133,tcp,52599472263504,16
4134,tcp,52599472277274,13
4135,tcp,52599472279434,16
4136,tcp,52599472281414,16
4137,tcp,52599472283394,13
4138,tcp,52599472285284,16
4139,tcp,52599472287174,16
4140,tcp,52599472289964,351
4141,tcp,52599487298814,108
4142,tcp,52599672613224,21
4143,tcp,52599672636444,16
4144,tcp,52599672639054,16
4145,tcp,52599672641034,16
4146,tcp,52599672643104,13
4147,tcp,52599703754394,16
4148,tcp,52599745546164,16
4149,tcp,52599787061724,13
4150,tcp,52599872869614,16
4151,tcp,52599872881224,16
4152,tcp,52599987481644,1530
4153,tcp,52599987504414,597
4154,tcp,52599995414244,108
4155,tcp,52600037027634,23
4156,tcp,52600078688634,29
4157,tcp,52600184391024,18
4158,tcp,52600184404074,13
4159,tcp,52600203894384,16
4160,tcp,52600245513714,16
4161,tcp,52600287060864,13
4162,tcp,52600328685684,16
4163,tcp,52600384868814,16
4164,tcp,52600412154114,272
4165,tcp,52600708232874,95
4166,tcp,52600708243584,18
4167,tcp,52600708248264,13
4168,tcp,52600708249434,16
4169,tcp,52600708250604,16
4170,tcp,52600708251684,13
4171,tcp,52600737292704,16
4172,tcp,52600897014174,16
4173,tcp,52600897032984,13
4174,tcp,52600897035144,16
4175,tcp,52600897037124,16
4176,tcp,52601097300894,1570
4177,tcp,52601097315474,499
4178,tcp,52601097318444,45
4179,tcp,52601097320964,24
4180,tcp,52601097322674,16
4181,tcp,52601120442504,16
4182,tcp,52601497708824,13
4183,tcp,52601497723134,16
4184,tcp,52601497725294,16
4185,tcp,52601497727094,13
4186,tcp,52601497728894,16
4187,tcp,52601497730604,16
4188,tcp,52601529050244,333
4189,tcp,52601529064644,141
4190,tcp,52601529067344,28
4191,tcp,52601570635644,13
4192,tcp,52601697961614,16
4193,tcp,52601697972324,16
4194,tcp,52601697973674,13
4195,tcp,52601729328864,16
4196,tcp,52601770941084,16
4197,tcp,52601787106164,13
4198,tcp,52601898165894,16
4199,tcp,52601898180654,16
4200,tcp,52601971212504,1600
4201,tcp,52601971225824,634
4202,tcp,52601995472544,57
4203,tcp,52602037225524,21
4204,tcp,52602098374764,16
4205,tcp,52602171525864,16
4206,tcp,52602171543774,13
4207,tcp,52602203790864,16
4208,tcp,52602245459874,16
4209,tcp,52602287152284,13
4210,tcp,52602328836144,16
4211,tcp,52602371694864,16
4212,tcp,52602412070304,228
4213,tcp,52602453767394,79
4214,tcp,52602495498504,19
4215,tcp,52602537124764,13
4216,tcp,52602578777394,16
4217,tcp,52602620378904,16
4218,tcp,52602662145024,13
4219,tcp,52602703781814,16
4220,tcp,52602778990494,16
4221,tcp,52602787043964,13
4222,tcp,52602828797574,16
4223,tcp,52602870551184,16
4224,tcp,52602979176414,1793
4225,tcp,52602979184064,691
4226,tcp,52602995371284,96
4227,tcp,52603037283384,25
4228,tcp,52603078767354,18
4229,tcp,52603379456544,18
4230,tcp,52603379465904,13
4231,tcp,52603379467884,16
4232,tcp,52603379469054,16
4233,tcp,52603379470224,13
4234,tcp,52603379471394,16
4235,tcp,52603852258764,16
4236,tcp,52603852277664,303
4237,tcp,52603852281624,146
4238,tcp,52603852283784,27
4239,tcp,52603852285494,16
4240,tcp,52603852287564,16
4241,tcp,52603852289184,16
4242,tcp,52603852290984,13
4243,tcp,52603852292694,16
4244,tcp,52603988340384,16
4245,tcp,52603988350464,13
4246,tcp,52604052424884,16
4247,tcp,52604052438204,16
4248,tcp,52604052442344,965
4249,tcp,52604052445494,380
4250,tcp,52604984206584,8455
4251,tcp,52604984219004,75
4252,tcp,52604984220894,44
4253,tcp,52604984222064,52
4254,tcp,52604984223324,24
4255,tcp,52604984224404,18
4256,tcp,52604984225484,20
4257,tcp,52604984226474,18
4258,tcp,52604984227464,16
4259,tcp,52604984228544,16
4260,tcp,52604984229624,228
4261,tcp,52604984230704,99
4262,tcp,52604984231694,18
4263,tcp,52604984232684,13
4264,tcp,52604984233674,16
4265,tcp,52604984234754,16
4266,tcp,52604984235744,13
4267,tcp,52604984236734,16
4268,tcp,52604984237724,16
4269,tcp,52604984238804,13
4270,tcp,52604984239794,16
4271,tcp,52604984240784,16
4272,tcp,52604984242134,2199
4273,tcp,52605184395474,676
4274,tcp,52605184405374,107
4275,tcp,52605184407624,23
4276,tcp,52605184409514,83
4277,tcp,52605184410594,29
4278,tcp,52605184411674,20
4279,tcp,52605203779674,16
4280,tcp,52605245404674,16
4281,tcp,52605384607044,13
4282,tcp,52605384617304,16
4283,tcp,52605384618564,16
4284,tcp,52605412092054,282
4285,tcp,52605453732264,92
4286,tcp,52605584860554,66
4287,tcp,52605584870184,18
4288,tcp,52605584871624,16
4289,tcp,52605620381034,16
4290,tcp,52605662119794,13
4291,tcp,52605785096154,16
4292,tcp,52605785106054,16
4293,tcp,52605820573344,13
4294,tcp,52605862391484,16
4295,tcp,52605870482934,16
4296,tcp,52606020733794,1569
4297,tcp,52606020741354,680
4298,tcp,52606020743334,35
4299,tcp,52606062619704,21
4300,tcp,52606078702704,57
4301,tcp,52606220998014,71
4302,tcp,52606221007554,17
4303,tcp,52606221008904,16
4304,tcp,52606245414204,16
4305,tcp,52606287259614,13
4306,tcp,52606328744664,16
4307,tcp,52606370488914,16
4308,tcp,52606445668434,322
4309,tcp,52606453703094,143
4310,tcp,52606495420254,49
4311,tcp,52606537037874,13
4312,tcp,52606578808044,16
4313,tcp,52606653953724,16
4314,tcp,52606662066144,13
4315,tcp,52606703709594,16
4316,tcp,52606745378604,16
4317,tcp,52606787005314,13
4318,tcp,52606828722834,16
4319,tcp,52606870403274,16
4320,tcp,52606987321464,4307
4321,tcp,52607028905694,1487
4322,tcp,52607028915684,343
4323,tcp,52607070630774,26
4324,tcp,52607112430914,73
4325,tcp,52607120500404,18
4326,tcp,52607162018934,13
4327,tcp,52607203813674,13
4328,tcp,52607245437774,13
4329,tcp,52607287138644,13
4330,tcp,52607328652944,13
4331,tcp,52607370393774,13
4332,tcp,52607412098784,217
4333,tcp,52607453813244,83
4334,tcp,52607495404494,15
4335,tcp,52607537130564,13
4336,tcp,52607578744404,13
4337,tcp,52607620441764,13
4338,tcp,52607662057944,13
4339,tcp,52607703926034,13
4340,tcp,52607745375534,13
4341,tcp,52607787251454,13
4342,tcp,52607828820654,13
4343,tcp,52607870456724,13
4344,tcp,52607912348394,854
4345,tcp,52607953872684,403
4346,tcp,52607995515684,37
4347,tcp,52608037172454,17
4348,tcp,52608078947304,13
4349,tcp,52608120428304,13
4350,tcp,52608162120354,13
4351,tcp,52608203695134,13
4352,tcp,52608245412204,13
4353,tcp,52608287041344,13
4354,tcp,52608328731774,13
4355,tcp,52608370433274,13
4356,tcp,52608412127034,299
4357,tcp,52608453719274,145
4358,tcp,52608495383154,21
4359,tcp,52608537189594,15
4360,tcp,52608836254734,13
4361,tcp,52608836264364,13
4362,tcp,52608836265984,13
4363,tcp,52608836267244,13
4364,tcp,52608836268414,13
4365,tcp,52609029983424,13
4366,tcp,52609029993144,13
4367,tcp,52609029994494,13
4368,tcp,52609036512474,1778
4369,tcp,52609036533534,488
4370,tcp,52609036536504,74
4371,tcp,52609070590254,19
4372,tcp,52609230162864,71
4373,tcp,52609230174564,20
4374,tcp,52609230176004,13
4375,tcp,52609230177174,13
4376,tcp,52609245465834,13
4377,tcp,52609287010554,13
4378,tcp,52609328835264,13
4379,tcp,52609370407974,13
4380,tcp,52609430339514,355
4381,tcp,52609453741404,142
4382,tcp,52609529177964,21
4383,tcp,52609537203624,15
4384,tcp,52609578694344,13
4385,tcp,52609620461634,13
4386,tcp,52609662137754,13
4387,tcp,52609703820804,13
4388,tcp,52609745521314,13
4389,tcp,52609787035254,13
4390,tcp,52609828871484,13
4391,tcp,52609870515024,13
4392,tcp,52609912119954,1336
4393,tcp,52609953849444,562
4394,tcp,52609995442764,128
4395,tcp,52610037165864,27
4396,tcp,52610078784204,15
4397,tcp,52610120425584,13
4398,tcp,52610162103234,13
4399,tcp,52610203786374,13
4400,tcp,52610245448274,13
4401,tcp,52610287206474,13
4402,tcp,52610328725274,13
4403,tcp,52610370594264,13
4404,tcp,52610412178404,242
4405,tcp,52610453819694,72
4406,tcp,52610752324134,31
4407,tcp,52610752339974,13
4408,tcp,52610752342584,13
4409,tcp,52610752344384,13
4410,tcp,52610752346184,13
4411,tcp,52610752347984,13
4412,tcp,52610752349694,13
4413,tcp,52610787078714,13
4414,tcp,52610905078794,13
4415,tcp,52610905093824,13
4416,tcp,52610952443634,1517
4417,tcp,52610987334294,536
4418,tcp,52611152740794,49
4419,tcp,52611152756814,19
4420,tcp,52611152759784,26
4421,tcp,52611152765904,13
4422,tcp,52611162081714,13
4423,tcp,52611203833254,13
4424,tcp,52611245500824,13
4425,tcp,52611287182074,13
4426,tcp,52611328752804,13
4427,tcp,52611370497684,13
4428,tcp,52611412100994,323
4429,tcp,52611453917064,139
4430,tcp,52611495401304,18
4431,tcp,52611537079854,13
4432,tcp,52611578704764,13
4433,tcp,52611620433624,13
4434,tcp,52611662038374,13
4435,tcp,52611703865514,13
4436,tcp,52611745413924,13
4437,tcp,52611787154214,13
4438,tcp,52611828700284,13
4439,tcp,52611870429684,13
4440,tcp,52611912110484,1757
4441,tcp,52611953898204,535
4442,tcp,52611995446164,74
4443,tcp,52612037026884,17
4444,tcp,52612078801194,13
4445,tcp,52612120384974,13
4446,tcp,52612162186374,13
4447,tcp,52612203691404,13
4448,tcp,52612245510264,13
4449,tcp,52612287051024,13
4450,tcp,52612328747124,13
4451,tcp,52612370415504,13
4452,tcp,52612412119704,201
4453,tcp,52612737342984,83
4454,tcp,52612737357384,22
4455,tcp,52612737359544,13
4456,tcp,52613062480404,18
4457,tcp,52613062487874,13
4458,tcp,52613062489134,13
4459,tcp,52613062490484,13
4460,tcp,52613062491564,13
4461,tcp,52613062492734,13
4462,tcp,52613062493814,13
4463,tcp,52613062494804,13
4464,tcp,52613262933264,1917
4465,tcp,52613262950814,749
4466,tcp,52613262953604,100
4467,tcp,52613262956034,23
4468,tcp,52613262957744,13
4469,tcp,52613305519284,13
4470,tcp,52613305530444,13
4471,tcp,52613305531884,13
4472,tcp,52613305533054,13
4473,tcp,52613305534134,13
4474,tcp,52613462908314,13
4475,tcp,52613462920914,13
4476,tcp,52613462924424,282
4477,tcp,52613462927754,152
4478,tcp,52613764199424,16
4479,tcp,52613764213194,13
4480,tcp,52613764215804,13
4481,tcp,52613764217694,13
4482,tcp,52613764219404,13
4483,tcp,52613764221114,13
4484,tcp,52613937369504,13
4485,tcp,52613937378054,13
4486,tcp,52613937379404,13
4487,tcp,52613937380484,13
4488,tcp,52613937382284,1104
4489,tcp,52613964350694,380
4490,tcp,52614137619594,48
4491,tcp,52614137633994,24
4492,tcp,52614137636784,19
4493,tcp,52614137638854,13
4494,tcp,52614416353194,13
4495,tcp,52614416374884,13
4496,tcp,52614416376954,13
4497,tcp,52614416378754,13
4498,tcp,52614416380554,13
4499,tcp,52614416382444,13
4500,tcp,52615217127474,8374
4501,tcp,52615217154924,107
4502,tcp,52615217156994,19
4503,tcp,52615217158164,16
4504,tcp,52615217159244,13
4505,tcp,52615217160234,13
4506,tcp,52615217161314,13
4507,tcp,52615217166264,13
4508,tcp,52615217167434,13
4509,tcp,52615217168514,13
4510,tcp,52615217169504,13
4511,tcp,52615217170494,13
4512,tcp,52615217172384,1920
4513,tcp,52615217174004,555
4514,tcp,52615217175264,129
4515,tcp,52615217176704,28
4516,tcp,52615217177784,35
4517,tcp,52615217178864,13
4518,tcp,52615217179854,13
4519,tcp,52615217180934,13
4520,tcp,52615417352364,13
4521,tcp,52615417364514,13
4522,tcp,52615417367034,13
4523,tcp,52615417368564,13
4524,tcp,52615417370364,165
4525,tcp,52615453715424,69
4526,tcp,52615495567224,22
4527,tcp,52615617665184,15
4528,tcp,52615617681834,13
4529,tcp,52615653922584,13
4530,tcp,52616254583124,13
4531,tcp,52616254598874,13
4532,tcp,52616254601034,13
4533,tcp,52616254602834,13
4534,tcp,52616254604634,13
4535,tcp,52616254606524,13
4536,tcp,52616454710994,1590
4537,tcp,52616454724404,647
4538,tcp,52616454730794,45
4539,tcp,52616454733494,24
4540,tcp,52616454735654,13
4541,tcp,52616454737454,13
4542,tcp,52616454739344,13
4543,tcp,52616454741144,13
4544,tcp,52616454743124,13
4545,tcp,52616454744834,13
4546,tcp,52616454746724,13
4547,tcp,52616454748614,13
4548,tcp,52616454750864,330
4549,tcp,52616454754734,150
4550,tcp,52616654950554,17
4551,tcp,52616654960094,13
4552,tcp,52616654961534,13
4553,tcp,52616654962704,13
4554,tcp,52616662088454,13
4555,tcp,52616703834324,13
4556,tcp,52616855193624,13
4557,tcp,52616855203254,13
4558,tcp,52616855204694,13
4559,tcp,52616870427384,13
4560,tcp,52617055445154,2348
4561,tcp,52617070709694,880
4562,tcp,52617070720404,200
4563,tcp,52617070722204,29
4564,tcp,52617176515134,18
4565,tcp,52617176538894,13
4566,tcp,52617176540784,13
4567,tcp,52617270896514,13
4568,tcp,52617270903354,13
4569,tcp,52617287068254,13
4570,tcp,52617328802154,13
4571,tcp,52617376754964,13
4572,tcp,52617471181704,232
4573,tcp,52617471195654,90
4574,tcp,52617495477114,13
4575,tcp,52617537104184,13
4576,tcp,52617578772294,13
4577,tcp,52617671470044,13
4578,tcp,52617671483724,13
4579,tcp,52617703736034,13
4580,tcp,52617745428624,13
4581,tcp,52617787128594,13
4582,tcp,52617828809124,13
4583,tcp,52617871664694,13
4584,tcp,52617912266304,847
4585,tcp,52617953894904,372
4586,tcp,52617995441064,58
4587,tcp,52618071948444,33
4588,tcp,52618078716264,34
4589,tcp,52618120458714,18
4590,tcp,52618162115484,13
4591,tcp,52618460258574,13
4592,tcp,52618460271264,13
4593,tcp,52618460273604,13
4594,tcp,52618460275764,13
4595,tcp,52618460277924,13
4596,tcp,52618460280984,301
4597,tcp,52618460284044,151
4598,tcp,52618495398624,18
4599,tcp,52618613308434,13
4600,tcp,52618613321394,13
4601,tcp,52618654997244,13
4602,tcp,52618662077004,13
4603,tcp,52618703787774,13
4604,tcp,52618813629174,13
4605,tcp,52618813639254,13
4606,tcp,52618855196484,13
4607,tcp,52618870423584,13
4608,tcp,52618912061004,1785
4609,tcp,52619013986544,472
4610,tcp,52619014002564,87
4611,tcp,52619070659094,27
4612,tcp,52619078804454,92
4613,tcp,52619120433144,24
4614,tcp,52619162150214,13
4615,tcp,52619203764504,13
4616,tcp,52619245592454,13
4617,tcp,52619287072464,13
4618,tcp,52619328724734,13
4619,tcp,52619370407604,13
4620,tcp,52619412169044,348
4621,tcp,52619453771634,159
4622,tcp,52619495446314,24
4623,tcp,52619537053944,13
4624,tcp,52619578922034,13
4625,tcp,52619620493574,13
4626,tcp,52619662183284,13
4627,tcp,52619703747804,13
4628,tcp,52619745460554,13
4629,tcp,52619787058374,13
4630,tcp,52619828703354,13
4631,tcp,52619870574864,13
4632,tcp,52619912127144,1484
4633,tcp,52619953746924,540
4634,tcp,52619995412154,163
4635,tcp,52620037083594,29
4636,tcp,52620112379484,13
4637,tcp,52620120432144,13
4638,tcp,52620162173604,13
4639,tcp,52620203878794,13
4640,tcp,52620245427474,13
4641,tcp,52620287131044,13
4642,tcp,52620328837854,13
4643,tcp,52620370530084,13
4644,tcp,52620412167414,279
4645,tcp,52620453786204,97
4646,tcp,52620495430374,22
4647,tcp,52620537087324,13
4648,tcp,52620578854254,13
4649,tcp,52620620413554,13
4650,tcp,52620916355064,13
4651,tcp,52620916374954,13
4652,tcp,52620916377744,13
4653,tcp,52620916380174,13
4654,tcp,52620916381794,13
4655,tcp,52621113376764,13
4656,tcp,52621113392334,1365
4657,tcp,52621113395844,461
4658,tcp,52621113398364,33
4659,tcp,52621113404664,13
4660,tcp,52621113407184,13
4661,tcp,52621120613124,13
4662,tcp,52621162235334,13
4663,tcp,52621313542344,13
4664,tcp,52621313554134,13
4665,tcp,52621313556834,13
4666,tcp,52621328761614,13
4667,tcp,52621370555814,13
4668,tcp,52621412093244,326
4669,tcp,52621453816344,150
4670,tcp,52621513919154,16
4671,tcp,52621537149594,13
4672,tcp,52621578741924,13
4673,tcp,52621620474024,13
4674,tcp,52621662076704,13
4675,tcp,52621703770014,13
4676,tcp,52621745592474,13
4677,tcp,52621787205684,13
4678,tcp,52621828723314,13
4679,tcp,52621870414734,13
4680,tcp,52621912148814,2241
4681,tcp,52621953679404,726
4682,tcp,52622606479194,116
4683,tcp,52622606492064,45
4684,tcp,52622606494584,31
4685,tcp,52622606496834,19
4686,tcp,52622606498814,13
4687,tcp,52622606500704,19
4688,tcp,52622606502684,19
4689,tcp,52622606504664,13
4690,tcp,52622606506734,19
4691,tcp,52622606509704,19
4692,tcp,52622606512404,212
4693,tcp,52622606514564,68
4694,tcp,52622606516724,25
4695,tcp,52622606518884,16
4696,tcp,52622606520954,19
4697,tcp,52622647998444,19
4698,tcp,52622806606704,13
4699,tcp,52622806616424,19
4700,tcp,52622806617864,19
4701,tcp,52622806619034,13
4702,tcp,52622848281834,19
4703,tcp,52623006912954,19
4704,tcp,52623006930144,1971
4705,tcp,52623006933384,716
4706,tcp,52623006935634,105
4707,tcp,52623048517344,28
4708,tcp,52623207046944,31
4709,tcp,52623207062694,23
4710,tcp,52623207065664,19
4711,tcp,52623207067554,19
4712,tcp,52623245435904,19
4713,tcp,52623407127834,13
4714,tcp,52623407141244,19
4715,tcp,52623407142684,19
4716,tcp,52623412133454,309
4717,tcp,52623453776994,155
4718,tcp,52623607367844,30
4719,tcp,52623607387104,17
4720,tcp,52623607389894,19
4721,tcp,52623620402814,19
4722,tcp,52623662198094,13
4723,tcp,52623703932444,19
4724,tcp,52623807502014,19
4725,tcp,52623807512454,13
4726,tcp,52623828783414,19
4727,tcp,52623870519654,19
4728,tcp,52623912119724,1110
4729,tcp,52624007818074,453
4730,tcp,52624007836434,46
4731,tcp,52624070717814,23
4732,tcp,52624078742034,22
4733,tcp,52624120579704,23
4734,tcp,52624162036134,15
4735,tcp,52624208062224,19
4736,tcp,52624270848114,19
4737,tcp,52624287100854,13
4738,tcp,52624328675364,19
4739,tcp,52624370430594,19
4740,tcp,52624412082774,334
4741,tcp,52624471079034,144
4742,tcp,52624495350054,25
4743,tcp,52624537115004,17
4744,tcp,52624578848814,19
4745,tcp,52624620470844,19
4746,tcp,52624916230194,13
4747,tcp,52624916240724,19
4748,tcp,52624916241984,19
4749,tcp,52624916243064,13
4750,tcp,52625364276474,8349
4751,tcp,52625364292494,97
4752,tcp,52625364295644,2096
4753,tcp,52625364298164,697
4754,tcp,52625364300414,53
4755,tcp,52625364302484,36
4756,tcp,52625364305094,57
4757,tcp,52625364307074,15
4758,tcp,52625364308784,13
4759,tcp,52625364309954,13
4760,tcp,52625516563584,13
4761,tcp,52625516580234,13
4762,tcp,52625516582664,13
4763,tcp,52625516584734,13
4764,tcp,52625516587344,281
4765,tcp,52625516590314,81
4766,tcp,52625516592384,22
4767,tcp,52625564378964,15
4768,tcp,52625716796754,13
4769,tcp,52625716805664,13
4770,tcp,52625716807194,13
4771,tcp,52625716808364,13
4772,tcp,52625745386064,13
4773,tcp,52625917255644,13
4774,tcp,52625917270854,13
4775,tcp,52625917272834,13
4776,tcp,52625917275804,1424
4777,tcp,52625953804914,693
4778,tcp,52626153991104,50
4779,tcp,52626154003254,25
4780,tcp,52626154004964,13
4781,tcp,52626154006134,13
4782,tcp,52626162178404,13
4783,tcp,52626203703504,13
4784,tcp,52626354211494,13
4785,tcp,52626354218334,13
4786,tcp,52626354219684,13
4787,tcp,52626370366044,13
4788,tcp,52626412165644,203
4789,tcp,52626453671844,104
4790,tcp,52626554419734,22
4791,tcp,52626554430084,13
4792,tcp,52626579018714,13
4793,tcp,52626620384424,13
4794,tcp,52626662071164,13
4795,tcp,52627075999074,13
4796,tcp,52627076060004,13
4797,tcp,52627076061444,13
4798,tcp,52627076062524,13
4799,tcp,52627076063514,13
4800,tcp,52627076066124,3660
4801,tcp,52627230189234,1238
4802,tcp,52627230198774,190
4803,tcp,52627230200844,33
4804,tcp,52627230204894,86
4805,tcp,52627230206064,17
4806,tcp,52627230207144,13
4807,tcp,52627230208134,13
4808,tcp,52627253037804,13
4809,tcp,52627287094434,13
4810,tcp,52627430474964,13
4811,tcp,52627430490354,13
4812,tcp,52627430492514,178
4813,tcp,52627453751844,60
4814,tcp,52627495336164,13
4815,tcp,52627537093104,13
4816,tcp,52627630637214,13
4817,tcp,52627630645584,13
4818,tcp,52627662190314,13
4819,tcp,52627703715864,13
4820,tcp,52627745488734,13
4821,tcp,52627787139564,13
4822,tcp,52627830922584,13
4823,tcp,52627870378674,13
4824,tcp,52627912183404,864
4825,tcp,52627953696084,505
4826,tcp,52628521740174,48
4827,tcp,52628521747464,31
4828,tcp,52628521748634,31
4829,tcp,52628521749624,30
4830,tcp,52628521750704,25
4831,tcp,52628521751694,28
4832,tcp,52628521752774,28
4833,tcp,52628521753854,25
4834,tcp,52628521754844,29
4835,tcp,52628521755834,28
4836,tcp,52628521757724,321
4837,tcp,52628521759434,168
4838,tcp,52628521760604,38
4839,tcp,52628681576754,31
4840,tcp,52628681594304,34
4841,tcp,52628681601504,32
4842,tcp,52628681603484,25
4843,tcp,52628722078824,28
4844,tcp,52628745420684,28
4845,tcp,52628881769874,25
4846,tcp,52628881779864,29
4847,tcp,52628881784454,28
4848,tcp,52628922369864,1444
4849,tcp,52628953702374,579
4850,tcp,52629122833524,58
4851,tcp,52629122850174,17
4852,tcp,52629122852784,23
4853,tcp,52629122854494,13
4854,tcp,52629162131934,13
4855,tcp,52629203739474,13
4856,tcp,52629245561844,13
4857,tcp,52629287106564,13
4858,tcp,52629328806084,13
4859,tcp,52629370353504,13
4860,tcp,52629412151124,345
4861,tcp,52629453752274,132
4862,tcp,52629495560874,20
4863,tcp,52629537148614,13
4864,tcp,52629578862444,13
4865,tcp,52629620574114,13
4866,tcp,52629662051244,13
4867,tcp,52629703741944,13
4868,tcp,52629745471254,13
4869,tcp,52629787107594,13
4870,tcp,52629828775614,13
4871,tcp,52629870389004,13
4872,tcp,52629945691284,1477
4873,tcp,52629987424464,581
4874,tcp,52629995412504,123
4875,tcp,52630037114004,33
4876,tcp,52630078945554,13
4877,tcp,52630145932554,13
4878,tcp,52630162154334,13
4879,tcp,52630203834324,13
4880,tcp,52630245422964,13
4881,tcp,52630287208974,13
4882,tcp,52630328749824,13
4883,tcp,52630370423694,13
4884,tcp,52630412142744,283
4885,tcp,52630453689264,81
4886,tcp,52630495517214,55
4887,tcp,52630537049874,13
4888,tcp,52630578827964,13
4889,tcp,52630620467274,13
4890,tcp,52630662148704,13
4891,tcp,52630703747064,13
4892,tcp,52630745490504,13
4893,tcp,52630787156814,13
4894,tcp,52630828827084,13
4895,tcp,52630870521654,13
4896,tcp,52630912271754,1564
4897,tcp,52630953907284,544
4898,tcp,52631252335764,48
4899,tcp,52631252349354,13
4900,tcp,52631252352054,13
4901,tcp,52631252358264,13
4902,tcp,52631252359974,13
4903,tcp,52631252361774,13
4904,tcp,52631252363664,13
4905,tcp,52631287217064,13
4906,tcp,52631405272854,13
4907,tcp,52631405291664,13
4908,tcp,52631446730544,310
4909,tcp,52631453929014,142
4910,tcp,52631495453664,21
4911,tcp,52631605527354,13
4912,tcp,52631605541034,13
4913,tcp,52631620486164,13
4914,tcp,52631662170204,13
4915,tcp,52631703857124,13
4916,tcp,52631745477804,13
4917,tcp,52632064355004,13
4918,tcp,52632064371204,13
4919,tcp,52632064373364,13
4920,tcp,52632064376694,1539
4921,tcp,52632064379304,577
4922,tcp,52632064381824,44
4923,tcp,52632070619094,20
4924,tcp,52632155082114,13
4925,tcp,52632155095884,13
4926,tcp,52632230276754,13
4927,tcp,52632230289444,13
4928,tcp,52632264470364,13
4929,tcp,52632287080344,13
4930,tcp,52632355319334,13
4931,tcp,52632430497684,13
4932,tcp,52632430508484,56
4933,tcp,52632453806334,52
4934,tcp,52632495432954,13
4935,tcp,52632537099534,13
4936,tcp,52632578732994,13
4937,tcp,52632630802044,13
4938,tcp,52632737347374,13
4939,tcp,52632737359974,13
4940,tcp,52632745395084,13
4941,tcp,52632787087494,13
4942,tcp,52632828713124,13
4943,tcp,52632870459354,13
4944,tcp,52632945626904,1904
4945,tcp,52632987297084,759
4946,tcp,52633070716374,59
4947,tcp,52633070730324,26
4948,tcp,52633078741314,30
4949,tcp,52633145922174,13
4950,tcp,52633162104264,13
4951,tcp,52633203758514,13
4952,tcp,52633245486204,13
4953,tcp,52633287065034,13
4954,tcp,52633612268334,13
4955,tcp,52633612279764,13
4956,tcp,52633612283184,318
4957,tcp,52633612287054,143
4958,tcp,52633612289214,19
4959,tcp,52633612291554,13
4960,tcp,52633612297224,13
4961,tcp,52633696802364,13
4962,tcp,52633696818654,13
4963,tcp,52633772182404,13
4964,tcp,52633772199414,13
4965,tcp,52633787113224,13
4966,tcp,52633828799604,13
4967,tcp,52633897037964,13
4968,tcp,52633972429614,1050
4969,tcp,52633972441944,407
4970,tcp,52634252310984,50
4971,tcp,52634252329074,32
4972,tcp,52634252332134,52
4973,tcp,52634252334474,18
4974,tcp,52634252340684,13
4975,tcp,52634252342844,13
4976,tcp,52634252345184,13
4977,tcp,52634373000354,13
4978,tcp,52634373020244,13
4979,tcp,52634373022674,13
4980,tcp,52634412162954,342
4981,tcp,52634453844384,106
4982,tcp,52634495454354,17
4983,tcp,52634573344044,13
4984,tcp,52634612521674,13
4985,tcp,52634620388664,13
4986,tcp,52634662100784,13
4987,tcp,52634703766374,13
4988,tcp,52634773530774,13
4989,tcp,52634812672854,13
4990,tcp,52634828730834,13
4991,tcp,52634870394084,13
4992,tcp,52634912123394,2138
4993,tcp,52634973812814,641
4994,tcp,52635012911694,134
4995,tcp,52635037095234,23
4996,tcp,52635112365744,92
4997,tcp,52635120392664,16
4998,tcp,52635162161934,13
4999,tcp,52635203736174,13
5000,tcp,52635562503084,9454
5001,tcp,52635562510734,118
5002,tcp,52635562512534,104
5003,tcp,52635562513794,63
5004,tcp,52635562515144,236
5005,tcp,52635562516494,76
5006,tcp,52635562517664,20
5007,tcp,52635605208174,13
5008,tcp,52635605215734,13
5009,tcp,52635712899294,13
5010,tcp,52635712909194,13
5011,tcp,52635712910634,13
5012,tcp,52635745374624,13
5013,tcp,52635805448094,13
5014,tcp,52635828739374,13
5015,tcp,52636168188234,13
5016,tcp,52636237311204,1550
5017,tcp,52636237323444,684
5018,tcp,52636237325334,53
5019,tcp,52636237327044,19
5020,tcp,52636237329114,79
5021,tcp,52636237330284,19
5022,tcp,52636355134794,13
5023,tcp,52636355143344,13
5024,tcp,52636355144784,13
5025,tcp,52636355145864,13
5026,tcp,52636355147034,13
5027,tcp,52636370385924,13
5028,tcp,52636437436464,321
5029,tcp,52636555414224,141
5030,tcp,52636555429434,18
5031,tcp,52636555431054,13
5032,tcp,52636578717114,13
5033,tcp,52636620354534,13
5034,tcp,52636662126774,13
5035,tcp,52636755600774,13
5036,tcp,52636755610494,13
5037,tcp,52636787163954,13
5038,tcp,52636828713624,13
5039,tcp,52636870293354,13
5040,tcp,52637028990174,3199
5041,tcp,52637070547584,1353
5042,tcp,52637070565404,121
5043,tcp,52637070568104,30
5044,tcp,52637187639474,204
5045,tcp,52637187647034,28
5046,tcp,52637187648654,13
5047,tcp,52637203857654,16
5048,tcp,52637270803524,16
5049,tcp,52637287226184,13
5050,tcp,52637328677214,16
5051,tcp,52637387867514,16
5052,tcp,52637412094074,220
5053,tcp,52637471086464,70
5054,tcp,52637495408424,78
5055,tcp,52637537007774,15
5056,tcp,52637588202114,16
5057,tcp,52637620398714,16
5058,tcp,52637671461924,13
5059,tcp,52637703916284,16
5060,tcp,52637745417444,16
5061,tcp,52637787126594,13
5062,tcp,52637828747274,16
5063,tcp,52637870428614,16
5064,tcp,52637912114004,630
5065,tcp,52637953751874,361
5066,tcp,52637995490004,32
5067,tcp,52638037186464,13
5068,tcp,52638078763674,16
5069,tcp,52638120518634,16
5070,tcp,52638162067224,13
5071,tcp,52638203785104,16
5072,tcp,52638245449884,16
5073,tcp,52638287281344,13
5074,tcp,52638328828314,16
5075,tcp,52638370499844,16
5076,tcp,52638412137804,337
5077,tcp,52638453827874,137
5078,tcp,52638495507414,21
5079,tcp,52638537188844,13
5080,tcp,52638578843094,16
5081,tcp,52638620486364,16
5082,tcp,52638662184894,13
5083,tcp,52638703991244,16
5084,tcp,52638745474584,16
5085,tcp,52638787075644,13
5086,tcp,52638828861924,16
5087,tcp,52638870401964,16
5088,tcp,52638912172134,1796
5089,tcp,52638953765814,473
5090,tcp,52638995459664,86
5091,tcp,52639037061984,24
5092,tcp,52639079005134,29
5093,tcp,52639120470204,25
5094,tcp,52639162242084,13
5095,tcp,52639203787704,16
5096,tcp,52639245525654,16
5097,tcp,52639287159924,13
5098,tcp,52639328812824,16
5099,tcp,52639370414064,16
5100,tcp,52639412327874,355
5101,tcp,52639453808334,147
5102,tcp,52639495465824,18
5103,tcp,52639537123584,13
5104,tcp,52639578784134,16
5105,tcp,52639620530454,16
5106,tcp,52639662129534,13
5107,tcp,52639960202874,16
5108,tcp,52639960212684,16
5109,tcp,52639960214214,13
5110,tcp,52639960215474,16
5111,tcp,52639960216554,16
5112,tcp,52640160453234,1459
5113,tcp,52640160467814,584
5114,tcp,52640160471234,141
5115,tcp,52640160473934,24
5116,tcp,52640195527854,21
5117,tcp,52640195539194,16
5118,tcp,52640195540634,13
5119,tcp,52640271967824,16
5120,tcp,52640271978084,16
5121,tcp,52640355220254,13
5122,tcp,52640355232134,16
5123,tcp,52640370444564,16
5124,tcp,52640412176934,273
5125,tcp,52640555489514,84
5126,tcp,52640555503824,30
5127,tcp,52640555506614,15
5128,tcp,52640578847214,16
5129,tcp,52640620644744,16
5130,tcp,52640662199904,13
5131,tcp,52640703770634,16
5132,tcp,52640745623784,16
5133,tcp,52640787166614,13
5134,tcp,52640828771814,16
5135,tcp,52640870488794,16
5136,tcp,52640912146104,1529
5137,tcp,52640953760034,506
5138,tcp,52640995368204,40
5139,tcp,52641037299654,16
5140,tcp,52641078708744,16
5141,tcp,52641120426804,16
5142,tcp,52641162143694,13
5143,tcp,52641203876244,16
5144,tcp,52641245324574,16
5145,tcp,52641287184654,13
5146,tcp,52641328721004,16
5147,tcp,52641370555164,16
5148,tcp,52641412128594,326
5149,tcp,52641453838554,143
5150,tcp,52641495397854,18
5151,tcp,52641537221034,13
5152,tcp,52641578778444,16
5153,tcp,52641620396694,16
5154,tcp,52641662142924,13
5155,tcp,52641703775844,16
5156,tcp,52641745652394,16
5157,tcp,52641787166244,13
5158,tcp,52641828806004,16
5159,tcp,52641870373404,16
5160,tcp,52641912173814,1692
5161,tcp,52641953702244,683
5162,tcp,52641995452704,77
5163,tcp,52642037097594,25
5164,tcp,52642078811514,16
5165,tcp,52642120547484,16
5166,tcp,52642162237014,13
5167,tcp,52642203887484,16
5168,tcp,52642245488184,16
5169,tcp,52642287118584,13
5170,tcp,52642328744394,16
5171,tcp,52642370414034,16
5172,tcp,52642412067744,229
5173,tcp,52642453817394,96
5174,tcp,52642495341414,16
5175,tcp,52642537110234,13
5176,tcp,52642578775284,16
5177,tcp,52642620402444,16
5178,tcp,52642662126354,13
5179,tcp,52642703901384,16
5180,tcp,52642745424324,16
5181,tcp,52642787316894,13
5182,tcp,52642828690794,16
5183,tcp,52642870620804,16
5184,tcp,52642912103424,1994
5185,tcp,52642953842904,779
5186,tcp,52642995450624,96
5187,tcp,52643037081114,22
5188,tcp,52643078804934,16
5189,tcp,52643120428494,16
5190,tcp,52643162257974,13
5191,tcp,52643203749504,16
5192,tcp,52643245501764,16
5193,tcp,52643287071054,13
5194,tcp,52643328978024,16
5195,tcp,52643370498804,16
5196,tcp,52643412273294,243
5197,tcp,52643453800374,128
5198,tcp,52643495520774,23
5199,tcp,52643537003934,13
5200,tcp,52643578851414,16
5201,tcp,52643620429254,16
5202,tcp,52643662136784,13
5203,tcp,52643703828654,16
5204,tcp,52644000251934,16
5205,tcp,52644000264804,13
5206,tcp,52644000267054,16
5207,tcp,52644000268764,16
5208,tcp,52644000272544,1069
5209,tcp,52644000275064,388
5210,tcp,52644000277494,49
5211,tcp,52644037139064,25
5212,tcp,52644196684494,22
5213,tcp,52644196695204,16
5214,tcp,52644196696644,13
5215,tcp,52644203843094,16
5216,tcp,52644245416164,16
5217,tcp,52644287160234,13
5218,tcp,52644396915774,16
5219,tcp,52644396926304,16
5220,tcp,52644412177794,349
5221,tcp,52644453689214,123
5222,tcp,52644495445614,21
5223,tcp,52644536995734,13
5224,tcp,52644597080904,16
5225,tcp,52644620372994,16
5226,tcp,52644662062344,13
5227,tcp,52644703751334,16
5228,tcp,52644745510704,16
5229,tcp,52644787178814,13
5230,tcp,52644828717954,16
5231,tcp,52644870323964,16
5232,tcp,52645208290884,2212
5233,tcp,52645278930894,740
5234,tcp,52645278941244,100
5235,tcp,52645278943044,26
5236,tcp,52645278944214,16
5237,tcp,52645278945384,16
5238,tcp,52645321649304,13
5239,tcp,52645321659114,16
5240,tcp,52645321660554,16
5241,tcp,52645321661634,13
5242,tcp,52645395783564,16
5243,tcp,52645395793734,16
5244,tcp,52645412063574,286
5245,tcp,52645796113914,86
5246,tcp,52645796123454,18
5247,tcp,52645796124804,13
5248,tcp,52645796125884,16
5249,tcp,52645796126874,16
5250,tcp,52646086241604,9493
5251,tcp,52646086251324,196
5252,tcp,52646086252944,73
5253,tcp,52646086254564,75
5254,tcp,52646086255554,79
5255,tcp,52646086256994,67
5256,tcp,52646263539894,1544
5257,tcp,52646263550064,774
5258,tcp,52646263551774,113
5259,tcp,52646263553124,24
5260,tcp,52646263554654,55
5261,tcp,52646263555914,57
5262,tcp,52646263559604,13
5263,tcp,52646263560774,55
5264,tcp,52646263562034,52
5265,tcp,52646287062654,13
5266,tcp,52646463868914,52
5267,tcp,52646463878724,52
5268,tcp,52646463880974,310
5269,tcp,52646463882864,178
5270,tcp,52646495478894,57
5271,tcp,52646537151324,16
5272,tcp,52646578726014,52
5273,tcp,52646664191634,52
5274,tcp,52646664207654,13
5275,tcp,52646703748614,52
5276,tcp,52646745371094,52
5277,tcp,52646787211734,13
5278,tcp,52646864406354,52
5279,tcp,52646870420424,52
5280,tcp,52647264869634,2616
5281,tcp,52647264884574,1122
5282,tcp,52647264887094,124
5283,tcp,52647264889524,35
5284,tcp,52647264891684,129
5285,tcp,52647264893034,59
5286,tcp,52647264894204,13
5287,tcp,52647320527704,52
5288,tcp,52647320537334,52
5289,tcp,52647320538774,13
5290,tcp,52647381537354,52
5291,tcp,52647381546984,52
5292,tcp,52647464955834,234
5293,tcp,52647464966634,136
5294,tcp,52647520794264,59
5295,tcp,52647581789964,13
5296,tcp,52647581800314,55
5297,tcp,52647620377734,52
5298,tcp,52647665214834,13
5299,tcp,52647721012224,52
5300,tcp,52647782066874,52
5301,tcp,52647820613964,13
5302,tcp,52647828777684,52
5303,tcp,52647870424014,52
5304,tcp,52647921158904,853
5305,tcp,52647982245684,234
5306,tcp,52648020947574,85
5307,tcp,52648037188254,17
5308,tcp,52648336229904,59
5309,tcp,52648336239984,55
5310,tcp,52648336241874,13
5311,tcp,52648336243044,52
5312,tcp,52648336244124,52
5313,tcp,52648336245204,13
5314,tcp,52648382716344,52
5315,tcp,52648382726604,52
5316,tcp,52648522793064,323
5317,tcp,52648522801794,187
5318,tcp,52648522803684,62
5319,tcp,52648537066974,18
5320,tcp,52648582905324,52
5321,tcp,52648723140984,52
5322,tcp,52648723151874,13
5323,tcp,52648723157994,52
5324,tcp,52648745573304,52
5325,tcp,52648787126754,13
5326,tcp,52648828759854,52
5327,tcp,52648923403224,52
5328,tcp,52648923419334,1279
5329,tcp,52648953682554,376
5330,tcp,52648995404754,148
5331,tcp,52649037008244,24
5332,tcp,52649078776614,55
5333,tcp,52649123771124,57
5334,tcp,52649416276524,13
5335,tcp,52649416290834,52
5336,tcp,52649416293354,52
5337,tcp,52649416295874,13
5338,tcp,52649416297944,52
5339,tcp,52649416299924,52
5340,tcp,52649445521124,349
5341,tcp,52649605434204,144
5342,tcp,52649605450494,63
5343,tcp,52649605452474,18
5344,tcp,52649605454184,52
5345,tcp,52649620410294,52
5346,tcp,52649662056534,13
5347,tcp,52649805617334,52
5348,tcp,52649805626874,52
5349,tcp,52649805628314,13
5350,tcp,52649828680914,52
5351,tcp,52649870384574,52
5352,tcp,52650005911434,1476
5353,tcp,52650005925744,720
5354,tcp,52650005928354,145
5355,tcp,52650037179864,23
5356,tcp,52650078868674,71
5357,tcp,52650120412854,57
5358,tcp,52650206218854,15
5359,tcp,52650206240544,52
5360,tcp,52650245519514,52
5361,tcp,52650287153334,13
5362,tcp,52650328840524,52
5363,tcp,52650370511874,52
5364,tcp,52650412158384,269
5365,tcp,52650453826404,119
5366,tcp,52650495433134,63
5367,tcp,52650537142644,13
5368,tcp,52650578810934,52
5369,tcp,52650876231774,52
5370,tcp,52650876242664,13
5371,tcp,52650876244014,52
5372,tcp,52650876245454,52
5373,tcp,52650876246534,13
5374,tcp,52650876247614,52
5375,tcp,52650903983004,52
5376,tcp,52651076467644,1526
5377,tcp,52651076482854,572
5378,tcp,52651076485824,69
5379,tcp,52651076488164,15
5380,tcp,52651104215454,52
5381,tcp,52651276712784,52
5382,tcp,52651276724214,13
5383,tcp,52651276728624,52
5384,tcp,52651276730154,52
5385,tcp,52651570693284,13
5386,tcp,52651570706514,52
5387,tcp,52651570708314,52
5388,tcp,52651570710474,333
5389,tcp,52651770899904,181
5390,tcp,52651770911154,58
5391,tcp,52651770913854,13
5392,tcp,52651770915474,52
5393,tcp,52651770917454,52
5394,tcp,52651770919524,13
5395,tcp,52651770921144,52
5396,tcp,52651770923124,52
5397,tcp,52651971234954,13
5398,tcp,52651971249894,52
5399,tcp,52651971256914,52
5400,tcp,52651971260604,2283
5401,tcp,52651994097924,648
5402,tcp,52652171534454,168
5403,tcp,52652171544984,20
5404,tcp,52652171546604,20
5405,tcp,52652171548134,16
5406,tcp,52652171549214,13
5407,tcp,52652203804314,16
5408,tcp,52652245470354,16
5409,tcp,52652287149804,13
5410,tcp,52652328788394,16
5411,tcp,52652371789134,16
5412,tcp,52652412061884,227
5413,tcp,52652453765994,79
5414,tcp,52652495429694,16
5415,tcp,52652537136594,13
5416,tcp,52652578761864,16
5417,tcp,52652654027154,16
5418,tcp,52652662077924,13
5419,tcp,52652703841434,16
5420,tcp,52652745495054,16
5421,tcp,52652787144714,13
5422,tcp,52652854272654,16
5423,tcp,52652904101964,16
5424,tcp,52652945833074,1950
5425,tcp,52652987375364,753
5426,tcp,52653054556404,47
5427,tcp,52653054567024,13
5428,tcp,52653360241674,23
5429,tcp,52653360254364,18
5430,tcp,52653360256884,13
5431,tcp,52653360259044,16
5432,tcp,52653360261204,16
5433,tcp,52653560503464,13
5434,tcp,52653560517684,16
5435,tcp,52653560520024,16
5436,tcp,52653560523264,291
5437,tcp,52653560526234,139
5438,tcp,52653560528214,16
5439,tcp,52653560530194,13
5440,tcp,52653960783954,16
5441,tcp,52653960796824,16
5442,tcp,52653960798354,13
5443,tcp,52653960800514,16
5444,tcp,52653960801774,16
5445,tcp,52653960802944,13
5446,tcp,52653987276264,16
5447,tcp,52653987291564,16
5448,tcp,52653987295434,1105
5449,tcp,52654161034494,398
5450,tcp,52654161044574,52
5451,tcp,52654161046824,23
5452,tcp,52654161048174,35
5453,tcp,52654161049344,18
5454,tcp,52654361408064,13
5455,tcp,52654361430384,16
5456,tcp,52654361432634,16
5457,tcp,52654361434524,13
5458,tcp,52654361436144,16
5459,tcp,52654370370984,16
5460,tcp,52654561616574,224
5461,tcp,52654561629174,106
5462,tcp,52654561631964,22
5463,tcp,52654561634124,13
5464,tcp,52654578748704,16
5465,tcp,52654620370734,16
5466,tcp,52655404652964,13
5467,tcp,52655404674204,16
5468,tcp,52655404676004,16
5469,tcp,52655404677624,13
5470,tcp,52655404679064,16
5471,tcp,52655404680684,16
5472,tcp,52655604624774,2145
5473,tcp,52655604632604,571
5474,tcp,52655604634584,110
5475,tcp,52656005041164,19
5476,tcp,52656005069154,18
5477,tcp,52656005072034,16
5478,tcp,52656005074014,13
5479,tcp,52656005075634,16
5480,tcp,52656005077344,16
5481,tcp,52656005079054,13
5482,tcp,52656005080764,16
5483,tcp,52656005082384,16
5484,tcp,52656005091114,282
5485,tcp,52656005093544,84
5486,tcp,52656005095524,28
5487,tcp,52656005097324,13
5488,tcp,52656005099664,16
5489,tcp,52656005101284,16
5490,tcp,52656005102994,13
5491,tcp,52656005104614,16
5492,tcp,52656005106414,16
5493,tcp,52656005108214,13
5494,tcp,52656005110014,16
5495,tcp,52656029459874,16
5496,tcp,52656205210524,1598
5497,tcp,52656205221684,644
5498,tcp,52656205223304,62
5499,tcp,52656205224924,19
5500,tcp,52656605814564,8910
5501,tcp,52656605838774,142
5502,tcp,52656605841474,28
5503,tcp,52656605849304,39
5504,tcp,52656605851824,16
5505,tcp,52656605853804,13
5506,tcp,52656630060384,16
5507,tcp,52656630080184,16
5508,tcp,52656630084414,322
5509,tcp,52656630087924,169
5510,tcp,52656630090174,24
5511,tcp,52656630092154,16
5512,tcp,52656630094224,16
5513,tcp,52656630096114,16
5514,tcp,52656662035854,13
5515,tcp,52656805868814,16
5516,tcp,52656805878534,16
5517,tcp,52656805880064,13
5518,tcp,52656830120664,16
5519,tcp,52656870507894,16
5520,tcp,52657030443384,3069
5521,tcp,52657030453914,1107
5522,tcp,52657070705244,271
5523,tcp,52657070715144,29
5524,tcp,52657180290504,22
5525,tcp,52657180304724,16
5526,tcp,52657180307334,13
5527,tcp,52657230902184,16
5528,tcp,52657245450954,16
5529,tcp,52657287064884,13
5530,tcp,52657328774484,16
5531,tcp,52657380695574,16
5532,tcp,52657431107274,217
5533,tcp,52657487351694,96
5534,tcp,52657495467894,20
5535,tcp,52657537038264,13
5536,tcp,52657580987514,16
5537,tcp,52657631346114,16
5538,tcp,52657687562904,13
5539,tcp,52657703804124,16
5540,tcp,52657745492844,16
5541,tcp,52657787089584,13
5542,tcp,52657828743294,16
5543,tcp,52657870454334,16
5544,tcp,52657912051344,883
5545,tcp,52657953872724,342
5546,tcp,52657995407544,59
5547,tcp,52658292201534,16
5548,tcp,52658292211524,16
5549,tcp,52658292212874,16
5550,tcp,52658292214404,13
5551,tcp,52658292215394,16
5552,tcp,52658292216564,16
5553,tcp,52658292217644,13
5554,tcp,52658328904254,16
5555,tcp,52658446617234,16
5556,tcp,52658446627134,330
5557,tcp,52658488283094,195
5558,tcp,52658495368344,31
5559,tcp,52658537012874,21
5560,tcp,52658646885774,16
5561,tcp,52658646900894,16
5562,tcp,52658688554244,13
5563,tcp,52658960370714,16
5564,tcp,52658960391414,16
5565,tcp,52658960393934,13
5566,tcp,52658960396004,16
5567,tcp,52659113291244,16
5568,tcp,52659113302854,1688
5569,tcp,52659113308074,573
5570,tcp,52659146885994,136
5571,tcp,52659146897784,25
5572,tcp,52659146899404,18
5573,tcp,52659146916414,16
5574,tcp,52659162108324,13
5575,tcp,52659313526124,16
5576,tcp,52659313538544,16
5577,tcp,52659313540974,13
5578,tcp,52659328765014,16
5579,tcp,52659370730124,16
5580,tcp,52659412133094,350
5581,tcp,52659453772404,177
5582,tcp,52659513755874,20
5583,tcp,52659537115104,15
5584,tcp,52659578816064,16
5585,tcp,52659620493264,16
5586,tcp,52659662124474,13
5587,tcp,52659703827324,16
5588,tcp,52659745352514,16
5589,tcp,52659787118274,13
5590,tcp,52659828715554,16
5591,tcp,52660128276324,16
5592,tcp,52660128291174,1173
5593,tcp,52660128294594,508
5594,tcp,52660128296934,103
5595,tcp,52660128299634,25
5596,tcp,52660128301794,100
5597,tcp,52660128303864,25
5598,tcp,52660162093374,21
5599,tcp,52660280207304,18
5600,tcp,52660280227014,20
5601,tcp,52660321741314,17
5602,tcp,52660328792004,16
5603,tcp,52660370504304,16
5604,tcp,52660480357854,246
5605,tcp,52660480365864,99
5606,tcp,52660521981504,24
5607,tcp,52660537061184,13
5608,tcp,52660578788604,16
5609,tcp,52660620509544,16
5610,tcp,52660680654384,13
5611,tcp,52660722170664,16
5612,tcp,52661000297034,16
5613,tcp,52661000312964,13
5614,tcp,52661000315124,16
5615,tcp,52661000316834,16
5616,tcp,52661000319984,1464
5617,tcp,52661000322594,480
5618,tcp,52661113317594,121
5619,tcp,52661113328394,20
5620,tcp,52661113329924,27
5621,tcp,52661123706024,18
5622,tcp,52661188727874,15
5623,tcp,52661203791444,18
5624,tcp,52661313608634,16
5625,tcp,52661313622494,13
5626,tcp,52661589176754,16
5627,tcp,52661589190524,16
5628,tcp,52661589194304,317
5629,tcp,52661589197364,181
5630,tcp,52661589199614,20
5631,tcp,52661653996014,13
5632,tcp,52661654009424,16
5633,tcp,52661654011854,16
5634,tcp,52661715085854,13
5635,tcp,52661715095934,16
5636,tcp,52661789291034,16
5637,tcp,52661789304084,13
5638,tcp,52661854256634,16
5639,tcp,52661915371134,16
5640,tcp,52661915388774,1441
5641,tcp,52661989601154,608
5642,tcp,52662054544704,107
5643,tcp,52662054560544,19
5644,tcp,52662115709874,21
5645,tcp,52662120569604,16
5646,tcp,52662189880314,13
5647,tcp,52662254820264,16
5648,tcp,52662254833314,16
5649,tcp,52662316110624,13
5650,tcp,52662328768764,16
5651,tcp,52662390146874,16
5652,tcp,52662455189424,201
5653,tcp,52662455210664,99
5654,tcp,52662516437124,19
5655,tcp,52662537110574,16
5656,tcp,52662590432604,16
5657,tcp,52662620478024,16
5658,tcp,52662662348274,13
5659,tcp,52662716697114,16
5660,tcp,52662745482894,16
5661,tcp,52662790749204,13
5662,tcp,52662828766644,16
5663,tcp,52662870388404,16
5664,tcp,52662945854394,1960
5665,tcp,52662990966264,663
5666,tcp,52662995404614,85
5667,tcp,52663037123574,15
5668,tcp,52663078716534,35
5669,tcp,52663146015654,18
5670,tcp,52663162264164,13
5671,tcp,52663203747144,16
5672,tcp,52663245458814,16
5673,tcp,52663287137724,13
5674,tcp,52663328826624,16
5675,tcp,52663370475114,16
5676,tcp,52663412150154,316
5677,tcp,52663453753374,175
5678,tcp,52663495349664,28
5679,tcp,52663537158354,16
5680,tcp,52663578766884,16
5681,tcp,52663620611124,16
5682,tcp,52663662092934,13
5683,tcp,52663703816124,16
5684,tcp,52663745391894,16
5685,tcp,52663787064684,13
5686,tcp,52663828738644,16
5687,tcp,52664153972814,16
5688,tcp,52664153984424,1069
5689,tcp,52664153987124,378
5690,tcp,52664153988834,118
5691,tcp,52664153990184,31
5692,tcp,52664153991444,18
5693,tcp,52664153992434,16
5694,tcp,52664238440964,13
5695,tcp,52664238451134,16
5696,tcp,52664280108534,16
5697,tcp,52664321916594,13
5698,tcp,52664354188794,16
5699,tcp,52664438636244,16
5700,tcp,52664438644524,342
5701,tcp,52664453659494,164
5702,tcp,52664495446944,21
5703,tcp,52664537036844,17
5704,tcp,52664862251844,22
5705,tcp,52664862264894,18
5706,tcp,52664862267414,15
5707,tcp,52664862270204,16
5708,tcp,52664862272454,16
5709,tcp,52664862274794,13
5710,tcp,52664862277134,16
5711,tcp,52664945617224,16
5712,tcp,52664988400614,2113
5713,tcp,52664988410784,703
5714,tcp,52665062477274,53
5715,tcp,52665062484474,31
5716,tcp,52665078755034,71
5717,tcp,52665188504094,26
5718,tcp,52665188511834,18
5719,tcp,52665203768454,16
5720,tcp,52665245414964,16
5721,tcp,52665287150844,13
5722,tcp,52665588895014,16
5723,tcp,52665588904914,16
5724,tcp,52665654037284,161
5725,tcp,52665654047724,87
5726,tcp,52665654049254,20
5727,tcp,52665695760204,13
5728,tcp,52665695772174,16
5729,tcp,52665695773524,16
5730,tcp,52665695774694,13
5731,tcp,52665789084174,16
5732,tcp,52665789094434,16
5733,tcp,52665789095784,13
5734,tcp,52665854287824,16
5735,tcp,52665895997784,16
5736,tcp,52665989295834,1576
5737,tcp,52665989306454,671
5738,tcp,52666054524414,116
5739,tcp,52666054538454,19
5740,tcp,52666096336164,16
5741,tcp,52666189533684,16
5742,tcp,52666189544214,13
5743,tcp,52666203807144,16
5744,tcp,52666245449604,16
5745,tcp,52666287175404,13
5746,tcp,52666389795564,16
5747,tcp,52666389811674,16
5748,tcp,52666412091714,322
5749,tcp,52666453774584,184
5750,tcp,52666695768834,9264
5751,tcp,52666695778554,85
5752,tcp,52666695780894,118
5753,tcp,52666695782514,36
5754,tcp,52666695783684,21
5755,tcp,52666812704934,18
5756,tcp,52666812716184,18
5757,tcp,52666812718704,16
5758,tcp,52666828803144,18
5759,tcp,52667229176334,18
5760,tcp,52667229184884,4032
5761,tcp,52667229187044,1349
5762,tcp,52667229188574,322
5763,tcp,52667229190104,52
5764,tcp,52667229191724,84
5765,tcp,52667229192894,25
5766,tcp,52667229194064,13
5767,tcp,52667229195144,13
5768,tcp,52667245491264,13
5769,tcp,52667429433984,13
5770,tcp,52667429449104,13
5771,tcp,52667429451624,13
5772,tcp,52667429454594,233
5773,tcp,52667453676024,87
5774,tcp,52667495420184,13
5775,tcp,52667537028984,13
5776,tcp,52667629642314,13
5777,tcp,52667629653564,13
5778,tcp,52667916355584,13
5779,tcp,52667916375024,13
5780,tcp,52667916377004,13
5781,tcp,52667916384114,13
5782,tcp,52667916385644,13
5783,tcp,52667916387174,13
5784,tcp,52667945505594,873
5785,tcp,52668105193944,378
5786,tcp,52668105205554,49
5787,tcp,52668105208344,30
5788,tcp,52668105210594,44
5789,tcp,52668120387474,20
5790,tcp,52668162096174,13
5791,tcp,52668305490384,13
5792,tcp,52668305502264,13
5793,tcp,52668305503614,13
5794,tcp,52668328806054,13
5795,tcp,52668370346904,13
5796,tcp,52668412156044,303
5797,tcp,52668505768734,155
5798,tcp,52668505784124,16
5799,tcp,52668537000084,13
5800,tcp,52668578731914,13
5801,tcp,52668620490384,13
5802,tcp,52668662033034,13
5803,tcp,52668705947904,13
5804,tcp,52668745504884,13
5805,tcp,52668787087764,13
5806,tcp,52668828988524,13
5807,tcp,52668870407874,13
5808,tcp,52668945710154,1634
5809,tcp,52668987387804,485
5810,tcp,52669029131424,92
5811,tcp,52669070654904,23
5812,tcp,52669146003534,24
5813,tcp,52669146014244,20
5814,tcp,52669162034874,13
5815,tcp,52669460214324,13
5816,tcp,52669460223954,13
5817,tcp,52669460225214,13
5818,tcp,52669460226384,13
5819,tcp,52669460227374,13
5820,tcp,52669460229174,353
5821,tcp,52669460231064,144
5822,tcp,52669546439544,18
5823,tcp,52669546452864,13
5824,tcp,52669655109324,13
5825,tcp,52669655123094,13
5826,tcp,52669662085944,13
5827,tcp,52669746662814,13
5828,tcp,52669746672714,13
5829,tcp,52669855348614,13
5830,tcp,52669855360404,13
5831,tcp,52669870452414,13
5832,tcp,52669946961324,1475
5833,tcp,52670055725334,594
5834,tcp,52670055740454,131
5835,tcp,52670055743604,23
5836,tcp,52670336228694,16
5837,tcp,52670336237874,13
5838,tcp,52670336239314,13
5839,tcp,52670521940634,13
5840,tcp,52670521953684,13
5841,tcp,52670521956204,13
5842,tcp,52670521958184,13
5843,tcp,52670536658424,13
5844,tcp,52670536672104,285
5845,tcp,52670536675434,86
5846,tcp,52670536677954,16
5847,tcp,52670562420834,13
5848,tcp,52670980272474,13
5849,tcp,52670980281924,13
5850,tcp,52670980283274,13
5851,tcp,52670980284264,13
5852,tcp,52670980285344,13
5853,tcp,52670980286334,13
5854,tcp,52670980287324,13
5855,tcp,52670980288314,13
5856,tcp,52670980290024,956
5857,tcp,52671146903334,430
5858,tcp,52671146914314,36
5859,tcp,52671146916204,16
5860,tcp,52671146917284,13
5861,tcp,52671146918454,13
5862,tcp,52671180486834,13
5863,tcp,52671347169264,13
5864,tcp,52671347183034,13
5865,tcp,52671347189244,13
5866,tcp,52671347191764,13
5867,tcp,52671370463964,13
5868,tcp,52671412142244,327
5869,tcp,52671547486314,148
5870,tcp,52671547502334,16
5871,tcp,52671547504854,13
5872,tcp,52671578859774,13
5873,tcp,52671620526714,13
5874,tcp,52671747820734,13
5875,tcp,52671747835584,13
5876,tcp,52671747837834,13
5877,tcp,52671787144884,13
5878,tcp,52671828828744,13
5879,tcp,52671948116544,13
5880,tcp,52671987703854,1666
5881,tcp,52671987729774,563
5882,tcp,52671995434404,56
5883,tcp,52672037120514,23
5884,tcp,52672187855664,18
5885,tcp,52672187867364,13
5886,tcp,52672187869884,13
5887,tcp,52672203715554,13
5888,tcp,52672245437484,13
5889,tcp,52672287136554,13
5890,tcp,52672388192064,13
5891,tcp,52672388209794,13
5892,tcp,52672412156724,211
5893,tcp,52672453855164,79
5894,tcp,52672495514094,13
5895,tcp,52672788592254,13
5896,tcp,52672788601344,13
5897,tcp,52672788602694,13
5898,tcp,52672788603864,13
5899,tcp,52673189089554,13
5900,tcp,52673189113044,13
5901,tcp,52673189115834,13
5902,tcp,52673189117904,13
5903,tcp,52673189119974,13
5904,tcp,52673189124924,1942
5905,tcp,52673189128164,711
5906,tcp,52673189148774,117
5907,tcp,52673189151024,22
5908,tcp,52673262797574,38
5909,tcp,52673262815304,18
5910,tcp,52673262817734,15
5911,tcp,52673262819714,13
5912,tcp,52673262821604,13
5913,tcp,52673389077834,13
5914,tcp,52673389088544,13
5915,tcp,52673389089984,13
5916,tcp,52673412103704,324
5917,tcp,52673463106434,154
5918,tcp,52673589361314,23
5919,tcp,52673589374814,13
5920,tcp,52673589377604,13
5921,tcp,52673620451634,13
5922,tcp,52673662126674,13
5923,tcp,52673703822954,13
5924,tcp,52673789832624,13
5925,tcp,52673789851794,13
5926,tcp,52673828722074,13
5927,tcp,52674153937344,13
5928,tcp,52674153949404,1103
5929,tcp,52674153951564,472
5930,tcp,52674153953274,118
5931,tcp,52674153954624,28
5932,tcp,52674153955794,17
5933,tcp,52674153956874,13
5934,tcp,52674237295884,13
5935,tcp,52674237306324,13
5936,tcp,52674354114534,13
5937,tcp,52674354122364,13
5938,tcp,52674354123714,13
5939,tcp,52674370486614,13
5940,tcp,52674437574054,338
5941,tcp,52674453755694,128
5942,tcp,52674808327074,23
5943,tcp,52674808349664,15
5944,tcp,52674808352184,13
5945,tcp,52674808354344,13
5946,tcp,52674808356144,13
5947,tcp,52674808357944,13
5948,tcp,52674808359654,13
5949,tcp,52674837977214,13
5950,tcp,52674837987384,13
5951,tcp,52674980148414,13
5952,tcp,52675008375564,2127
5953,tcp,52675008385644,601
5954,tcp,52675008387444,99
5955,tcp,52675038276984,20
5956,tcp,52675208671554,24
5957,tcp,52675208681274,13
5958,tcp,52675208682714,13
5959,tcp,52675208683884,13
5960,tcp,52675245346824,13
5961,tcp,52675287032484,13
5962,tcp,52675328802924,13
5963,tcp,52675370397324,13
5964,tcp,52675412106564,280
5965,tcp,52675453704384,83
5966,tcp,52675529115474,22
5967,tcp,52675537031604,13
5968,tcp,52675578751824,27
5969,tcp,52675620413544,15
5970,tcp,52675662102174,13
5971,tcp,52675729250094,13
5972,tcp,52675745414274,13
5973,tcp,52675787042064,13
5974,tcp,52675828842924,13
5975,tcp,52675870409604,13
5976,tcp,52675945605954,1573
5977,tcp,52675987294854,720
5978,tcp,52676029028754,42
5979,tcp,52676345960694,19
5980,tcp,52676345970864,38
5981,tcp,52676345972574,16
5982,tcp,52676345973744,13
5983,tcp,52676345974914,16
5984,tcp,52676345979234,16
5985,tcp,52676403992154,13
5986,tcp,52676404081614,15
5987,tcp,52676404084134,16
5988,tcp,52676446550904,199
5989,tcp,52676546116464,106
5990,tcp,52676546127084,24
5991,tcp,52676546128884,19
5992,tcp,52676604244944,13
5993,tcp,52676646701994,13
5994,tcp,52676662060224,13
5995,tcp,52676746315074,13
5996,tcp,52676746325154,13
5997,tcp,52676804468034,13
5998,tcp,52676846899614,13
5999,tcp,52676870401854,13
6000,tcp,52677260236854,7659
6001,tcp,52677260247294,94
6002,tcp,52677260249544,36
6003,tcp,52677260250894,21
6004,tcp,52677260251884,13
6005,tcp,52677260252964,13
6006,tcp,52677260254134,13
6007,tcp,52677260255214,13
6008,tcp,52677260256204,13
6009,tcp,52677287087184,13
6010,tcp,52677448524864,13
6011,tcp,52677448540434,13
6012,tcp,52677448542954,176
6013,tcp,52677716246334,70
6014,tcp,52677716256324,19
6015,tcp,52677716257854,13
6016,tcp,52677716258934,13
6017,tcp,52677716260014,13
6018,tcp,52677716261184,13
6019,tcp,52677716262264,13
6020,tcp,52677905067954,13
6021,tcp,52677905079924,13
6022,tcp,52677905081814,13
6023,tcp,52677905082984,13
6024,tcp,52677916518834,861
6025,tcp,52678105462134,336
6026,tcp,52678105476714,42
6027,tcp,52678105479234,29
6028,tcp,52678105480764,35
6029,tcp,52678120517064,35
6030,tcp,52678162064934,25
6031,tcp,52678305718344,28
6032,tcp,52678305727614,28
6033,tcp,52678305728964,25
6034,tcp,52678328770764,28
6035,tcp,52678706200524,28
6036,tcp,52678706216724,318
6037,tcp,52678706224914,151
6038,tcp,52678706227344,38
6039,tcp,52678706229414,29
6040,tcp,52678737344574,34
6041,tcp,52678737359874,36
6042,tcp,52678737362394,27
6043,tcp,52678737364824,31
6044,tcp,52678906420644,31
6045,tcp,52678906435404,27
6046,tcp,52678906437924,31
6047,tcp,52678906444764,31
6048,tcp,52678937671614,1749
6049,tcp,52679106718074,505
6050,tcp,52679106728334,89
6051,tcp,52679106730044,29
6052,tcp,52679106731574,55
6053,tcp,52679137950144,16
6054,tcp,52679162083194,13
6055,tcp,52679306976534,13
6056,tcp,52679306989764,13
6057,tcp,52679306992104,13
6058,tcp,52679338207254,13
6059,tcp,52679370413034,13
6060,tcp,52679507224554,315
6061,tcp,52679507236344,142
6062,tcp,52679507238054,20
6063,tcp,52679538516384,13
6064,tcp,52679578738284,13
6065,tcp,52679620431054,13
6066,tcp,52679707582734,13
6067,tcp,52679707597044,13
6068,tcp,52679745513054,13
6069,tcp,52679787089004,13
6070,tcp,52679828954574,13
6071,tcp,52679907832464,13
6072,tcp,52679987362584,1455
6073,tcp,52679987373744,603
6074,tcp,52679995615134,148
6075,tcp,52680037104234,33
6076,tcp,52680108088134,19
6077,tcp,52680187553724,13
6078,tcp,52680187565604,13
6079,tcp,52680203954064,13
6080,tcp,52680245456124,13
6081,tcp,52680287150064,13
6082,tcp,52680328719084,13
6083,tcp,52680387793104,13
6084,tcp,52680412062954,280
6085,tcp,52680487384584,93
6086,tcp,52680495370734,30
6087,tcp,52680537088614,13
6088,tcp,52680578698854,13
6089,tcp,52680620418624,13
6090,tcp,52680662082594,13
6091,tcp,52680703854834,13
6092,tcp,52680745424304,13
6093,tcp,52680787123104,13
6094,tcp,52680828812994,13
6095,tcp,52680870683154,13
6096,tcp,52680912157854,1519
6097,tcp,52680953851704,475
6098,tcp,52680995468424,41
6099,tcp,52681037066424,15
6100,tcp,52681078737684,13
6101,tcp,52681120589034,13
6102,tcp,52681162166244,13
6103,tcp,52681203753174,13
6104,tcp,52681245501204,13
6105,tcp,52681287023154,13
6106,tcp,52681328732664,13
6107,tcp,52681370393754,13
6108,tcp,52681412144844,305
6109,tcp,52681453722054,133
6110,tcp,52681495521384,22
6111,tcp,52681537108314,15
6112,tcp,52681578787584,13
6113,tcp,52681620459924,13
6114,tcp,52681662135684,13
6115,tcp,52681704132834,13
6116,tcp,52681745430594,13
6117,tcp,52681787228844,13
6118,tcp,52681828778694,13
6119,tcp,52681870584504,13
6120,tcp,52681912135704,1955
6121,tcp,52681953732714,612
6122,tcp,52681995371034,118
6123,tcp,52682037094494,46
6124,tcp,52682078753874,27
6125,tcp,52682120501454,19
6126,tcp,52682162129604,13
6127,tcp,52682203876194,19
6128,tcp,52682500216134,19
6129,tcp,52682500226394,13
6130,tcp,52682500227744,19
6131,tcp,52682500228824,19
6132,tcp,52682500230354,145
6133,tcp,52682500231704,64
6134,tcp,52682500232964,26
6135,tcp,52682537087244,16
6136,tcp,52682655041514,19
6137,tcp,52682655053304,19
6138,tcp,52682696683074,13
6139,tcp,52682703749694,19
6140,tcp,52682745361734,19
6141,tcp,52682855300964,13
6142,tcp,52682855313654,19
6143,tcp,52682870342844,19
6144,tcp,52682912121204,1989
6145,tcp,52682953782294,689
6146,tcp,52683055567884,120
6147,tcp,52683055583364,29
6148,tcp,52683078809574,28
6149,tcp,52683120420264,24
6150,tcp,52683161989284,13
6151,tcp,52683203764314,19
6152,tcp,52683245360424,19
6153,tcp,52683544233144,13
6154,tcp,52683544243494,19
6155,tcp,52683544244664,19
6156,tcp,52683544246824,315
6157,tcp,52683544248804,162
6158,tcp,52683544250154,24
6159,tcp,52683544251324,16
6160,tcp,52683578854614,19
6161,tcp,52683696713214,19
6162,tcp,52683696722304,13
6163,tcp,52683738412464,19
6164,tcp,52683745487094,19
6165,tcp,52683787350324,13
6166,tcp,52683897014604,19
6167,tcp,52683897035664,19
6168,tcp,52683912229194,1048
6169,tcp,52683953811084,426
6170,tcp,52683995478294,41
6171,tcp,52684297321914,21
6172,tcp,52684297331634,19
6173,tcp,52684297333164,19
6174,tcp,52684297334334,13
6175,tcp,52684446799944,19
6176,tcp,52684446812994,19
6177,tcp,52684446815244,13
6178,tcp,52684446817494,19
6179,tcp,52684446819564,19
6180,tcp,52684446827754,273
6181,tcp,52684497531504,126
6182,tcp,52684497546174,28
6183,tcp,52684646964534,16
6184,tcp,52684646973624,19
6185,tcp,52684646974974,19
6186,tcp,52684662072474,13
6187,tcp,52684703840574,19
6188,tcp,52684745468904,19
6189,tcp,52684787103264,13
6190,tcp,52684847193294,19
6191,tcp,52684870460274,19
6192,tcp,52684945691004,2131
6193,tcp,52684987450194,650
6194,tcp,52685047400004,104
6195,tcp,52685047415754,24
6196,tcp,52685078708034,19
6197,tcp,52685145877014,19
6198,tcp,52685162102754,13
6199,tcp,52685203766634,19
6200,tcp,52685247591414,19
6201,tcp,52685287042914,13
6202,tcp,52685362357614,19
6203,tcp,52685370327474,19
6204,tcp,52685412108264,242
6205,tcp,52685453803464,74
6206,tcp,52685495388054,24
6207,tcp,52685792240904,16
6208,tcp,52685792259264,19
6209,tcp,52685792261334,19
6210,tcp,52685792263854,13
6211,tcp,52685792265294,19
6212,tcp,52685792266914,19
6213,tcp,52685792268624,13
6214,tcp,52685828923824,19
6215,tcp,52685946657144,19
6216,tcp,52685988513174,1549
6217,tcp,52685988522804,683
6218,tcp,52685995373784,74
6219,tcp,52686037035954,19
6220,tcp,52686188855064,22
6221,tcp,52686188875044,19
6222,tcp,52686188877474,13
6223,tcp,52686203694354,19
6224,tcp,52686245365614,19
6225,tcp,52686287027694,13
6226,tcp,52686328664844,19
6227,tcp,52686624266334,19
6228,tcp,52686624276954,315
6229,tcp,52686624279204,153
6230,tcp,52686624280644,24
6231,tcp,52686624281814,18
6232,tcp,52686624282984,19
6233,tcp,52686624284064,19
6234,tcp,52686662060844,13
6235,tcp,52686780103044,19
6236,tcp,52686780117084,19
6237,tcp,52686821750094,13
6238,tcp,52687180464804,19
6239,tcp,52687180474074,19
6240,tcp,52687180476504,3245
6241,tcp,52687180478934,1111
6242,tcp,52687180480554,186
6243,tcp,52687180482084,20
6244,tcp,52687180483704,43
6245,tcp,52687180484874,24
6246,tcp,52687180485864,16
6247,tcp,52687222220394,24
6248,tcp,52687380619944,22
6249,tcp,52687380632634,13
6250,tcp,52688396403324,8960
6251,tcp,52688396412234,145
6252,tcp,52688396413764,228
6253,tcp,52688396414934,88
6254,tcp,52688396416104,18
6255,tcp,52688396417184,15
6256,tcp,52688396418174,19
6257,tcp,52688396419164,13
6258,tcp,52688396420244,13
6259,tcp,52688396421234,13
6260,tcp,52688396422224,13
6261,tcp,52688396423214,13
6262,tcp,52688396424294,13
6263,tcp,52688396425284,13
6264,tcp,52688396426994,721
6265,tcp,52688396428164,362
6266,tcp,52688396429604,60
6267,tcp,52688396430684,30
6268,tcp,52688396431674,33
6269,tcp,52688396432664,36
6270,tcp,52688396433834,27
6271,tcp,52688396435274,29
6272,tcp,52688396436264,31
6273,tcp,52688396437344,27
6274,tcp,52688396438424,29
6275,tcp,52688396439504,31
6276,tcp,52688596591404,340
6277,tcp,52688596605714,170
6278,tcp,52688596608504,41
6279,tcp,52688596610664,27
6280,tcp,52688596612554,29
6281,tcp,52688620424934,31
6282,tcp,52688662126524,27
6283,tcp,52688703776274,29
6284,tcp,52688796806844,31
6285,tcp,52688796816834,27
6286,tcp,52688828767554,29
6287,tcp,52688870596044,31
6288,tcp,52688997050994,1505
6289,tcp,52688997060984,563
6290,tcp,52688997062874,90
6291,tcp,52689037025124,13
6292,tcp,52689078671274,13
6293,tcp,52689120369714,13
6294,tcp,52689197287224,13
6295,tcp,52689278857554,13
6296,tcp,52689278867004,13
6297,tcp,52689287120724,13
6298,tcp,52689328818534,13
6299,tcp,52689397449204,13
6300,tcp,52689479024664,308
6301,tcp,52689479037354,140
6302,tcp,52689495457314,18
6303,tcp,52689537117144,13
6304,tcp,52689578776974,13
6305,tcp,52689620419344,13
6306,tcp,52689679228584,13
6307,tcp,52689703768704,13
6308,tcp,52689745535994,13
6309,tcp,52689787062804,13
6310,tcp,52689828724254,13
6311,tcp,52689904085484,13
6312,tcp,52689912126804,1453
6313,tcp,52689953863494,612
6314,tcp,52689995476344,135
6315,tcp,52690037036634,28
6316,tcp,52690104260064,15
6317,tcp,52690120566984,13
6318,tcp,52690162079034,13
6319,tcp,52690203841464,13
6320,tcp,52690245474564,13
6321,tcp,52690304522484,13
6322,tcp,52690328735274,13
6323,tcp,52690370496894,13
6324,tcp,52690412164554,267
6325,tcp,52690453776864,81
6326,tcp,52690495614264,41
6327,tcp,52690537090134,15
6328,tcp,52690578713874,13
6329,tcp,52690620460824,13
6330,tcp,52690662158094,13
6331,tcp,52690703948694,13
6332,tcp,52690745452014,13
6333,tcp,52690787133624,13
6334,tcp,52690828723074,13
6335,tcp,52690870417554,13
6336,tcp,52690912263774,1554
6337,tcp,52690953802374,572
6338,tcp,52690995425304,37
6339,tcp,52691037173154,16
6340,tcp,52691078763324,13
6341,tcp,52691120488134,13
6342,tcp,52691162230944,13
6343,tcp,52691203744614,13
6344,tcp,52691584263714,13
6345,tcp,52691584274064,13
6346,tcp,52691612264064,13
6347,tcp,52691612277654,13
6348,tcp,52691612280174,327
6349,tcp,52691612282694,146
6350,tcp,52691612283954,26
6351,tcp,52691612285034,15
6352,tcp,52691612286114,13
6353,tcp,52691655118014,13
6354,tcp,52692181580574,13
6355,tcp,52692181595154,13
6356,tcp,52692181597134,13
6357,tcp,52692181598754,13
6358,tcp,52692181600284,13
6359,tcp,52692181602084,13
6360,tcp,52692181605504,1750
6361,tcp,52692181608294,678
6362,tcp,52692181610454,64
6363,tcp,52692181612434,25
6364,tcp,52692181614054,32
6365,tcp,52692181615674,13
6366,tcp,52692181617204,13
6367,tcp,52692273089514,13
6368,tcp,52692273098064,13
6369,tcp,52692341135364,13
6370,tcp,52692341150484,13
6371,tcp,52692381778464,13
6372,tcp,52692412203144,230
6373,tcp,52692473414124,87
6374,tcp,52692541447824,15
6375,tcp,52692541463034,13
6376,tcp,52692578787294,13
6377,tcp,52692620599134,13
6378,tcp,52692662188044,13
6379,tcp,52692703759314,13
6380,tcp,52692779009664,13
6381,tcp,52692787043784,13
6382,tcp,52692828831864,13
6383,tcp,52692870483054,13
6384,tcp,52692987333024,1644
6385,tcp,52692987347064,699
6386,tcp,52692995355984,46
6387,tcp,52693037094474,30
6388,tcp,52693078663494,22
6389,tcp,52693187389704,13
6390,tcp,52693187397084,13
6391,tcp,52693203736674,13
6392,tcp,52693245398034,13
6393,tcp,52693287151284,13
6394,tcp,52693328759904,13
6395,tcp,52693370453844,13
6396,tcp,52693412063364,240
6397,tcp,52693453843254,131
6398,tcp,52693495522074,21
6399,tcp,52693537113954,13
6400,tcp,52693578743814,13
6401,tcp,52693620507324,13
6402,tcp,52693662053124,13
6403,tcp,52693703656884,13
6404,tcp,52693745497254,13
6405,tcp,52693787134944,13
6406,tcp,52693828804494,13
6407,tcp,52693870449384,13
6408,tcp,52693912155834,1102
6409,tcp,52693953758874,409
6410,tcp,52694252263764,141
6411,tcp,52694252274924,36
6412,tcp,52694252276364,13
6413,tcp,52694252277534,13
6414,tcp,52694252278704,13
6415,tcp,52694252279694,13
6416,tcp,52694252280774,13
6417,tcp,52694287107264,13
6418,tcp,52694405072064,13
6419,tcp,52694405084574,13
6420,tcp,52694446709934,307
6421,tcp,52694453883114,147
6422,tcp,52694495451954,19
6423,tcp,52694605314684,13
6424,tcp,52694605329714,13
6425,tcp,52694646906204,13
6426,tcp,52694662031874,13
6427,tcp,52694703887634,13
6428,tcp,52694745363684,13
6429,tcp,52694805496014,13
6430,tcp,52694847225954,13
6431,tcp,52694870520024,13
6432,tcp,52694912063034,2125
6433,tcp,52694953878924,628
6434,tcp,52695005731344,85
6435,tcp,52695047390364,30
6436,tcp,52695078734934,15
6437,tcp,52695120374694,13
6438,tcp,52695162209664,13
6439,tcp,52695203721714,13
6440,tcp,52695245520414,13
6441,tcp,52695287047494,13
6442,tcp,52695328692834,13
6443,tcp,52695370384254,13
6444,tcp,52695412111674,284
6445,tcp,52695453683934,82
6446,tcp,52695495497844,22
6447,tcp,52695537103944,13
6448,tcp,52695836242524,39
6449,tcp,52695836252514,15
6450,tcp,52695836254044,13
6451,tcp,52695836255124,13
6452,tcp,52695836256204,13
6453,tcp,52695836257284,13
6454,tcp,52695836258364,13
6455,tcp,52695870555114,13
6456,tcp,52696030097574,1548
6457,tcp,52696030107564,707
6458,tcp,52696030109454,71
6459,tcp,52696037100384,20
6460,tcp,52696079020224,13
6461,tcp,52696230396264,13
6462,tcp,52696230405624,13
6463,tcp,52696230406974,13
6464,tcp,52696245533814,13
6465,tcp,52696813475394,13
6466,tcp,52696813485834,13
6467,tcp,52696813487994,13
6468,tcp,52696813494924,318
6469,tcp,52696813497534,147
6470,tcp,52696813499514,19
6471,tcp,52696813501494,13
6472,tcp,52696813502934,13
6473,tcp,52696813504554,13
6474,tcp,52696813506174,13
6475,tcp,52696813507704,13
6476,tcp,52696813509324,13
6477,tcp,52696939612194,13
6478,tcp,52696939621644,13
6479,tcp,52696939622904,13
6480,tcp,52697013665274,3463
6481,tcp,52697013675534,1432
6482,tcp,52697013677514,115
6483,tcp,52697146970754,30
6484,tcp,52697146979124,233
6485,tcp,52697146980744,71
6486,tcp,52697162176614,13
6487,tcp,52697213909244,16
6488,tcp,52697245340394,16
6489,tcp,52697287265814,13
6490,tcp,52697328686694,16
6491,tcp,52697370511674,16
6492,tcp,52697412124614,232
6493,tcp,52697453790114,97
6494,tcp,52697495372814,18
6495,tcp,52697537045874,13
6496,tcp,52697578796154,16
6497,tcp,52697620446264,16
6498,tcp,52697662045794,13
6499,tcp,52697703815154,16
6500,tcp,52697945624634,8819
6501,tcp,52697945634714,86
6502,tcp,52697945636424,140
6503,tcp,52697945637504,86
6504,tcp,52697945641644,897
6505,tcp,52697967488604,320
6506,tcp,52698020826204,79
6507,tcp,52698037052934,25
6508,tcp,52698144362814,57
6509,tcp,52698144373434,55
6510,tcp,52698162055464,13
6511,tcp,52698203726094,52
6512,tcp,52698245391414,52
6513,tcp,52698287174274,13
6514,tcp,52698329006364,52
6515,tcp,52698370524084,52
6516,tcp,52698412116414,319
6517,tcp,52698453772014,186
6518,tcp,52698495508344,61
6519,tcp,52698537138744,17
6520,tcp,52698578774454,55
6521,tcp,52698620513664,55
6522,tcp,52698662092314,13
6523,tcp,52698703759164,52
6524,tcp,52698745385334,52
6525,tcp,52698787252704,13
6526,tcp,52698828975624,52
6527,tcp,52698870476694,52
6528,tcp,52698912532614,1633
6529,tcp,52698953880414,545
6530,tcp,52698995506494,128
6531,tcp,52699037102334,17
6532,tcp,52699078759374,60
6533,tcp,52699376256804,57
6534,tcp,52699376268504,13
6535,tcp,52699487290074,52
6536,tcp,52699487300244,52
6537,tcp,52699487301594,13
6538,tcp,52699576537764,52
6539,tcp,52699576556574,52
6540,tcp,52699576560804,349
6541,tcp,52699576564134,139
6542,tcp,52699576566294,58
6543,tcp,52699576568094,18
6544,tcp,52699687606854,52
6545,tcp,52699687618284,52
6546,tcp,52699687620264,13
6547,tcp,52699704194754,52
6548,tcp,52700032513044,52
6549,tcp,52700032533654,13
6550,tcp,52700032536174,52
6551,tcp,52700032538334,52
6552,tcp,52700232670524,1512
6553,tcp,52700232710124,662
6554,tcp,52700232713994,148
6555,tcp,52700232716514,24
6556,tcp,52700232718584,62
6557,tcp,52700288212134,52
6558,tcp,52700288228694,13
6559,tcp,52700288231214,52
6560,tcp,52700288233644,52
6561,tcp,52700288235534,13
6562,tcp,52700432977584,52
6563,tcp,52700432990814,52
6564,tcp,52700432993604,271
6565,tcp,52700453815554,120
6566,tcp,52700495413914,62
6567,tcp,52700537169594,16
6568,tcp,52700633201214,52
6569,tcp,52700633211114,52
6570,tcp,52700662102554,13
6571,tcp,52700703854634,52
6572,tcp,52701088417074,52
6573,tcp,52701088434804,13
6574,tcp,52701088436874,52
6575,tcp,52701088438494,52
6576,tcp,52701088442634,1554
6577,tcp,52701088446324,489
6578,tcp,52701088448754,74
6579,tcp,52701088450464,13
6580,tcp,52701270795054,52
6581,tcp,52701270807384,52
6582,tcp,52701270809904,13
6583,tcp,52701270811704,52
6584,tcp,52701270813414,52
6585,tcp,52701288597774,13
6586,tcp,52701471007704,52
6587,tcp,52701471017154,52
6588,tcp,52701471022914,327
6589,tcp,52701471025884,177
6590,tcp,52701752275344,55
6591,tcp,52701752286504,13
6592,tcp,52701752288394,52
6593,tcp,52701752289564,52
6594,tcp,52701752290734,13
6595,tcp,52701752291904,52
6596,tcp,52701937580214,52
6597,tcp,52701937593084,13
6598,tcp,52701937595694,52
6599,tcp,52701937597584,52
6600,tcp,52701952521024,1714
6601,tcp,52702372232514,709
6602,tcp,52702372242774,116
6603,tcp,52702372244484,20
6604,tcp,52702372245654,60
6605,tcp,52702372246734,52
6606,tcp,52702372248444,13
6607,tcp,52702372249434,52
6608,tcp,52702372250694,52
6609,tcp,52702372252224,13
6610,tcp,52702372253304,52
6611,tcp,52702372254294,52
6612,tcp,52702572493854,221
6613,tcp,52702572503304,117
6614,tcp,52702572505014,56
6615,tcp,52702572506184,13
6616,tcp,52702578920484,55
6617,tcp,52702620401394,52
6618,tcp,52702662047184,13
6619,tcp,52702772889114,52
6620,tcp,52702772901534,52
6621,tcp,52702787058264,13
6622,tcp,52702862256504,52
6623,tcp,52702870495824,52
6624,tcp,52702987334184,1945
6625,tcp,52702987345794,818
6626,tcp,52703316235494,142
6627,tcp,52703316245214,21
6628,tcp,52703316247014,61
6629,tcp,52703316250704,52
6630,tcp,52703316251964,13
6631,tcp,52703316254934,52
6632,tcp,52703316256194,52
6633,tcp,52703480340684,13
6634,tcp,52703480349954,52
6635,tcp,52703480351214,52
6636,tcp,52703480353284,297
6637,tcp,52703480355174,179
6638,tcp,52703516417544,64
6639,tcp,52703680587984,13
6640,tcp,52703680597614,52
6641,tcp,52703680599144,52
6642,tcp,52703680601034,13
6643,tcp,52703703707454,52
6644,tcp,52703745473934,52
6645,tcp,52703880957774,13
6646,tcp,52703880972984,52
6647,tcp,52703880975324,52
6648,tcp,52703912234394,973
6649,tcp,52703953812864,426
6650,tcp,52703995512564,117
6651,tcp,52704081201024,20
6652,tcp,52704081210654,52
6653,tcp,52704120425274,52
6654,tcp,52704162119664,13
6655,tcp,52704203713434,52
6656,tcp,52704281488644,52
6657,tcp,52704320629014,13
6658,tcp,52704403940124,52
6659,tcp,52704403949214,52
6660,tcp,52704412124634,227
6661,tcp,52704481701654,145
6662,tcp,52704520858314,59
6663,tcp,52704604223694,13
6664,tcp,52704604236024,52
6665,tcp,52704682005114,52
6666,tcp,52704682016454,13
6667,tcp,52704703755414,52
6668,tcp,52704745364214,52
6669,tcp,52704804382614,13
6670,tcp,52704882260694,52
6671,tcp,52704882276534,52
6672,tcp,52704912334014,2124
6673,tcp,52704953718354,838
6674,tcp,52705004655384,137
6675,tcp,52705082573604,21
6676,tcp,52705082588724,52
6677,tcp,52705376264844,52
6678,tcp,52705376274924,13
6679,tcp,52705376276274,52
6680,tcp,52705376277894,52
6681,tcp,52705376279964,13
6682,tcp,52705376281134,52
6683,tcp,52705376282304,52
6684,tcp,52705412133894,281
6685,tcp,52705530179604,137
6686,tcp,52705530197244,58
6687,tcp,52705571731974,13
6688,tcp,52705578816954,52
6689,tcp,52705620504144,52
6690,tcp,52705730349054,13
6691,tcp,52705730357154,52
6692,tcp,52705772076834,52
6693,tcp,52705787126814,13
6694,tcp,52705828681794,52
6695,tcp,52705870450884,52
6696,tcp,52705972177434,1579
6697,tcp,52705972186794,729
6698,tcp,52705995398874,145
6699,tcp,52706037186594,22
6700,tcp,52706078789184,58
6701,tcp,52706120452344,52
6702,tcp,52706172442374,13
6703,tcp,52706203762914,52
6704,tcp,52706245331394,52
6705,tcp,52706898129654,13
6706,tcp,52706898145584,52
6707,tcp,52706898147114,52
6708,tcp,52706898152964,324
6709,tcp,52706898157644,175
6710,tcp,52706898158904,58
6711,tcp,52706898160254,15
6712,tcp,52706898161244,52
6713,tcp,52706898162504,52
6714,tcp,52706898163494,13
6715,tcp,52706898165024,52
6716,tcp,52706898166824,52
6717,tcp,52706898169794,13
6718,tcp,52706898171234,52
6719,tcp,52706898172404,52
6720,tcp,52707168236664,3060
6721,tcp,52707168246834,1163
6722,tcp,52707168248634,149
6723,tcp,52707168250614,25
6724,tcp,52707168252234,88
6725,tcp,52707168253404,57
6726,tcp,52707346961364,16
6727,tcp,52707346971534,52
6728,tcp,52707346973244,52
6729,tcp,52707346974504,13
6730,tcp,52707346975584,52
6731,tcp,52707978960264,52
6732,tcp,52707978968274,218
6733,tcp,52707978970524,114
6734,tcp,52707978971694,58
6735,tcp,52707978972774,13
6736,tcp,52707978973854,52
6737,tcp,52707978975474,52
6738,tcp,52707978976734,13
6739,tcp,52707978977814,52
6740,tcp,52707978979074,52
6741,tcp,52708179182004,13
6742,tcp,52708179194424,52
6743,tcp,52708179196314,52
6744,tcp,52708179198294,865
6745,tcp,52708179200454,261
6746,tcp,52708179202434,73
6747,tcp,52708179204414,24
6748,tcp,52708179207384,52
6749,tcp,52708179209004,52
6750,tcp,52708579610724,7676
6751,tcp,52708579627284,118
6752,tcp,52708579630074,62
6753,tcp,52708579631694,60
6754,tcp,52708579633134,60
6755,tcp,52708579634754,59
6756,tcp,52708579637454,322
6757,tcp,52708579639794,182
6758,tcp,52708602450114,65
6759,tcp,52708602467484,19
6760,tcp,52708602470274,52
6761,tcp,52708779738684,52
6762,tcp,52708779748404,13
6763,tcp,52708779749844,52
6764,tcp,52708779751014,52
6765,tcp,52708802689674,13
6766,tcp,52708828720914,52
6767,tcp,52708979959884,52
6768,tcp,52709003074314,1675
6769,tcp,52709003092944,534
6770,tcp,52709003096364,125
6771,tcp,52709037144444,24
6772,tcp,52709078934414,52
6773,tcp,52709180203404,52
6774,tcp,52709180230134,13
6775,tcp,52709487309594,52
6776,tcp,52709487319134,52
6777,tcp,52709487320484,13
6778,tcp,52709653866204,52
6779,tcp,52709653878084,52
6780,tcp,52709653880874,297
6781,tcp,52709653882854,182
6782,tcp,52709687497224,59
6783,tcp,52709687505144,15
6784,tcp,52709687506854,52
6785,tcp,52709687507934,52
6786,tcp,52709687509014,13
6787,tcp,52709703756624,52
6788,tcp,52709854170294,52
6789,tcp,52709854187394,13
6790,tcp,52709854189644,52
6791,tcp,52709887746504,52
6792,tcp,52709912165214,1344
6793,tcp,52709953861944,611
6794,tcp,52710054326424,156
6795,tcp,52710054335784,26
6796,tcp,52710088076784,52
6797,tcp,52710120446454,52
6798,tcp,52710162091884,13
6799,tcp,52710203876814,52
6800,tcp,52710254595594,52
6801,tcp,52710288281334,13
6802,tcp,52710328760094,52
6803,tcp,52710370488144,52
6804,tcp,52710412178844,242
6805,tcp,52710455044314,109
6806,tcp,52710495415974,59
6807,tcp,52710537226194,13
6808,tcp,52710836213124,52
6809,tcp,52710836225994,52
6810,tcp,52710945830064,13
6811,tcp,52710945847794,52
6812,tcp,52710945850134,52
6813,tcp,52710945851754,13
6814,tcp,52711280208414,52
6815,tcp,52711280218224,52
6816,tcp,52711280220924,1529
6817,tcp,52711280223174,598
6818,tcp,52711280224524,67
6819,tcp,52711280225964,19
6820,tcp,52711280227494,52
6821,tcp,52711280228574,52
6822,tcp,52711280229654,13
6823,tcp,52711280230914,52
6824,tcp,52711436678904,52
6825,tcp,52711436701674,13
6826,tcp,52711436704104,52
6827,tcp,52711436705724,52
6828,tcp,52711436708604,323
6829,tcp,52711480413684,185
6830,tcp,52711637005674,57
6831,tcp,52711637019894,13
6832,tcp,52711637022864,52
6833,tcp,52711637024844,52
6834,tcp,52711680734154,13
6835,tcp,52711837263144,52
6836,tcp,52711837279074,52
6837,tcp,52711837281594,13
6838,tcp,52711837283394,52
6839,tcp,52711870463604,52
6840,tcp,52712037461754,2243
6841,tcp,52712070656544,654
6842,tcp,52712070666084,163
6843,tcp,52712070670404,32
6844,tcp,52712320218894,38
6845,tcp,52712320228524,16
6846,tcp,52712320230324,13
6847,tcp,52712320231494,16
6848,tcp,52712320232574,16
6849,tcp,52712320233564,13
6850,tcp,52712520505524,16
6851,tcp,52712520516954,16
6852,tcp,52712520519924,199
6853,tcp,52712520522174,86
6854,tcp,52712520523974,18
6855,tcp,52712537189634,13
6856,tcp,52712578901214,16
6857,tcp,52712620465194,16
6858,tcp,52712662113684,13
6859,tcp,52712720668044,16
6860,tcp,52712745405894,16
6861,tcp,52712787139704,13
6862,tcp,52712828737074,16
6863,tcp,52712870570334,16
6864,tcp,52712945675514,1923
6865,tcp,52712987410044,734
6866,tcp,52713029085354,41
6867,tcp,52713071091684,19
6868,tcp,52713145876014,16
6869,tcp,52713145886544,16
6870,tcp,52713162093294,13
6871,tcp,52713203874084,16
6872,tcp,52713245384154,16
6873,tcp,52713346086684,13
6874,tcp,52713346099554,16
6875,tcp,52713370440234,16
6876,tcp,52713412265214,314
6877,tcp,52713453681594,145
6878,tcp,52713495507924,20
6879,tcp,52713792321264,13
6880,tcp,52713792351414,16
6881,tcp,52713792354834,16
6882,tcp,52713792359064,13
6883,tcp,52713792361494,16
6884,tcp,52713792364644,16
6885,tcp,52713792367344,13
6886,tcp,52713828867024,16
6887,tcp,52713946703934,16
6888,tcp,52713946720314,1084
6889,tcp,52714244207484,386
6890,tcp,52714244217024,49
6891,tcp,52714244218734,29
6892,tcp,52714244220444,46
6893,tcp,52714244221524,18
6894,tcp,52714244222514,13
6895,tcp,52714244223504,16
6896,tcp,52714438409574,16
6897,tcp,52714438417494,13
6898,tcp,52714438418754,16
6899,tcp,52714438419834,16
6900,tcp,52714438421274,261
6901,tcp,52714453838814,140
6902,tcp,52714638633384,18
6903,tcp,52714638642924,13
6904,tcp,52714638644364,16
6905,tcp,52714638645534,16
6906,tcp,52714662110784,13
6907,tcp,52714703959704,16
6908,tcp,52714838875644,16
6909,tcp,52714838886264,13
6910,tcp,52714838887704,16
6911,tcp,52714870340454,16
6912,tcp,52715039198364,1771
6913,tcp,52715039213664,519
6914,tcp,52715039215644,101
6915,tcp,52715039217444,26
6916,tcp,52715078736714,30
6917,tcp,52715239588224,16
6918,tcp,52715239598394,13
6919,tcp,52715239599744,16
6920,tcp,52715245691574,16
6921,tcp,52715287016244,13
6922,tcp,52715328807474,16
6923,tcp,52715439851994,16
6924,tcp,52715439861894,158
6925,tcp,52715453796324,69
6926,tcp,52715495412774,22
6927,tcp,52715537147214,13
6928,tcp,52715640254544,16
6929,tcp,52715640274794,16
6930,tcp,52715737431684,13
6931,tcp,52715737451934,16
6932,tcp,52715745444564,16
6933,tcp,52715787106194,13
6934,tcp,52715828710854,16
6935,tcp,52715870464284,16
6936,tcp,52715945803194,1584
6937,tcp,52715987384724,687
6938,tcp,52716070679994,69
6939,tcp,52716070689534,17
6940,tcp,52716078690534,16
6941,tcp,52716146023764,16
6942,tcp,52716162039624,13
6943,tcp,52716203771544,16
6944,tcp,52716245423814,16
6945,tcp,52716287041794,13
6946,tcp,52716328865784,16
6947,tcp,52716370372344,16
6948,tcp,52716412127124,319
6949,tcp,52716487376574,150
6950,tcp,52716495457764,18
6951,tcp,52716537053874,13
6952,tcp,52716578696244,16
6953,tcp,52716876297714,16
6954,tcp,52716876321114,13
6955,tcp,52716876324264,16
6956,tcp,52716876327234,16
6957,tcp,52716876329574,13
6958,tcp,52716876331464,16
6959,tcp,52716876333174,16
6960,tcp,52717029953004,2868
6961,tcp,52717071648474,1013
6962,tcp,52717071659274,128
6963,tcp,52717071661164,21
6964,tcp,52717078697004,112
6965,tcp,52717184291934,20
6966,tcp,52717184301834,13
6967,tcp,52717203774774,16
6968,tcp,52717271835924,16
6969,tcp,52717287121614,13
6970,tcp,52717328679474,16
6971,tcp,52717384535184,16
6972,tcp,52717412103444,231
6973,tcp,52717453825014,92
6974,tcp,52717495454694,16
6975,tcp,52717537203714,13
6976,tcp,52717578789024,16
6977,tcp,52717620344904,16
6978,tcp,52717662089244,13
6979,tcp,52717703788764,16
6980,tcp,52717745769354,16
6981,tcp,52717787172324,13
6982,tcp,52717828774734,16
6983,tcp,52717870392714,16
6984,tcp,52717912114104,858
6985,tcp,52717953711564,408
6986,tcp,52717995474804,42
6987,tcp,52718292194364,19
6988,tcp,52718292204804,18
6989,tcp,52718292206244,16
6990,tcp,52718446742184,13
6991,tcp,52718446752714,16
6992,tcp,52718446754244,16
6993,tcp,52718446755324,13
6994,tcp,52718446756494,16
6995,tcp,52718488394724,16
6996,tcp,52718488407324,308
6997,tcp,52718488409574,154
6998,tcp,52718495484744,22
6999,tcp,52718647004154,13
7000,tcp,52718847543234,7974
7001,tcp,52718847573474,117
7002,tcp,52718847576894,39
7003,tcp,52718847580404,49
7004,tcp,52718847582474,43
7005,tcp,52718847584454,36
7006,tcp,52718847587064,43
7007,tcp,52718870506284,40
7008,tcp,52718912059554,1762
7009,tcp,52718953897764,544
7010,tcp,52718995502244,113
7011,tcp,52719047688834,30
7012,tcp,52719078789144,33
7013,tcp,52719120443484,30
7014,tcp,52719162232824,24
7015,tcp,52719203702574,29
7016,tcp,52719245395974,27
7017,tcp,52719287062914,24
7018,tcp,52719329039364,29
7019,tcp,52719370430274,27
7020,tcp,52719412136814,309
7021,tcp,52719453766404,154
7022,tcp,52719495712884,34
7023,tcp,52719537048084,28
7024,tcp,52719578818164,37
7025,tcp,52719620444334,32
7026,tcp,52719662246094,24
7027,tcp,52719703703874,29
7028,tcp,52719745318434,27
7029,tcp,52719787426104,24
7030,tcp,52719828734754,29
7031,tcp,52719870427434,27
7032,tcp,52719912069354,1476
7033,tcp,52719953975334,607
7034,tcp,52719995380914,73
7035,tcp,52720037143074,34
7036,tcp,52720078800564,44
7037,tcp,52720376285304,33
7038,tcp,52720376298984,31
7039,tcp,52720376301594,36
7040,tcp,52720376304294,32
7041,tcp,52720376306274,26
7042,tcp,52720376308434,34
7043,tcp,52720376310504,30
7044,tcp,52720412077764,284
7045,tcp,52720530221844,119
7046,tcp,52720530240114,33
7047,tcp,52720612321734,28
7048,tcp,52720612331634,36
7049,tcp,52720620411654,33
7050,tcp,52720662083004,28
7051,tcp,52720730508744,36
7052,tcp,52720745464134,31
7053,tcp,52720812599454,28
7054,tcp,52720828891614,36
7055,tcp,52720870401864,31
7056,tcp,52720930708974,1364
7057,tcp,52720953706134,449
7058,tcp,52720995761154,42
7059,tcp,52721037235404,26
7060,tcp,52721078942034,29
7061,tcp,52721376192684,27
7062,tcp,52721376202224,24
7063,tcp,52721376203664,29
7064,tcp,52721376205104,27
7065,tcp,52721376206274,24
7066,tcp,52721376207444,29
7067,tcp,52721376208524,27
7068,tcp,52721412070104,317
7069,tcp,52721530043274,157
7070,tcp,52721530052184,35
7071,tcp,52721571707874,26
7072,tcp,52721578801764,32
7073,tcp,52721620382664,30
7074,tcp,52721730533844,24
7075,tcp,52721730551304,29
7076,tcp,52721745420204,27
7077,tcp,52721787289104,24
7078,tcp,52722084194514,29
7079,tcp,52722084203784,27
7080,tcp,52722084206214,1394
7081,tcp,52722084208194,739
7082,tcp,52722084209634,47
7083,tcp,52722084210894,24
7084,tcp,52722084212064,29
7085,tcp,52722130849074,27
7086,tcp,52722238327164,24
7087,tcp,52722238336704,29
7088,tcp,52722280105794,27
7089,tcp,52722287039574,24
7090,tcp,52722331050384,29
7091,tcp,52722438543144,27
7092,tcp,52722438551604,210
7093,tcp,52722480406194,99
7094,tcp,52722495422244,32
7095,tcp,52722537099714,26
7096,tcp,52722838888164,29
7097,tcp,52722838902294,27
7098,tcp,52722838905174,24
7099,tcp,52722838911924,29
7100,tcp,52722838913814,27
7101,tcp,52722904226904,24
7102,tcp,52722904252644,29
7103,tcp,52722904254714,27
7104,tcp,52723039016304,1994
7105,tcp,52723039025934,700
7106,tcp,52723039027824,67
7107,tcp,52723039029354,31
7108,tcp,52723104415884,38
7109,tcp,52723239122664,33
7110,tcp,52723239131934,30
7111,tcp,52723239133374,37
7112,tcp,52723245563874,33
7113,tcp,52723287103734,28
7114,tcp,52723328749704,37
7115,tcp,52723370404854,32
7116,tcp,52723439291034,315
7117,tcp,52723453738014,151
7118,tcp,52723495408554,35
7119,tcp,52723537046964,31
7120,tcp,52723578761514,38
7121,tcp,52723639741554,32
7122,tcp,52723662271254,28
7123,tcp,52723703699424,37
7124,tcp,52723745435394,30
7125,tcp,52723787061744,26
7126,tcp,52723840209264,34
7127,tcp,52723870535124,30
7128,tcp,52723912297914,1114
7129,tcp,52723953777924,435
7130,tcp,52723995332724,57
7131,tcp,52724040399594,38
7132,tcp,52724078715834,50
7133,tcp,52724120513994,39
7134,tcp,52724161996254,31
7135,tcp,52724203803774,42
7136,tcp,52724245401684,34
7137,tcp,52724287094184,31
7138,tcp,52724362317804,42
7139,tcp,52724370563874,34
7140,tcp,52724412082314,307
7141,tcp,52724453810724,157
7142,tcp,52724495365974,34
7143,tcp,52724537032014,28
7144,tcp,52724578857894,37
7145,tcp,52724620469844,32
7146,tcp,52724662156224,28
7147,tcp,52724703900204,37
7148,tcp,52724745450684,32
7149,tcp,52724787058854,28
7150,tcp,52724828821014,37
7151,tcp,52724870398764,32
7152,tcp,52724912167764,2158
7153,tcp,52724953876374,720
7154,tcp,52725278966724,66
7155,tcp,52725278976534,34
7156,tcp,52725278978154,40
7157,tcp,52725278979684,37
7158,tcp,52725278980764,32
7159,tcp,52725278981754,39
7160,tcp,52725278982834,33
7161,tcp,52725287032074,31
7162,tcp,52725405081834,38
7163,tcp,52725405095334,31
7164,tcp,52725479093064,283
7165,tcp,52725479100984,110
7166,tcp,52725495375054,36
7167,tcp,52725537093744,28
7168,tcp,52725605404014,37
7169,tcp,52725620390724,34
7170,tcp,52725679372584,28
7171,tcp,52725703763034,37
7172,tcp,52725745354104,32
7173,tcp,52725805575444,28
7174,tcp,52725828684024,37
7175,tcp,52725870479394,35
7176,tcp,52725912110694,1435
7177,tcp,52725953715264,665
7178,tcp,52725995383374,125
7179,tcp,52726037099364,20
7180,tcp,52726078667124,29
7181,tcp,52726120359714,22
7182,tcp,52726162158414,13
7183,tcp,52726203823644,16
7184,tcp,52726245465474,16
7185,tcp,52726287022434,13
7186,tcp,52726328769654,16
7187,tcp,52726370448384,16
7188,tcp,52726412243934,200
7189,tcp,52726453717104,122
7190,tcp,52726495474224,26
7191,tcp,52726537060884,16
7192,tcp,52726578793524,16
7193,tcp,52726620371724,16
7194,tcp,52726662139374,13
7195,tcp,52726703722884,16
7196,tcp,52726745402514,16
7197,tcp,52726787150994,13
7198,tcp,52726828702914,16
7199,tcp,52726870399734,16
