frame_index,transport_protocol,receive_time_ns,payload_bytes
0,tcp,44340298718094,6663
1,tcp,44340370269624,121
2,tcp,44340370285914,92
3,tcp,44340453538974,112
4,tcp,44340453549234,94
5,tcp,44340536924514,61
6,tcp,44340536940084,61
7,tcp,44340620169204,49
8,tcp,44340620179374,41
9,tcp,44340703530624,39
10,tcp,44340703541154,35
11,tcp,44340786897534,28
12,tcp,44340786910224,131
13,tcp,44340902207694,26
14,tcp,44340902218314,24
15,tcp,44340953525694,22
16,tcp,44340953561514,19
17,tcp,44341036894764,18
18,tcp,44341036905654,17
19,tcp,44341120253754,17
20,tcp,44341120264554,18
21,tcp,44341203519774,17
22,tcp,44341307001144,17
23,tcp,44341307011404,18
24,tcp,44341307014464,539
25,tcp,44341370217054,80
26,tcp,44341370228574,53
27,tcp,44341453508274,52
28,tcp,44341453518804,45
29,tcp,44341536872934,45
30,tcp,44341536884904,45
31,tcp,44341620218874,41
32,tcp,44341620229134,37
33,tcp,44341703715294,40
34,tcp,44341703725374,39
35,tcp,44341786823634,35
36,tcp,44341786833894,201
37,tcp,44341870174614,39
38,tcp,44341870185954,37
39,tcp,44341953537834,42
40,tcp,44341953548454,39
41,tcp,44342036801514,33
42,tcp,44342036811414,39
43,tcp,44342120194524,37
44,tcp,44342120205414,35
45,tcp,44342203574574,39
46,tcp,44342204083614,36
47,tcp,44342286971724,35
48,tcp,44342286986574,1034
49,tcp,44342370268344,71
50,tcp,44342370278694,48
51,tcp,44342453583774,36
52,tcp,44342453594394,65
53,tcp,44342536919544,20
54,tcp,44342536930164,20
55,tcp,44342620209594,24
56,tcp,44342620220124,20
57,tcp,44342703535194,20
58,tcp,44342703546174,20
59,tcp,44342786816514,20
60,tcp,44342786827224,226
61,tcp,44342870200344,28
62,tcp,44342870211144,28
63,tcp,44342953570134,28
64,tcp,44342953580394,25
65,tcp,44343036835704,26
66,tcp,44343036845064,25
67,tcp,44343120308364,25
68,tcp,44343120322134,22
69,tcp,44343203586624,22
70,tcp,44343203600394,22
71,tcp,44343286864974,22
72,tcp,44343286877574,824
73,tcp,44343370173384,60
74,tcp,44343370183374,42
75,tcp,44343453544164,72
76,tcp,44343453554514,31
77,tcp,44343536956524,29
78,tcp,44343536967414,26
79,tcp,44343620292024,20
80,tcp,44343620306604,18
81,tcp,44343703586574,17
82,tcp,44343703601784,17
83,tcp,44343786968874,18
84,tcp,44343786983364,191
85,tcp,44343870257304,25
86,tcp,44343870267834,21
87,tcp,44343953526384,22
88,tcp,44343953536644,20
89,tcp,44344037076714,20
90,tcp,44344037086164,20
91,tcp,44344120182984,20
92,tcp,44344120194774,20
93,tcp,44344203539634,20
94,tcp,44344203549984,20
95,tcp,44344286878374,20
96,tcp,44344286888994,934
97,tcp,44344370287584,61
98,tcp,44344370297574,39
99,tcp,44344453522284,30
100,tcp,44344453532904,48
101,tcp,44344536963354,26
102,tcp,44344536973884,29
103,tcp,44344620221184,22
104,tcp,44344620232164,20
105,tcp,44344703566134,20
106,tcp,44344703575944,19
107,tcp,44344786838094,20
108,tcp,44344786848444,179
109,tcp,44344870318584,23
110,tcp,44344870333254,22
111,tcp,44344953634374,22
112,tcp,44344953648504,21
113,tcp,44345036920014,22
114,tcp,44345036933154,21
115,tcp,44345120342634,21
116,tcp,44345120360004,22
117,tcp,44345203619004,21
118,tcp,44345203633404,21
119,tcp,44345286933444,22
120,tcp,44345286948834,982
121,tcp,44345370327354,103
122,tcp,44345370340494,37
123,tcp,44345453499684,31
124,tcp,44345453510124,23
125,tcp,44345536857054,22
126,tcp,44345536867224,23
127,tcp,44345620183734,22
128,tcp,44345620193364,22
129,tcp,44345703477924,22
130,tcp,44345703488904,20
131,tcp,44345786840334,20
132,tcp,44345786851044,70
133,tcp,44345870265114,19
134,tcp,44345870275284,20
135,tcp,44345953558494,17
136,tcp,44345953568844,17
137,tcp,44346036857274,18
138,tcp,44346036872124,17
139,tcp,44346120219684,17
140,tcp,44346120229944,18
141,tcp,44346203530884,17
142,tcp,44346203541504,17
143,tcp,44346286966284,18
144,tcp,44346286980954,1140
145,tcp,44346370248144,36
146,tcp,44346473728074,33
147,tcp,44346473738694,32
148,tcp,44346473740314,24
149,tcp,44346537079074,20
150,tcp,44346537100854,20
151,tcp,44346620211624,21
152,tcp,44346620221524,20
153,tcp,44346703666554,19
154,tcp,44346703677354,19
155,tcp,44346786901074,18
156,tcp,44346786911784,192
157,tcp,44346870177084,26
158,tcp,44346870187254,26
159,tcp,44346953615274,29
160,tcp,44346953629674,26
161,tcp,44347036915674,25
162,tcp,44347036929624,27
163,tcp,44347120182954,21
164,tcp,44347120192134,20
165,tcp,44347234285764,19
166,tcp,44347234299174,19
167,tcp,44347286881044,20
168,tcp,44347286892294,648
169,tcp,44347370262984,49
170,tcp,44347370273784,35
171,tcp,44347453527654,36
172,tcp,44347453537374,24
173,tcp,44347536853164,20
174,tcp,44347536863964,17
175,tcp,44347620202614,17
176,tcp,44347620212424,18
177,tcp,44347703553414,17
178,tcp,44347703565114,17
179,tcp,44347786914474,18
180,tcp,44347786925184,219
181,tcp,44347870401534,25
182,tcp,44347870428444,25
183,tcp,44347953559194,26
184,tcp,44347953575394,25
185,tcp,44348036904054,22
186,tcp,44348036913054,22
187,tcp,44348120287524,21
188,tcp,44348120300934,22
189,tcp,44348203509174,21
190,tcp,44348203518354,21
191,tcp,44348286835854,20
192,tcp,44348286846114,1224
193,tcp,44348370169194,212
194,tcp,44348370179094,44
195,tcp,44348453542944,37
196,tcp,44348453554104,54
197,tcp,44348536847664,29
198,tcp,44348536857744,29
199,tcp,44348620240134,28
200,tcp,44348620250214,25
201,tcp,44348703588144,25
202,tcp,44348703597954,21
203,tcp,44348786877294,22
204,tcp,44348786887734,167
205,tcp,44348870172744,31
206,tcp,44348870182644,24
207,tcp,44348953547934,22
208,tcp,44348953558374,20
209,tcp,44349036926274,20
210,tcp,44349036936174,20
211,tcp,44349120193194,20
212,tcp,44349120203544,20
213,tcp,44349203538864,20
214,tcp,44349203550564,20
215,tcp,44349286902444,20
216,tcp,44349286914774,911
217,tcp,44349402263814,51
218,tcp,44349402273084,30
219,tcp,44349453567144,27
220,tcp,44349453576954,23
221,tcp,44349536935494,21
222,tcp,44349536945214,21
223,tcp,44349620199084,19
224,tcp,44349620208714,18
225,tcp,44349703553034,15
226,tcp,44349703562574,15
227,tcp,44349786901854,16
228,tcp,44349786912024,193
229,tcp,44349870203604,21
230,tcp,44349870213414,19
231,tcp,44349953614524,20
232,tcp,44349953628474,17
233,tcp,44350036969464,18
234,tcp,44350036982604,17
235,tcp,44350120255914,18
236,tcp,44350120266534,18
237,tcp,44350203538674,18
238,tcp,44350307016174,17
239,tcp,44350307032734,16
240,tcp,44350307036514,1107
241,tcp,44350370217684,235
242,tcp,44350370228484,45
243,tcp,44350453487664,28
244,tcp,44350453497744,100
245,tcp,44350536976614,32
246,tcp,44350536991644,27
247,tcp,44350620244884,24
248,tcp,44350620256764,22
249,tcp,44350703634384,18
250,tcp,44350770201354,4675
251,tcp,44350786891944,96
252,tcp,44350786904544,204
253,tcp,44350870248324,159
254,tcp,44350870259574,67
255,tcp,44350953601104,51
256,tcp,44350953611274,79
257,tcp,44351036853894,38
258,tcp,44351036863254,37
259,tcp,44351120351034,35
260,tcp,44351120370654,24
261,tcp,44351203513374,20
262,tcp,44351203523634,19
263,tcp,44351286876594,15
264,tcp,44351286890274,446
265,tcp,44351370180054,61
266,tcp,44351370191304,47
267,tcp,44351453524194,41
268,tcp,44351453534544,35
269,tcp,44351536866624,24
270,tcp,44351536876974,21
271,tcp,44351620216164,15
272,tcp,44351620226694,16
273,tcp,44351703728694,15
274,tcp,44351703739854,15
275,tcp,44351786919384,13
276,tcp,44351786932974,209
277,tcp,44351870169924,22
278,tcp,44351870180184,24
279,tcp,44351953570494,23
280,tcp,44351953585794,20
281,tcp,44352037002564,17
282,tcp,44352037016784,17
283,tcp,44352120251844,17
284,tcp,44352120265164,15
285,tcp,44352203548014,15
286,tcp,44352203558094,15
287,tcp,44352286925364,15
288,tcp,44352286939404,1076
289,tcp,44352370220364,186
290,tcp,44352370231074,40
291,tcp,44352453708414,34
292,tcp,44352453721014,62
293,tcp,44352536951574,24
294,tcp,44352536965344,27
295,tcp,44352620293554,25
296,tcp,44352620307144,23
297,tcp,44352703544274,20
298,tcp,44352703553994,17
299,tcp,44352787065444,15
300,tcp,44352787079754,252
301,tcp,44352870262524,21
302,tcp,44352870276474,22
303,tcp,44352953605764,23
304,tcp,44352953618994,21
305,tcp,44353036841724,20
306,tcp,44353036852434,20
307,tcp,44353120358124,19
308,tcp,44353120372434,20
309,tcp,44353203627384,19
310,tcp,44353203642684,19
311,tcp,44353286995914,20
312,tcp,44353287017514,841
313,tcp,44353370348514,89
314,tcp,44353370364624,37
315,tcp,44353453638024,37
316,tcp,44353453655754,83
317,tcp,44353537018434,34
318,tcp,44353537034364,34
319,tcp,44353620180864,26
320,tcp,44353620190134,22
321,tcp,44353703567574,19
322,tcp,44353703578914,20
323,tcp,44353786910184,20
324,tcp,44353786920624,232
325,tcp,44353870264764,33
326,tcp,44353870277544,28
327,tcp,44353953585684,26
328,tcp,44353953596304,26
329,tcp,44354036862504,24
330,tcp,44354036872584,21
331,tcp,44354120382954,22
332,tcp,44354120396544,22
333,tcp,44354203591734,21
334,tcp,44354203606404,22
335,tcp,44354286900234,22
336,tcp,44354286912024,905
337,tcp,44354370304134,128
338,tcp,44354370314214,42
339,tcp,44354453541894,32
340,tcp,44354453551884,45
341,tcp,44354536959744,25
342,tcp,44354536974054,25
343,tcp,44354620276794,19
344,tcp,44354620290924,20
345,tcp,44354703642174,17
346,tcp,44354807019684,19
347,tcp,44354807030304,18
348,tcp,44354827216494,237
349,tcp,44354870277084,30
350,tcp,44354870296344,27
351,tcp,44354953595214,24
352,tcp,44354953610694,22
353,tcp,44355036855204,20
354,tcp,44355036864924,19
355,tcp,44355120257034,17
356,tcp,44355120267744,18
357,tcp,44355203599464,17
358,tcp,44355203612604,17
359,tcp,44355286917594,16
360,tcp,44355286929474,1446
361,tcp,44355370333104,220
362,tcp,44355370347054,75
363,tcp,44355453573114,48
364,tcp,44355453583914,54
365,tcp,44355536916894,25
366,tcp,44355536930754,26
367,tcp,44355620380824,21
368,tcp,44355723749154,16
369,tcp,44355723761844,15
370,tcp,44355723764274,12
371,tcp,44355786860034,13
372,tcp,44355786869574,196
373,tcp,44355870439434,21
374,tcp,44355870454734,20
375,tcp,44355953610954,17
376,tcp,44355953624814,16
377,tcp,44356037010174,17
378,tcp,44356037023944,18
379,tcp,44356120277814,16
380,tcp,44356120291044,17
381,tcp,44356203830664,16
382,tcp,44356203846954,15
383,tcp,44356286975544,16
384,tcp,44356286991654,1115
385,tcp,44356370401404,179
386,tcp,44356370418414,36
387,tcp,44356482381294,34
388,tcp,44356482397494,50
389,tcp,44356602352914,28
390,tcp,44356602363444,26
391,tcp,44356620167244,26
392,tcp,44356622556834,18
393,tcp,44356703600574,17
394,tcp,44356703613444,15
395,tcp,44356787095104,13
396,tcp,44356787109324,167
397,tcp,44356870279134,23
398,tcp,44356870289934,23
399,tcp,44356953525264,23
400,tcp,44356953534534,21
401,tcp,44357036876244,18
402,tcp,44357036886504,18
403,tcp,44357120226234,15
404,tcp,44357120237304,16
405,tcp,44357203612404,15
406,tcp,44357203623564,15
407,tcp,44357286926754,16
408,tcp,44357286940524,654
409,tcp,44357370294834,81
410,tcp,44357370308244,36
411,tcp,44357453493084,28
412,tcp,44357453503974,32
413,tcp,44357536918404,16
414,tcp,44357536931544,15
415,tcp,44357620245624,15
416,tcp,44357620256154,16
417,tcp,44357703588954,15
418,tcp,44357703599934,15
419,tcp,44357786961624,16
420,tcp,44357786976564,249
421,tcp,44357870226114,25
422,tcp,44357870235384,21
423,tcp,44357953519944,23
424,tcp,44357953530204,21
425,tcp,44358036851304,20
426,tcp,44358036861654,20
427,tcp,44358120215694,17
428,tcp,44358120225864,15
429,tcp,44358203552994,12
430,tcp,44358203563254,12
431,tcp,44358286923774,13
432,tcp,44358286937904,1232
433,tcp,44358370169724,279
434,tcp,44358370179624,35
435,tcp,44358453505854,29
436,tcp,44358453516474,85
437,tcp,44358536927124,21
438,tcp,44358536937474,19
439,tcp,44358620185314,28
440,tcp,44358620195844,19
441,tcp,44358703560324,17
442,tcp,44358703586874,17
443,tcp,44358786937854,15
444,tcp,44358786951534,196
445,tcp,44358870306474,23
446,tcp,44358870320154,22
447,tcp,44358953505624,21
448,tcp,44358953515074,19
449,tcp,44359037211024,20
450,tcp,44359037232984,19
451,tcp,44359120321164,17
452,tcp,44359120332324,18
453,tcp,44359203651714,17
454,tcp,44359203667104,17
455,tcp,44359286976144,15
456,tcp,44359286986674,848
457,tcp,44359370252694,93
458,tcp,44359370262684,29
459,tcp,44359453496214,27
460,tcp,44359453506744,53
461,tcp,44359536864024,19
462,tcp,44359536875094,18
463,tcp,44359620196194,15
464,tcp,44359620206274,16
465,tcp,44359703465724,15
466,tcp,44359703476254,15
467,tcp,44359786837854,16
468,tcp,44359786848834,233
469,tcp,44359870169664,22
470,tcp,44359870179744,23
471,tcp,44359953516864,24
472,tcp,44359953528564,23
473,tcp,44360036849754,22
474,tcp,44360036860014,21
475,tcp,44360120173464,19
476,tcp,44360120183724,17
477,tcp,44360203586274,16
478,tcp,44360203598154,16
479,tcp,44360286915924,17
480,tcp,44360286929964,1485
481,tcp,44360370211914,698
482,tcp,44360370223884,48
483,tcp,44360453654424,45
484,tcp,44360453670264,52
485,tcp,44360536956624,34
486,tcp,44360536980294,34
487,tcp,44360620243884,35
488,tcp,44360620259544,27
489,tcp,44360703552114,24
490,tcp,44360703562554,33
491,tcp,44360786951244,22
492,tcp,44360786962224,195
493,tcp,44360870156964,34
494,tcp,44360870167314,30
495,tcp,44360953654284,25
496,tcp,44360953669134,22
497,tcp,44361036900864,18
498,tcp,44361036912384,17
499,tcp,44361120380904,19
500,tcp,44361140684004,5598
501,tcp,44361203567094,147
502,tcp,44361203578614,80
503,tcp,44361287020854,69
504,tcp,44361287038674,561
505,tcp,44361370349424,162
506,tcp,44361370365894,150
507,tcp,44361453521394,58
508,tcp,44361453531564,35
509,tcp,44361536863104,48
510,tcp,44361536874714,26
511,tcp,44361620243154,27
512,tcp,44361620256114,24
513,tcp,44361703538334,19
514,tcp,44361703548504,17
515,tcp,44361786924684,19
516,tcp,44361786938274,1548
517,tcp,44361870238224,80
518,tcp,44361870249744,76
519,tcp,44361953611794,270
520,tcp,44361953626914,69
521,tcp,44362037022894,39
522,tcp,44362037037744,38
523,tcp,44362120347504,19
524,tcp,44362120362714,18
525,tcp,44362203676524,15
526,tcp,44362203704784,12
527,tcp,44362286897634,12
528,tcp,44362286908434,784
529,tcp,44362370215314,184
530,tcp,44362370226114,69
531,tcp,44362453513554,40
532,tcp,44362453524084,25
533,tcp,44362536883794,17
534,tcp,44362536895224,13
535,tcp,44362620244134,12
536,tcp,44362620257274,12
537,tcp,44362703552364,13
538,tcp,44362703563974,12
539,tcp,44362786873194,12
540,tcp,44362786884534,466
541,tcp,44362870195284,29
542,tcp,44362870205184,29
543,tcp,44362953592614,33
544,tcp,44362953603684,17
545,tcp,44363036894544,17
546,tcp,44363036904444,18
547,tcp,44363150190774,12
548,tcp,44363150201124,12
549,tcp,44363203601994,13
550,tcp,44363307072564,12
551,tcp,44363307083454,12
552,tcp,44363327294484,871
553,tcp,44363370652704,152
554,tcp,44363370669714,46
555,tcp,44363453691294,44
556,tcp,44363453710284,115
557,tcp,44363536986474,25
558,tcp,44363537000424,23
559,tcp,44363620291554,22
560,tcp,44363620303974,19
561,tcp,44363703568104,18
562,tcp,44363703580794,15
563,tcp,44363786964444,15
564,tcp,44363786978574,540
565,tcp,44363870192124,36
566,tcp,44363870202834,31
567,tcp,44363953561374,142
568,tcp,44363953572084,27
569,tcp,44364036970854,26
570,tcp,44364036981834,37
571,tcp,44364120177744,19
572,tcp,44364120187104,15
573,tcp,44364203588304,15
574,tcp,44364203601354,15
575,tcp,44364318260544,15
576,tcp,44364318274764,923
577,tcp,44364370190724,249
578,tcp,44364370201164,51
579,tcp,44364453668064,34
580,tcp,44364453683454,39
581,tcp,44364536952714,29
582,tcp,44364536966934,25
583,tcp,44364620281464,31
584,tcp,44364620295414,29
585,tcp,44364703544784,25
586,tcp,44364703557024,23
587,tcp,44364786926274,20
588,tcp,44364786941214,649
589,tcp,44364870362844,41
590,tcp,44364870379044,38
591,tcp,44364953618334,144
592,tcp,44364953628684,39
593,tcp,44365036933404,30
594,tcp,44365036944024,38
595,tcp,44365120299054,21
596,tcp,44365120314534,22
597,tcp,44365203606294,19
598,tcp,44365203619344,12
599,tcp,44365286947284,12
600,tcp,44365286962314,1129
601,tcp,44365370189184,294
602,tcp,44365370199084,53
603,tcp,44365453633494,37
604,tcp,44365453646364,36
605,tcp,44365536983394,25
606,tcp,44365536998874,23
607,tcp,44365620289464,18
608,tcp,44365620304224,15
609,tcp,44365703573304,16
610,tcp,44365703584464,15
611,tcp,44365786889544,15
612,tcp,44365786900254,658
613,tcp,44365870175004,31
614,tcp,44365870184994,29
615,tcp,44365953514104,93
616,tcp,44365953523644,22
617,tcp,44366036918814,18
618,tcp,44366036928804,52
619,tcp,44366120253324,17
620,tcp,44366120268894,17
621,tcp,44366203634994,17
622,tcp,44366203650924,12
623,tcp,44366286907404,12
624,tcp,44366286919014,1161
625,tcp,44366370183504,245
626,tcp,44366370193404,51
627,tcp,44366453632584,40
628,tcp,44366453645454,30
629,tcp,44366536868274,24
630,tcp,44366536878714,19
631,tcp,44366620270554,19
632,tcp,44366620284324,19
633,tcp,44366703633504,19
634,tcp,44366703649884,19
635,tcp,44366786925174,17
636,tcp,44366786936154,880
637,tcp,44366870326104,36
638,tcp,44366870339694,36
639,tcp,44366953692114,159
640,tcp,44366953707324,30
641,tcp,44367036900984,25
642,tcp,44367036911874,46
643,tcp,44367120194274,27
644,tcp,44367120204264,20
645,tcp,44367203505834,25
646,tcp,44367203515554,12
647,tcp,44367286819104,12
648,tcp,44367286831074,718
649,tcp,44367370317594,101
650,tcp,44367370329114,75
651,tcp,44367453579564,27
652,tcp,44367453590364,19
653,tcp,44367536855214,17
654,tcp,44367536866644,12
655,tcp,44367620250384,12
656,tcp,44367620265144,12
657,tcp,44367703566084,12
658,tcp,44367703575984,12
659,tcp,44367786880614,12
660,tcp,44367786890784,308
661,tcp,44367870372354,26
662,tcp,44367870382254,24
663,tcp,44367953485734,44
664,tcp,44367953496084,18
665,tcp,44368036844094,17
666,tcp,44368036855254,17
667,tcp,44368120339344,15
668,tcp,44368223737824,15
669,tcp,44368223749164,15
670,tcp,44368223750514,12
671,tcp,44368286820264,12
672,tcp,44368286831604,1242
673,tcp,44368370227404,415
674,tcp,44368370237844,113
675,tcp,44368453572444,46
676,tcp,44368453582884,36
677,tcp,44368536793104,26
678,tcp,44368536804174,19
679,tcp,44368620165954,19
680,tcp,44368620176214,17
681,tcp,44368703631954,15
682,tcp,44368703642754,15
683,tcp,44368786833534,15
684,tcp,44368786844334,658
685,tcp,44368870268034,37
686,tcp,44368870278114,35
687,tcp,44368953571314,95
688,tcp,44368953581844,26
689,tcp,44369036898444,20
690,tcp,44369036911944,18
691,tcp,44369120199654,15
692,tcp,44369120207394,12
693,tcp,44369203544334,13
694,tcp,44369203557204,12
695,tcp,44369286877764,12
696,tcp,44369286888744,888
697,tcp,44369370203094,203
698,tcp,44369370213444,83
699,tcp,44369453512764,29
700,tcp,44369453522664,120
701,tcp,44369536862574,28
702,tcp,44369536873194,23
703,tcp,44369620227234,19
704,tcp,44369620237044,17
705,tcp,44369703527364,12
706,tcp,44369703537174,12
707,tcp,44369786820474,12
708,tcp,44369786831274,808
709,tcp,44369870193594,33
710,tcp,44369870204934,32
711,tcp,44369953718274,57
712,tcp,44369953739424,25
713,tcp,44370036929844,16
714,tcp,44370036941364,17
715,tcp,44370120274434,12
716,tcp,44370120290994,12
717,tcp,44370203553504,13
718,tcp,44370203564934,12
719,tcp,44370286938144,12
720,tcp,44370286950204,1662
721,tcp,44370370340604,993
722,tcp,44370370354014,142
723,tcp,44370453557394,58
724,tcp,44370453570804,126
725,tcp,44370536944554,53
726,tcp,44370536958234,34
727,tcp,44370620303814,29
728,tcp,44370620318484,29
729,tcp,44370703621494,25
730,tcp,44370703635984,25
731,tcp,44370786936294,23
732,tcp,44370786953394,1401
733,tcp,44370870307254,45
734,tcp,44370870317874,42
735,tcp,44370953668134,130
736,tcp,44370953681454,36
737,tcp,44371036944504,25
738,tcp,44371036957284,79
739,tcp,44371120297014,32
740,tcp,44371120312044,28
741,tcp,44371203521004,26
742,tcp,44371203531534,12
743,tcp,44371286892594,12
744,tcp,44371286908074,585
745,tcp,44371370159064,118
746,tcp,44371370169774,49
747,tcp,44371453546044,34
748,tcp,44371453556034,25
749,tcp,44371536963264,22
750,tcp,44371561018914,6396
751,tcp,44371620203544,161
752,tcp,44371620214794,81
753,tcp,44371703611584,134
754,tcp,44371703627514,74
755,tcp,44371787008464,80
756,tcp,44371787024394,328
757,tcp,44371870288344,73
758,tcp,44371870303554,76
759,tcp,44371953548514,78
760,tcp,44371953558594,63
761,tcp,44372036935044,63
762,tcp,44372036946384,69
763,tcp,44372120212674,54
764,tcp,44372120222934,57
765,tcp,44372203526304,62
766,tcp,44372203536294,47
767,tcp,44372286900324,52
768,tcp,44372286911664,1086
769,tcp,44372370253644,320
770,tcp,44372370268224,97
771,tcp,44372453572854,47
772,tcp,44372453582844,43
773,tcp,44372536937154,27
774,tcp,44372536951104,21
775,tcp,44372620259424,21
776,tcp,44372723761854,19
777,tcp,44372723772834,21
778,tcp,44372723774364,23
779,tcp,44372818256364,19
780,tcp,44372818267884,513
781,tcp,44372870294994,34
782,tcp,44372870305164,32
783,tcp,44372953562364,57
784,tcp,44372953573704,23
785,tcp,44373066234534,23
786,tcp,44373066243984,21
787,tcp,44373120348474,17
788,tcp,44373120369894,15
789,tcp,44373203671104,15
790,tcp,44373203689194,15
791,tcp,44373286934514,15
792,tcp,44373286946484,666
793,tcp,44373370317354,214
794,tcp,44373370331124,68
795,tcp,44373453629904,43
796,tcp,44373453643314,41
797,tcp,44373536883504,30
798,tcp,44373536894394,23
799,tcp,44373620353284,20
800,tcp,44373620369394,19
801,tcp,44373703600404,15
802,tcp,44373703615434,15
803,tcp,44373786944634,15
804,tcp,44373786959484,513
805,tcp,44373870369054,31
806,tcp,44373870379224,32
807,tcp,44373953590794,101
808,tcp,44373953604384,28
809,tcp,44374036947984,26
810,tcp,44374036962294,51
811,tcp,44374120286634,17
812,tcp,44374120299864,15
813,tcp,44374203641484,13
814,tcp,44374203652644,12
815,tcp,44374286944404,12
816,tcp,44374286982294,876
817,tcp,44374370348304,264
818,tcp,44374370364144,42
819,tcp,44374453621884,29
820,tcp,44374453634844,21
821,tcp,44374536888354,18
822,tcp,44374536900594,19
823,tcp,44374620323934,20
824,tcp,44374620339054,18
825,tcp,44374703536494,17
826,tcp,44374703553414,17
827,tcp,44374786933644,17
828,tcp,44374786947684,708
829,tcp,44374870384704,48
830,tcp,44374870394694,46
831,tcp,44374953624624,99
832,tcp,44374953639834,36
833,tcp,44375036911254,32
834,tcp,44375036921514,65
835,tcp,44375120334234,21
836,tcp,44375120348184,17
837,tcp,44375203548684,22
838,tcp,44375203560294,17
839,tcp,44375286859614,17
840,tcp,44375286870414,939
841,tcp,44375370345864,334
842,tcp,44375370362514,53
843,tcp,44375453566704,35
844,tcp,44375453576694,35
845,tcp,44375536839654,26
846,tcp,44375536849284,23
847,tcp,44375620155264,22
848,tcp,44375723745624,19
849,tcp,44375723755884,18
850,tcp,44375723757324,19
851,tcp,44375786928234,17
852,tcp,44375786943624,653
853,tcp,44375870394144,32
854,tcp,44375870410524,27
855,tcp,44375953616514,85
856,tcp,44375953630554,22
857,tcp,44376036988464,20
858,tcp,44376037006644,77
859,tcp,44376120332064,24
860,tcp,44376120357534,23
861,tcp,44376203604834,20
862,tcp,44376203615364,12
863,tcp,44376286950774,12
864,tcp,44376286963824,1089
865,tcp,44376370204914,305
866,tcp,44376370215894,40
867,tcp,44376453584244,35
868,tcp,44376453595584,28
869,tcp,44376536942334,24
870,tcp,44376536960064,19
871,tcp,44376620250114,19
872,tcp,44376620261454,19
873,tcp,44376703564194,18
874,tcp,44376703574814,17
875,tcp,44376786877014,15
876,tcp,44376786887814,913
877,tcp,44376870737124,36
878,tcp,44376870760344,37
879,tcp,44376953646834,95
880,tcp,44376953663124,24
881,tcp,44377066266894,25
882,tcp,44377066279764,24
883,tcp,44377314373944,12
884,tcp,44377314385374,12
885,tcp,44377314386634,13
886,tcp,44377314387714,12
887,tcp,44377314388794,12
888,tcp,44377314390504,672
889,tcp,44377370344584,89
890,tcp,44377370362944,49
891,tcp,44377453603584,36
892,tcp,44377453620324,34
893,tcp,44377536853224,76
894,tcp,44377536863484,30
895,tcp,44377620259194,26
896,tcp,44377620269544,21
897,tcp,44377703547984,19
898,tcp,44377703558334,17
899,tcp,44377786935054,17
900,tcp,44377786949274,365
901,tcp,44377870203954,27
902,tcp,44377870216824,29
903,tcp,44377953468354,100
904,tcp,44377953478704,25
905,tcp,44378036913834,20
906,tcp,44378036925084,18
907,tcp,44378120226924,15
908,tcp,44378120237454,15
909,tcp,44378203605984,13
910,tcp,44378203616334,12
911,tcp,44378287014294,12
912,tcp,44378287030314,1219
913,tcp,44378370182214,432
914,tcp,44378370192294,78
915,tcp,44378453554254,37
916,tcp,44378453564964,37
917,tcp,44378536901904,25
918,tcp,44378536912254,19
919,tcp,44378620214724,20
920,tcp,44378620224804,19
921,tcp,44378703550224,17
922,tcp,44378703562374,15
923,tcp,44378786859534,15
924,tcp,44378786872584,542
925,tcp,44378870315904,33
926,tcp,44378870331924,28
927,tcp,44378953520814,111
928,tcp,44378953531434,25
929,tcp,44379036852084,19
930,tcp,44379036862614,20
931,tcp,44379120256164,12
932,tcp,44379120266424,12
933,tcp,44379203536134,13
934,tcp,44379203546844,12
935,tcp,44379286881174,12
936,tcp,44379286895124,868
937,tcp,44379370292814,159
938,tcp,44379370304604,69
939,tcp,44379453522924,29
940,tcp,44379453533634,94
941,tcp,44379536874174,26
942,tcp,44379536884524,18
943,tcp,44379620295804,12
944,tcp,44379620319294,12
945,tcp,44379703596384,12
946,tcp,44379703607094,12
947,tcp,44379786914874,12
948,tcp,44379786927024,821
949,tcp,44379870274674,31
950,tcp,44379870290334,32
951,tcp,44379953618454,62
952,tcp,44379953631684,27
953,tcp,44380036861434,20
954,tcp,44380036871424,24
955,tcp,44380120191174,12
956,tcp,44380120201434,12
957,tcp,44380203810444,13
958,tcp,44380203824574,12
959,tcp,44380286960814,12
960,tcp,44380286977284,1578
961,tcp,44380370192634,687
962,tcp,44380370203074,58
963,tcp,44380453635144,54
964,tcp,44380453649454,70
965,tcp,44380536939864,63
966,tcp,44380536952284,55
967,tcp,44380620216774,52
968,tcp,44380620226944,43
969,tcp,44380703535624,33
970,tcp,44380807002414,32
971,tcp,44380807012764,30
972,tcp,44380807015104,1164
973,tcp,44380870308864,48
974,tcp,44380870319124,44
975,tcp,44380953593604,57
976,tcp,44380953606654,27
977,tcp,44381036963394,23
978,tcp,44381036979234,31
979,tcp,44381120281614,17
980,tcp,44381120292954,15
981,tcp,44381203587864,16
982,tcp,44381203599564,12
983,tcp,44381286906354,12
984,tcp,44381286918414,570
985,tcp,44381370318894,104
986,tcp,44381370332754,39
987,tcp,44381453573484,29
988,tcp,44381453583294,26
989,tcp,44381536866144,17
990,tcp,44381536876944,15
991,tcp,44381620288224,15
992,tcp,44381620303794,15
993,tcp,44381703657204,12
994,tcp,44381703672954,12
995,tcp,44381787065964,12
996,tcp,44381890610424,524
997,tcp,44381890621494,31
998,tcp,44381890623204,27
999,tcp,44381953537344,27
1000,tcp,44382064164264,6027
1001,tcp,44382064174794,101
1002,tcp,44382064176684,145
1003,tcp,44382120163344,65
1004,tcp,44382120173694,32
1005,tcp,44382203515224,50
1006,tcp,44382203525124,27
1007,tcp,44382286919304,23
1008,tcp,44382286930104,1055
1009,tcp,44382370273614,372
1010,tcp,44382370289634,51
1011,tcp,44382453615234,39
1012,tcp,44382453629904,45
1013,tcp,44382536927694,31
1014,tcp,44382536942904,26
1015,tcp,44382620202534,35
1016,tcp,44382620212794,24
1017,tcp,44382703631724,21
1018,tcp,44382703645944,21
1019,tcp,44382786923484,17
1020,tcp,44382786934194,372
1021,tcp,44382870189774,31
1022,tcp,44382870200304,27
1023,tcp,44382953580984,33
1024,tcp,44382953594304,26
1025,tcp,44383037024484,19
1026,tcp,44383037038524,19
1027,tcp,44383120306794,15
1028,tcp,44383120320744,15
1029,tcp,44383203640764,15
1030,tcp,44383203657864,15
1031,tcp,44383287090564,15
1032,tcp,44383287109014,853
1033,tcp,44383370328864,381
1034,tcp,44383473717354,52
1035,tcp,44383473728604,41
1036,tcp,44383473730224,107
1037,tcp,44383536993654,36
1038,tcp,44383537008324,30
1039,tcp,44383650269724,25
1040,tcp,44383650283404,19
1041,tcp,44383703526864,19
1042,tcp,44383703537754,19
1043,tcp,44383786928154,19
1044,tcp,44383786938684,362
1045,tcp,44383870240434,35
1046,tcp,44383870252134,30
1047,tcp,44383953528234,139
1048,tcp,44383953538944,33
1049,tcp,44384036836284,21
1050,tcp,44384036846904,20
1051,tcp,44384120228124,19
1052,tcp,44384120241264,15
1053,tcp,44384203526904,16
1054,tcp,44384203537524,15
1055,tcp,44384286921714,15
1056,tcp,44384286937554,521
1057,tcp,44384402178144,292
1058,tcp,44384402187054,40
1059,tcp,44384453660304,35
1060,tcp,44384453670384,56
1061,tcp,44384536992114,26
1062,tcp,44384537006334,21
1063,tcp,44384620309524,27
1064,tcp,44384620319874,22
1065,tcp,44384703582384,18
1066,tcp,44384703593544,18
1067,tcp,44384786860554,19
1068,tcp,44384786871804,478
1069,tcp,44384870183724,30
1070,tcp,44384870196774,24
1071,tcp,44384953506084,95
1072,tcp,44384953518774,27
1073,tcp,44385036905664,23
1074,tcp,44385036916374,26
1075,tcp,44385120199224,17
1076,tcp,44385223752234,17
1077,tcp,44385223767444,25
1078,tcp,44385223769964,13
1079,tcp,44385286880574,12
1080,tcp,44385286892274,1335
1081,tcp,44385370350624,520
1082,tcp,44385370362414,44
1083,tcp,44385453584334,38
1084,tcp,44385453712944,72
1085,tcp,44385536882934,31
1086,tcp,44385536892204,26
1087,tcp,44385620226084,32
1088,tcp,44385620237154,20
1089,tcp,44385703643124,21
1090,tcp,44385703656894,15
1091,tcp,44385786931194,15
1092,tcp,44385786946314,736
1093,tcp,44385870262734,36
1094,tcp,44385870276504,24
1095,tcp,44385953625504,129
1096,tcp,44385953638824,52
1097,tcp,44386036874424,20
1098,tcp,44386036886124,35
1099,tcp,44386120251954,17
1100,tcp,44386120262394,15
1101,tcp,44386203496824,22
1102,tcp,44386203510774,15
1103,tcp,44386286882184,15
1104,tcp,44386286893524,1133
1105,tcp,44386370139834,381
1106,tcp,44386370150364,39
1107,tcp,44386453482804,37
1108,tcp,44386453493604,119
1109,tcp,44386536874194,39
1110,tcp,44386536886164,28
1111,tcp,44386620192414,28
1112,tcp,44386620202764,17
1113,tcp,44386703549154,17
1114,tcp,44386703559234,19
1115,tcp,44386786912464,17
1116,tcp,44386786928214,722
1117,tcp,44386870166514,37
1118,tcp,44386870176054,32
1119,tcp,44386953533964,110
1120,tcp,44386953546204,24
1121,tcp,44387036886654,19
1122,tcp,44387036897724,26
1123,tcp,44387120254644,18
1124,tcp,44387120268054,18
1125,tcp,44387203571244,25
1126,tcp,44387203583934,22
1127,tcp,44387287028784,17
1128,tcp,44387287046694,700
1129,tcp,44387370219744,216
1130,tcp,44387370236484,51
1131,tcp,44387453563524,41
1132,tcp,44387453574504,54
1133,tcp,44387536889394,31
1134,tcp,44387536900554,33
1135,tcp,44387620214994,36
1136,tcp,44387620225704,31
1137,tcp,44387703538254,24
1138,tcp,44387703548154,24
1139,tcp,44387786835414,20
1140,tcp,44387786845944,325
1141,tcp,44387870183334,23
1142,tcp,44387870193864,19
1143,tcp,44387953499394,17
1144,tcp,44387953509564,15
1145,tcp,44388036836154,15
1146,tcp,44388036846414,15
1147,tcp,44388120198834,15
1148,tcp,44388120209634,15
1149,tcp,44388203579604,15
1150,tcp,44388203590674,15
1151,tcp,44388286890984,15
1152,tcp,44388286902414,1244
1153,tcp,44388370157184,350
1154,tcp,44388370167264,121
1155,tcp,44388453586644,44
1156,tcp,44388453599244,66
1157,tcp,44388536898294,36
1158,tcp,44388536911344,30
1159,tcp,44388620269344,27
1160,tcp,44388620284824,24
1161,tcp,44388703633464,22
1162,tcp,44388703651644,23
1163,tcp,44388786822264,21
1164,tcp,44388786836754,628
1165,tcp,44388870252174,33
1166,tcp,44388870262434,24
1167,tcp,44388953666424,125
1168,tcp,44388953676774,19
1169,tcp,44389036970964,17
1170,tcp,44389036984374,17
1171,tcp,44389120241304,17
1172,tcp,44389120255164,17
1173,tcp,44389203608394,17
1174,tcp,44389203622344,17
1175,tcp,44389286891514,17
1176,tcp,44389286911404,857
1177,tcp,44389370390454,249
1178,tcp,44389370404764,131
1179,tcp,44389453686984,38
1180,tcp,44389453701204,32
1181,tcp,44389536901614,27
1182,tcp,44389536912054,24
1183,tcp,44389620293814,25
1184,tcp,44389620307584,21
1185,tcp,44389703568564,21
1186,tcp,44389807090884,22
1187,tcp,44389807104384,21
1188,tcp,44389807107534,638
1189,tcp,44389870226244,35
1190,tcp,44389870239474,31
1191,tcp,44389953599904,50
1192,tcp,44389953610074,27
1193,tcp,44390036895984,22
1194,tcp,44390036907594,108
1195,tcp,44390120278824,29
1196,tcp,44390120291694,23
1197,tcp,44390203536204,18
1198,tcp,44390203545834,12
1199,tcp,44390286877104,12
1200,tcp,44390286890424,1573
1201,tcp,44390370293514,687
1202,tcp,44390370304674,162
1203,tcp,44390453555754,57
1204,tcp,44390453566554,131
1205,tcp,44390536969734,58
1206,tcp,44390536980354,46
1207,tcp,44390620171584,42
1208,tcp,44390620181394,41
1209,tcp,44390703609594,46
1210,tcp,44390703620574,50
1211,tcp,44390786901264,33
1212,tcp,44390786913594,1140
1213,tcp,44390870267184,51
1214,tcp,44390870280504,46
1215,tcp,44390953613574,160
1216,tcp,44390953626984,36
1217,tcp,44391036888504,29
1218,tcp,44391036900474,104
1219,tcp,44391120271794,30
1220,tcp,44391120286374,34
1221,tcp,44391203539434,38
1222,tcp,44391203551134,19
1223,tcp,44391286906974,19
1224,tcp,44391286917504,583
1225,tcp,44391370205034,76
1226,tcp,44391370216284,60
1227,tcp,44391453649974,50
1228,tcp,44391453664824,51
1229,tcp,44391536982954,52
1230,tcp,44391536999604,43
1231,tcp,44391620327634,42
1232,tcp,44391620345724,34
1233,tcp,44391703498794,28
1234,tcp,44391703508964,25
1235,tcp,44391786873804,21
1236,tcp,44391786884964,567
1237,tcp,44391870158634,35
1238,tcp,44391870168534,35
1239,tcp,44391953562174,53
1240,tcp,44391953573784,33
1241,tcp,44392036864374,29
1242,tcp,44392036880214,33
1243,tcp,44392120625574,25
1244,tcp,44392120639884,22
1245,tcp,44392203711144,28
1246,tcp,44392203728334,21
1247,tcp,44392286883024,20
1248,tcp,44392286894004,1081
1249,tcp,44392370353434,234
1250,tcp,44392410884394,6596
1251,tcp,44392453536744,99
1252,tcp,44392453546824,104
1253,tcp,44392536849924,135
1254,tcp,44392536860004,80
1255,tcp,44392620167514,71
1256,tcp,44392620177954,100
1257,tcp,44392703571324,51
1258,tcp,44392703582304,33
1259,tcp,44392786959024,33
1260,tcp,44392786973694,298
1261,tcp,44392870226934,31
1262,tcp,44392870238094,42
1263,tcp,44392953575844,29
1264,tcp,44392953591054,19
1265,tcp,44393036873994,27
1266,tcp,44393036884344,21
1267,tcp,44393120309754,17
1268,tcp,44393120325234,18
1269,tcp,44393203541574,18
1270,tcp,44393203551924,17
1271,tcp,44393286855294,18
1272,tcp,44393286865734,930
1273,tcp,44393370227604,64
1274,tcp,44393370238314,433
1275,tcp,44393453589654,42
1276,tcp,44393453603964,37
1277,tcp,44393536827234,145
1278,tcp,44393536837404,29
1279,tcp,44393620287834,22
1280,tcp,44393620301784,20
1281,tcp,44393703558444,15
1282,tcp,44393703569154,15
1283,tcp,44393786892324,15
1284,tcp,44393786902674,256
1285,tcp,44393870271924,23
1286,tcp,44393870283084,22
1287,tcp,44393953597434,20
1288,tcp,44393953611564,17
1289,tcp,44394036944184,21
1290,tcp,44394036962364,15
1291,tcp,44394120167814,15
1292,tcp,44394120177894,15
1293,tcp,44394203569374,15
1294,tcp,44394203579004,15
1295,tcp,44394286892904,15
1296,tcp,44394286908204,1054
1297,tcp,44394370321554,100
1298,tcp,44394370340364,340
1299,tcp,44394453689814,41
1300,tcp,44394453704934,35
1301,tcp,44394536909124,39
1302,tcp,44394536920644,32
1303,tcp,44394620244624,31
1304,tcp,44394620254794,123
1305,tcp,44394703529814,29
1306,tcp,44394703541064,27
1307,tcp,44394786826074,20
1308,tcp,44394786836874,418
1309,tcp,44394870170754,33
1310,tcp,44394870180654,34
1311,tcp,44394953525694,36
1312,tcp,44394953535414,20
1313,tcp,44395036871994,17
1314,tcp,44395036881894,206
1315,tcp,44395120189134,38
1316,tcp,44395120199484,38
1317,tcp,44395203507084,31
1318,tcp,44395203517704,15
1319,tcp,44395286906844,13
1320,tcp,44395286920434,485
1321,tcp,44395370220564,81
1322,tcp,44395370231184,403
1323,tcp,44395453542834,38
1324,tcp,44395453554354,32
1325,tcp,44395536806334,64
1326,tcp,44395536817044,24
1327,tcp,44395620203484,21
1328,tcp,44395620213654,18
1329,tcp,44395703584434,15
1330,tcp,44395703598654,15
1331,tcp,44395786909944,16
1332,tcp,44395786927314,145
1333,tcp,44395870210434,17
1334,tcp,44395870220064,16
1335,tcp,44395953522714,56
1336,tcp,44395953532794,18
1337,tcp,44396037005724,20
1338,tcp,44396037016074,25
1339,tcp,44396120219724,12
1340,tcp,44396120229984,13
1341,tcp,44396203536954,13
1342,tcp,44396203546854,12
1343,tcp,44396286839964,13
1344,tcp,44396286851754,1287
1345,tcp,44396370216774,91
1346,tcp,44396370228114,512
1347,tcp,44396453537334,32
1348,tcp,44396453547684,26
1349,tcp,44396536850334,32
1350,tcp,44396536861494,21
1351,tcp,44396620180884,17
1352,tcp,44396620191324,60
1353,tcp,44396703557064,17
1354,tcp,44396703569304,17
1355,tcp,44396786833074,15
1356,tcp,44396786843244,379
1357,tcp,44396870201244,25
1358,tcp,44396870214474,26
1359,tcp,44396953510014,141
1360,tcp,44396953521444,27
1361,tcp,44397036906354,26
1362,tcp,44397036916434,19
1363,tcp,44397120273174,12
1364,tcp,44397120286944,13
1365,tcp,44397203595264,13
1366,tcp,44397203609844,12
1367,tcp,44397286914384,13
1368,tcp,44397286929594,679
1369,tcp,44397370287864,72
1370,tcp,44397370301454,284
1371,tcp,44397453524274,33
1372,tcp,44397453534264,26
1373,tcp,44397536834034,38
1374,tcp,44397536844474,26
1375,tcp,44397620204094,25
1376,tcp,44397620214354,42
1377,tcp,44397703468944,15
1378,tcp,44397703478844,15
1379,tcp,44397786896424,23
1380,tcp,44397786906954,284
1381,tcp,44397870377454,21
1382,tcp,44397870391314,30
1383,tcp,44397953577954,19
1384,tcp,44397953591814,17
1385,tcp,44398036924524,16
1386,tcp,44398036938024,17
1387,tcp,44398120249314,12
1388,tcp,44398120261464,13
1389,tcp,44398203499134,13
1390,tcp,44398203510834,12
1391,tcp,44398286885304,13
1392,tcp,44398286896824,1504
1393,tcp,44398370271024,77
1394,tcp,44398370282454,506
1395,tcp,44398453564134,32
1396,tcp,44398453574754,27
1397,tcp,44398536911514,110
1398,tcp,44398536929424,21
1399,tcp,44398620277884,17
1400,tcp,44398620295434,16
1401,tcp,44398703559114,12
1402,tcp,44398703569014,12
1403,tcp,44398786921074,13
1404,tcp,44398786931424,220
1405,tcp,44398870259724,22
1406,tcp,44398870270794,23
1407,tcp,44398953579474,13
1408,tcp,44398953593604,12
1409,tcp,44399036869884,13
1410,tcp,44399036880234,13
1411,tcp,44399120240934,12
1412,tcp,44399120253084,13
1413,tcp,44399203508304,13
1414,tcp,44399203518024,12
1415,tcp,44399286915534,13
1416,tcp,44399286930294,988
1417,tcp,44399370278304,83
1418,tcp,44399370292164,451
1419,tcp,44399453525694,29
1420,tcp,44399453535864,25
1421,tcp,44399537059374,72
1422,tcp,44399640400794,23
1423,tcp,44399640410784,20
1424,tcp,44399640412224,26
1425,tcp,44399703602214,21
1426,tcp,44399703615174,18
1427,tcp,44399786903694,16
1428,tcp,44399786917914,458
1429,tcp,44399870247564,30
1430,tcp,44399870257554,38
1431,tcp,44399953626444,33
1432,tcp,44399953641204,24
1433,tcp,44400036950874,20
1434,tcp,44400036963834,19
1435,tcp,44400120212754,12
1436,tcp,44400120222654,13
1437,tcp,44400203629074,13
1438,tcp,44400203644374,12
1439,tcp,44400286932804,13
1440,tcp,44400286948644,2307
1441,tcp,44400370236084,342
1442,tcp,44400370250484,844
1443,tcp,44400453594894,65
1444,tcp,44400453607854,79
1445,tcp,44400536898534,345
1446,tcp,44400536909694,66
1447,tcp,44400620246274,78
1448,tcp,44400620261214,106
1449,tcp,44400703604544,49
1450,tcp,44400703615434,49
1451,tcp,44400786831774,63
1452,tcp,44400786842664,405
1453,tcp,44400870223704,45
1454,tcp,44400870233964,40
1455,tcp,44400953565774,175
1456,tcp,44400953578374,31
1457,tcp,44401036888494,35
1458,tcp,44401036901094,34
1459,tcp,44401120209144,17
1460,tcp,44401120218864,19
1461,tcp,44401203636984,16
1462,tcp,44401203652374,12
1463,tcp,44401286865834,13
1464,tcp,44401286875464,500
1465,tcp,44401370327244,88
1466,tcp,44401370341464,247
1467,tcp,44401453662114,52
1468,tcp,44401453677414,50
1469,tcp,44401536905274,57
1470,tcp,44401536915894,34
1471,tcp,44401620233304,40
1472,tcp,44401620243654,45
1473,tcp,44401703560524,33
1474,tcp,44401703573574,32
1475,tcp,44401786844634,39
1476,tcp,44401786855074,364
1477,tcp,44401870212624,43
1478,tcp,44401870223244,56
1479,tcp,44401953612474,60
1480,tcp,44401953622464,36
1481,tcp,44402036960754,43
1482,tcp,44402036971554,39
1483,tcp,44402120203014,12
1484,tcp,44402120218494,13
1485,tcp,44402203546344,13
1486,tcp,44402203560024,12
1487,tcp,44402286827844,13
1488,tcp,44402286838824,1231
1489,tcp,44402370181164,147
1490,tcp,44402370192774,344
1491,tcp,44402453569404,35
1492,tcp,44402453583264,28
1493,tcp,44402536895274,42
1494,tcp,44402536906074,22
1495,tcp,44402620241034,18
1496,tcp,44402620251744,126
1497,tcp,44402703585624,18
1498,tcp,44402703600294,19
1499,tcp,44402786963064,18
1500,tcp,44402807202174,6175
1501,tcp,44402870435184,107
1502,tcp,44402870451564,95
1503,tcp,44402953631544,98
1504,tcp,44402953644954,68
1505,tcp,44403036986394,84
1506,tcp,44403037000704,87
1507,tcp,44403120233514,67
1508,tcp,44403120243954,74
1509,tcp,44403203563794,66
1510,tcp,44403306994854,50
1511,tcp,44403307005024,62
1512,tcp,44403307007004,864
1513,tcp,44403370196634,195
1514,tcp,44403370211394,470
1515,tcp,44403453530154,62
1516,tcp,44403453540684,64
1517,tcp,44403536832444,148
1518,tcp,44403536843784,59
1519,tcp,44403620213754,67
1520,tcp,44403620223654,76
1521,tcp,44403703531164,45
1522,tcp,44403703542234,48
1523,tcp,44403786861804,55
1524,tcp,44403890460714,277
1525,tcp,44403890474664,45
1526,tcp,44403890477454,47
1527,tcp,44403953526684,62
1528,tcp,44403953540274,31
1529,tcp,44404036974864,37
1530,tcp,44404036989534,20
1531,tcp,44404120346274,20
1532,tcp,44404120364364,23
1533,tcp,44404203634974,20
1534,tcp,44404203648654,20
1535,tcp,44404286892894,23
1536,tcp,44404286905224,1064
1537,tcp,44404370335314,108
1538,tcp,44404370348544,344
1539,tcp,44404453592334,51
1540,tcp,44404453605384,49
1541,tcp,44404536861594,171
1542,tcp,44404536873114,44
1543,tcp,44404620203214,49
1544,tcp,44404620213294,61
1545,tcp,44404703490744,37
1546,tcp,44404703500914,45
1547,tcp,44404787010654,50
1548,tcp,44404787026224,354
1549,tcp,44404870381254,43
1550,tcp,44404870392324,52
1551,tcp,44404953510744,90
1552,tcp,44404953521274,30
1553,tcp,44405036910954,27
1554,tcp,44405036921304,29
1555,tcp,44405120199294,17
1556,tcp,44405120209194,16
1557,tcp,44405203640094,17
1558,tcp,44405203655844,12
1559,tcp,44405286867054,13
1560,tcp,44405286878484,1226
1561,tcp,44405370205344,85
1562,tcp,44405370217314,477
1563,tcp,44405453597544,35
1564,tcp,44405453609064,32
1565,tcp,44405536927014,48
1566,tcp,44405536940784,27
1567,tcp,44405620264764,26
1568,tcp,44405620284294,31
1569,tcp,44405703552924,19
1570,tcp,44405703563724,22
1571,tcp,44405786852244,21
1572,tcp,44405786863314,301
1573,tcp,44405870313924,23
1574,tcp,44405870324544,24
1575,tcp,44405953480764,58
1576,tcp,44405953490574,18
1577,tcp,44406036807714,21
1578,tcp,44406036818244,18
1579,tcp,44406120167694,12
1580,tcp,44406120177864,13
1581,tcp,44406203513094,13
1582,tcp,44406203525874,12
1583,tcp,44406286922664,13
1584,tcp,44406286934724,1055
1585,tcp,44406370223244,84
1586,tcp,44406370234224,456
1587,tcp,44406453531744,31
1588,tcp,44406453541914,26
1589,tcp,44406536910804,33
1590,tcp,44406536947434,17
1591,tcp,44406620284104,17
1592,tcp,44406620296614,97
1593,tcp,44406703594584,22
1594,tcp,44406703606014,18
1595,tcp,44406786963114,18
1596,tcp,44406786978684,280
1597,tcp,44406870262254,28
1598,tcp,44406870275844,24
1599,tcp,44406953717364,113
1600,tcp,44406953736984,26
1601,tcp,44407037309184,23
1602,tcp,44407037342124,69
1603,tcp,44407120258854,21
1604,tcp,44407120270014,22
1605,tcp,44407203561864,23
1606,tcp,44407203571584,17
1607,tcp,44407286927964,18
1608,tcp,44407286951004,730
1609,tcp,44407370306304,74
1610,tcp,44407370319444,273
1611,tcp,44407453635324,33
1612,tcp,44407453649364,32
1613,tcp,44407537027164,36
1614,tcp,44407537042104,29
1615,tcp,44407620374904,30
1616,tcp,44407620394614,30
1617,tcp,44407703507364,20
1618,tcp,44407703517084,18
1619,tcp,44407786925844,38
1620,tcp,44407786936284,286
1621,tcp,44407870308234,22
1622,tcp,44407870322274,39
1623,tcp,44407953571554,23
1624,tcp,44407953582984,19
1625,tcp,44408036857824,17
1626,tcp,44408036871414,17
1627,tcp,44408120214294,17
1628,tcp,44408120225994,17
1629,tcp,44408203545834,17
1630,tcp,44408203555644,17
1631,tcp,44408286927954,17
1632,tcp,44408286940104,1512
1633,tcp,44408370314394,112
1634,tcp,44408370328704,426
1635,tcp,44408453624064,42
1636,tcp,44408453638014,32
1637,tcp,44408537011404,112
1638,tcp,44408537021484,25
1639,tcp,44408620232064,24
1640,tcp,44408620243044,48
1641,tcp,44408703646764,23
1642,tcp,44408703658014,23
1643,tcp,44408786980644,18
1644,tcp,44408786994774,249
1645,tcp,44408870285724,22
1646,tcp,44408870296164,24
1647,tcp,44408953584414,20
1648,tcp,44408953594314,17
1649,tcp,44409036925314,18
1650,tcp,44409036937554,18
1651,tcp,44409120328044,17
1652,tcp,44409120338484,18
1653,tcp,44409203515944,18
1654,tcp,44409203525754,17
1655,tcp,44409286931994,18
1656,tcp,44409286943064,957
1657,tcp,44409370206474,161
1658,tcp,44409370221144,476
1659,tcp,44409453531714,34
1660,tcp,44409453541974,27
1661,tcp,44409536960454,128
1662,tcp,44409536975664,26
1663,tcp,44409620255274,23
1664,tcp,44409620268954,34
1665,tcp,44409703583304,23
1666,tcp,44409703596534,24
1667,tcp,44409786971994,21
1668,tcp,44409786985494,365
1669,tcp,44409870388674,26
1670,tcp,44409870404064,26
1671,tcp,44409953628774,85
1672,tcp,44409953642814,24
1673,tcp,44410037044734,26
1674,tcp,44410037062374,22
1675,tcp,44410120282134,12
1676,tcp,44410120292844,13
1677,tcp,44410203622224,13
1678,tcp,44410203635814,12
1679,tcp,44410286849004,13
1680,tcp,44410286859894,1468
1681,tcp,44410370306184,265
1682,tcp,44410370319864,504
1683,tcp,44410453652034,46
1684,tcp,44410453666524,47
1685,tcp,44410536907614,289
1686,tcp,44410536922014,41
1687,tcp,44410620322674,37
1688,tcp,44410620338694,35
1689,tcp,44410703629374,22
1690,tcp,44410703644674,22
1691,tcp,44410786955514,22
1692,tcp,44410786970004,410
1693,tcp,44410870189584,28
1694,tcp,44410870202004,26
1695,tcp,44410953532464,55
1696,tcp,44410953543444,22
1697,tcp,44411036906124,25
1698,tcp,44411036916654,21
1699,tcp,44411120338374,12
1700,tcp,44411120353584,13
1701,tcp,44411203556604,13
1702,tcp,44411203568664,12
1703,tcp,44411287026654,13
1704,tcp,44411287043664,606
1705,tcp,44411370247044,76
1706,tcp,44411370259014,266
1707,tcp,44411453590194,30
1708,tcp,44411453599824,21
1709,tcp,44411566264254,18
1710,tcp,44411566281084,15
1711,tcp,44411620152744,15
1712,tcp,44411620162554,16
1713,tcp,44411703538374,15
1714,tcp,44411703548724,15
1715,tcp,44411786862084,16
1716,tcp,44411890366494,331
1717,tcp,44411890376844,23
1718,tcp,44411890381254,22
1719,tcp,44411953528044,26
1720,tcp,44411953538844,12
1721,tcp,44412036941934,13
1722,tcp,44412036953184,39
1723,tcp,44412120297324,19
1724,tcp,44412120307404,18
1725,tcp,44412203522304,17
1726,tcp,44412203532204,12
1727,tcp,44412286892184,13
1728,tcp,44412286903344,1157
1729,tcp,44412370307784,131
1730,tcp,44412370318494,297
1731,tcp,44412453590724,41
1732,tcp,44412453605214,27
1733,tcp,44412536900304,91
1734,tcp,44412536910924,32
1735,tcp,44412620268564,28
1736,tcp,44412620281524,74
1737,tcp,44412703598934,25
1738,tcp,44412703611354,27
1739,tcp,44412786830124,26
1740,tcp,44412786840204,290
1741,tcp,44412870245364,23
1742,tcp,44412870256254,34
1743,tcp,44412953521104,23
1744,tcp,44412953531094,20
1745,tcp,44413036941564,20
1746,tcp,44413036955064,20
1747,tcp,44413120207044,17
1748,tcp,44413120219464,18
1749,tcp,44413203543894,18
1750,tcp,44413223812884,5613
1751,tcp,44413286930154,109
1752,tcp,44413286949594,1018
1753,tcp,44413370195184,499
1754,tcp,44413370206254,146
1755,tcp,44413453519974,70
1756,tcp,44413453530054,71
1757,tcp,44413537017474,69
1758,tcp,44413537028544,42
1759,tcp,44413620215094,43
1760,tcp,44413620224544,35
1761,tcp,44413703635644,29
1762,tcp,44413703648334,25
1763,tcp,44413786955934,24
1764,tcp,44413786970334,256
1765,tcp,44413870458114,31
1766,tcp,44413870469274,30
1767,tcp,44413953604794,28
1768,tcp,44413953618384,32
1769,tcp,44414036971704,25
1770,tcp,44414036986824,26
1771,tcp,44414120362194,24
1772,tcp,44414120378034,24
1773,tcp,44414203562964,24
1774,tcp,44414203574034,24
1775,tcp,44414286928344,24
1776,tcp,44414286939504,1129
1777,tcp,44414370294354,379
1778,tcp,44414370315414,134
1779,tcp,44414453553354,36
1780,tcp,44414453563344,33
1781,tcp,44414536903794,24
1782,tcp,44414536913874,23
1783,tcp,44414620191504,22
1784,tcp,44414620202214,22
1785,tcp,44414703634554,21
1786,tcp,44414703644814,22
1787,tcp,44414786822814,22
1788,tcp,44414786833254,376
1789,tcp,44414870189814,36
1790,tcp,44414870200074,35
1791,tcp,44414953569864,48
1792,tcp,44414953583094,24
1793,tcp,44415036885924,22
1794,tcp,44415036897444,79
1795,tcp,44415120238164,25
1796,tcp,44415120249774,19
1797,tcp,44415203586624,19
1798,tcp,44415203596974,13
1799,tcp,44415287008614,13
1800,tcp,44415287024184,1634
1801,tcp,44415370439154,614
1802,tcp,44415370454904,194
1803,tcp,44415453688164,67
1804,tcp,44415453703284,124
1805,tcp,44415536975784,86
1806,tcp,44415536991804,38
1807,tcp,44415620286894,17
1808,tcp,44415620297604,17
1809,tcp,44415703634364,16
1810,tcp,44415703650564,17
1811,tcp,44415786896964,17
1812,tcp,44415786908394,427
1813,tcp,44415870252984,50
1814,tcp,44415870263154,19
1815,tcp,44415953528004,57
1816,tcp,44415953540064,22
1817,tcp,44416036919934,18
1818,tcp,44416036931544,21
1819,tcp,44416120321134,16
1820,tcp,44416120334994,16
1821,tcp,44416203601824,21
1822,tcp,44416203614514,15
1823,tcp,44416286946144,13
1824,tcp,44416286962074,1273
1825,tcp,44416370346084,637
1826,tcp,44416370359584,43
1827,tcp,44416453601034,38
1828,tcp,44416453613184,89
1829,tcp,44416536991434,34
1830,tcp,44416537005204,23
1831,tcp,44416620213534,26
1832,tcp,44416620223614,21
1833,tcp,44416703750184,17
1834,tcp,44416703769084,17
1835,tcp,44416786933764,17
1836,tcp,44416786945824,382
1837,tcp,44416870379874,31
1838,tcp,44416870396344,30
1839,tcp,44416953651204,164
1840,tcp,44416954210554,35
1841,tcp,44417036940444,22
1842,tcp,44417036953584,66
1843,tcp,44417120317614,25
1844,tcp,44417120332104,23
1845,tcp,44417203640244,24
1846,tcp,44417203653564,13
1847,tcp,44417286974934,13
1848,tcp,44417286990504,639
1849,tcp,44417370312684,281
1850,tcp,44417370326364,61
1851,tcp,44417453615604,25
1852,tcp,44417453628384,26
1853,tcp,44417536881174,25
1854,tcp,44417536891524,18
1855,tcp,44417620228374,18
1856,tcp,44417620238364,16
1857,tcp,44417703566304,12
1858,tcp,44417703576924,13
1859,tcp,44417786921874,13
1860,tcp,44417786932584,186
1861,tcp,44417870312274,32
1862,tcp,44417870325414,23
1863,tcp,44417953525014,17
1864,tcp,44417953535274,16
1865,tcp,44418036900114,16
1866,tcp,44418036910104,15
1867,tcp,44418120236604,16
1868,tcp,44418120249474,16
1869,tcp,44418203576064,15
1870,tcp,44418203587764,16
1871,tcp,44418287001024,16
1872,tcp,44418287022264,1550
1873,tcp,44418370368924,481
1874,tcp,44418370384674,136
1875,tcp,44418453589764,27
1876,tcp,44418453599574,24
1877,tcp,44418536930754,18
1878,tcp,44418536940654,15
1879,tcp,44418620208294,16
1880,tcp,44418620225844,16
1881,tcp,44418703575744,15
1882,tcp,44418703586184,16
1883,tcp,44418786997554,16
1884,tcp,44418787011684,267
1885,tcp,44418870223704,24
1886,tcp,44418870236844,22
1887,tcp,44418953543184,13
1888,tcp,44418953552994,13
1889,tcp,44419036904964,13
1890,tcp,44419036930704,13
1891,tcp,44419120259184,13
1892,tcp,44419120272324,13
1893,tcp,44419203521604,13
1894,tcp,44419203532314,13
1895,tcp,44419286894274,13
1896,tcp,44419286906604,972
1897,tcp,44419370310324,543
1898,tcp,44419370325354,39
1899,tcp,44419453610184,29
1900,tcp,44419453623324,49
1901,tcp,44419536956574,25
1902,tcp,44419536971334,15
1903,tcp,44419650216534,15
1904,tcp,44419650226704,13
1905,tcp,44419703618394,12
1906,tcp,44419703632794,13
1907,tcp,44419786996914,13
1908,tcp,44419787012304,477
1909,tcp,44419870465254,32
1910,tcp,44419870478574,26
1911,tcp,44419953629844,75
1912,tcp,44419953643434,23
1913,tcp,44420036909274,17
1914,tcp,44420036920524,19
1915,tcp,44420120411994,15
1916,tcp,44420120427114,15
1917,tcp,44420203642824,15
1918,tcp,44420203656594,13
1919,tcp,44420286895794,13
1920,tcp,44420286906414,2123
1921,tcp,44420370219144,969
1922,tcp,44420370237234,152
1923,tcp,44420453632674,61
1924,tcp,44420453645814,68
1925,tcp,44420566277304,35
1926,tcp,44420566287384,23
1927,tcp,44420620186134,25
1928,tcp,44420620196934,22
1929,tcp,44420703503004,15
1930,tcp,44420703512724,16
1931,tcp,44420786869014,16
1932,tcp,44420786884044,335
1933,tcp,44420870215764,37
1934,tcp,44420870226114,24
1935,tcp,44420953651074,21
1936,tcp,44420953661784,13
1937,tcp,44421066319914,13
1938,tcp,44421066335664,13
1939,tcp,44421120314424,13
1940,tcp,44421120328374,13
1941,tcp,44421203520324,13
1942,tcp,44421203531124,13
1943,tcp,44421286874364,13
1944,tcp,44421286885344,595
1945,tcp,44421370547814,306
1946,tcp,44421370567524,35
1947,tcp,44421453675324,24
1948,tcp,44421453688824,24
1949,tcp,44421536884734,15
1950,tcp,44421536894454,12
1951,tcp,44421620168934,13
1952,tcp,44421620179194,13
1953,tcp,44421703522884,12
1954,tcp,44421703532244,13
1955,tcp,44421786871254,13
1956,tcp,44421786883944,295
1957,tcp,44421870284424,22
1958,tcp,44421870298104,21
1959,tcp,44421953508954,117
1960,tcp,44421953519124,22
1961,tcp,44422036928514,15
1962,tcp,44422036938144,13
1963,tcp,44422120191294,13
1964,tcp,44422120201284,13
1965,tcp,44422203586824,13
1966,tcp,44422203602754,13
1967,tcp,44422286949864,13
1968,tcp,44422286965524,1216
1969,tcp,44422370295624,439
1970,tcp,44422370306784,98
1971,tcp,44422453625004,30
1972,tcp,44422453642104,28
1973,tcp,44422536935304,26
1974,tcp,44422536950244,17
1975,tcp,44422620264414,15
1976,tcp,44422620274674,15
1977,tcp,44422703576874,15
1978,tcp,44422703587854,15
1979,tcp,44422786877814,15
1980,tcp,44422786889964,294
1981,tcp,44422870271364,43
1982,tcp,44422870281804,26
1983,tcp,44422953529374,19
1984,tcp,44422953539184,15
1985,tcp,44423036940654,15
1986,tcp,44423036951904,15
1987,tcp,44423120226744,15
1988,tcp,44423120236734,15
1989,tcp,44423203536234,15
1990,tcp,44423203546674,15
1991,tcp,44423286910704,15
1992,tcp,44423286922314,840
1993,tcp,44423370234594,425
1994,tcp,44423370245034,52
1995,tcp,44423453601954,42
1996,tcp,44423453615634,126
1997,tcp,44423536883544,43
1998,tcp,44423536893984,20
1999,tcp,44423620215984,15
2000,tcp,44423640407394,7097
2001,tcp,44423703575874,62
2002,tcp,44423703587484,71
2003,tcp,44423786931534,89
2004,tcp,44423786946024,218
2005,tcp,44423870253804,60
2006,tcp,44423870264964,121
2007,tcp,44423953615764,29
2008,tcp,44423953629084,22
2009,tcp,44424036870174,23
2010,tcp,44424036880074,13
2011,tcp,44424120260844,13
2012,tcp,44424120272004,13
2013,tcp,44424203567364,13
2014,tcp,44424203577804,13
2015,tcp,44424286955514,13
2016,tcp,44424286971354,1216
2017,tcp,44424370221984,297
2018,tcp,44424370235214,287
2019,tcp,44424453507174,35
2020,tcp,44424453517254,32
2021,tcp,44424536846904,81
2022,tcp,44424536857164,30
2023,tcp,44424620264124,26
2024,tcp,44424620273754,22
2025,tcp,44424703498914,13
2026,tcp,44424703509084,13
2027,tcp,44424786926934,13
2028,tcp,44424786937194,307
2029,tcp,44424902356794,23
2030,tcp,44424902371014,31
2031,tcp,44424953525034,15
2032,tcp,44424953535564,13
2033,tcp,44425036874844,18
2034,tcp,44425036885014,13
2035,tcp,44425120257054,13
2036,tcp,44425120267134,13
2037,tcp,44425203584724,13
2038,tcp,44425203597684,13
2039,tcp,44425318210254,13
2040,tcp,44425318221594,1279
2041,tcp,44425370381274,248
2042,tcp,44425370401254,395
2043,tcp,44425453581234,39
2044,tcp,44425453591764,21
2045,tcp,44425536878934,48
2046,tcp,44425536888654,19
2047,tcp,44425620175284,17
2048,tcp,44425620185094,16
2049,tcp,44425703557854,13
2050,tcp,44425807113474,13
2051,tcp,44425807126884,13
2052,tcp,44425807129764,160
2053,tcp,44425870290684,19
2054,tcp,44425870302294,15
2055,tcp,44425953603684,13
2056,tcp,44425953618444,13
2057,tcp,44426037017124,13
2058,tcp,44426037034044,13
2059,tcp,44426120270724,13
2060,tcp,44426120282154,13
2061,tcp,44426203592184,13
2062,tcp,44426203605414,13
2063,tcp,44426286895104,13
2064,tcp,44426286909504,1441
2065,tcp,44426402268354,379
2066,tcp,44426402282664,409
2067,tcp,44426453555304,34
2068,tcp,44426453571414,25
2069,tcp,44426536851924,68
2070,tcp,44426536863624,19
2071,tcp,44426620260144,20
2072,tcp,44426620274364,28
2073,tcp,44426703614904,18
2074,tcp,44426703626874,16
2075,tcp,44426786958054,15
2076,tcp,44426786976234,299
2077,tcp,44426870258454,22
2078,tcp,44426870269794,20
2079,tcp,44426953612044,13
2080,tcp,44426953622394,13
2081,tcp,44427036885354,13
2082,tcp,44427036895074,13
2083,tcp,44427120207624,13
2084,tcp,44427120218424,13
2085,tcp,44427203645634,13
2086,tcp,44427203658594,13
2087,tcp,44427286856394,13
2088,tcp,44427286870434,836
2089,tcp,44427370274244,177
2090,tcp,44427370285674,266
2091,tcp,44427482298594,41
2092,tcp,44427482315514,36
2093,tcp,44427536912754,42
2094,tcp,44427536926974,22
2095,tcp,44427620184264,19
2096,tcp,44427620195154,16
2097,tcp,44427703673124,13
2098,tcp,44427703690944,13
2099,tcp,44427786999534,13
2100,tcp,44427787020144,277
2101,tcp,44427870423774,53
2102,tcp,44427870441504,92
2103,tcp,44427953626344,21
2104,tcp,44427953640204,18
2105,tcp,44428036989744,16
2106,tcp,44428037003514,13
2107,tcp,44428120294104,13
2108,tcp,44428120308054,13
2109,tcp,44428203705204,13
2110,tcp,44428203719424,13
2111,tcp,44428286929554,13
2112,tcp,44428286942244,1372
2113,tcp,44428370286114,177
2114,tcp,44428370296464,384
2115,tcp,44428453549074,26
2116,tcp,44428453559694,26
2117,tcp,44428536946854,97
2118,tcp,44428536961164,25
2119,tcp,44428620205134,18
2120,tcp,44428620216384,63
2121,tcp,44428703641704,18
2122,tcp,44428703656194,15
2123,tcp,44428786912764,17
2124,tcp,44428786924104,198
2125,tcp,44428870397304,24
2126,tcp,44428870412694,43
2127,tcp,44428953562344,17
2128,tcp,44428953573684,15
2129,tcp,44429036952654,16
2130,tcp,44429036966874,13
2131,tcp,44429120240364,13
2132,tcp,44429120253234,13
2133,tcp,44429203543554,13
2134,tcp,44429203554444,13
2135,tcp,44429286988584,13
2136,tcp,44429287002894,1160
2137,tcp,44429370222654,284
2138,tcp,44429370233814,433
2139,tcp,44429453590914,31
2140,tcp,44429453604324,26
2141,tcp,44429536935954,64
2142,tcp,44429536949364,25
2143,tcp,44429620437234,22
2144,tcp,44429620454964,20
2145,tcp,44429703771744,13
2146,tcp,44429703781734,13
2147,tcp,44429786910684,13
2148,tcp,44429786920854,311
2149,tcp,44429870235564,23
2150,tcp,44429870246364,24
2151,tcp,44429953511934,15
2152,tcp,44429953521924,13
2153,tcp,44430036834654,13
2154,tcp,44430036844824,13
2155,tcp,44430120225234,13
2156,tcp,44430120235314,13
2157,tcp,44430203578104,13
2158,tcp,44430203591874,13
2159,tcp,44430286869774,13
2160,tcp,44430286880844,2412
2161,tcp,44430370286364,412
2162,tcp,44430370302564,980
2163,tcp,44430453498474,60
2164,tcp,44430453509544,41
2165,tcp,44430536907954,104
2166,tcp,44430536926314,37
2167,tcp,44430620253804,32
2168,tcp,44430620263794,87
2169,tcp,44430703530264,22
2170,tcp,44430703540614,19
2171,tcp,44430786916524,16
2172,tcp,44430786927414,200
2173,tcp,44430870174354,16
2174,tcp,44430870185604,13
2175,tcp,44430953573214,13
2176,tcp,44430953586174,13
2177,tcp,44431036899354,13
2178,tcp,44431036910154,13
2179,tcp,44431120182924,13
2180,tcp,44431120194714,13
2181,tcp,44431203602484,13
2182,tcp,44431203612654,13
2183,tcp,44431286910534,13
2184,tcp,44431286921064,667
2185,tcp,44431370235144,186
2186,tcp,44431370246214,243
2187,tcp,44431453524384,34
2188,tcp,44431453538244,25
2189,tcp,44431536926304,21
2190,tcp,44431536937644,13
2191,tcp,44431620222384,13
2192,tcp,44431620233364,13
2193,tcp,44431703567874,13
2194,tcp,44431703580744,13
2195,tcp,44431786987524,13
2196,tcp,44431890794334,291
2197,tcp,44431890810444,23
2198,tcp,44431890813144,35
2199,tcp,44431953591924,23
2200,tcp,44431953607314,13
2201,tcp,44432036879094,13
2202,tcp,44432036890524,13
2203,tcp,44432120224854,13
2204,tcp,44432120239074,13
2205,tcp,44432203576104,13
2206,tcp,44432203587984,13
2207,tcp,44432286918534,13
2208,tcp,44432286931854,1387
2209,tcp,44432370413694,186
2210,tcp,44432370433944,423
2211,tcp,44432453529954,32
2212,tcp,44432453541744,20
2213,tcp,44432536878054,67
2214,tcp,44432536891284,17
2215,tcp,44432650213524,18
2216,tcp,44432650223964,71
2217,tcp,44432703545364,21
2218,tcp,44432703555264,18
2219,tcp,44432786890854,18
2220,tcp,44432786903184,280
2221,tcp,44432870156154,39
2222,tcp,44432870166504,95
2223,tcp,44432953580124,21
2224,tcp,44432953589484,18
2225,tcp,44433036845604,20
2226,tcp,44433036855594,13
2227,tcp,44433120265074,13
2228,tcp,44433120281994,13
2229,tcp,44433203813334,13
2230,tcp,44433203827914,13
2231,tcp,44433286848954,13
2232,tcp,44433286860654,1086
2233,tcp,44433370218564,249
2234,tcp,44433370230624,431
2235,tcp,44433453538314,37
2236,tcp,44433453550374,28
2237,tcp,44433536977764,116
2238,tcp,44433536988834,27
2239,tcp,44433620200314,20
2240,tcp,44433620211564,15
2241,tcp,44433703540044,13
2242,tcp,44433703551384,13
2243,tcp,44433786934134,13
2244,tcp,44433786945114,253
2245,tcp,44433870154884,21
2246,tcp,44433870165774,47
2247,tcp,44433953595144,18
2248,tcp,44433953605674,15
2249,tcp,44434036913274,17
2250,tcp,44434077314724,7542
2251,tcp,44434120241124,71
2252,tcp,44434120251564,73
2253,tcp,44434203545844,68
2254,tcp,44434203556104,42
2255,tcp,44434286873604,30
2256,tcp,44434286884224,1075
2257,tcp,44434370488554,147
2258,tcp,44434370502774,274
2259,tcp,44434453566024,37
2260,tcp,44434453578804,31
2261,tcp,44434536945984,64
2262,tcp,44434536963354,22
2263,tcp,44434620267084,20
2264,tcp,44434620283554,59
2265,tcp,44434703641104,19
2266,tcp,44434703656494,19
2267,tcp,44434786914054,18
2268,tcp,44434786928274,288
2269,tcp,44434870254324,22
2270,tcp,44434870265844,89
2271,tcp,44434953570924,20
2272,tcp,44434953581094,13
2273,tcp,44435036920014,13
2274,tcp,44435036930364,13
2275,tcp,44435120202054,13
2276,tcp,44435120213214,13
2277,tcp,44435203640604,13
2278,tcp,44435203650864,13
2279,tcp,44435286916704,13
2280,tcp,44435286928764,1225
2281,tcp,44435370221604,287
2282,tcp,44435370235734,333
2283,tcp,44435453659524,37
2284,tcp,44435453680314,24
2285,tcp,44435536889004,69
2286,tcp,44435536902774,21
2287,tcp,44435620263474,21
2288,tcp,44435620277154,18
2289,tcp,44435703585564,13
2290,tcp,44435703597714,13
2291,tcp,44435786906934,13
2292,tcp,44435786920164,198
2293,tcp,44435870246394,19
2294,tcp,44435870260884,22
2295,tcp,44435982271914,13
2296,tcp,44435982286224,13
2297,tcp,44436036956994,13
2298,tcp,44436036970404,13
2299,tcp,44436120208344,13
2300,tcp,44436120218964,13
2301,tcp,44436203571204,13
2302,tcp,44436203581464,13
2303,tcp,44436286960524,13
2304,tcp,44436286971504,1501
2305,tcp,44436370274514,367
2306,tcp,44436370290624,406
2307,tcp,44436453552324,41
2308,tcp,44436453563034,28
2309,tcp,44436537033174,81
2310,tcp,44436537048924,23
2311,tcp,44436620281194,22
2312,tcp,44436620299554,27
2313,tcp,44436703596084,15
2314,tcp,44436703606614,16
2315,tcp,44436786889014,16
2316,tcp,44436786899994,288
2317,tcp,44436870345474,22
2318,tcp,44436870358434,39
2319,tcp,44436953549574,18
2320,tcp,44436953563254,13
2321,tcp,44437036987764,13
2322,tcp,44437037002164,13
2323,tcp,44437120198614,13
2324,tcp,44437120209234,13
2325,tcp,44437203620784,13
2326,tcp,44437203633384,13
2327,tcp,44437286894094,13
2328,tcp,44437286905074,826
2329,tcp,44437370301774,176
2330,tcp,44437370316084,285
2331,tcp,44437453609374,39
2332,tcp,44437453623594,25
2333,tcp,44437536993654,36
2334,tcp,44437537007784,27
2335,tcp,44437650283494,23
2336,tcp,44437650294204,45
2337,tcp,44437703604084,25
2338,tcp,44437807162404,22
2339,tcp,44437807175004,25
2340,tcp,44437827426624,276
2341,tcp,44437870274994,33
2342,tcp,44437870284624,92
2343,tcp,44437953612474,21
2344,tcp,44437953626694,20
2345,tcp,44438036881104,18
2346,tcp,44438036892534,13
2347,tcp,44438120165484,13
2348,tcp,44438120175744,13
2349,tcp,44438203541034,13
2350,tcp,44438203551204,13
2351,tcp,44438286857994,13
2352,tcp,44438286869424,1707
2353,tcp,44438370189264,310
2354,tcp,44438370200424,473
2355,tcp,44438453469054,37
2356,tcp,44438453478594,28
2357,tcp,44438536863054,71
2358,tcp,44438536873044,20
2359,tcp,44438620169844,17
2360,tcp,44438620180824,13
2361,tcp,44438703549354,13
2362,tcp,44438703559254,13
2363,tcp,44438786906274,13
2364,tcp,44438786917884,248
2365,tcp,44438870275164,20
2366,tcp,44438870285964,44
2367,tcp,44438953518054,19
2368,tcp,44438953528584,15
2369,tcp,44439036828444,13
2370,tcp,44439036838794,13
2371,tcp,44439120219924,13
2372,tcp,44439120232974,13
2373,tcp,44439203545524,13
2374,tcp,44439203555784,13
2375,tcp,44439286866714,13
2376,tcp,44439286877244,960
2377,tcp,44439370224444,303
2378,tcp,44439370236324,308
2379,tcp,44439453605664,25
2380,tcp,44439453618084,21
2381,tcp,44439536904264,110
2382,tcp,44439536917764,20
2383,tcp,44439620202414,19
2384,tcp,44439620212584,17
2385,tcp,44439703569234,13
2386,tcp,44439703581744,13
2387,tcp,44439786908784,13
2388,tcp,44439786921834,189
2389,tcp,44439870248784,21
2390,tcp,44439870261384,29
2391,tcp,44439953608854,15
2392,tcp,44439953619384,13
2393,tcp,44440036862274,18
2394,tcp,44440140334014,13
2395,tcp,44440140344004,13
2396,tcp,44440140345354,13
2397,tcp,44440203534714,13
2398,tcp,44440203544884,13
2399,tcp,44440286935644,13
2400,tcp,44440286946174,2462
2401,tcp,44440370291664,532
2402,tcp,44440370301834,760
2403,tcp,44440453544454,48
2404,tcp,44440453556784,27
2405,tcp,44440536843324,116
2406,tcp,44440536859434,25
2407,tcp,44440620358104,26
2408,tcp,44440620371514,31
2409,tcp,44440703530524,17
2410,tcp,44440703541504,19
2411,tcp,44440786921554,24
2412,tcp,44440786936944,182
2413,tcp,44440870430574,18
2414,tcp,44440870451904,18
2415,tcp,44440953588144,13
2416,tcp,44440953598494,13
2417,tcp,44441036945604,13
2418,tcp,44441036956134,13
2419,tcp,44441120245824,13
2420,tcp,44441120257344,13
2421,tcp,44441203575924,13
2422,tcp,44441203588704,13
2423,tcp,44441286897744,13
2424,tcp,44441286908544,626
2425,tcp,44441370204264,181
2426,tcp,44441370216054,131
2427,tcp,44441453533644,39
2428,tcp,44441453544354,35
2429,tcp,44441536841874,139
2430,tcp,44441536852224,32
2431,tcp,44441620222554,30
2432,tcp,44441620235874,58
2433,tcp,44441703539064,33
2434,tcp,44441807060484,40
2435,tcp,44441807073804,42
2436,tcp,44441807075514,307
2437,tcp,44441870206824,28
2438,tcp,44441870216724,39
2439,tcp,44441953616214,20
2440,tcp,44441953627284,13
2441,tcp,44442036952074,13
2442,tcp,44442036972504,13
2443,tcp,44442120222144,13
2444,tcp,44442120233574,13
2445,tcp,44442203598864,13
2446,tcp,44442203610024,13
2447,tcp,44442287030214,13
2448,tcp,44442287046324,1380
2449,tcp,44442370178334,136
2450,tcp,44442370188234,372
2451,tcp,44442453556494,36
2452,tcp,44442453566574,27
2453,tcp,44442536878494,105
2454,tcp,44442536888844,23
2455,tcp,44442620302644,27
2456,tcp,44442620317584,22
2457,tcp,44442703544904,13
2458,tcp,44442703555074,13
2459,tcp,44442786837654,13
2460,tcp,44442786847824,281
2461,tcp,44442870227154,40
2462,tcp,44442870244794,83
2463,tcp,44442953520534,22
2464,tcp,44442953531154,21
2465,tcp,44443037200284,13
2466,tcp,44443037258784,13
2467,tcp,44443120252374,13
2468,tcp,44443120264434,13
2469,tcp,44443203557634,13
2470,tcp,44443203567894,13
2471,tcp,44443318264524,13
2472,tcp,44443318275684,1074
2473,tcp,44443370295954,263
2474,tcp,44443370309724,468
2475,tcp,44443453508154,41
2476,tcp,44443557172764,30
2477,tcp,44443557183384,109
2478,tcp,44443557184914,27
2479,tcp,44443620278874,21
2480,tcp,44443620294354,24
2481,tcp,44443703684844,20
2482,tcp,44443703700504,16
2483,tcp,44443786879944,15
2484,tcp,44443786890924,251
2485,tcp,44443870255764,21
2486,tcp,44443870266654,43
2487,tcp,44443953511704,15
2488,tcp,44443953521424,13
2489,tcp,44444036868714,13
2490,tcp,44444036879154,13
2491,tcp,44444120234454,13
2492,tcp,44444120243994,13
2493,tcp,44444203550154,13
2494,tcp,44444203560684,13
2495,tcp,44444286953424,13
2496,tcp,44444286965304,1244
2497,tcp,44444370229344,184
2498,tcp,44444370243474,369
2499,tcp,44444453511744,37
2500,tcp,44444473733664,6470
2501,tcp,44444536881984,93
2502,tcp,44444536893054,42
2503,tcp,44444620244214,45
2504,tcp,44444620253574,13
2505,tcp,44444703609954,13
2506,tcp,44444703624444,13
2507,tcp,44444786856264,13
2508,tcp,44444786867064,271
2509,tcp,44444870259264,91
2510,tcp,44444870272944,20
2511,tcp,44444953504584,13
2512,tcp,44444953516554,13
2513,tcp,44445036959694,13
2514,tcp,44445036974004,13
2515,tcp,44445120181164,13
2516,tcp,44445120191604,13
2517,tcp,44445203528184,13
2518,tcp,44445203538534,13
2519,tcp,44445286948734,13
2520,tcp,44445286959624,1635
2521,tcp,44445370254714,627
2522,tcp,44445370265064,75
2523,tcp,44445453521814,42
2524,tcp,44445453534684,36
2525,tcp,44445536896014,13
2526,tcp,44445536908704,13
2527,tcp,44445620246544,13
2528,tcp,44445620260044,13
2529,tcp,44445703597614,13
2530,tcp,44445703613634,13
2531,tcp,44445787013124,13
2532,tcp,44445787028874,81
2533,tcp,44445870233964,13
2534,tcp,44445870247914,13
2535,tcp,44445953525994,13
2536,tcp,44445953536794,13
2537,tcp,44446036926294,13
2538,tcp,44446036940424,13
2539,tcp,44446120256484,13
2540,tcp,44446120270344,13
2541,tcp,44446203590814,13
2542,tcp,44446307075064,13
2543,tcp,44446307085054,13
2544,tcp,44446307087304,1412
2545,tcp,44446370414364,647
2546,tcp,44446370430294,52
2547,tcp,44446453608834,33
2548,tcp,44446453623324,26
2549,tcp,44446536988794,101
2550,tcp,44446537000674,25
2551,tcp,44446620207024,23
2552,tcp,44446620217014,13
2553,tcp,44446703602464,13
2554,tcp,44446703612004,13
2555,tcp,44446786861194,13
2556,tcp,44446786871904,302
2557,tcp,44446870244394,34
2558,tcp,44446870256994,23
2559,tcp,44446953563694,13
2560,tcp,44446953577464,13
2561,tcp,44447036928174,13
2562,tcp,44447036940144,13
2563,tcp,44447120168094,13
2564,tcp,44447120177814,13
2565,tcp,44447203579374,13
2566,tcp,44447203589364,13
2567,tcp,44447286884544,13
2568,tcp,44447286895974,809
2569,tcp,44447370207264,349
2570,tcp,44447370217794,64
2571,tcp,44447453539434,29
2572,tcp,44447453550054,41
2573,tcp,44447536889694,27
2574,tcp,44447536899954,17
2575,tcp,44447620305744,15
2576,tcp,44447620319874,13
2577,tcp,44447703549804,13
2578,tcp,44447703562944,13
2579,tcp,44447786939484,13
2580,tcp,44447786953074,273
2581,tcp,44447870272104,64
2582,tcp,44447870283174,23
2583,tcp,44447953697154,13
2584,tcp,44447953711014,13
2585,tcp,44448036878484,13
2586,tcp,44448036889014,13
2587,tcp,44448120198864,13
2588,tcp,44448120208674,13
2589,tcp,44448203615814,13
2590,tcp,44448203626164,13
2591,tcp,44448286874454,13
2592,tcp,44448286886064,1693
2593,tcp,44448370189434,595
2594,tcp,44448370201854,107
2595,tcp,44448453565974,33
2596,tcp,44448453575694,29
2597,tcp,44448536873304,13
2598,tcp,44448536883924,13
2599,tcp,44448620203224,13
2600,tcp,44448620212494,13
2601,tcp,44448703573284,13
2602,tcp,44448703587864,13
2603,tcp,44448786816174,13
2604,tcp,44448786826974,216
2605,tcp,44448870196584,41
2606,tcp,44448870206754,21
2607,tcp,44448953603814,13
2608,tcp,44448953614884,13
2609,tcp,44449036898724,13
2610,tcp,44449036908984,13
2611,tcp,44449120184454,13
2612,tcp,44449120194714,13
2613,tcp,44449203529404,13
2614,tcp,44449203541014,13
2615,tcp,44449286976414,13
2616,tcp,44449286994414,1121
2617,tcp,44449370139924,664
2618,tcp,44449370152344,75
2619,tcp,44449453520334,26
2620,tcp,44449453530774,25
2621,tcp,44449537017474,13
2622,tcp,44449537032144,13
2623,tcp,44449620208164,13
2624,tcp,44449620218244,13
2625,tcp,44449703531064,13
2626,tcp,44449703540874,13
2627,tcp,44449786848204,13
2628,tcp,44449786859364,307
2629,tcp,44449870222494,34
2630,tcp,44449870232934,25
2631,tcp,44449953531534,20
2632,tcp,44449953541974,13
2633,tcp,44450036836164,13
2634,tcp,44450036846514,13
2635,tcp,44450120169594,13
2636,tcp,44450120180394,13
2637,tcp,44450203593564,13
2638,tcp,44450203608414,13
2639,tcp,44450286856254,13
2640,tcp,44450286867864,1800
2641,tcp,44450370256644,948
2642,tcp,44450370267624,100
2643,tcp,44450453551374,41
2644,tcp,44450453562174,26
2645,tcp,44450536957434,13
2646,tcp,44450536974534,13
2647,tcp,44450620252344,13
2648,tcp,44450620262784,13
2649,tcp,44450703628614,13
2650,tcp,44450703644274,13
2651,tcp,44450786841714,13
2652,tcp,44450786851434,201
2653,tcp,44450870234094,26
2654,tcp,44450870245974,15
2655,tcp,44450953585074,13
2656,tcp,44450953598214,13
2657,tcp,44451036919584,13
2658,tcp,44451036931014,13
2659,tcp,44451120258414,13
2660,tcp,44451120269934,13
2661,tcp,44451203601654,13
2662,tcp,44451203615784,13
2663,tcp,44451286834734,13
2664,tcp,44451286846434,500
2665,tcp,44451370257534,288
2666,tcp,44451370271394,46
2667,tcp,44451453635334,36
2668,tcp,44451453648744,33
2669,tcp,44451536961474,32
2670,tcp,44451536976054,19
2671,tcp,44451620281584,18
2672,tcp,44451620297244,13
2673,tcp,44451703704654,13
2674,tcp,44451703728144,13
2675,tcp,44451787021344,13
2676,tcp,44451787035924,308
2677,tcp,44451870321744,28
2678,tcp,44451870333894,27
2679,tcp,44451953666604,18
2680,tcp,44451953682894,13
2681,tcp,44452037026404,13
2682,tcp,44452037040264,13
2683,tcp,44452120347684,13
2684,tcp,44452120361364,13
2685,tcp,44452203636384,13
2686,tcp,44452203649884,13
2687,tcp,44452286937864,13
2688,tcp,44452286948934,1405
2689,tcp,44452370381004,516
2690,tcp,44452370392254,81
2691,tcp,44452453617684,30
2692,tcp,44452453631634,33
2693,tcp,44452537005384,88
2694,tcp,44452537018704,19
2695,tcp,44452620195084,19
2696,tcp,44452620206334,13
2697,tcp,44452703690694,13
2698,tcp,44452703705544,13
2699,tcp,44452786851054,13
2700,tcp,44452786862484,291
2701,tcp,44452870243974,115
2702,tcp,44452870255494,25
2703,tcp,44452953591174,13
2704,tcp,44452953601794,13
2705,tcp,44453036895084,13
2706,tcp,44453036905074,13
2707,tcp,44453120292864,13
2708,tcp,44453120305464,13
2709,tcp,44453203623864,13
2710,tcp,44453203640784,13
2711,tcp,44453286916794,13
2712,tcp,44453286928404,1082
2713,tcp,44453370333204,590
2714,tcp,44453370347424,99
2715,tcp,44453453646654,34
2716,tcp,44453453661414,37
2717,tcp,44453536925094,13
2718,tcp,44453536937604,13
2719,tcp,44453620248084,13
2720,tcp,44453620261764,13
2721,tcp,44453703617694,13
2722,tcp,44453703632184,13
2723,tcp,44453786862024,13
2724,tcp,44453786873004,244
2725,tcp,44453870187354,45
2726,tcp,44453870200134,20
2727,tcp,44453953606464,13
2728,tcp,44453953616904,13
2729,tcp,44454036811284,13
2730,tcp,44454036823794,13
2731,tcp,44454120186564,13
2732,tcp,44454120196014,13
2733,tcp,44454203640144,13
2734,tcp,44454203650764,13
2735,tcp,44454286904184,13
2736,tcp,44454286918494,1205
2737,tcp,44454370214124,454
2738,tcp,44454370226634,41
2739,tcp,44454453538014,22
2740,tcp,44454453554934,71
2741,tcp,44454536897904,19
2742,tcp,44454536911404,13
2743,tcp,44454620290914,13
2744,tcp,44454620305224,13
2745,tcp,44454703669884,13
2746,tcp,44454703682754,13
2747,tcp,44454786875874,13
2748,tcp,44454786887574,308
2749,tcp,44454870236844,48
2750,tcp,44454890508624,6979
2751,tcp,44454953624904,71
2752,tcp,44454953640564,39
2753,tcp,44455036947984,52
2754,tcp,44455036959144,29
2755,tcp,44455120319574,13
2756,tcp,44455120332624,20
2757,tcp,44455203609714,13
2758,tcp,44455203623754,13
2759,tcp,44455286938464,24
2760,tcp,44455286953674,1272
2761,tcp,44455370286294,221
2762,tcp,44455370298264,536
2763,tcp,44455453578414,26
2764,tcp,44455453589664,30
2765,tcp,44455536971514,69
2766,tcp,44455536988704,16
2767,tcp,44455620158964,13
2768,tcp,44455620168774,13
2769,tcp,44455703552964,13
2770,tcp,44455703563404,13
2771,tcp,44455786857234,13
2772,tcp,44455786870014,219
2773,tcp,44455870279404,17
2774,tcp,44455870289394,64
2775,tcp,44455953719664,17
2776,tcp,44455953732984,13
2777,tcp,44456036942214,21
2778,tcp,44456036960754,13
2779,tcp,44456120257374,13
2780,tcp,44456120270784,13
2781,tcp,44456203600524,13
2782,tcp,44456203611324,13
2783,tcp,44456286951324,13
2784,tcp,44456286966984,1731
2785,tcp,44456370255234,231
2786,tcp,44456370899904,520
2787,tcp,44456453537814,34
2788,tcp,44456453547804,22
2789,tcp,44456536899954,148
2790,tcp,44456536910124,22
2791,tcp,44456620148514,20
2792,tcp,44456620158504,19
2793,tcp,44456734190124,13
2794,tcp,44456734199844,13
2795,tcp,44456786820684,13
2796,tcp,44456786831484,230
2797,tcp,44456870153214,23
2798,tcp,44456870163384,97
2799,tcp,44456953577184,23
2800,tcp,44456953593024,13
2801,tcp,44457036829254,13
2802,tcp,44457036838614,13
2803,tcp,44457120145944,13
2804,tcp,44457120155844,13
2805,tcp,44457203498454,13
2806,tcp,44457203508714,13
2807,tcp,44457286869144,13
2808,tcp,44457390284544,959
2809,tcp,44457390295164,229
2810,tcp,44457390296964,186
2811,tcp,44457453534294,40
2812,tcp,44457453548514,41
2813,tcp,44457536952324,41
2814,tcp,44457536968164,26
2815,tcp,44457620157864,20
2816,tcp,44457620169744,80
2817,tcp,44457734194164,26
2818,tcp,44457734204334,23
2819,tcp,44457786893034,21
2820,tcp,44457786910224,306
2821,tcp,44457870149784,59
2822,tcp,44457870160404,107
2823,tcp,44457953604354,22
2824,tcp,44457953615784,21
2825,tcp,44458036830504,22
2826,tcp,44458036841124,13
2827,tcp,44458120395594,13
2828,tcp,44458120408554,13
2829,tcp,44458203503934,13
2830,tcp,44458203513834,13
2831,tcp,44458286833494,13
2832,tcp,44458286843574,1927
2833,tcp,44458370162334,321
2834,tcp,44458370543034,428
2835,tcp,44458453490274,36
2836,tcp,44458453500894,30
2837,tcp,44458536858174,139
2838,tcp,44458536868164,24
2839,tcp,44458620268104,23
2840,tcp,44458620280974,24
2841,tcp,44458703559954,13
2842,tcp,44458703573904,13
2843,tcp,44458786899954,30
2844,tcp,44458786910484,258
2845,tcp,44458870171554,56
2846,tcp,44458870181454,75
2847,tcp,44458953513264,23
2848,tcp,44458953524154,20
2849,tcp,44459036901054,15
2850,tcp,44459036915904,13
2851,tcp,44459120261124,13
2852,tcp,44459120272734,13
2853,tcp,44459203505274,13
2854,tcp,44459203515264,13
2855,tcp,44459286850674,13
2856,tcp,44459286860574,1328
2857,tcp,44459370222084,409
2858,tcp,44459370231984,353
2859,tcp,44459453613744,31
2860,tcp,44459453629674,23
2861,tcp,44459536897044,96
2862,tcp,44459536910814,19
2863,tcp,44459620128954,17
2864,tcp,44459620139394,73
2865,tcp,44459703675864,16
2866,tcp,44459703693954,16
2867,tcp,44459786917584,13
2868,tcp,44459786928834,285
2869,tcp,44459870305374,29
2870,tcp,44459870320314,114
2871,tcp,44459953590924,21
2872,tcp,44459953605684,13
2873,tcp,44460036923814,18
2874,tcp,44460036938214,13
2875,tcp,44460120159414,13
2876,tcp,44460120169944,13
2877,tcp,44460203552874,13
2878,tcp,44460203564664,13
2879,tcp,44460286885674,13
2880,tcp,44460307126404,3714
2881,tcp,44460402210504,712
2882,tcp,44460402221394,1056
2883,tcp,44460453614544,47
2884,tcp,44460453636684,29
2885,tcp,44460536978034,290
2886,tcp,44460536992164,41
2887,tcp,44460620271054,32
2888,tcp,44460620285724,23
2889,tcp,44460703617444,21
2890,tcp,44460703628244,21
2891,tcp,44460786900564,19
2892,tcp,44460786913074,222
2893,tcp,44460870187734,39
2894,tcp,44460870197724,77
2895,tcp,44460953494794,22
2896,tcp,44460953504514,16
2897,tcp,44461036830024,13
2898,tcp,44461036843794,13
2899,tcp,44461120254714,13
2900,tcp,44461120271364,13
2901,tcp,44461234186254,13
2902,tcp,44461234196334,13
2903,tcp,44461286932734,13
2904,tcp,44461286948394,714
2905,tcp,44461370396394,137
2906,tcp,44461370412234,186
2907,tcp,44461453612824,45
2908,tcp,44461453627764,42
2909,tcp,44461536882714,156
2910,tcp,44461536895944,48
2911,tcp,44461620185994,55
2912,tcp,44461620199854,60
2913,tcp,44461703550294,43
2914,tcp,44461703564514,48
2915,tcp,44461786928634,55
2916,tcp,44461786943484,327
2917,tcp,44461870176654,47
2918,tcp,44461870189164,151
2919,tcp,44461953583164,39
2920,tcp,44461953600804,39
2921,tcp,44462036906064,42
2922,tcp,44462036918484,35
2923,tcp,44462120223024,35
2924,tcp,44462120232834,39
2925,tcp,44462203585434,31
2926,tcp,44462307021534,31
2927,tcp,44462307033864,38
2928,tcp,44462307037104,1320
2929,tcp,44462370260214,213
2930,tcp,44462370273804,324
2931,tcp,44462453502744,29
2932,tcp,44462453512734,23
2933,tcp,44462536849314,132
2934,tcp,44462536858674,25
2935,tcp,44462620222794,28
2936,tcp,44462620232604,20
2937,tcp,44462703587364,13
2938,tcp,44462703600594,13
2939,tcp,44462786934474,13
2940,tcp,44462786948064,312
2941,tcp,44462870277354,45
2942,tcp,44462870294274,82
2943,tcp,44462953577484,21
2944,tcp,44462953591344,19
2945,tcp,44463036855294,13
2946,tcp,44463036866094,13
2947,tcp,44463120305364,13
2948,tcp,44463120319044,13
2949,tcp,44463203601894,13
2950,tcp,44463203616294,13
2951,tcp,44463286913904,13
2952,tcp,44463286928664,1205
2953,tcp,44463370351014,358
2954,tcp,44463370366314,345
2955,tcp,44463453551424,42
2956,tcp,44463453563484,28
2957,tcp,44463536956134,224
2958,tcp,44463536972424,31
2959,tcp,44463620265354,25
2960,tcp,44463620276604,18
2961,tcp,44463703615614,13
2962,tcp,44463703628574,13
2963,tcp,44463786935274,13
2964,tcp,44463786946254,249
2965,tcp,44463870254304,50
2966,tcp,44463870600264,76
2967,tcp,44463953544084,20
2968,tcp,44463953558034,18
2969,tcp,44464036916484,18
2970,tcp,44464036930164,13
2971,tcp,44464120283844,13
2972,tcp,44464120297434,13
2973,tcp,44464203571014,13
2974,tcp,44464203584514,13
2975,tcp,44464286858454,13
2976,tcp,44464286870334,1382
2977,tcp,44464370150034,213
2978,tcp,44464370160564,279
2979,tcp,44464453576434,36
2980,tcp,44464453593624,33
2981,tcp,44464536912834,63
2982,tcp,44464536927234,19
2983,tcp,44464620223494,16
2984,tcp,44464620234744,13
2985,tcp,44464734244494,13
2986,tcp,44464734256104,13
2987,tcp,44464787004204,13
2988,tcp,44464890280284,309
2989,tcp,44464890293424,30
2990,tcp,44464910440734,111
2991,tcp,44464953617604,17
2992,tcp,44464953632814,13
2993,tcp,44465036814234,19
2994,tcp,44465036824314,13
2995,tcp,44465120163594,13
2996,tcp,44465120173044,13
2997,tcp,44465203487124,13
2998,tcp,44465203497654,13
2999,tcp,44465286847464,13
3000,tcp,44465310844074,8309
3001,tcp,44465370114204,79
3002,tcp,44465370124734,34
3003,tcp,44465453477424,33
3004,tcp,44465453486784,20
3005,tcp,44465536804464,13
3006,tcp,44465536813824,13
3007,tcp,44465620198554,13
3008,tcp,44465620208814,13
3009,tcp,44465703476994,13
3010,tcp,44465703486984,13
3011,tcp,44465786784054,13
3012,tcp,44465786793954,213
3013,tcp,44465870194074,21
3014,tcp,44465870203434,59
3015,tcp,44465953569984,16
3016,tcp,44465953583574,13
3017,tcp,44466036892254,13
3018,tcp,44466036905934,13
3019,tcp,44466120311904,13
3020,tcp,44466120328374,13
3021,tcp,44466203604474,13
3022,tcp,44466203620944,13
3023,tcp,44466286894254,13
3024,tcp,44466286909104,1733
3025,tcp,44466370244424,298
3026,tcp,44466370255404,488
3027,tcp,44466453496224,33
3028,tcp,44466453506844,26
3029,tcp,44466536789694,121
3030,tcp,44466536798964,24
3031,tcp,44466650175924,23
3032,tcp,44466650186184,13
3033,tcp,44466703477074,13
3034,tcp,44466703486974,13
3035,tcp,44466786886464,13
3036,tcp,44466786900774,267
3037,tcp,44466870187584,46
3038,tcp,44466870258864,111
3039,tcp,44466953470794,18
3040,tcp,44466953483754,13
3041,tcp,44467036930674,13
3042,tcp,44467036941924,13
3043,tcp,44467120400814,13
3044,tcp,44467120423044,13
3045,tcp,44467203557034,13
3046,tcp,44467203570984,13
3047,tcp,44467286805954,13
3048,tcp,44467286816934,974
3049,tcp,44467370200494,186
3050,tcp,44467370589384,289
3051,tcp,44467453654794,51
3052,tcp,44467556959404,43
3053,tcp,44467556969664,62
3054,tcp,44467556971194,30
3055,tcp,44467650238644,22
3056,tcp,44467650250884,59
3057,tcp,44467703713044,25
3058,tcp,44467703723124,22
3059,tcp,44467786859634,17
3060,tcp,44467786870974,200
3061,tcp,44467870160754,73
3062,tcp,44467870169934,72
3063,tcp,44467953551244,18
3064,tcp,44467953563034,16
3065,tcp,44468036874594,13
3066,tcp,44468036885574,13
3067,tcp,44468120175534,13
3068,tcp,44468120185704,13
3069,tcp,44468203521834,13
3070,tcp,44468203535154,13
3071,tcp,44468286873444,13
3072,tcp,44468286884874,1925
3073,tcp,44468370240174,287
3074,tcp,44468370250704,422
3075,tcp,44468453546874,35
3076,tcp,44468453556864,27
3077,tcp,44468536941324,161
3078,tcp,44468536951134,24
3079,tcp,44468620231824,20
3080,tcp,44468620242084,13
3081,tcp,44468703579204,13
3082,tcp,44468703589374,13
3083,tcp,44468786872944,13
3084,tcp,44468786886624,252
3085,tcp,44468870189814,67
3086,tcp,44468973750204,77
3087,tcp,44468973764604,20
3088,tcp,44468973766674,15
3089,tcp,44469036982944,21
3090,tcp,44469036996534,15
3091,tcp,44469120162204,13
3092,tcp,44469120172194,13
3093,tcp,44469203592744,13
3094,tcp,44469203607054,13
3095,tcp,44469286912404,13
3096,tcp,44469390406374,1363
3097,tcp,44469390416994,279
3098,tcp,44469390418434,401
3099,tcp,44469453501234,30
3100,tcp,44469453513384,23
3101,tcp,44469536890824,43
3102,tcp,44469536903424,15
3103,tcp,44469620131734,15
3104,tcp,44469620141184,13
3105,tcp,44469734254344,13
3106,tcp,44469734269734,13
3107,tcp,44469786933054,13
3108,tcp,44469786947724,284
3109,tcp,44469870233364,81
3110,tcp,44469870247224,104
3111,tcp,44469953602344,23
3112,tcp,44469953619174,13
3113,tcp,44470036966644,13
3114,tcp,44470036980144,13
3115,tcp,44470120263084,13
3116,tcp,44470120277394,13
3117,tcp,44470203578244,13
3118,tcp,44470203587874,13
3119,tcp,44470286915184,13
3120,tcp,44470286930034,2127
3121,tcp,44470370286864,505
3122,tcp,44470370300994,647
3123,tcp,44470453617864,40
3124,tcp,44470453633524,25
3125,tcp,44470536883524,117
3126,tcp,44470536894504,26
3127,tcp,44470620274914,17
3128,tcp,44470620288504,78
3129,tcp,44470703548044,17
3130,tcp,44470703561364,17
3131,tcp,44470786835124,13
3132,tcp,44470786861494,204
3133,tcp,44470870411734,28
3134,tcp,44470870425864,71
3135,tcp,44470953594234,15
3136,tcp,44470953604044,13
3137,tcp,44471036883924,22
3138,tcp,44471036894004,13
3139,tcp,44471120226534,13
3140,tcp,44471120240034,13
3141,tcp,44471203595784,13
3142,tcp,44471203606224,13
3143,tcp,44471286916434,13
3144,tcp,44471286930924,750
3145,tcp,44471370386394,68
3146,tcp,44471370399444,278
3147,tcp,44471453578164,24
3148,tcp,44471453592024,22
3149,tcp,44471536902234,16
3150,tcp,44471536913214,13
3151,tcp,44471620247004,13
3152,tcp,44471620261584,13
3153,tcp,44471703529674,13
3154,tcp,44471703540834,13
3155,tcp,44471786989194,13
3156,tcp,44471787007374,300
3157,tcp,44471870289414,37
3158,tcp,44471870309214,126
3159,tcp,44471953569204,19
3160,tcp,44471953582794,13
3161,tcp,44472036877614,13
3162,tcp,44472036886974,13
3163,tcp,44472120201954,13
3164,tcp,44472120212664,13
3165,tcp,44472203642934,13
3166,tcp,44472203652744,13
3167,tcp,44472287001384,13
3168,tcp,44472318295644,1486
3169,tcp,44472370354524,221
3170,tcp,44472370374774,359
3171,tcp,44472453617484,32
3172,tcp,44472453628104,26
3173,tcp,44472536871444,81
3174,tcp,44472536884314,18
3175,tcp,44472620298744,13
3176,tcp,44472620312154,47
3177,tcp,44472703681854,13
3178,tcp,44472703694634,13
3179,tcp,44472786983334,13
3180,tcp,44472786998724,313
3181,tcp,44472870200214,74
3182,tcp,44472870210114,107
3183,tcp,44472953549934,22
3184,tcp,44472953560914,18
3185,tcp,44473036998834,15
3186,tcp,44473037013864,13
3187,tcp,44473120364664,13
3188,tcp,44473120378974,13
3189,tcp,44473203623124,13
3190,tcp,44473203639144,13
3191,tcp,44473286927304,13
3192,tcp,44473390463214,1004
3193,tcp,44473390478154,307
3194,tcp,44473390480494,279
3195,tcp,44473453580034,39
3196,tcp,44473453590384,33
3197,tcp,44473536837324,178
3198,tcp,44473536846954,34
3199,tcp,44473620198654,31
3200,tcp,44473620210354,32
3201,tcp,44473703558724,24
3202,tcp,44473703569074,17
3203,tcp,44473786872894,22
3204,tcp,44473786883514,221
3205,tcp,44473870256814,35
3206,tcp,44473870267884,74
3207,tcp,44473953488994,20
3208,tcp,44473953498714,15
3209,tcp,44474036914494,13
3210,tcp,44474036925654,13
3211,tcp,44474120245944,13
3212,tcp,44474120257194,13
3213,tcp,44474203561284,13
3214,tcp,44474203572264,13
3215,tcp,44474286894354,13
3216,tcp,44474286938274,1310
3217,tcp,44474370354144,238
3218,tcp,44474370369354,309
3219,tcp,44474453559234,26
3220,tcp,44474453576424,20
3221,tcp,44474536950534,70
3222,tcp,44474536964844,19
3223,tcp,44474620314114,15
3224,tcp,44474620329954,18
3225,tcp,44474703549444,13
3226,tcp,44474703559434,13
3227,tcp,44474786902224,13
3228,tcp,44474786912754,305
3229,tcp,44474870321964,39
3230,tcp,44474870332584,109
3231,tcp,44474953560534,22
3232,tcp,44475056964684,13
3233,tcp,44475056975214,19
3234,tcp,44475056976564,17
3235,tcp,44475120214614,13
3236,tcp,44475120223794,13
3237,tcp,44475203532924,13
3238,tcp,44475203542824,13
3239,tcp,44475286881204,13
3240,tcp,44475286897314,2038
3241,tcp,44475370213914,247
3242,tcp,44475370225434,571
3243,tcp,44475453582894,41
3244,tcp,44475453593694,21
3245,tcp,44475536917764,120
3246,tcp,44475536928474,20
3247,tcp,44475620184774,22
3248,tcp,44475620194224,20
3249,tcp,44475703576524,15
3250,tcp,44475727631904,7936
3251,tcp,44475786913644,163
3252,tcp,44475786924804,198
3253,tcp,44475870276504,116
3254,tcp,44475870287304,54
3255,tcp,44475953705154,24
3256,tcp,44475953722164,44
3257,tcp,44476036966494,41
3258,tcp,44476036982334,16
3259,tcp,44476120183824,39
3260,tcp,44476120193904,38
3261,tcp,44476203647124,13
3262,tcp,44476307097354,38
3263,tcp,44476307107614,38
3264,tcp,44476307109954,1696
3265,tcp,44476370166834,677
3266,tcp,44476370177904,146
3267,tcp,44476453511874,39
3268,tcp,44476453522044,56
3269,tcp,44476536872484,48
3270,tcp,44476536883014,24
3271,tcp,44476620210774,39
3272,tcp,44476620222294,39
3273,tcp,44476703540064,22
3274,tcp,44476703551404,37
3275,tcp,44476786902024,39
3276,tcp,44476786915974,313
3277,tcp,44476870218444,139
3278,tcp,44476870228434,40
3279,tcp,44476953546384,27
3280,tcp,44476953557994,31
3281,tcp,44477036867394,31
3282,tcp,44477036881344,13
3283,tcp,44477120206494,31
3284,tcp,44477120215764,31
3285,tcp,44477203623354,13
3286,tcp,44477203635414,31
3287,tcp,44477286881184,31
3288,tcp,44477286892254,948
3289,tcp,44477370217044,428
3290,tcp,44477370229464,56
3291,tcp,44477453599434,25
3292,tcp,44477453616084,41
3293,tcp,44477536918194,35
3294,tcp,44477536928004,19
3295,tcp,44477620229664,34
3296,tcp,44477620240374,32
3297,tcp,44477703507204,16
3298,tcp,44477703517284,32
3299,tcp,44477786862594,32
3300,tcp,44477786872584,300
3301,tcp,44477870252634,153
3302,tcp,44477870263434,35
3303,tcp,44477953584264,18
3304,tcp,44477953594524,34
3305,tcp,44478036851004,35
3306,tcp,44478036861534,16
3307,tcp,44478120185784,32
3308,tcp,44478120196314,32
3309,tcp,44478203555844,16
3310,tcp,44478203566104,32
3311,tcp,44478286877664,32
3312,tcp,44478286889004,1899
3313,tcp,44478370287234,678
3314,tcp,44478370303794,163
3315,tcp,44478453649374,31
3316,tcp,44478453664944,45
3317,tcp,44478536938524,48
3318,tcp,44478536951574,22
3319,tcp,44478620250624,39
3320,tcp,44478620264844,39
3321,tcp,44478703719054,20
3322,tcp,44478703734624,40
3323,tcp,44478818219034,38
3324,tcp,44478818229204,148
3325,tcp,44478870276294,95
3326,tcp,44478870292494,43
3327,tcp,44478953583804,26
3328,tcp,44478953594334,41
3329,tcp,44479036943334,40
3330,tcp,44479036955664,22
3331,tcp,44479120201884,42
3332,tcp,44479120216194,40
3333,tcp,44479203547284,22
3334,tcp,44479203558264,40
3335,tcp,44479286843544,40
3336,tcp,44479286855334,1372
3337,tcp,44479370268594,657
3338,tcp,44479370281824,124
3339,tcp,44479453553874,27
3340,tcp,44479453564674,38
3341,tcp,44479536875064,36
3342,tcp,44479536887034,21
3343,tcp,44479620166734,35
3344,tcp,44479620177264,35
3345,tcp,44479703578374,16
3346,tcp,44479703591874,35
3347,tcp,44479786895424,35
3348,tcp,44479786906224,313
3349,tcp,44479870191594,140
3350,tcp,44479870202934,43
3351,tcp,44479953552024,24
3352,tcp,44479953563364,35
3353,tcp,44480036875644,31
3354,tcp,44480036886264,13
3355,tcp,44480120252094,31
3356,tcp,44480120263344,31
3357,tcp,44480203701624,13
3358,tcp,44480203716654,31
3359,tcp,44480286991404,31
3360,tcp,44480287009494,2864
3361,tcp,44480370346254,1048
3362,tcp,44480370360834,179
3363,tcp,44480453653134,37
3364,tcp,44480453666364,59
3365,tcp,44480537003934,52
3366,tcp,44480537016804,31
3367,tcp,44480620258164,46
3368,tcp,44480620271664,49
3369,tcp,44480703592134,25
3370,tcp,44480703603744,42
3371,tcp,44480786860314,42
3372,tcp,44480786871384,226
3373,tcp,44480870426484,81
3374,tcp,44480870442234,36
3375,tcp,44480953599534,16
3376,tcp,44480953610244,38
3377,tcp,44481036913884,33
3378,tcp,44481036924774,13
3379,tcp,44481120274314,33
3380,tcp,44481120285474,33
3381,tcp,44481203583894,13
3382,tcp,44481203595054,33
3383,tcp,44481286919664,33
3384,tcp,44481286933974,759
3385,tcp,44481370309704,375
3386,tcp,44481370324914,58
3387,tcp,44481453681564,24
3388,tcp,44481453696864,47
3389,tcp,44481536883594,41
3390,tcp,44481536893854,18
3391,tcp,44481620238984,36
3392,tcp,44481620253924,35
3393,tcp,44481703650354,16
3394,tcp,44481703667724,35
3395,tcp,44481786980004,35
3396,tcp,44481786994224,293
3397,tcp,44481870343674,137
3398,tcp,44481870355374,38
3399,tcp,44481953636154,22
3400,tcp,44481953650194,33
3401,tcp,44482066241544,33
3402,tcp,44482066252434,13
3403,tcp,44482120287354,33
3404,tcp,44482120301934,33
3405,tcp,44482203608814,13
3406,tcp,44482203621324,33
3407,tcp,44482286872674,33
3408,tcp,44482390344864,1524
3409,tcp,44482390356564,454
3410,tcp,44482390360614,130
3411,tcp,44482453554834,34
3412,tcp,44482453568334,40
3413,tcp,44482536883494,40
3414,tcp,44482536894744,21
3415,tcp,44482620301344,42
3416,tcp,44482620314934,19
3417,tcp,44482703532894,13
3418,tcp,44482703543244,17
3419,tcp,44482786929774,17
3420,tcp,44482786944804,306
3421,tcp,44482870211454,130
3422,tcp,44482870222164,29
3423,tcp,44482953558924,22
3424,tcp,44482953575754,28
3425,tcp,44483036958774,30
3426,tcp,44483036976774,22
3427,tcp,44483120396874,24
3428,tcp,44483120413794,26
3429,tcp,44483203552374,18
3430,tcp,44483203562724,32
3431,tcp,44483287039344,19
3432,tcp,44483287055184,1276
3433,tcp,44483370172074,618
3434,tcp,44483370182064,199
3435,tcp,44483453576694,34
3436,tcp,44483453591274,42
3437,tcp,44483536889064,37
3438,tcp,44483536900674,20
3439,tcp,44483620215114,30
3440,tcp,44483620225374,22
3441,tcp,44483703524784,18
3442,tcp,44483703535134,19
3443,tcp,44483786852904,19
3444,tcp,44483786862984,259
3445,tcp,44483870223234,89
3446,tcp,44483870233404,28
3447,tcp,44483953500144,25
3448,tcp,44483953509954,26
3449,tcp,44484036932574,23
3450,tcp,44484036943644,20
3451,tcp,44484120263484,21
3452,tcp,44484120278334,21
3453,tcp,44484203507274,18
3454,tcp,44484203517444,21
3455,tcp,44484286877334,21
3456,tcp,44484286887594,1007
3457,tcp,44484370340004,381
3458,tcp,44484370353054,62
3459,tcp,44484453580644,25
3460,tcp,44484453595674,34
3461,tcp,44484536922534,37
3462,tcp,44484536935134,21
3463,tcp,44484620185494,28
3464,tcp,44484620195394,28
3465,tcp,44484703613154,19
3466,tcp,44484703624944,24
3467,tcp,44484786898974,24
3468,tcp,44484786910314,278
3469,tcp,44484870294864,154
3470,tcp,44484870306744,31
3471,tcp,44484953540634,17
3472,tcp,44484953550984,23
3473,tcp,44485036933284,24
3474,tcp,44485036948134,15
3475,tcp,44485120218024,22
3476,tcp,44485120229004,22
3477,tcp,44485203578544,13
3478,tcp,44485203592314,22
3479,tcp,44485286908554,22
3480,tcp,44485286919534,1480
3481,tcp,44485370276634,565
3482,tcp,44485370289234,64
3483,tcp,44485453500624,27
3484,tcp,44485453510614,26
3485,tcp,44485536919014,26
3486,tcp,44485536928824,15
3487,tcp,44485620245514,24
3488,tcp,44485620257484,23
3489,tcp,44485703536554,13
3490,tcp,44485703549874,22
3491,tcp,44485786994004,22
3492,tcp,44485787005344,210
3493,tcp,44485870257324,68
3494,tcp,44485870270194,24
3495,tcp,44485953558984,13
3496,tcp,44485953569964,22
3497,tcp,44486036888994,22
3498,tcp,44486036898984,13
3499,tcp,44486120210634,22
3500,tcp,44486160603714,8914
3501,tcp,44486203551984,88
3502,tcp,44486203564404,76
3503,tcp,44486286890544,55
3504,tcp,44486286901704,1912
3505,tcp,44486370295704,326
3506,tcp,44486370306864,539
3507,tcp,44486453527974,29
3508,tcp,44486453539134,16
3509,tcp,44486536868244,113
3510,tcp,44486536878864,21
3511,tcp,44486620204914,13
3512,tcp,44486620215264,13
3513,tcp,44486703509184,13
3514,tcp,44486703519624,13
3515,tcp,44486786861784,13
3516,tcp,44486786872224,325
3517,tcp,44486870197734,102
3518,tcp,44486870209434,94
3519,tcp,44486953516314,18
3520,tcp,44486953527744,13
3521,tcp,44487036960624,13
3522,tcp,44487036974214,13
3523,tcp,44487120266334,13
3524,tcp,44487120277044,13
3525,tcp,44487203594364,13
3526,tcp,44487203605614,13
3527,tcp,44487286911684,13
3528,tcp,44487286926534,1127
3529,tcp,44487370283814,271
3530,tcp,44487370295154,274
3531,tcp,44487482244894,40
3532,tcp,44487482255604,13
3533,tcp,44487536976144,22
3534,tcp,44487536989734,13
3535,tcp,44487620273664,13
3536,tcp,44487620286444,13
3537,tcp,44487703735704,13
3538,tcp,44487703750824,13
3539,tcp,44487787041324,13
3540,tcp,44487787063284,341
3541,tcp,44487870351444,78
3542,tcp,44487870364944,82
3543,tcp,44487953623314,16
3544,tcp,44487953636724,13
3545,tcp,44488036865574,26
3546,tcp,44488036875744,17
3547,tcp,44488120260924,13
3548,tcp,44488120270644,13
3549,tcp,44488234215054,13
3550,tcp,44488234224864,13
3551,tcp,44488286937324,13
3552,tcp,44488307231154,2157
3553,tcp,44488370269134,288
3554,tcp,44488370279664,443
3555,tcp,44488453585464,40
3556,tcp,44488453596084,13
3557,tcp,44488536884964,99
3558,tcp,44488536895404,16
3559,tcp,44488620187614,13
3560,tcp,44488620197784,13
3561,tcp,44488703611674,13
3562,tcp,44488703625984,13
3563,tcp,44488786957164,13
3564,tcp,44488786971384,276
3565,tcp,44488870299414,44
3566,tcp,44488870310394,72
3567,tcp,44488953560124,15
3568,tcp,44488953570114,13
3569,tcp,44489036856654,19
3570,tcp,44489036866914,13
3571,tcp,44489120201334,13
3572,tcp,44489120211684,38
3573,tcp,44489203556994,15
3574,tcp,44489203567074,13
3575,tcp,44489286933984,13
3576,tcp,44489286945234,1552
3577,tcp,44489370346344,361
3578,tcp,44489370362004,488
3579,tcp,44489453619384,30
3580,tcp,44489453634774,13
3581,tcp,44489536957764,83
3582,tcp,44489536968564,13
3583,tcp,44489620214334,13
3584,tcp,44489620224414,13
3585,tcp,44489703544884,13
3586,tcp,44489703556494,13
3587,tcp,44489786856984,13
3588,tcp,44489786867694,202
3589,tcp,44489870276184,56
3590,tcp,44489870286624,57
3591,tcp,44489953587654,20
3592,tcp,44489953598904,13
3593,tcp,44490037001184,13
3594,tcp,44490140353314,13
3595,tcp,44490140363664,13
3596,tcp,44490140365104,13
3597,tcp,44490203599914,13
3598,tcp,44490203614584,13
3599,tcp,44490286953054,13
3600,tcp,44490307152654,3672
3601,tcp,44490370353894,730
3602,tcp,44490370368384,1015
3603,tcp,44490453596244,39
3604,tcp,44490453613434,18
3605,tcp,44490536872524,154
3606,tcp,44490536883324,20
3607,tcp,44490620180214,13
3608,tcp,44490620191824,282
3609,tcp,44490703538934,20
3610,tcp,44490703549644,13
3611,tcp,44490786884604,21
3612,tcp,44490786895044,175
3613,tcp,44490870275634,38
3614,tcp,44490870287964,46
3615,tcp,44490953577654,13
3616,tcp,44490953587734,13
3617,tcp,44491036865994,21
3618,tcp,44491036875894,13
3619,tcp,44491120270254,13
3620,tcp,44491120283934,21
3621,tcp,44491203647514,13
3622,tcp,44491203666054,13
3623,tcp,44491286961864,21
3624,tcp,44491286978064,846
3625,tcp,44491370260554,194
3626,tcp,44491370271264,326
3627,tcp,44491453528644,32
3628,tcp,44491453539534,17
3629,tcp,44491536964494,19
3630,tcp,44491536981324,13
3631,tcp,44491620209634,13
3632,tcp,44491620219624,19
3633,tcp,44491703579064,13
3634,tcp,44491703588874,13
3635,tcp,44491786853364,19
3636,tcp,44491786864344,287
3637,tcp,44491870357164,90
3638,tcp,44491870378764,106
3639,tcp,44491953626514,18
3640,tcp,44491953637134,13
3641,tcp,44492036888394,19
3642,tcp,44492036899194,13
3643,tcp,44492120276544,13
3644,tcp,44492120290674,19
3645,tcp,44492203517184,13
3646,tcp,44492203527984,13
3647,tcp,44492286906414,19
3648,tcp,44492286919014,1791
3649,tcp,44492370207624,247
3650,tcp,44492370218874,322
3651,tcp,44492453655534,27
3652,tcp,44492453665974,15
3653,tcp,44492536933344,123
3654,tcp,44492536946934,21
3655,tcp,44492620283964,13
3656,tcp,44492620298814,145
3657,tcp,44492703634674,15
3658,tcp,44492703646914,13
3659,tcp,44492786991684,23
3660,tcp,44492787024894,350
3661,tcp,44492870388024,70
3662,tcp,44492870403324,90
3663,tcp,44492953639374,13
3664,tcp,44492953658364,13
3665,tcp,44493036954534,19
3666,tcp,44493036965244,13
3667,tcp,44493120273294,13
3668,tcp,44493120283734,19
3669,tcp,44493203557494,13
3670,tcp,44493203571174,13
3671,tcp,44493286934934,19
3672,tcp,44493286945824,1452
3673,tcp,44493370189614,322
3674,tcp,44493370201224,384
3675,tcp,44493453549324,33
3676,tcp,44493453559404,13
3677,tcp,44493536902734,138
3678,tcp,44493536912724,18
3679,tcp,44493620168394,13
3680,tcp,44493620178654,174
3681,tcp,44493734331414,18
3682,tcp,44493734347704,13
3683,tcp,44493786913644,19
3684,tcp,44493786927324,279
3685,tcp,44493870347784,49
3686,tcp,44493870359574,73
3687,tcp,44493953497434,15
3688,tcp,44493953508054,13
3689,tcp,44494036904844,26
3690,tcp,44494036915464,13
3691,tcp,44494120203444,13
3692,tcp,44494120215504,65
3693,tcp,44494234221654,13
3694,tcp,44494234231734,13
3695,tcp,44494482426174,19
3696,tcp,44494482438594,1359
3697,tcp,44494482440754,210
3698,tcp,44494482444984,346
3699,tcp,44494482446874,33
3700,tcp,44494482448044,13
3701,tcp,44494536924054,26
3702,tcp,44494536934314,15
3703,tcp,44494620183324,13
3704,tcp,44494620194124,19
3705,tcp,44494703502534,13
3706,tcp,44494703512074,13
3707,tcp,44494786854324,19
3708,tcp,44494786864764,304
3709,tcp,44494870307814,106
3710,tcp,44494973939394,84
3711,tcp,44494973954064,17
3712,tcp,44494973956764,13
3713,tcp,44495037003384,19
3714,tcp,44495037017604,13
3715,tcp,44495120247984,13
3716,tcp,44495120260134,19
3717,tcp,44495203605804,13
3718,tcp,44495203615794,13
3719,tcp,44495286954084,19
3720,tcp,44495286970914,1330
3721,tcp,44495370383004,231
3722,tcp,44495370396054,359
3723,tcp,44495453679354,28
3724,tcp,44495453694564,13
3725,tcp,44495536951674,131
3726,tcp,44495537005134,20
3727,tcp,44495620381494,18
3728,tcp,44495620391664,25
3729,tcp,44495734226274,15
3730,tcp,44495734236174,13
3731,tcp,44495786930634,19
3732,tcp,44495786947014,146
3733,tcp,44495870344794,45
3734,tcp,44495870358834,37
3735,tcp,44495953633854,15
3736,tcp,44495953644114,13
3737,tcp,44496036858474,23
3738,tcp,44496036869274,13
3739,tcp,44496120375684,13
3740,tcp,44496120393414,66
3741,tcp,44496203567364,13
3742,tcp,44496203578434,13
3743,tcp,44496286945704,19
3744,tcp,44496286957314,1943
3745,tcp,44496370432494,296
3746,tcp,44496370447074,490
3747,tcp,44496453673854,30
3748,tcp,44496453691584,13
3749,tcp,44496537016554,20
3750,tcp,44496577810044,9417
3751,tcp,44496620337924,167
3752,tcp,44496620353224,97
3753,tcp,44496703547154,65
3754,tcp,44496703558224,60
3755,tcp,44496787012524,60
3756,tcp,44496787027734,326
3757,tcp,44496870541164,136
3758,tcp,44496870556644,125
3759,tcp,44496953713674,21
3760,tcp,44496953733474,52
3761,tcp,44497037042154,52
3762,tcp,44497037058894,13
3763,tcp,44497120377474,52
3764,tcp,44497120393764,52
3765,tcp,44497203749154,13
3766,tcp,44497203767064,52
3767,tcp,44497286986554,52
3768,tcp,44497287001494,1061
3769,tcp,44497370394864,266
3770,tcp,44497370409714,268
3771,tcp,44497453629474,31
3772,tcp,44497453643694,54
3773,tcp,44497537001964,66
3774,tcp,44497537015914,15
3775,tcp,44497620281394,52
3776,tcp,44497620294624,52
3777,tcp,44497703664144,13
3778,tcp,44497703678184,52
3779,tcp,44497786875714,52
3780,tcp,44497786886694,342
3781,tcp,44497870210044,71
3782,tcp,44497870221654,129
3783,tcp,44497953638244,18
3784,tcp,44497953651924,55
3785,tcp,44498037026484,52
3786,tcp,44498037041964,13
3787,tcp,44498120285214,52
3788,tcp,44498120299344,52
3789,tcp,44498203543404,13
3790,tcp,44498203553934,52
3791,tcp,44498286955944,52
3792,tcp,44498286968724,2158
3793,tcp,44498370303864,405
3794,tcp,44498370319524,494
3795,tcp,44498453637294,31
3796,tcp,44498453651334,52
3797,tcp,44498537014284,113
3798,tcp,44498537031114,18
3799,tcp,44498620381374,52
3800,tcp,44498620396764,52
3801,tcp,44498703692574,13
3802,tcp,44498703707874,52
3803,tcp,44498787007014,52
3804,tcp,44498787023574,234
3805,tcp,44498870390664,78
3806,tcp,44498870406144,85
3807,tcp,44498953713834,16
3808,tcp,44498953728774,52
3809,tcp,44499036942414,52
3810,tcp,44499036957534,13
3811,tcp,44499120287634,52
3812,tcp,44499120299424,52
3813,tcp,44499203544114,13
3814,tcp,44499203553834,52
3815,tcp,44499287000124,52
3816,tcp,44499287015064,1551
3817,tcp,44499402311004,346
3818,tcp,44499402328734,395
3819,tcp,44499453669234,26
3820,tcp,44499453684174,52
3821,tcp,44499536955144,133
3822,tcp,44499536966034,17
3823,tcp,44499620320794,52
3824,tcp,44499620334384,52
3825,tcp,44499703705074,13
3826,tcp,44499703719834,52
3827,tcp,44499786893244,52
3828,tcp,44499786905034,313
3829,tcp,44499870382464,110
3830,tcp,44499870398034,133
3831,tcp,44499953674584,13
3832,tcp,44499953688444,52
3833,tcp,44500036964184,52
3834,tcp,44500036980114,13
3835,tcp,44500120396254,52
3836,tcp,44500120413804,52
3837,tcp,44500203633744,13
3838,tcp,44500203649134,52
3839,tcp,44500286994444,52
3840,tcp,44500307284134,3056
3841,tcp,44500370353254,536
3842,tcp,44500370367834,782
3843,tcp,44500453582554,33
3844,tcp,44500453596504,52
3845,tcp,44500536948654,194
3846,tcp,44500536962694,21
3847,tcp,44500620259224,52
3848,tcp,44500620273354,52
3849,tcp,44500703639184,13
3850,tcp,44500703658264,52
3851,tcp,44500786894404,52
3852,tcp,44500786908714,209
3853,tcp,44500870325394,81
3854,tcp,44500973848524,93
3855,tcp,44500973864634,17
3856,tcp,44500973867154,52
3857,tcp,44501036939874,52
3858,tcp,44501036951394,13
3859,tcp,44501120295444,52
3860,tcp,44501120310834,52
3861,tcp,44501203681074,13
3862,tcp,44501203695654,52
3863,tcp,44501287029624,52
3864,tcp,44501287045734,728
3865,tcp,44501370412734,109
3866,tcp,44501370426504,200
3867,tcp,44501453689284,18
3868,tcp,44501453703954,55
3869,tcp,44501536971594,55
3870,tcp,44501536986804,13
3871,tcp,44501620221504,52
3872,tcp,44501620231944,52
3873,tcp,44501703530364,13
3874,tcp,44501703541704,52
3875,tcp,44501786970444,52
3876,tcp,44501786981784,325
3877,tcp,44501870200464,132
3878,tcp,44501870214684,123
3879,tcp,44501953558194,18
3880,tcp,44501953568634,52
3881,tcp,44502036971454,60
3882,tcp,44502036985404,13
3883,tcp,44502120214524,52
3884,tcp,44502120227934,52
3885,tcp,44502203597454,13
3886,tcp,44502203611314,52
3887,tcp,44502286895694,52
3888,tcp,44502286906584,1766
3889,tcp,44502370351434,232
3890,tcp,44502473777544,345
3891,tcp,44502473792214,22
3892,tcp,44502473795454,55
3893,tcp,44502536907774,171
3894,tcp,44502536918844,22
3895,tcp,44502620331294,52
3896,tcp,44502620345784,52
3897,tcp,44502703885044,13
3898,tcp,44502703903314,52
3899,tcp,44502787013094,52
3900,tcp,44502787030734,349
3901,tcp,44502870292254,140
3902,tcp,44502870302514,101
3903,tcp,44502953648274,16
3904,tcp,44502953662134,55
3905,tcp,44503036962444,62
3906,tcp,44503036974684,15
3907,tcp,44503120192644,52
3908,tcp,44503120204344,52
3909,tcp,44503203533184,13
3910,tcp,44503203544884,52
3911,tcp,44503318341954,52
3912,tcp,44503318352574,1444
3913,tcp,44503370177004,346
3914,tcp,44503370188074,408
3915,tcp,44503453581534,33
3916,tcp,44503453592064,52
3917,tcp,44503536935844,209
3918,tcp,44503536950964,26
3919,tcp,44503620327594,52
3920,tcp,44503620348294,73
3921,tcp,44503734240054,17
3922,tcp,44503734251034,52
3923,tcp,44503786871874,59
3924,tcp,44503786882764,273
3925,tcp,44503870350384,79
3926,tcp,44503870362354,105
3927,tcp,44503953589224,16
3928,tcp,44503953602364,52
3929,tcp,44504037049194,52
3930,tcp,44504037067194,13
3931,tcp,44504120437434,52
3932,tcp,44504120451744,52
3933,tcp,44504203685724,13
3934,tcp,44504203701924,52
3935,tcp,44504286925824,52
3936,tcp,44504286938064,1534
3937,tcp,44504370268974,275
3938,tcp,44504370279594,395
3939,tcp,44504453580534,27
3940,tcp,44504453591244,52
3941,tcp,44504536876614,119
3942,tcp,44504536888134,17
3943,tcp,44504620306704,52
3944,tcp,44504620319124,57
3945,tcp,44504703514674,13
3946,tcp,44504703524844,52
3947,tcp,44504786798244,52
3948,tcp,44504786808504,321
3949,tcp,44504870272434,122
3950,tcp,44504870283594,125
3951,tcp,44504953541154,19
3952,tcp,44504953551414,52
3953,tcp,44505036854514,52
3954,tcp,44505036865044,13
3955,tcp,44505120238704,52
3956,tcp,44505120252294,52
3957,tcp,44505203662494,13
3958,tcp,44505307118574,52
3959,tcp,44505307128294,52
3960,tcp,44505307130814,2214
3961,tcp,44505370399554,338
3962,tcp,44505370418994,475
3963,tcp,44505453667824,34
3964,tcp,44505453682764,13
3965,tcp,44505536967234,94
3966,tcp,44505536979744,20
3967,tcp,44505620308674,16
3968,tcp,44505620327574,66
3969,tcp,44505703576854,13
3970,tcp,44505703586934,13
3971,tcp,44505786885894,23
3972,tcp,44505786896424,233
3973,tcp,44505870350454,48
3974,tcp,44505870360174,50
3975,tcp,44505953585424,16
3976,tcp,44505953595414,13
3977,tcp,44506036937844,16
3978,tcp,44506036961604,13
3979,tcp,44506120176054,13
3980,tcp,44506120186224,16
3981,tcp,44506203624954,13
3982,tcp,44506203638454,13
3983,tcp,44506286954424,16
3984,tcp,44506286969724,1745
3985,tcp,44506370335644,318
3986,tcp,44506370350404,497
3987,tcp,44506453635054,25
3988,tcp,44506453650894,15
3989,tcp,44506537005924,49
3990,tcp,44506537020954,18
3991,tcp,44506620330534,13
3992,tcp,44506620345384,16
3993,tcp,44506703631474,13
3994,tcp,44506703645244,13
3995,tcp,44506787072454,16
3996,tcp,44506787088474,241
3997,tcp,44506870379244,86
3998,tcp,44506870394364,89
3999,tcp,44506953700614,17
4000,tcp,44506994219064,9063
4001,tcp,44507036997234,106
4002,tcp,44507037017124,16
4003,tcp,44507120292234,16
4004,tcp,44507120303034,16
4005,tcp,44507203668234,13
4006,tcp,44507203678314,16
4007,tcp,44507286964134,16
4008,tcp,44507286979434,1099
4009,tcp,44507370330504,410
4010,tcp,44507370341484,39
4011,tcp,44507453539554,28
4012,tcp,44507453552604,16
4013,tcp,44507536900344,16
4014,tcp,44507536914204,13
4015,tcp,44507620314144,16
4016,tcp,44507620325754,16
4017,tcp,44507703570084,13
4018,tcp,44507703581244,16
4019,tcp,44507786993604,16
4020,tcp,44507787008454,341
4021,tcp,44507870247924,132
4022,tcp,44507870260794,21
4023,tcp,44507953504494,21
4024,tcp,44507953514844,18
4025,tcp,44508036912444,18
4026,tcp,44508036923784,13
4027,tcp,44508120215454,16
4028,tcp,44508120226164,16
4029,tcp,44508203536104,13
4030,tcp,44508203546004,16
4031,tcp,44508286889784,16
4032,tcp,44508286901214,2155
4033,tcp,44508370288644,626
4034,tcp,44508370304034,119
4035,tcp,44508482278164,25
4036,tcp,44508482292294,23
4037,tcp,44508536934084,16
4038,tcp,44508536944254,13
4039,tcp,44508620301714,16
4040,tcp,44508620316654,16
4041,tcp,44508703590144,13
4042,tcp,44508703604994,16
4043,tcp,44508786862914,16
4044,tcp,44508786873354,287
4045,tcp,44508870206604,79
4046,tcp,44508870217854,27
4047,tcp,44508953570904,17
4048,tcp,44508953583324,16
4049,tcp,44509036942404,16
4050,tcp,44509036953114,13
4051,tcp,44509120319574,16
4052,tcp,44509120333524,16
4053,tcp,44509203611964,13
4054,tcp,44509203624744,16
4055,tcp,44509286875194,16
4056,tcp,44509286889054,1538
4057,tcp,44509370261094,710
4058,tcp,44509370276214,66
4059,tcp,44509453518474,24
4060,tcp,44509453529634,16
4061,tcp,44509536845154,16
4062,tcp,44509536855054,13
4063,tcp,44509620263454,16
4064,tcp,44509620273624,16
4065,tcp,44509703641884,13
4066,tcp,44509703657454,16
4067,tcp,44509786917894,16
4068,tcp,44509786933734,313
4069,tcp,44509870405404,138
4070,tcp,44509973719104,18
4071,tcp,44509973729994,13
4072,tcp,44509973731434,16
4073,tcp,44510066248104,16
4074,tcp,44510066267814,13
4075,tcp,44510120229654,16
4076,tcp,44510223758004,16
4077,tcp,44510223770874,13
4078,tcp,44510243988924,16
4079,tcp,44510286885534,16
4080,tcp,44510307146604,3065
4081,tcp,44510370294024,1024
4082,tcp,44510370307164,154
4083,tcp,44510453633844,33
4084,tcp,44510453649144,20
4085,tcp,44510536945134,16
4086,tcp,44510536960344,13
4087,tcp,44510620246344,16
4088,tcp,44510620257504,16
4089,tcp,44510703553764,13
4090,tcp,44510703567174,16
4091,tcp,44510786915094,16
4092,tcp,44510786928954,232
4093,tcp,44510870279574,102
4094,tcp,44510870292714,21
4095,tcp,44510953548024,18
4096,tcp,44510953559724,16
4097,tcp,44511036838974,16
4098,tcp,44511036849234,13
4099,tcp,44511120199224,16
4100,tcp,44511120210564,16
4101,tcp,44511203556594,13
4102,tcp,44511203569464,16
4103,tcp,44511286876884,16
4104,tcp,44511286895244,851
4105,tcp,44511370270614,285
4106,tcp,44511370281144,33
4107,tcp,44511482218104,24
4108,tcp,44511482227914,18
4109,tcp,44511536859624,18
4110,tcp,44511536869164,17
4111,tcp,44511620170374,16
4112,tcp,44511620181804,16
4113,tcp,44511703513434,13
4114,tcp,44511703522884,16
4115,tcp,44511786885204,16
4116,tcp,44511786897714,323
4117,tcp,44511870192804,145
4118,tcp,44511870202524,25
4119,tcp,44511953559174,18
4120,tcp,44511953569614,21
4121,tcp,44512036895394,18
4122,tcp,44512036908444,16
4123,tcp,44512120330974,16
4124,tcp,44512120346004,16
4125,tcp,44512203538224,13
4126,tcp,44512203548214,16
4127,tcp,44512286872644,16
4128,tcp,44512286884164,1651
4129,tcp,44512370204454,519
4130,tcp,44512370215164,85
4131,tcp,44512482194244,20
4132,tcp,44512482207114,18
4133,tcp,44512536859344,16
4134,tcp,44512536870684,13
4135,tcp,44512620296094,16
4136,tcp,44512620311844,16
4137,tcp,44512703665344,13
4138,tcp,44512703681814,16
4139,tcp,44512786977534,16
4140,tcp,44512786991934,351
4141,tcp,44512870362624,108
4142,tcp,44512870376664,21
4143,tcp,44512953536304,16
4144,tcp,44512953547284,16
4145,tcp,44513066203704,16
4146,tcp,44513066214684,13
4147,tcp,44513120178684,16
4148,tcp,44513120188674,16
4149,tcp,44513203554504,13
4150,tcp,44513203567554,16
4151,tcp,44513286840144,16
4152,tcp,44513286850494,1530
4153,tcp,44513370262854,597
4154,tcp,44513370273564,108
4155,tcp,44513453583054,23
4156,tcp,44513453596284,29
4157,tcp,44513536932684,18
4158,tcp,44513536947084,13
4159,tcp,44513620318224,16
4160,tcp,44513620328574,16
4161,tcp,44513703551214,13
4162,tcp,44513703560394,16
4163,tcp,44513786878974,16
4164,tcp,44513786889954,272
4165,tcp,44513870206464,95
4166,tcp,44513870218164,18
4167,tcp,44513953621434,13
4168,tcp,44513953632234,16
4169,tcp,44514036917964,16
4170,tcp,44514036929394,13
4171,tcp,44514120142404,16
4172,tcp,44514120150954,16
4173,tcp,44514203578434,13
4174,tcp,44514203589234,16
4175,tcp,44514286900884,16
4176,tcp,44514286919334,1570
4177,tcp,44514370281834,499
4178,tcp,44514370292904,45
4179,tcp,44514453524454,24
4180,tcp,44514453534354,16
4181,tcp,44514536890644,16
4182,tcp,44514536902884,13
4183,tcp,44514620206074,16
4184,tcp,44514620217414,16
4185,tcp,44514703561194,13
4186,tcp,44514703574334,16
4187,tcp,44514818241714,16
4188,tcp,44514818257824,333
4189,tcp,44514870198264,141
4190,tcp,44514870207894,28
4191,tcp,44514953529714,13
4192,tcp,44514953539614,16
4193,tcp,44515036988514,16
4194,tcp,44515036998954,13
4195,tcp,44515120180464,16
4196,tcp,44515120191174,16
4197,tcp,44515203522264,13
4198,tcp,44515203532524,16
4199,tcp,44515286838324,16
4200,tcp,44515286848764,1600
4201,tcp,44515370249244,634
4202,tcp,44515370259234,57
4203,tcp,44515453629564,21
4204,tcp,44515453642524,16
4205,tcp,44515536848874,16
4206,tcp,44515536859224,13
4207,tcp,44515620244314,16
4208,tcp,44515620254124,16
4209,tcp,44515703610594,13
4210,tcp,44515703621124,16
4211,tcp,44515786911444,16
4212,tcp,44515786926744,228
4213,tcp,44515870342434,79
4214,tcp,44515870361334,19
4215,tcp,44515953624744,13
4216,tcp,44515953638964,16
4217,tcp,44516036897694,16
4218,tcp,44516036912724,13
4219,tcp,44516120277924,16
4220,tcp,44516120290614,16
4221,tcp,44516203559604,13
4222,tcp,44516203571124,16
4223,tcp,44516286859734,16
4224,tcp,44516286871074,1793
4225,tcp,44516370261474,691
4226,tcp,44516370272184,96
4227,tcp,44516453655474,25
4228,tcp,44516453669874,18
4229,tcp,44516537053344,18
4230,tcp,44516537069454,13
4231,tcp,44516620284804,16
4232,tcp,44516620299474,16
4233,tcp,44516703593574,13
4234,tcp,44516807169174,16
4235,tcp,44516807182674,16
4236,tcp,44516807188164,303
4237,tcp,44516870408664,146
4238,tcp,44516870426304,27
4239,tcp,44516982383154,16
4240,tcp,44516982394674,16
4241,tcp,44517037133124,16
4242,tcp,44517037147164,13
4243,tcp,44517120279714,16
4244,tcp,44517120293034,16
4245,tcp,44517203610714,13
4246,tcp,44517203621514,16
4247,tcp,44517286944504,16
4248,tcp,44517286959264,965
4249,tcp,44517370302144,380
4250,tcp,44517394377594,8455
4251,tcp,44517453559524,75
4252,tcp,44517453570954,44
4253,tcp,44517536837874,52
4254,tcp,44517536847864,24
4255,tcp,44517620262924,18
4256,tcp,44517620272464,20
4257,tcp,44517703583214,18
4258,tcp,44517703593024,16
4259,tcp,44517786884964,16
4260,tcp,44517786899094,228
4261,tcp,44517870247464,99
4262,tcp,44517870258894,18
4263,tcp,44517953612844,13
4264,tcp,44517953626344,16
4265,tcp,44518036969584,16
4266,tcp,44518036981194,13
4267,tcp,44518120295364,16
4268,tcp,44518120310394,16
4269,tcp,44518203667674,13
4270,tcp,44518203686664,16
4271,tcp,44518286949984,16
4272,tcp,44518286964204,2199
4273,tcp,44518370217624,676
4274,tcp,44518370229324,107
4275,tcp,44518453695234,23
4276,tcp,44518557168324,83
4277,tcp,44518557184794,29
4278,tcp,44518557187134,20
4279,tcp,44518620256434,16
4280,tcp,44518620267774,16
4281,tcp,44518703593554,13
4282,tcp,44518703603994,16
4283,tcp,44518786828704,16
4284,tcp,44518786839324,282
4285,tcp,44518870230264,92
4286,tcp,44518870243854,66
4287,tcp,44518953680244,18
4288,tcp,44518953691674,16
4289,tcp,44519037054804,16
4290,tcp,44519037070644,13
4291,tcp,44519120305074,16
4292,tcp,44519120323074,16
4293,tcp,44519234311854,13
4294,tcp,44519234328234,16
4295,tcp,44519287083984,16
4296,tcp,44519307402924,1569
4297,tcp,44519370288264,680
4298,tcp,44519370300054,35
4299,tcp,44519453650044,21
4300,tcp,44519453668674,57
4301,tcp,44519536844784,71
4302,tcp,44519536858014,17
4303,tcp,44519620235814,16
4304,tcp,44519620246614,16
4305,tcp,44519703605064,13
4306,tcp,44519703619554,16
4307,tcp,44519786979984,16
4308,tcp,44519786993754,322
4309,tcp,44519870322504,143
4310,tcp,44519870332854,49
4311,tcp,44519953647024,13
4312,tcp,44519953660974,16
4313,tcp,44520036852024,16
4314,tcp,44520036861204,13
4315,tcp,44520120238464,16
4316,tcp,44520120251874,16
4317,tcp,44520203633364,13
4318,tcp,44520203647404,16
4319,tcp,44520286870044,16
4320,tcp,44520290909874,4307
4321,tcp,44520370218684,1487
4322,tcp,44520370229484,343
4323,tcp,44520453546354,26
4324,tcp,44520453556704,73
4325,tcp,44520536847294,18
4326,tcp,44520536857194,13
4327,tcp,44520620203764,13
4328,tcp,44520620215194,13
4329,tcp,44520703541604,13
4330,tcp,44520703551864,13
4331,tcp,44520786870084,13
4332,tcp,44520786880884,217
4333,tcp,44520870275784,83
4334,tcp,44520870288384,15
4335,tcp,44520953583834,13
4336,tcp,44520953594904,13
4337,tcp,44521036948764,13
4338,tcp,44521036963614,13
4339,tcp,44521120237104,13
4340,tcp,44521120247904,13
4341,tcp,44521203551454,13
4342,tcp,44521203561354,13
4343,tcp,44521286896674,13
4344,tcp,44521286907924,854
4345,tcp,44521370296794,403
4346,tcp,44521370307144,37
4347,tcp,44521453757304,17
4348,tcp,44521453775754,13
4349,tcp,44521536968424,13
4350,tcp,44521536981294,13
4351,tcp,44521620306984,13
4352,tcp,44521620321294,13
4353,tcp,44521703580564,13
4354,tcp,44521703595054,13
4355,tcp,44521786977714,13
4356,tcp,44521786994274,299
4357,tcp,44521870337964,145
4358,tcp,44521870351914,21
4359,tcp,44521953626664,15
4360,tcp,44521953640884,13
4361,tcp,44522036999784,13
4362,tcp,44522037015984,13
4363,tcp,44522120435544,13
4364,tcp,44522120450664,13
4365,tcp,44522203579704,13
4366,tcp,44522203592304,13
4367,tcp,44522286881904,13
4368,tcp,44522286897564,1778
4369,tcp,44522370312354,488
4370,tcp,44522370327474,74
4371,tcp,44522453706084,19
4372,tcp,44522453721834,71
4373,tcp,44522537019714,20
4374,tcp,44522537036634,13
4375,tcp,44522620186194,13
4376,tcp,44522620195824,13
4377,tcp,44522703673884,13
4378,tcp,44522703687024,13
4379,tcp,44522786920014,13
4380,tcp,44522786931084,355
4381,tcp,44522870376564,142
4382,tcp,44522870392044,21
4383,tcp,44522953622334,15
4384,tcp,44522953636104,13
4385,tcp,44523036935964,13
4386,tcp,44523036949644,13
4387,tcp,44523120240684,13
4388,tcp,44523120251394,13
4389,tcp,44523203654574,13
4390,tcp,44523203667354,13
4391,tcp,44523286967034,13
4392,tcp,44523286983774,1336
4393,tcp,44523370268064,562
4394,tcp,44523370279584,128
4395,tcp,44523453573504,27
4396,tcp,44523453583404,15
4397,tcp,44523536896134,13
4398,tcp,44523536907564,13
4399,tcp,44523620318124,13
4400,tcp,44523620333604,13
4401,tcp,44523703564974,13
4402,tcp,44523703576944,13
4403,tcp,44523786917034,13
4404,tcp,44523890504784,242
4405,tcp,44523890518104,72
4406,tcp,44523890520264,31
4407,tcp,44523953603784,13
4408,tcp,44523953619264,13
4409,tcp,44524037000214,13
4410,tcp,44524037009664,13
4411,tcp,44524120325994,13
4412,tcp,44524120336614,13
4413,tcp,44524203533514,13
4414,tcp,44524203543774,13
4415,tcp,44524286995644,13
4416,tcp,44524287011664,1517
4417,tcp,44524370292894,536
4418,tcp,44524370306844,49
4419,tcp,44524453743144,19
4420,tcp,44524453759524,26
4421,tcp,44524536911694,13
4422,tcp,44524536925374,13
4423,tcp,44524620181224,13
4424,tcp,44524620191664,13
4425,tcp,44524703606994,13
4426,tcp,44524703616444,13
4427,tcp,44524786795254,13
4428,tcp,44524786805514,323
4429,tcp,44524870218774,139
4430,tcp,44524870234074,18
4431,tcp,44524953596754,13
4432,tcp,44524953610794,13
4433,tcp,44525036883924,13
4434,tcp,44525036894544,13
4435,tcp,44525120256504,13
4436,tcp,44525120267664,13
4437,tcp,44525203642494,13
4438,tcp,44525203656264,13
4439,tcp,44525286939474,13
4440,tcp,44525286958014,1757
4441,tcp,44525370244914,535
4442,tcp,44525370260034,74
4443,tcp,44525453618124,17
4444,tcp,44525453631984,13
4445,tcp,44525536863984,13
4446,tcp,44525536875594,13
4447,tcp,44525620264734,13
4448,tcp,44525620287954,13
4449,tcp,44525703592044,13
4450,tcp,44525703605724,13
4451,tcp,44525786861754,13
4452,tcp,44525786872194,201
4453,tcp,44525870178534,83
4454,tcp,44525870188884,22
4455,tcp,44525953573704,13
4456,tcp,44525953584054,18
4457,tcp,44526036902724,13
4458,tcp,44526036913344,13
4459,tcp,44526120222654,13
4460,tcp,44526120232644,13
4461,tcp,44526203742654,13
4462,tcp,44526203761374,13
4463,tcp,44526286913814,13
4464,tcp,44526286925154,1917
4465,tcp,44526370245804,749
4466,tcp,44526370257594,100
4467,tcp,44526453540804,23
4468,tcp,44526453550344,13
4469,tcp,44526536930394,13
4470,tcp,44526536943534,13
4471,tcp,44526620204244,13
4472,tcp,44526620216844,13
4473,tcp,44526703589694,13
4474,tcp,44526703601034,13
4475,tcp,44526786894504,13
4476,tcp,44526786904944,282
4477,tcp,44526870182034,152
4478,tcp,44526870194814,16
4479,tcp,44526953630484,13
4480,tcp,44526953641824,13
4481,tcp,44527036915944,13
4482,tcp,44527036929084,13
4483,tcp,44527120179804,13
4484,tcp,44527120190514,13
4485,tcp,44527203550764,13
4486,tcp,44527307143734,13
4487,tcp,44527307158584,13
4488,tcp,44527307162364,1104
4489,tcp,44527370196474,380
4490,tcp,44527370206734,48
4491,tcp,44527453529184,24
4492,tcp,44527453540074,19
4493,tcp,44527536989604,13
4494,tcp,44527537004814,13
4495,tcp,44527620234024,13
4496,tcp,44527620244194,13
4497,tcp,44527703593284,13
4498,tcp,44527703604894,13
4499,tcp,44527786915644,13
4500,tcp,44527910556924,8374
4501,tcp,44527910568084,107
4502,tcp,44527910569884,19
4503,tcp,44527953569004,16
4504,tcp,44527953579084,13
4505,tcp,44528066211024,13
4506,tcp,44528066220564,13
4507,tcp,44528120298144,13
4508,tcp,44528120313174,13
4509,tcp,44528203511964,13
4510,tcp,44528203522224,13
4511,tcp,44528286965364,13
4512,tcp,44528286978414,1920
4513,tcp,44528370228684,555
4514,tcp,44528370242184,129
4515,tcp,44528453574444,28
4516,tcp,44528453587044,35
4517,tcp,44528536969164,13
4518,tcp,44528536982754,13
4519,tcp,44528620265334,13
4520,tcp,44528620284684,13
4521,tcp,44528703550524,13
4522,tcp,44528703564564,13
4523,tcp,44528786830314,13
4524,tcp,44528786861634,165
4525,tcp,44528870220174,69
4526,tcp,44528870230254,22
4527,tcp,44528953620924,15
4528,tcp,44528953635504,13
4529,tcp,44529036944004,13
4530,tcp,44529036958314,13
4531,tcp,44529120191394,13
4532,tcp,44529120201204,13
4533,tcp,44529203597994,13
4534,tcp,44529203612574,13
4535,tcp,44529287003874,13
4536,tcp,44529287020974,1590
4537,tcp,44529370196184,647
4538,tcp,44529370209774,45
4539,tcp,44529453626274,24
4540,tcp,44529453641664,13
4541,tcp,44529536929914,13
4542,tcp,44529536945844,13
4543,tcp,44529620211324,13
4544,tcp,44529620221224,13
4545,tcp,44529703557264,13
4546,tcp,44529703567164,13
4547,tcp,44529786920214,13
4548,tcp,44529786932544,330
4549,tcp,44529870173814,150
4550,tcp,44529870184434,17
4551,tcp,44529953511024,13
4552,tcp,44529953520654,13
4553,tcp,44530036870464,13
4554,tcp,44530036880724,13
4555,tcp,44530120220634,13
4556,tcp,44530120233774,13
4557,tcp,44530203495114,13
4558,tcp,44530203505374,13
4559,tcp,44530286868144,13
4560,tcp,44530286878494,2348
4561,tcp,44530370258454,880
4562,tcp,44530370268534,200
4563,tcp,44530453545084,29
4564,tcp,44530453556064,18
4565,tcp,44530536872574,13
4566,tcp,44530536882654,13
4567,tcp,44530620238314,13
4568,tcp,44530620251094,13
4569,tcp,44530703512164,13
4570,tcp,44530703522874,13
4571,tcp,44530786906074,13
4572,tcp,44530786916424,232
4573,tcp,44530870198374,90
4574,tcp,44530870209984,13
4575,tcp,44530953645384,13
4576,tcp,44530953659064,13
4577,tcp,44531036903664,13
4578,tcp,44531036913834,13
4579,tcp,44531120288844,13
4580,tcp,44531120298204,13
4581,tcp,44531203498614,13
4582,tcp,44531203509144,13
4583,tcp,44531286841584,13
4584,tcp,44531286851214,847
4585,tcp,44531370186894,372
4586,tcp,44531370197154,58
4587,tcp,44531453527344,33
4588,tcp,44531453537514,34
4589,tcp,44531536905144,18
4590,tcp,44531536917024,13
4591,tcp,44531620230294,13
4592,tcp,44531620240194,13
4593,tcp,44531703589734,13
4594,tcp,44531703600084,13
4595,tcp,44531786915514,13
4596,tcp,44531786926584,301
4597,tcp,44531870199534,151
4598,tcp,44531870209884,18
4599,tcp,44531953536564,13
4600,tcp,44531953550154,13
4601,tcp,44532036846054,13
4602,tcp,44532036856494,13
4603,tcp,44532120213324,13
4604,tcp,44532120223404,13
4605,tcp,44532203609034,13
4606,tcp,44532203620194,13
4607,tcp,44532286876674,13
4608,tcp,44532286888554,1785
4609,tcp,44532370309464,472
4610,tcp,44532370327194,87
4611,tcp,44532453538314,27
4612,tcp,44532453549024,92
4613,tcp,44532536919264,24
4614,tcp,44532536930424,13
4615,tcp,44532620272674,13
4616,tcp,44532620285814,13
4617,tcp,44532703575684,13
4618,tcp,44532703587474,13
4619,tcp,44532786896514,13
4620,tcp,44532786908034,348
4621,tcp,44532870267654,159
4622,tcp,44532870278544,24
4623,tcp,44532953484804,13
4624,tcp,44532953494614,13
4625,tcp,44533037043144,13
4626,tcp,44533037056104,13
4627,tcp,44533120211064,13
4628,tcp,44533120221324,13
4629,tcp,44533203545934,13
4630,tcp,44533203556734,13
4631,tcp,44533286897814,13
4632,tcp,44533286908884,1484
4633,tcp,44533370185434,540
4634,tcp,44533370195874,163
4635,tcp,44533453509864,29
4636,tcp,44533453520394,13
4637,tcp,44533536927354,13
4638,tcp,44533536937974,13
4639,tcp,44533620273204,13
4640,tcp,44533620286974,13
4641,tcp,44533703615274,13
4642,tcp,44533703629494,13
4643,tcp,44533786989204,13
4644,tcp,44533787005404,279
4645,tcp,44533870167834,97
4646,tcp,44533870179984,22
4647,tcp,44533953529074,13
4648,tcp,44533953539604,13
4649,tcp,44534036849544,13
4650,tcp,44534036860344,13
4651,tcp,44534120217174,13
4652,tcp,44534120227434,13
4653,tcp,44534203518924,13
4654,tcp,44534203529454,13
4655,tcp,44534286944064,13
4656,tcp,44534286959274,1365
4657,tcp,44534370351834,461
4658,tcp,44534370366414,33
4659,tcp,44534453482764,13
4660,tcp,44534453496444,13
4661,tcp,44534536961724,13
4662,tcp,44534536974594,13
4663,tcp,44534620252674,13
4664,tcp,44534620265724,13
4665,tcp,44534703553794,13
4666,tcp,44534703566934,13
4667,tcp,44534786945814,13
4668,tcp,44534786960844,326
4669,tcp,44534870202744,150
4670,tcp,44534870215164,16
4671,tcp,44534953528794,13
4672,tcp,44534953539774,13
4673,tcp,44535037043304,13
4674,tcp,44535037055814,13
4675,tcp,44535120277644,13
4676,tcp,44535120288714,13
4677,tcp,44535203598384,13
4678,tcp,44535306971934,13
4679,tcp,44535306982734,13
4680,tcp,44535306985074,2241
4681,tcp,44535370423914,726
4682,tcp,44535370437864,116
4683,tcp,44535453498144,45
4684,tcp,44535453508854,31
4685,tcp,44535536897094,19
4686,tcp,44535536907354,13
4687,tcp,44535620189034,19
4688,tcp,44535620198844,19
4689,tcp,44535703602564,13
4690,tcp,44535890303874,19
4691,tcp,44535890314224,19
4692,tcp,44535890316024,212
4693,tcp,44535890317554,68
4694,tcp,44535910569714,25
4695,tcp,44535953577924,16
4696,tcp,44535953588994,19
4697,tcp,44536036931964,19
4698,tcp,44536036946094,13
4699,tcp,44536120275114,19
4700,tcp,44536120288704,19
4701,tcp,44536203549684,13
4702,tcp,44536203560304,19
4703,tcp,44536286889144,19
4704,tcp,44536286900304,1971
4705,tcp,44536370242644,716
4706,tcp,44536370257044,105
4707,tcp,44536453554654,28
4708,tcp,44536453569054,31
4709,tcp,44536536922644,23
4710,tcp,44536536933984,19
4711,tcp,44536620247884,19
4712,tcp,44536620260574,19
4713,tcp,44536703565114,13
4714,tcp,44536703575194,19
4715,tcp,44536786936704,19
4716,tcp,44536786947954,309
4717,tcp,44536870163934,155
4718,tcp,44536870174554,30
4719,tcp,44536953568104,17
4720,tcp,44536953582684,19
4721,tcp,44537036888844,19
4722,tcp,44537036899284,13
4723,tcp,44537120301654,19
4724,tcp,44537120316414,19
4725,tcp,44537203563624,13
4726,tcp,44537203574064,19
4727,tcp,44537286999204,19
4728,tcp,44537287015494,1110
4729,tcp,44537370215454,453
4730,tcp,44537370226524,46
4731,tcp,44537453539524,23
4732,tcp,44537453549874,22
4733,tcp,44537536875564,23
4734,tcp,44537536885554,15
4735,tcp,44537620195224,19
4736,tcp,44537620205754,19
4737,tcp,44537703508494,13
4738,tcp,44537703519204,19
4739,tcp,44537786850024,19
4740,tcp,44537786860914,334
4741,tcp,44537870319084,144
4742,tcp,44537870332134,25
4743,tcp,44537953673214,17
4744,tcp,44537953689054,19
4745,tcp,44538102458244,19
4746,tcp,44538102471384,13
4747,tcp,44538120219744,19
4748,tcp,44538122637144,19
4749,tcp,44538203540574,13
4750,tcp,44538243888114,8349
4751,tcp,44538286857804,97
4752,tcp,44538287187024,2096
4753,tcp,44538370242264,697
4754,tcp,44538370252704,53
4755,tcp,44538453515844,36
4756,tcp,44538453525294,57
4757,tcp,44538536848734,15
4758,tcp,44538536859354,13
4759,tcp,44538620177124,13
4760,tcp,44538620186844,13
4761,tcp,44538703502814,13
4762,tcp,44538703512084,13
4763,tcp,44538786895104,13
4764,tcp,44538786905724,281
4765,tcp,44538870311064,81
4766,tcp,44538870324384,22
4767,tcp,44538953538564,15
4768,tcp,44538953549994,13
4769,tcp,44539036876224,13
4770,tcp,44539036888914,13
4771,tcp,44539120292814,13
4772,tcp,44539120306674,13
4773,tcp,44539203596004,13
4774,tcp,44539203609324,13
4775,tcp,44539286895954,13
4776,tcp,44539286913414,1424
4777,tcp,44539370284914,693
4778,tcp,44539370299944,50
4779,tcp,44539453508274,25
4780,tcp,44539453518354,13
4781,tcp,44539536889944,13
4782,tcp,44539536900474,13
4783,tcp,44539620262524,13
4784,tcp,44539620272334,13
4785,tcp,44539703495514,13
4786,tcp,44539703505144,13
4787,tcp,44539786906704,13
4788,tcp,44539786916694,203
4789,tcp,44539870240314,104
4790,tcp,44539870254354,22
4791,tcp,44539953507054,13
4792,tcp,44539953516414,13
4793,tcp,44540037047394,13
4794,tcp,44540037060984,13
4795,tcp,44540120232774,13
4796,tcp,44540120243844,13
4797,tcp,44540203647744,13
4798,tcp,44540203662504,13
4799,tcp,44540286917724,13
4800,tcp,44540290989954,3660
4801,tcp,44540370351864,1238
4802,tcp,44540370367254,190
4803,tcp,44540453580984,33
4804,tcp,44540453593134,86
4805,tcp,44540536957344,17
4806,tcp,44540536967514,13
4807,tcp,44540620260264,13
4808,tcp,44540620271694,13
4809,tcp,44540703597834,13
4810,tcp,44540703612144,13
4811,tcp,44540786952864,13
4812,tcp,44540786969154,178
4813,tcp,44540870322564,60
4814,tcp,44540870338224,13
4815,tcp,44540953680114,13
4816,tcp,44540953694694,13
4817,tcp,44541036938754,13
4818,tcp,44541036950004,13
4819,tcp,44541120225924,13
4820,tcp,44541120236184,13
4821,tcp,44541203576364,13
4822,tcp,44541203585904,13
4823,tcp,44541286894584,13
4824,tcp,44541286905564,864
4825,tcp,44541370245024,505
4826,tcp,44541370258164,48
4827,tcp,44541453677274,31
4828,tcp,44541453686994,31
4829,tcp,44541536925564,30
4830,tcp,44541536940864,25
4831,tcp,44541620200044,28
4832,tcp,44541620210754,28
4833,tcp,44541703488654,25
4834,tcp,44541703498104,29
4835,tcp,44541786910104,28
4836,tcp,44541786926664,321
4837,tcp,44541870142824,168
4838,tcp,44541870153624,38
4839,tcp,44541953517924,31
4840,tcp,44541953528094,34
4841,tcp,44542037046834,32
4842,tcp,44542037061054,25
4843,tcp,44542120235004,28
4844,tcp,44542120248594,28
4845,tcp,44542203602094,25
4846,tcp,44542203618204,29
4847,tcp,44542286874234,28
4848,tcp,44542286885844,1444
4849,tcp,44542370377584,579
4850,tcp,44542370387304,58
4851,tcp,44542453647204,17
4852,tcp,44542453658274,23
4853,tcp,44542602531504,13
4854,tcp,44542602545454,13
4855,tcp,44542620219744,13
4856,tcp,44542622665674,13
4857,tcp,44542703592324,13
4858,tcp,44542703602854,13
4859,tcp,44542786827564,13
4860,tcp,44542786838634,345
4861,tcp,44542870255944,132
4862,tcp,44542870271964,20
4863,tcp,44542953531414,13
4864,tcp,44542953541494,13
4865,tcp,44543036861064,13
4866,tcp,44543036871954,13
4867,tcp,44543120263344,13
4868,tcp,44543120278284,13
4869,tcp,44543203558704,13
4870,tcp,44543203568424,13
4871,tcp,44543286912294,13
4872,tcp,44543286926514,1477
4873,tcp,44543370357954,581
4874,tcp,44543370373164,123
4875,tcp,44543453553054,33
4876,tcp,44543453563674,13
4877,tcp,44543536976304,13
4878,tcp,44543536992324,13
4879,tcp,44543620421424,13
4880,tcp,44543620433214,13
4881,tcp,44543703540204,13
4882,tcp,44543703550644,13
4883,tcp,44543786858064,13
4884,tcp,44543786868594,283
4885,tcp,44543870352144,81
4886,tcp,44543870366634,55
4887,tcp,44543953610784,13
4888,tcp,44543953621674,13
4889,tcp,44544037027914,13
4890,tcp,44544037039074,13
4891,tcp,44544120267384,13
4892,tcp,44544120281604,13
4893,tcp,44544203572644,13
4894,tcp,44544203582634,13
4895,tcp,44544286946754,13
4896,tcp,44544286958724,1564
4897,tcp,44544370218264,544
4898,tcp,44544370228344,48
4899,tcp,44544453579504,13
4900,tcp,44544453589674,13
4901,tcp,44544536842914,13
4902,tcp,44544536852634,13
4903,tcp,44544620267604,13
4904,tcp,44544620278674,13
4905,tcp,44544703543254,13
4906,tcp,44544703553694,13
4907,tcp,44544786948144,13
4908,tcp,44544786962094,310
4909,tcp,44544870283464,142
4910,tcp,44544870297144,21
4911,tcp,44544953591154,13
4912,tcp,44544953606364,13
4913,tcp,44545036952034,13
4914,tcp,44545036966794,13
4915,tcp,44545120242894,13
4916,tcp,44545120256664,13
4917,tcp,44545203610164,13
4918,tcp,44545203620874,13
4919,tcp,44545287029994,13
4920,tcp,44545287040614,1539
4921,tcp,44545370316084,577
4922,tcp,44545370331294,44
4923,tcp,44545453527204,20
4924,tcp,44545453537554,13
4925,tcp,44545536867204,13
4926,tcp,44545536877914,13
4927,tcp,44545620254994,13
4928,tcp,44545620264894,13
4929,tcp,44545703530104,13
4930,tcp,44545703541084,13
4931,tcp,44545786919874,13
4932,tcp,44545786934994,56
4933,tcp,44545870344204,52
4934,tcp,44545870357884,13
4935,tcp,44545953546774,13
4936,tcp,44545953557034,13
4937,tcp,44546036924124,13
4938,tcp,44546036938074,13
4939,tcp,44546120222814,13
4940,tcp,44546120243244,13
4941,tcp,44546203660734,13
4942,tcp,44546203672704,13
4943,tcp,44546286952224,13
4944,tcp,44546286963204,1904
4945,tcp,44546370264594,759
4946,tcp,44546370276564,59
4947,tcp,44546453614224,26
4948,tcp,44546453631414,30
4949,tcp,44546536932444,13
4950,tcp,44546536945584,13
4951,tcp,44546620362264,13
4952,tcp,44546620372614,13
4953,tcp,44546703637464,13
4954,tcp,44546703651864,13
4955,tcp,44546786840034,13
4956,tcp,44546786849484,318
4957,tcp,44546870250234,143
4958,tcp,44546870261574,19
4959,tcp,44546953549374,13
4960,tcp,44546953560624,13
4961,tcp,44547036937434,13
4962,tcp,44547036948144,13
4963,tcp,44547120214074,13
4964,tcp,44547120223434,13
4965,tcp,44547203626524,13
4966,tcp,44547203640114,13
4967,tcp,44547286884804,13
4968,tcp,44547286899024,1050
4969,tcp,44547370217424,407
4970,tcp,44547370228044,50
4971,tcp,44547453525474,32
4972,tcp,44547453535284,52
4973,tcp,44547536855034,18
4974,tcp,44547536864664,13
4975,tcp,44547620207454,13
4976,tcp,44547723720864,13
4977,tcp,44547723730944,13
4978,tcp,44547723732294,13
4979,tcp,44547786919314,13
4980,tcp,44547786931284,342
4981,tcp,44547870351294,106
4982,tcp,44547870370104,17
4983,tcp,44547953505444,13
4984,tcp,44547953515794,13
4985,tcp,44548036906734,13
4986,tcp,44548036916364,13
4987,tcp,44548120213614,13
4988,tcp,44548120223514,13
4989,tcp,44548203617964,13
4990,tcp,44548203631104,13
4991,tcp,44548286897034,13
4992,tcp,44548286908194,2138
4993,tcp,44548370177454,641
4994,tcp,44548370188614,134
4995,tcp,44548453479474,23
4996,tcp,44548453490724,92
4997,tcp,44548536889854,16
4998,tcp,44548536900474,13
4999,tcp,44548620203124,13
5000,tcp,44548660610154,9454
5001,tcp,44548703557524,118
5002,tcp,44548703568954,104
5003,tcp,44548786913994,63
5004,tcp,44548786924704,236
5005,tcp,44548870244994,76
5006,tcp,44548870255434,20
5007,tcp,44548953547554,13
5008,tcp,44548953557544,13
5009,tcp,44549036866224,13
5010,tcp,44549036876934,13
5011,tcp,44549120216484,13
5012,tcp,44549120227464,13
5013,tcp,44549203594914,13
5014,tcp,44549307046134,13
5015,tcp,44549307056844,13
5016,tcp,44549307059184,1550
5017,tcp,44549370278964,684
5018,tcp,44549370289494,53
5019,tcp,44549453520954,19
5020,tcp,44549453531754,79
5021,tcp,44549536902264,19
5022,tcp,44549536916214,13
5023,tcp,44549620186284,13
5024,tcp,44549620196544,13
5025,tcp,44549703557154,13
5026,tcp,44549703571284,13
5027,tcp,44549786843784,13
5028,tcp,44549786855304,321
5029,tcp,44549870185404,141
5030,tcp,44549870196024,18
5031,tcp,44549953633674,13
5032,tcp,44549953647894,13
5033,tcp,44550036994734,13
5034,tcp,44550037008954,13
5035,tcp,44550120187134,13
5036,tcp,44550120197574,13
5037,tcp,44550203545314,13
5038,tcp,44550203561064,13
5039,tcp,44550286888554,13
5040,tcp,44550307172484,3199
5041,tcp,44550370173654,1353
5042,tcp,44550370183914,121
5043,tcp,44550453542544,30
5044,tcp,44550453553524,204
5045,tcp,44550536986314,28
5046,tcp,44550537001254,13
5047,tcp,44550620325864,16
5048,tcp,44550620341344,16
5049,tcp,44550703609164,13
5050,tcp,44550703621674,16
5051,tcp,44550786834144,16
5052,tcp,44550787251474,220
5053,tcp,44550870332004,70
5054,tcp,44550870342174,78
5055,tcp,44550982236834,15
5056,tcp,44550982247544,16
5057,tcp,44551036831104,16
5058,tcp,44551036841184,13
5059,tcp,44551120158414,16
5060,tcp,44551120168764,16
5061,tcp,44551203531714,13
5062,tcp,44551203542424,16
5063,tcp,44551286854974,16
5064,tcp,44551286866404,630
5065,tcp,44551370273544,361
5066,tcp,44551370284794,32
5067,tcp,44551453588794,13
5068,tcp,44551453606074,16
5069,tcp,44551536876054,16
5070,tcp,44551536886674,13
5071,tcp,44551620197244,16
5072,tcp,44551620208134,16
5073,tcp,44551703533194,13
5074,tcp,44551703544534,16
5075,tcp,44551786942674,16
5076,tcp,44551786953474,337
5077,tcp,44551870335504,137
5078,tcp,44551870347204,21
5079,tcp,44551953600444,13
5080,tcp,44551953611964,16
5081,tcp,44552036926494,16
5082,tcp,44552036940624,13
5083,tcp,44552150227764,16
5084,tcp,44552150238114,16
5085,tcp,44552203547904,13
5086,tcp,44552203557624,16
5087,tcp,44552286881784,16
5088,tcp,44552286892134,1796
5089,tcp,44552370236364,473
5090,tcp,44552370246444,86
5091,tcp,44552453542614,24
5092,tcp,44552453552694,29
5093,tcp,44552537084394,25
5094,tcp,44552537095104,13
5095,tcp,44552620241334,16
5096,tcp,44552620254474,16
5097,tcp,44552703511584,13
5098,tcp,44552703521934,16
5099,tcp,44552786894514,16
5100,tcp,44552786905224,355
5101,tcp,44552870348274,147
5102,tcp,44552870362584,18
5103,tcp,44552953543464,13
5104,tcp,44552953556244,16
5105,tcp,44553036921174,16
5106,tcp,44553036934854,13
5107,tcp,44553120227334,16
5108,tcp,44553120237864,16
5109,tcp,44553203617284,13
5110,tcp,44553203634744,16
5111,tcp,44553286966014,16
5112,tcp,44553286985184,1459
5113,tcp,44553370315104,584
5114,tcp,44553370329324,141
5115,tcp,44553453586794,24
5116,tcp,44553453600744,21
5117,tcp,44553537062514,16
5118,tcp,44553537076374,13
5119,tcp,44553620261844,16
5120,tcp,44553620277234,16
5121,tcp,44553703605894,13
5122,tcp,44553703615614,16
5123,tcp,44553786961194,16
5124,tcp,44553786976404,273
5125,tcp,44553870290484,84
5126,tcp,44553870300474,30
5127,tcp,44553953596374,15
5128,tcp,44553953610054,16
5129,tcp,44554036841604,16
5130,tcp,44554036851594,13
5131,tcp,44554120227594,16
5132,tcp,44554120237764,16
5133,tcp,44554203577404,13
5134,tcp,44554203590724,16
5135,tcp,44554286893104,16
5136,tcp,44554286907504,1529
5137,tcp,44554370339844,506
5138,tcp,44554370351004,40
5139,tcp,44554453524594,16
5140,tcp,44554453538094,16
5141,tcp,44554536842544,16
5142,tcp,44554536853614,13
5143,tcp,44554620195414,16
5144,tcp,44554620205944,16
5145,tcp,44554703565294,13
5146,tcp,44554703576454,16
5147,tcp,44554787049834,16
5148,tcp,44554787073774,326
5149,tcp,44554870335744,143
5150,tcp,44554870350954,18
5151,tcp,44554953582774,13
5152,tcp,44554953597804,16
5153,tcp,44555036902164,16
5154,tcp,44555036912154,13
5155,tcp,44555120244954,16
5156,tcp,44555120563014,16
5157,tcp,44555203615644,13
5158,tcp,44555203633824,16
5159,tcp,44555286853224,16
5160,tcp,44555286864654,1692
5161,tcp,44555370310584,683
5162,tcp,44555370327864,77
5163,tcp,44555482290924,25
5164,tcp,44555482305774,16
5165,tcp,44555536882854,16
5166,tcp,44555536893384,13
5167,tcp,44555620294134,16
5168,tcp,44555620310424,16
5169,tcp,44555703611634,13
5170,tcp,44555703621894,16
5171,tcp,44555786920584,16
5172,tcp,44555786933904,229
5173,tcp,44555870332854,96
5174,tcp,44555870345184,16
5175,tcp,44555953574394,13
5176,tcp,44555953585284,16
5177,tcp,44556066212904,16
5178,tcp,44556066223254,13
5179,tcp,44556120216864,16
5180,tcp,44556120226764,16
5181,tcp,44556203619504,13
5182,tcp,44556203631204,16
5183,tcp,44556286942044,16
5184,tcp,44556286958874,1994
5185,tcp,44556370165044,779
5186,tcp,44556370174674,96
5187,tcp,44556453535554,22
5188,tcp,44556453545274,16
5189,tcp,44556536909124,16
5190,tcp,44556536919564,13
5191,tcp,44556620205834,16
5192,tcp,44556620216184,16
5193,tcp,44556703560594,13
5194,tcp,44556703571124,16
5195,tcp,44556786835164,16
5196,tcp,44556786845154,243
5197,tcp,44556870234474,128
5198,tcp,44556870248514,23
5199,tcp,44556953548554,13
5200,tcp,44556953561424,16
5201,tcp,44557036926174,16
5202,tcp,44557036950474,13
5203,tcp,44557120180404,16
5204,tcp,44557120190214,16
5205,tcp,44557203502404,13
5206,tcp,44557203513384,16
5207,tcp,44557286849604,16
5208,tcp,44557286861214,1069
5209,tcp,44557370283204,388
5210,tcp,44557370294094,49
5211,tcp,44557453494324,25
5212,tcp,44557453505034,22
5213,tcp,44557536927564,16
5214,tcp,44557536941694,13
5215,tcp,44557620180984,16
5216,tcp,44557620191604,16
5217,tcp,44557703631594,13
5218,tcp,44557703647614,16
5219,tcp,44557786850184,16
5220,tcp,44557786859904,349
5221,tcp,44557870295574,123
5222,tcp,44557870305744,21
5223,tcp,44557953621174,13
5224,tcp,44557953631974,16
5225,tcp,44558036819424,16
5226,tcp,44558036829684,13
5227,tcp,44558120188314,16
5228,tcp,44558120198754,16
5229,tcp,44558203503024,13
5230,tcp,44558203512924,16
5231,tcp,44558286895224,16
5232,tcp,44558286907104,2212
5233,tcp,44558370184554,740
5234,tcp,44558370194814,100
5235,tcp,44558453528964,26
5236,tcp,44558453540304,16
5237,tcp,44558536875444,16
5238,tcp,44558536885074,13
5239,tcp,44558620272594,16
5240,tcp,44558620287354,16
5241,tcp,44558703679554,13
5242,tcp,44558703693684,16
5243,tcp,44558786946114,16
5244,tcp,44558786962764,286
5245,tcp,44558870182704,86
5246,tcp,44558870193504,18
5247,tcp,44558953583004,13
5248,tcp,44558953596594,16
5249,tcp,44559036971154,16
5250,tcp,44559077384394,9493
5251,tcp,44559120287664,196
5252,tcp,44559120303774,73
5253,tcp,44559203544954,75
5254,tcp,44559203556744,79
5255,tcp,44559287020764,67
5256,tcp,44559287045694,1544
5257,tcp,44559370194174,774
5258,tcp,44559370204974,113
5259,tcp,44559453592404,24
5260,tcp,44559453603294,55
5261,tcp,44559536846004,57
5262,tcp,44559536856264,13
5263,tcp,44559620192664,55
5264,tcp,44559620202744,52
5265,tcp,44559703521504,13
5266,tcp,44559703531494,52
5267,tcp,44559786840894,52
5268,tcp,44559786851424,310
5269,tcp,44559870285204,178
5270,tcp,44559870295104,57
5271,tcp,44559953544564,16
5272,tcp,44559953555274,52
5273,tcp,44560036869084,52
5274,tcp,44560036879074,13
5275,tcp,44560120220694,52
5276,tcp,44560120231134,52
5277,tcp,44560203513444,13
5278,tcp,44560203523974,52
5279,tcp,44560286867484,52
5280,tcp,44560286880534,2616
5281,tcp,44560370299374,1122
5282,tcp,44560370310804,124
5283,tcp,44560453646754,35
5284,tcp,44560453658544,129
5285,tcp,44560536964614,59
5286,tcp,44560536979824,13
5287,tcp,44560620260874,52
5288,tcp,44560620274644,52
5289,tcp,44560703619324,13
5290,tcp,44560703633274,52
5291,tcp,44560786871394,52
5292,tcp,44560786882014,234
5293,tcp,44560870280154,136
5294,tcp,44560870292664,59
5295,tcp,44560953522144,13
5296,tcp,44560953532854,55
5297,tcp,44561036843424,52
5298,tcp,44561036854674,13
5299,tcp,44561120178384,52
5300,tcp,44561120188644,52
5301,tcp,44561203561314,13
5302,tcp,44561203571574,52
5303,tcp,44561286882954,52
5304,tcp,44561286893034,853
5305,tcp,44561370300624,234
5306,tcp,44561370310434,85
5307,tcp,44561453490504,17
5308,tcp,44561453501394,59
5309,tcp,44561536844184,55
5310,tcp,44561536854084,13
5311,tcp,44561620258524,52
5312,tcp,44561620269054,52
5313,tcp,44561703655224,13
5314,tcp,44561703668814,52
5315,tcp,44561786936904,52
5316,tcp,44561786953464,323
5317,tcp,44561870393904,187
5318,tcp,44561870408844,62
5319,tcp,44561953672524,18
5320,tcp,44561953721754,52
5321,tcp,44562036907404,52
5322,tcp,44562036922704,13
5323,tcp,44562120306444,52
5324,tcp,44562120320754,52
5325,tcp,44562203595324,13
5326,tcp,44562203609184,52
5327,tcp,44562286859004,52
5328,tcp,44562286870614,1279
5329,tcp,44562370277304,376
5330,tcp,44562370287834,148
5331,tcp,44562453552144,24
5332,tcp,44562453563574,55
5333,tcp,44562537005544,57
5334,tcp,44562537019584,13
5335,tcp,44562620348874,52
5336,tcp,44562620362824,52
5337,tcp,44562703638024,13
5338,tcp,44562703652244,52
5339,tcp,44562786999804,52
5340,tcp,44562787010694,349
5341,tcp,44562870183564,144
5342,tcp,44562870192744,63
5343,tcp,44562953544984,18
5344,tcp,44562953555604,52
5345,tcp,44563036905504,52
5346,tcp,44563140454644,13
5347,tcp,44563140468504,52
5348,tcp,44563140470934,52
5349,tcp,44563203727344,13
5350,tcp,44563203744264,52
5351,tcp,44563287023964,52
5352,tcp,44563287040974,1476
5353,tcp,44563370303574,720
5354,tcp,44563370319234,145
5355,tcp,44563453613694,23
5356,tcp,44563453630164,71
5357,tcp,44563536907974,57
5358,tcp,44563640394564,15
5359,tcp,44563640405004,52
5360,tcp,44563640406444,52
5361,tcp,44563703533704,13
5362,tcp,44563703544504,52
5363,tcp,44563786837344,52
5364,tcp,44563786848054,269
5365,tcp,44563870196064,119
5366,tcp,44563870207224,63
5367,tcp,44563953637494,13
5368,tcp,44563953651804,52
5369,tcp,44564036970024,52
5370,tcp,44564036985144,13
5371,tcp,44564120267184,52
5372,tcp,44564120281044,52
5373,tcp,44564203505574,13
5374,tcp,44564203515654,52
5375,tcp,44564286929724,52
5376,tcp,44564286941424,1526
5377,tcp,44564370357204,572
5378,tcp,44564370373044,69
5379,tcp,44564453705754,15
5380,tcp,44564453716014,52
5381,tcp,44564536867824,52
5382,tcp,44564536879434,13
5383,tcp,44564620194684,52
5384,tcp,44564620206294,52
5385,tcp,44564734202274,13
5386,tcp,44564734212354,52
5387,tcp,44564786834544,52
5388,tcp,44564786844804,333
5389,tcp,44564870182284,181
5390,tcp,44564870192634,58
5391,tcp,44564953633074,13
5392,tcp,44564953642974,52
5393,tcp,44565036834474,52
5394,tcp,44565036844554,13
5395,tcp,44565120140274,52
5396,tcp,44565120150804,52
5397,tcp,44565203589534,13
5398,tcp,44565203599974,52
5399,tcp,44565286830084,52
5400,tcp,44565286840254,2283
5401,tcp,44565370283034,648
5402,tcp,44565370296084,168
5403,tcp,44565453535644,20
5404,tcp,44565453547434,20
5405,tcp,44565536952504,16
5406,tcp,44565536964294,13
5407,tcp,44565620344074,16
5408,tcp,44565620358474,16
5409,tcp,44565703653384,13
5410,tcp,44565703668054,16
5411,tcp,44565786882594,16
5412,tcp,44565786893124,227
5413,tcp,44565870178134,79
5414,tcp,44565870189294,16
5415,tcp,44565953492304,13
5416,tcp,44566057057644,16
5417,tcp,44566057067904,16
5418,tcp,44566057069344,13
5419,tcp,44566120354464,16
5420,tcp,44566120370304,16
5421,tcp,44566203579444,13
5422,tcp,44566203597534,16
5423,tcp,44566286862924,16
5424,tcp,44566286874534,1950
5425,tcp,44566370229474,753
5426,tcp,44566370240004,47
5427,tcp,44566453531944,13
5428,tcp,44566556965614,23
5429,tcp,44566556974794,18
5430,tcp,44566556976144,13
5431,tcp,44566620115284,16
5432,tcp,44566620124644,16
5433,tcp,44566703468424,13
5434,tcp,44566703478414,16
5435,tcp,44566786987794,16
5436,tcp,44566787004804,291
5437,tcp,44566870196574,139
5438,tcp,44566870210164,16
5439,tcp,44566953551694,13
5440,tcp,44566953565194,16
5441,tcp,44567036948754,16
5442,tcp,44567036964414,13
5443,tcp,44567120232054,16
5444,tcp,44567120248704,16
5445,tcp,44567203654314,13
5446,tcp,44567203671234,16
5447,tcp,44567286814134,16
5448,tcp,44567286824304,1105
5449,tcp,44567370133434,398
5450,tcp,44567370146934,52
5451,tcp,44567453582154,23
5452,tcp,44567453596644,35
5453,tcp,44567536950684,18
5454,tcp,44567537437404,13
5455,tcp,44567620179624,16
5456,tcp,44567620190694,16
5457,tcp,44567703496494,13
5458,tcp,44567703505764,16
5459,tcp,44567786917494,16
5460,tcp,44567786930724,224
5461,tcp,44567870260644,106
5462,tcp,44567870271984,22
5463,tcp,44567953502904,13
5464,tcp,44567953513344,16
5465,tcp,44568036825444,16
5466,tcp,44568036834624,13
5467,tcp,44568120118284,16
5468,tcp,44568120129174,16
5469,tcp,44568203510754,13
5470,tcp,44568203521464,16
5471,tcp,44568286906104,16
5472,tcp,44568286921224,2145
5473,tcp,44568370202094,571
5474,tcp,44568370216494,110
5475,tcp,44568453538764,19
5476,tcp,44568453551724,18
5477,tcp,44568536858514,16
5478,tcp,44568536869944,13
5479,tcp,44568620254134,16
5480,tcp,44568620266914,16
5481,tcp,44568703543734,13
5482,tcp,44568703557504,16
5483,tcp,44568786830634,16
5484,tcp,44568786842154,282
5485,tcp,44568870203394,84
5486,tcp,44568870213114,28
5487,tcp,44568953555724,13
5488,tcp,44568953569314,16
5489,tcp,44569036819044,16
5490,tcp,44569036828764,13
5491,tcp,44569120161834,16
5492,tcp,44569120175424,16
5493,tcp,44569203528834,13
5494,tcp,44569203538194,16
5495,tcp,44569286786574,16
5496,tcp,44569286797554,1598
5497,tcp,44569370232774,644
5498,tcp,44569370243394,62
5499,tcp,44569453512474,19
5500,tcp,44569485694134,8910
5501,tcp,44569536824304,142
5502,tcp,44569536834294,28
5503,tcp,44569620241344,39
5504,tcp,44569620251424,16
5505,tcp,44569703536344,13
5506,tcp,44569703549934,16
5507,tcp,44569786894614,16
5508,tcp,44569786905054,322
5509,tcp,44569870135074,169
5510,tcp,44569870145334,24
5511,tcp,44569953523764,16
5512,tcp,44569953533844,16
5513,tcp,44570036821284,16
5514,tcp,44570036831814,13
5515,tcp,44570120297814,16
5516,tcp,44570120310684,16
5517,tcp,44570203510374,13
5518,tcp,44570203520724,16
5519,tcp,44570287002384,16
5520,tcp,44570290977054,3069
5521,tcp,44570370235644,1107
5522,tcp,44570370252744,271
5523,tcp,44570453526954,29
5524,tcp,44570453541264,22
5525,tcp,44570536888014,16
5526,tcp,44570536897644,13
5527,tcp,44570620201464,16
5528,tcp,44570620211544,16
5529,tcp,44570703542094,13
5530,tcp,44570703552174,16
5531,tcp,44570786910174,16
5532,tcp,44570786920164,217
5533,tcp,44570870288064,96
5534,tcp,44570870301924,20
5535,tcp,44570953498824,13
5536,tcp,44570953510164,16
5537,tcp,44571036876534,16
5538,tcp,44571036890214,13
5539,tcp,44571120236694,16
5540,tcp,44571120250104,16
5541,tcp,44571203727624,13
5542,tcp,44571203745894,16
5543,tcp,44571286943154,16
5544,tcp,44571286960344,883
5545,tcp,44571370362894,342
5546,tcp,44571473686674,59
5547,tcp,44571473697294,16
5548,tcp,44571473698734,16
5549,tcp,44571536882694,16
5550,tcp,44571536896914,13
5551,tcp,44571620246904,16
5552,tcp,44571620256174,16
5553,tcp,44571703579164,13
5554,tcp,44571703595004,16
5555,tcp,44571786910344,16
5556,tcp,44571786927174,330
5557,tcp,44571870218124,195
5558,tcp,44571870659934,31
5559,tcp,44571953689524,21
5560,tcp,44571953716254,16
5561,tcp,44572036941864,16
5562,tcp,44572036955724,13
5563,tcp,44572120255314,16
5564,tcp,44572120269444,16
5565,tcp,44572203603324,13
5566,tcp,44572203613494,16
5567,tcp,44572286970774,16
5568,tcp,44572286983464,1688
5569,tcp,44572370290884,573
5570,tcp,44572370302854,136
5571,tcp,44572453604244,25
5572,tcp,44572453618284,18
5573,tcp,44572536914454,16
5574,tcp,44572536924624,13
5575,tcp,44572620144114,16
5576,tcp,44572620154554,16
5577,tcp,44572703531904,13
5578,tcp,44572703542164,16
5579,tcp,44572786901784,16
5580,tcp,44572786916454,350
5581,tcp,44572870249794,177
5582,tcp,44572870259604,20
5583,tcp,44572953501504,15
5584,tcp,44572953514374,16
5585,tcp,44573036849244,16
5586,tcp,44573036861484,13
5587,tcp,44573120322894,16
5588,tcp,44573120334684,16
5589,tcp,44573203589724,13
5590,tcp,44573203606104,16
5591,tcp,44573286851334,16
5592,tcp,44573286862314,1173
5593,tcp,44573370227064,508
5594,tcp,44573370237054,103
5595,tcp,44573453538624,25
5596,tcp,44573453550234,100
5597,tcp,44573536877994,25
5598,tcp,44573536887984,21
5599,tcp,44573620251474,18
5600,tcp,44573620261464,20
5601,tcp,44573703602004,17
5602,tcp,44573703615864,16
5603,tcp,44573786995554,16
5604,tcp,44573787009774,246
5605,tcp,44573870172204,99
5606,tcp,44573870182914,24
5607,tcp,44573953563684,13
5608,tcp,44573953576824,16
5609,tcp,44574036875874,16
5610,tcp,44574036886494,13
5611,tcp,44574120238914,16
5612,tcp,44574120253494,16
5613,tcp,44574203628054,13
5614,tcp,44574203641284,16
5615,tcp,44574286926294,16
5616,tcp,44574286941414,1464
5617,tcp,44574370298154,480
5618,tcp,44574370313724,121
5619,tcp,44574453615024,20
5620,tcp,44574453634104,27
5621,tcp,44574536900664,18
5622,tcp,44574536911644,15
5623,tcp,44574620196654,18
5624,tcp,44574620214924,16
5625,tcp,44574703552764,13
5626,tcp,44574703564734,16
5627,tcp,44574786873054,16
5628,tcp,44574786883764,317
5629,tcp,44574870190284,181
5630,tcp,44574870200274,20
5631,tcp,44574953474934,13
5632,tcp,44574953484474,16
5633,tcp,44575036833204,16
5634,tcp,44575036843194,13
5635,tcp,44575120137744,16
5636,tcp,44575120148274,16
5637,tcp,44575203469104,13
5638,tcp,44575203478824,16
5639,tcp,44575286791644,16
5640,tcp,44575286802714,1441
5641,tcp,44575370252064,608
5642,tcp,44575370265564,107
5643,tcp,44575453602054,19
5644,tcp,44575453611684,21
5645,tcp,44575536889944,16
5646,tcp,44575536902994,13
5647,tcp,44575620218154,16
5648,tcp,44575620228594,16
5649,tcp,44575703608734,13
5650,tcp,44575703620344,16
5651,tcp,44575786867194,16
5652,tcp,44575786877904,201
5653,tcp,44575870263804,99
5654,tcp,44575870275594,19
5655,tcp,44575953612894,16
5656,tcp,44575953626934,16
5657,tcp,44576036917524,16
5658,tcp,44576036930754,13
5659,tcp,44576120219544,16
5660,tcp,44576120229354,16
5661,tcp,44576203561344,13
5662,tcp,44576203574484,16
5663,tcp,44576318201274,16
5664,tcp,44576318212794,1960
5665,tcp,44576370176724,663
5666,tcp,44576370187884,85
5667,tcp,44576453556324,15
5668,tcp,44576453569914,35
5669,tcp,44576536835484,18
5670,tcp,44576536845744,13
5671,tcp,44576620159824,16
5672,tcp,44576620170354,16
5673,tcp,44576703547164,13
5674,tcp,44576703556524,16
5675,tcp,44576818225794,16
5676,tcp,44576818238124,316
5677,tcp,44576870286204,175
5678,tcp,44576870297724,28
5679,tcp,44576953493364,16
5680,tcp,44576953504434,16
5681,tcp,44577037015884,16
5682,tcp,44577037029384,13
5683,tcp,44577120224394,16
5684,tcp,44577120237174,16
5685,tcp,44577203652594,13
5686,tcp,44577250333434,16
5687,tcp,44577287052084,16
5688,tcp,44577287071434,1069
5689,tcp,44577370396044,378
5690,tcp,44577370412244,118
5691,tcp,44577453630204,31
5692,tcp,44577453646764,18
5693,tcp,44577566253954,16
5694,tcp,44577566264754,13
5695,tcp,44577620258904,16
5696,tcp,44577620269164,16
5697,tcp,44577703512774,13
5698,tcp,44577703523214,16
5699,tcp,44577786805974,16
5700,tcp,44577786816594,342
5701,tcp,44577870254154,164
5702,tcp,44577870264594,21
5703,tcp,44577953490744,17
5704,tcp,44577953530614,22
5705,tcp,44578036892754,18
5706,tcp,44578036903014,15
5707,tcp,44578150298064,16
5708,tcp,44578150313274,16
5709,tcp,44578203515064,13
5710,tcp,44578203524874,16
5711,tcp,44578286900514,16
5712,tcp,44578286912484,2113
5713,tcp,44578370216214,703
5714,tcp,44578370226294,53
5715,tcp,44578453570434,31
5716,tcp,44578453580334,71
5717,tcp,44578536833754,26
5718,tcp,44578536844464,18
5719,tcp,44578620209394,16
5720,tcp,44578620219294,16
5721,tcp,44578703630214,13
5722,tcp,44578703640384,16
5723,tcp,44578786968324,16
5724,tcp,44578786984434,161
5725,tcp,44578870276824,87
5726,tcp,44578870287534,20
5727,tcp,44578953526104,13
5728,tcp,44578953536184,16
5729,tcp,44579036910744,16
5730,tcp,44579036950794,13
5731,tcp,44579120194584,16
5732,tcp,44579120204664,16
5733,tcp,44579203535844,13
5734,tcp,44579203546194,16
5735,tcp,44579286881154,16
5736,tcp,44579286891594,1576
5737,tcp,44579370193614,671
5738,tcp,44579370203874,116
5739,tcp,44579453496264,19
5740,tcp,44579453506524,16
5741,tcp,44579536909974,16
5742,tcp,44579536919784,13
5743,tcp,44579620214604,16
5744,tcp,44579620225134,16
5745,tcp,44579703549924,13
5746,tcp,44579703559824,16
5747,tcp,44579786990544,16
5748,tcp,44579787005304,322
5749,tcp,44579870228574,184
5750,tcp,44579914458984,9264
5751,tcp,44579953570014,85
5752,tcp,44579953581354,118
5753,tcp,44580037031694,36
5754,tcp,44580037046004,21
5755,tcp,44580120274134,18
5756,tcp,44580120285564,18
5757,tcp,44580203586864,16
5758,tcp,44580203598294,18
5759,tcp,44580286988964,18
5760,tcp,44580291037974,4032
5761,tcp,44580370295484,1349
5762,tcp,44580370306554,322
5763,tcp,44580453574284,52
5764,tcp,44580453585354,84
5765,tcp,44580536979444,25
5766,tcp,44580536990244,13
5767,tcp,44580620237814,13
5768,tcp,44580620248524,13
5769,tcp,44580703526874,13
5770,tcp,44580703539384,13
5771,tcp,44580786918444,13
5772,tcp,44580786929694,233
5773,tcp,44580870386784,87
5774,tcp,44580870460404,13
5775,tcp,44580953662704,13
5776,tcp,44580953676384,13
5777,tcp,44581036958694,13
5778,tcp,44581036974264,13
5779,tcp,44581120382304,13
5780,tcp,44581120398054,13
5781,tcp,44581203526014,13
5782,tcp,44581203535824,13
5783,tcp,44581286967804,13
5784,tcp,44581286980134,873
5785,tcp,44581370330034,378
5786,tcp,44581370345244,49
5787,tcp,44581453599024,30
5788,tcp,44581453614954,44
5789,tcp,44581536927324,20
5790,tcp,44581536941544,13
5791,tcp,44581620348504,13
5792,tcp,44581620363624,13
5793,tcp,44581703628924,13
5794,tcp,44581703641434,13
5795,tcp,44581786989714,13
5796,tcp,44581787005644,303
5797,tcp,44581870298664,155
5798,tcp,44581870309374,16
5799,tcp,44581953576384,13
5800,tcp,44581953587094,13
5801,tcp,44582036842674,13
5802,tcp,44582036853654,13
5803,tcp,44582120296884,13
5804,tcp,44582120311734,13
5805,tcp,44582203503324,13
5806,tcp,44582203513854,13
5807,tcp,44582286913164,13
5808,tcp,44582286929454,1634
5809,tcp,44582370391584,485
5810,tcp,44582370404724,92
5811,tcp,44582453593614,23
5812,tcp,44582453603784,24
5813,tcp,44582536829304,20
5814,tcp,44582536839564,13
5815,tcp,44582620238784,13
5816,tcp,44582620249044,13
5817,tcp,44582703531534,13
5818,tcp,44582703541254,13
5819,tcp,44582787052524,13
5820,tcp,44582787065844,353
5821,tcp,44582870258694,144
5822,tcp,44582870274084,18
5823,tcp,44582953648734,13
5824,tcp,44582953663764,13
5825,tcp,44583037204194,13
5826,tcp,44583037226334,13
5827,tcp,44583120272934,13
5828,tcp,44583120284094,13
5829,tcp,44583203659014,13
5830,tcp,44583203674044,13
5831,tcp,44583287011614,13
5832,tcp,44583287031864,1475
5833,tcp,44583370320924,594
5834,tcp,44583370333164,131
5835,tcp,44583453538794,23
5836,tcp,44583453548424,16
5837,tcp,44583536884824,13
5838,tcp,44583536894994,13
5839,tcp,44583620295924,13
5840,tcp,44583620310684,13
5841,tcp,44583703567794,13
5842,tcp,44583703581294,13
5843,tcp,44583787035414,13
5844,tcp,44583787049904,285
5845,tcp,44583870337794,86
5846,tcp,44583870347964,16
5847,tcp,44583953515164,13
5848,tcp,44583953526504,13
5849,tcp,44584036884774,13
5850,tcp,44584036894674,13
5851,tcp,44584120212804,13
5852,tcp,44584120222524,13
5853,tcp,44584203552534,13
5854,tcp,44584203563604,13
5855,tcp,44584286884434,13
5856,tcp,44584286895954,956
5857,tcp,44584402281804,430
5858,tcp,44584402294944,36
5859,tcp,44584453698624,16
5860,tcp,44584453715904,13
5861,tcp,44584537014414,13
5862,tcp,44584537028994,13
5863,tcp,44584620288174,13
5864,tcp,44584620298164,13
5865,tcp,44584703626014,13
5866,tcp,44584703639064,13
5867,tcp,44584786904184,13
5868,tcp,44584786914714,327
5869,tcp,44584870190544,148
5870,tcp,44584870206834,16
5871,tcp,44584953651864,13
5872,tcp,44584953667974,13
5873,tcp,44585037027414,13
5874,tcp,44585037041814,13
5875,tcp,44585120345904,13
5876,tcp,44585120363274,13
5877,tcp,44585203666374,13
5878,tcp,44585203680594,13
5879,tcp,44585286988734,13
5880,tcp,44585287005384,1666
5881,tcp,44585370319824,563
5882,tcp,44585370330714,56
5883,tcp,44585453602764,23
5884,tcp,44585453618604,18
5885,tcp,44585537036904,13
5886,tcp,44585537052204,13
5887,tcp,44585620332084,13
5888,tcp,44585620344144,13
5889,tcp,44585703603504,13
5890,tcp,44585703618444,13
5891,tcp,44585787024864,13
5892,tcp,44585787041064,211
5893,tcp,44585870355234,79
5894,tcp,44585870371344,13
5895,tcp,44585953620624,13
5896,tcp,44585953635384,13
5897,tcp,44586036945054,13
5898,tcp,44586036955854,13
5899,tcp,44586120270834,13
5900,tcp,44586120285144,13
5901,tcp,44586203634234,13
5902,tcp,44586203648004,13
5903,tcp,44586286922574,13
5904,tcp,44586286933914,1942
5905,tcp,44586370269234,711
5906,tcp,44586370280394,117
5907,tcp,44586453625974,22
5908,tcp,44586453641184,38
5909,tcp,44586537022404,18
5910,tcp,44586537036624,15
5911,tcp,44586620252244,13
5912,tcp,44586620263044,13
5913,tcp,44586703577124,13
5914,tcp,44586703587834,13
5915,tcp,44586786862764,13
5916,tcp,44586786873924,324
5917,tcp,44586870370434,154
5918,tcp,44586870383934,23
5919,tcp,44586953620794,13
5920,tcp,44587057105674,13
5921,tcp,44587057123494,13
5922,tcp,44587057125654,13
5923,tcp,44587120277034,13
5924,tcp,44587120289364,13
5925,tcp,44587203529284,13
5926,tcp,44587203541974,13
5927,tcp,44587286955234,13
5928,tcp,44587286970894,1103
5929,tcp,44587370293704,472
5930,tcp,44587370305404,118
5931,tcp,44587453568544,28
5932,tcp,44587453578174,17
5933,tcp,44587536857424,13
5934,tcp,44587536867684,13
5935,tcp,44587620163764,13
5936,tcp,44587620173484,13
5937,tcp,44587703499354,13
5938,tcp,44587703509524,13
5939,tcp,44587786830534,13
5940,tcp,44587786841424,338
5941,tcp,44587870232364,128
5942,tcp,44587870246674,23
5943,tcp,44587953680004,15
5944,tcp,44587953698814,13
5945,tcp,44588036878974,13
5946,tcp,44588036891034,13
5947,tcp,44588120216724,13
5948,tcp,44588120226804,13
5949,tcp,44588203821774,13
5950,tcp,44588203837344,13
5951,tcp,44588286943974,13
5952,tcp,44588390564844,2127
5953,tcp,44588390578974,601
5954,tcp,44588390581494,99
5955,tcp,44588453622264,20
5956,tcp,44588453636214,24
5957,tcp,44588536912404,13
5958,tcp,44588536926084,13
5959,tcp,44588620221354,13
5960,tcp,44588620235574,13
5961,tcp,44588703678894,13
5962,tcp,44588703693924,13
5963,tcp,44588786934024,13
5964,tcp,44588786944464,280
5965,tcp,44588870293014,83
5966,tcp,44588870303724,22
5967,tcp,44588953574244,13
5968,tcp,44588953584054,27
5969,tcp,44589036907404,15
5970,tcp,44589036917574,13
5971,tcp,44589120335244,13
5972,tcp,44589120349734,13
5973,tcp,44589203612874,13
5974,tcp,44589203622504,13
5975,tcp,44589286848384,13
5976,tcp,44589286859724,1573
5977,tcp,44589370326264,720
5978,tcp,44589370341474,42
5979,tcp,44589453541794,19
5980,tcp,44589453551424,38
5981,tcp,44589536889444,16
5982,tcp,44589536902764,13
5983,tcp,44589620274534,16
5984,tcp,44589620289474,16
5985,tcp,44589703517424,13
5986,tcp,44589703528224,15
5987,tcp,44589786842484,16
5988,tcp,44589786852114,199
5989,tcp,44589870302544,106
5990,tcp,44589870317214,24
5991,tcp,44589953662434,19
5992,tcp,44589953676564,13
5993,tcp,44590036974894,13
5994,tcp,44590036988304,13
5995,tcp,44590120342884,13
5996,tcp,44590120358364,13
5997,tcp,44590203613854,13
5998,tcp,44590203627264,13
5999,tcp,44590286929194,13
6000,tcp,44590311002574,7659
6001,tcp,44590370178114,94
6002,tcp,44590370191164,36
6003,tcp,44590453628184,21
6004,tcp,44590453643934,13
6005,tcp,44590536946854,13
6006,tcp,44590536960084,13
6007,tcp,44590620318264,13
6008,tcp,44590620332844,13
6009,tcp,44590703662854,13
6010,tcp,44590703677434,13
6011,tcp,44590786965324,13
6012,tcp,44590786979454,176
6013,tcp,44590870268964,70
6014,tcp,44590870282464,19
6015,tcp,44590953566034,13
6016,tcp,44590953576474,13
6017,tcp,44591036830164,13
6018,tcp,44591036840514,13
6019,tcp,44591120225964,13
6020,tcp,44591120239914,13
6021,tcp,44591203474704,13
6022,tcp,44591203484604,13
6023,tcp,44591286887784,13
6024,tcp,44591286900204,861
6025,tcp,44591370263424,336
6026,tcp,44591370274674,42
6027,tcp,44591453602794,29
6028,tcp,44591453617734,35
6029,tcp,44591536860984,35
6030,tcp,44591536878984,25
6031,tcp,44591620184154,28
6032,tcp,44591620194594,28
6033,tcp,44591703547824,25
6034,tcp,44591703557724,28
6035,tcp,44591786834634,28
6036,tcp,44591786845164,318
6037,tcp,44591870307024,151
6038,tcp,44591870322864,38
6039,tcp,44591953610304,29
6040,tcp,44591953626324,34
6041,tcp,44592036980724,36
6042,tcp,44592036995844,27
6043,tcp,44592120259614,31
6044,tcp,44592120273294,31
6045,tcp,44592203537514,27
6046,tcp,44592203547864,31
6047,tcp,44592287035104,31
6048,tcp,44592287048154,1749
6049,tcp,44592370374294,505
6050,tcp,44592370387614,89
6051,tcp,44592453598374,29
6052,tcp,44592453613584,55
6053,tcp,44592536940984,16
6054,tcp,44592536954574,13
6055,tcp,44592620311584,13
6056,tcp,44592620326164,13
6057,tcp,44592703628994,13
6058,tcp,44592703643124,13
6059,tcp,44592787016604,13
6060,tcp,44592787034154,315
6061,tcp,44592870196314,142
6062,tcp,44592870557664,20
6063,tcp,44592953507604,13
6064,tcp,44592953521554,13
6065,tcp,44593036869744,13
6066,tcp,44593036881444,13
6067,tcp,44593120235304,13
6068,tcp,44593120245384,13
6069,tcp,44593203554064,13
6070,tcp,44593203564504,13
6071,tcp,44593286947884,13
6072,tcp,44593286964534,1455
6073,tcp,44593370415504,603
6074,tcp,44593370433864,148
6075,tcp,44593453471104,33
6076,tcp,44593453481814,19
6077,tcp,44593536916134,13
6078,tcp,44593536930804,13
6079,tcp,44593620189624,13
6080,tcp,44593620199974,13
6081,tcp,44593703600364,13
6082,tcp,44593703615034,13
6083,tcp,44593786811574,13
6084,tcp,44593786822734,280
6085,tcp,44593870182354,93
6086,tcp,44593870192794,30
6087,tcp,44593953504084,13
6088,tcp,44593953514074,13
6089,tcp,44594036854254,13
6090,tcp,44594036864694,13
6091,tcp,44594120148804,13
6092,tcp,44594120158974,13
6093,tcp,44594203562604,13
6094,tcp,44594203575024,13
6095,tcp,44594286966594,13
6096,tcp,44594286981264,1519
6097,tcp,44594370208674,475
6098,tcp,44594370218394,41
6099,tcp,44594453509884,15
6100,tcp,44594453519154,13
6101,tcp,44594536867614,13
6102,tcp,44594536878054,13
6103,tcp,44594620238484,13
6104,tcp,44594620248744,13
6105,tcp,44594703526014,13
6106,tcp,44594703536724,13
6107,tcp,44594786919294,13
6108,tcp,44594786934324,305
6109,tcp,44594870194044,133
6110,tcp,44594870204844,22
6111,tcp,44594953584894,15
6112,tcp,44594953600914,13
6113,tcp,44595036879624,13
6114,tcp,44595036888894,13
6115,tcp,44595120168594,13
6116,tcp,44595120178314,13
6117,tcp,44595203535954,13
6118,tcp,44595203545224,13
6119,tcp,44595286875414,13
6120,tcp,44595286887024,1955
6121,tcp,44595370163304,612
6122,tcp,44595370175004,118
6123,tcp,44595453480444,46
6124,tcp,44595453489894,27
6125,tcp,44595536936634,19
6126,tcp,44595536951394,13
6127,tcp,44595620179074,19
6128,tcp,44595620190234,19
6129,tcp,44595703549224,13
6130,tcp,44595703564524,19
6131,tcp,44595786872844,19
6132,tcp,44595786883374,145
6133,tcp,44595870193944,64
6134,tcp,44595870204294,26
6135,tcp,44595953563104,16
6136,tcp,44595953576874,19
6137,tcp,44596036854954,19
6138,tcp,44596036865664,13
6139,tcp,44596120168764,19
6140,tcp,44596120178754,19
6141,tcp,44596203585714,13
6142,tcp,44596203598674,19
6143,tcp,44596286877114,19
6144,tcp,44596286891874,1989
6145,tcp,44596370201184,689
6146,tcp,44596370213514,120
6147,tcp,44596453540104,29
6148,tcp,44596453552254,28
6149,tcp,44596536858054,24
6150,tcp,44596536868494,13
6151,tcp,44596620163584,19
6152,tcp,44596620174114,19
6153,tcp,44596703541204,13
6154,tcp,44596703555064,19
6155,tcp,44596786926834,19
6156,tcp,44596786937184,315
6157,tcp,44596870443234,162
6158,tcp,44596870457364,24
6159,tcp,44596953491994,16
6160,tcp,44596953951174,19
6161,tcp,44597036843784,19
6162,tcp,44597140566444,13
6163,tcp,44597140580484,19
6164,tcp,44597140582554,19
6165,tcp,44597203530984,13
6166,tcp,44597203540614,19
6167,tcp,44597286857394,19
6168,tcp,44597286868014,1048
6169,tcp,44597370246174,426
6170,tcp,44597473632054,41
6171,tcp,44597473641864,21
6172,tcp,44597473646184,19
6173,tcp,44597536856154,19
6174,tcp,44597536868934,13
6175,tcp,44597620239894,19
6176,tcp,44597620255104,19
6177,tcp,44597703540114,13
6178,tcp,44597703550644,19
6179,tcp,44597786899824,19
6180,tcp,44597786911074,273
6181,tcp,44597870209854,126
6182,tcp,44597870219574,28
6183,tcp,44597953522404,16
6184,tcp,44597953535364,19
6185,tcp,44598036784734,19
6186,tcp,44598140459064,13
6187,tcp,44598140474904,19
6188,tcp,44598140477244,19
6189,tcp,44598203461134,13
6190,tcp,44598203471214,19
6191,tcp,44598286858824,19
6192,tcp,44598286869444,2131
6193,tcp,44598370220244,650
6194,tcp,44598370230324,104
6195,tcp,44598453572484,24
6196,tcp,44598453585354,19
6197,tcp,44598536943264,19
6198,tcp,44598536958294,13
6199,tcp,44598620204424,19
6200,tcp,44598620214144,19
6201,tcp,44598734202474,13
6202,tcp,44598734212914,19
6203,tcp,44598786852384,19
6204,tcp,44598786862464,242
6205,tcp,44598870193734,74
6206,tcp,44598870203544,24
6207,tcp,44598953455074,16
6208,tcp,44598953465154,19
6209,tcp,44599036840974,19
6210,tcp,44599036851414,13
6211,tcp,44599120203024,19
6212,tcp,44599120215264,19
6213,tcp,44599203598824,13
6214,tcp,44599203614124,19
6215,tcp,44599286842434,19
6216,tcp,44599286854674,1549
6217,tcp,44599370319684,683
6218,tcp,44599370333994,74
6219,tcp,44599453549884,19
6220,tcp,44599453563294,22
6221,tcp,44599536863604,19
6222,tcp,44599536874134,13
6223,tcp,44599620222324,19
6224,tcp,44599620231954,19
6225,tcp,44599703563314,13
6226,tcp,44599703578164,19
6227,tcp,44599786820784,19
6228,tcp,44599786831044,315
6229,tcp,44599870171314,153
6230,tcp,44599870181034,24
6231,tcp,44599953645144,18
6232,tcp,44599953660714,19
6233,tcp,44600036986944,19
6234,tcp,44600037001974,13
6235,tcp,44600120279604,19
6236,tcp,44600120294094,19
6237,tcp,44600203589274,13
6238,tcp,44600203601964,19
6239,tcp,44600286819384,19
6240,tcp,44600290883784,3245
6241,tcp,44600370229314,1111
6242,tcp,44600370243714,186
6243,tcp,44600453579754,20
6244,tcp,44600453590644,43
6245,tcp,44600536866654,24
6246,tcp,44600536879614,16
6247,tcp,44600620195494,24
6248,tcp,44600620205754,22
6249,tcp,44600703591654,13
6250,tcp,44600744068704,8960
6251,tcp,44600786856684,145
6252,tcp,44600786867664,228
6253,tcp,44600870232144,88
6254,tcp,44600870241954,18
6255,tcp,44600953516434,15
6256,tcp,44600953530024,19
6257,tcp,44601036825924,13
6258,tcp,44601036836544,13
6259,tcp,44601120266634,13
6260,tcp,44601120280674,13
6261,tcp,44601203494854,13
6262,tcp,44601203505024,13
6263,tcp,44601286859514,13
6264,tcp,44601286869954,721
6265,tcp,44601370236954,362
6266,tcp,44601370250994,60
6267,tcp,44601482268054,30
6268,tcp,44601482282004,33
6269,tcp,44601566231664,36
6270,tcp,44601566245074,27
6271,tcp,44601620245434,29
6272,tcp,44601620259384,31
6273,tcp,44601703489674,27
6274,tcp,44601807077964,29
6275,tcp,44601807092364,31
6276,tcp,44601807095154,340
6277,tcp,44601870378564,170
6278,tcp,44601870399534,41
6279,tcp,44601953513094,27
6280,tcp,44601953523444,29
6281,tcp,44602066224954,31
6282,tcp,44602066236564,27
6283,tcp,44602120196874,29
6284,tcp,44602120207314,31
6285,tcp,44602203552624,27
6286,tcp,44602203565584,29
6287,tcp,44602286865444,31
6288,tcp,44602286876604,1505
6289,tcp,44602370200314,563
6290,tcp,44602370213094,90
6291,tcp,44602453565154,13
6292,tcp,44602453575324,13
6293,tcp,44602536844944,13
6294,tcp,44602536855654,13
6295,tcp,44602620205824,13
6296,tcp,44602620218874,13
6297,tcp,44602703595054,13
6298,tcp,44602703609454,13
6299,tcp,44602786912014,13
6300,tcp,44602786929654,308
6301,tcp,44602870259574,140
6302,tcp,44602870269204,18
6303,tcp,44602953538914,13
6304,tcp,44602953549354,13
6305,tcp,44603036790894,13
6306,tcp,44603140352814,13
6307,tcp,44603140366854,13
6308,tcp,44603140369014,13
6309,tcp,44603203578444,13
6310,tcp,44603203591404,13
6311,tcp,44603286896664,13
6312,tcp,44603286913944,1453
6313,tcp,44603402193054,612
6314,tcp,44603402201424,135
6315,tcp,44603453491344,28
6316,tcp,44603453501064,15
6317,tcp,44603536805244,13
6318,tcp,44603536817934,13
6319,tcp,44603620144434,13
6320,tcp,44603620154424,13
6321,tcp,44603703773334,13
6322,tcp,44603703796824,13
6323,tcp,44603786866104,13
6324,tcp,44603786877174,267
6325,tcp,44603870249214,81
6326,tcp,44603870259384,41
6327,tcp,44603953616124,15
6328,tcp,44603953631694,13
6329,tcp,44604036967734,13
6330,tcp,44604036978714,13
6331,tcp,44604120273264,13
6332,tcp,44604120287574,13
6333,tcp,44604203625504,13
6334,tcp,44604203639634,13
6335,tcp,44604286849944,13
6336,tcp,44604286859754,1554
6337,tcp,44604370333944,572
6338,tcp,44604370347624,37
6339,tcp,44604453557844,16
6340,tcp,44604453569274,13
6341,tcp,44604536857794,13
6342,tcp,44604536873094,13
6343,tcp,44604620200224,13
6344,tcp,44604620211294,13
6345,tcp,44604703521504,13
6346,tcp,44604703531944,13
6347,tcp,44604786851694,13
6348,tcp,44604786862314,327
6349,tcp,44604870262164,146
6350,tcp,44604870275574,26
6351,tcp,44604953575344,15
6352,tcp,44604953588214,13
6353,tcp,44605036873494,13
6354,tcp,44605036883664,13
6355,tcp,44605120147704,13
6356,tcp,44605120158054,13
6357,tcp,44605203516414,13
6358,tcp,44605203527124,13
6359,tcp,44605286848404,13
6360,tcp,44605286859744,1750
6361,tcp,44605370196504,678
6362,tcp,44605370212074,64
6363,tcp,44605453560984,25
6364,tcp,44605453573854,32
6365,tcp,44605536903774,13
6366,tcp,44605536914664,13
6367,tcp,44605650219804,13
6368,tcp,44605650230244,13
6369,tcp,44605703707344,13
6370,tcp,44605703717694,13
6371,tcp,44605786919814,13
6372,tcp,44605786931694,230
6373,tcp,44605870199154,87
6374,tcp,44605870230564,15
6375,tcp,44605953514764,13
6376,tcp,44605953527994,13
6377,tcp,44606036879784,13
6378,tcp,44606036893104,13
6379,tcp,44606120178564,13
6380,tcp,44606120189184,13
6381,tcp,44606203457904,13
6382,tcp,44606203467624,13
6383,tcp,44606286831204,13
6384,tcp,44606286841734,1644
6385,tcp,44606370175704,699
6386,tcp,44606370187584,46
6387,tcp,44606453534064,30
6388,tcp,44606453543874,22
6389,tcp,44606536904754,13
6390,tcp,44606536919244,13
6391,tcp,44606620198224,13
6392,tcp,44606620208844,13
6393,tcp,44606703529404,13
6394,tcp,44606703539304,13
6395,tcp,44606786980194,13
6396,tcp,44606786995854,240
6397,tcp,44606870232714,131
6398,tcp,44606870243964,21
6399,tcp,44606982203154,13
6400,tcp,44606982213144,13
6401,tcp,44607036885984,13
6402,tcp,44607036899394,13
6403,tcp,44607120216174,13
6404,tcp,44607120228504,13
6405,tcp,44607203504694,13
6406,tcp,44607203884224,13
6407,tcp,44607286895634,13
6408,tcp,44607286909854,1102
6409,tcp,44607370141764,409
6410,tcp,44607370151844,141
6411,tcp,44607453504714,36
6412,tcp,44607557033694,13
6413,tcp,44607557048004,13
6414,tcp,44607557050794,13
6415,tcp,44607620161584,13
6416,tcp,44607620172294,13
6417,tcp,44607703485204,13
6418,tcp,44607703496094,13
6419,tcp,44607786891894,13
6420,tcp,44607786903144,307
6421,tcp,44607870296334,147
6422,tcp,44607870307854,19
6423,tcp,44607953677374,13
6424,tcp,44607953694384,13
6425,tcp,44608036961124,13
6426,tcp,44608036977234,13
6427,tcp,44608120246314,13
6428,tcp,44608120261614,13
6429,tcp,44608203593874,13
6430,tcp,44608203604044,13
6431,tcp,44608286950794,13
6432,tcp,44608286962494,2125
6433,tcp,44608370379444,628
6434,tcp,44608370395014,85
6435,tcp,44608453777944,30
6436,tcp,44608453798104,15
6437,tcp,44608537137654,13
6438,tcp,44608537152054,13
6439,tcp,44608620302874,13
6440,tcp,44608620315024,13
6441,tcp,44608703537844,13
6442,tcp,44608703553234,13
6443,tcp,44608786827084,13
6444,tcp,44608786835994,284
6445,tcp,44608870244304,82
6446,tcp,44608870254204,22
6447,tcp,44608953510144,13
6448,tcp,44609056958934,39
6449,tcp,44609056969284,15
6450,tcp,44609056970724,13
6451,tcp,44609120147574,13
6452,tcp,44609120158104,13
6453,tcp,44609203495224,13
6454,tcp,44609203505214,13
6455,tcp,44609286896154,13
6456,tcp,44609286910464,1548
6457,tcp,44609370350994,707
6458,tcp,44609370365484,71
6459,tcp,44609453616294,20
6460,tcp,44609453631324,13
6461,tcp,44609536914804,13
6462,tcp,44609536929384,13
6463,tcp,44609620261104,13
6464,tcp,44609620274514,13
6465,tcp,44609703567714,13
6466,tcp,44609703583374,13
6467,tcp,44609786951094,13
6468,tcp,44609786973324,318
6469,tcp,44609870246634,147
6470,tcp,44609870261394,19
6471,tcp,44609953591674,13
6472,tcp,44609953601844,13
6473,tcp,44610036937434,13
6474,tcp,44610036950304,13
6475,tcp,44610120154854,13
6476,tcp,44610120165744,13
6477,tcp,44610203545344,13
6478,tcp,44610203555784,13
6479,tcp,44610286805694,13
6480,tcp,44610307037154,3463
6481,tcp,44610370218594,1432
6482,tcp,44610370229034,115
6483,tcp,44610453544104,30
6484,tcp,44610453554724,233
6485,tcp,44610536851704,71
6486,tcp,44610536865924,13
6487,tcp,44610620212764,16
6488,tcp,44610620224284,16
6489,tcp,44610703509024,13
6490,tcp,44610703520004,16
6491,tcp,44610786831744,16
6492,tcp,44610786843624,232
6493,tcp,44610870290904,97
6494,tcp,44610870303054,18
6495,tcp,44610953553774,13
6496,tcp,44610953564034,16
6497,tcp,44611036965774,16
6498,tcp,44611036980804,13
6499,tcp,44611120386684,16
6500,tcp,44611164655434,8819
6501,tcp,44611203596814,86
6502,tcp,44611203610314,140
6503,tcp,44611286991804,86
6504,tcp,44611287008994,897
6505,tcp,44611370308134,320
6506,tcp,44611370318394,79
6507,tcp,44611453590984,25
6508,tcp,44611453601964,57
6509,tcp,44611536840264,55
6510,tcp,44611536850794,13
6511,tcp,44611620196644,52
6512,tcp,44611620214194,52
6513,tcp,44611703602524,13
6514,tcp,44611703616204,52
6515,tcp,44611786903554,52
6516,tcp,44611786919574,319
6517,tcp,44611870148154,186
6518,tcp,44611870158504,61
6519,tcp,44611953615504,17
6520,tcp,44611953628284,55
6521,tcp,44612036841474,55
6522,tcp,44612036851644,13
6523,tcp,44612120158884,52
6524,tcp,44612120170134,52
6525,tcp,44612203468644,13
6526,tcp,44612203478454,52
6527,tcp,44612286791094,52
6528,tcp,44612286804864,1633
6529,tcp,44612370248184,545
6530,tcp,44612370258084,128
6531,tcp,44612453611674,17
6532,tcp,44612453623914,60
6533,tcp,44612536870314,57
6534,tcp,44612536884084,13
6535,tcp,44612620316064,52
6536,tcp,44612620330554,52
6537,tcp,44612703572274,13
6538,tcp,44612703583434,52
6539,tcp,44612786950344,52
6540,tcp,44612786964834,349
6541,tcp,44612870363514,139
6542,tcp,44612870377194,58
6543,tcp,44612953464924,18
6544,tcp,44612953474554,52
6545,tcp,44613036819144,52
6546,tcp,44613036829314,13
6547,tcp,44613120183444,52
6548,tcp,44613120195234,52
6549,tcp,44613203515164,13
6550,tcp,44613203525694,52
6551,tcp,44613286831854,52
6552,tcp,44613286843014,1512
6553,tcp,44613370159704,662
6554,tcp,44613370170774,148
6555,tcp,44613453508434,24
6556,tcp,44613453521214,62
6557,tcp,44613536823594,52
6558,tcp,44613536833224,13
6559,tcp,44613620208054,52
6560,tcp,44613620219844,52
6561,tcp,44613703554084,13
6562,tcp,44613703564074,52
6563,tcp,44613786974724,52
6564,tcp,44613786990924,271
6565,tcp,44613870304374,120
6566,tcp,44613870318594,62
6567,tcp,44613953610084,16
6568,tcp,44613953624484,52
6569,tcp,44614036911294,52
6570,tcp,44614036927224,13
6571,tcp,44614150229034,52
6572,tcp,44614150239474,52
6573,tcp,44614203539364,13
6574,tcp,44614203552324,52
6575,tcp,44614286931744,52
6576,tcp,44614390368474,1554
6577,tcp,44614390380804,489
6578,tcp,44614390383324,74
6579,tcp,44614453507704,13
6580,tcp,44614453523364,52
6581,tcp,44614536878934,52
6582,tcp,44614536889374,13
6583,tcp,44614620191304,52
6584,tcp,44614620201294,52
6585,tcp,44614703556144,13
6586,tcp,44614703571084,52
6587,tcp,44614786922334,52
6588,tcp,44614786945734,327
6589,tcp,44614870246854,177
6590,tcp,44614870259004,55
6591,tcp,44614953604314,13
6592,tcp,44614953613584,52
6593,tcp,44615036853504,52
6594,tcp,44615036863674,13
6595,tcp,44615120205924,52
6596,tcp,44615120218614,52
6597,tcp,44615203601364,13
6598,tcp,44615203613694,52
6599,tcp,44615286807624,52
6600,tcp,44615286819054,1714
6601,tcp,44615370320874,709
6602,tcp,44615370337524,116
6603,tcp,44615453533434,20
6604,tcp,44615453545944,60
6605,tcp,44615536914294,52
6606,tcp,44615536926354,13
6607,tcp,44615620211544,52
6608,tcp,44615620220724,52
6609,tcp,44615703739644,13
6610,tcp,44615703752964,52
6611,tcp,44615786957694,52
6612,tcp,44615786969664,221
6613,tcp,44615870256384,117
6614,tcp,44615870271504,56
6615,tcp,44615953502784,13
6616,tcp,44615953512864,55
6617,tcp,44616036884724,52
6618,tcp,44616036895344,13
6619,tcp,44616120170004,52
6620,tcp,44616120180624,52
6621,tcp,44616203527914,13
6622,tcp,44616203537814,52
6623,tcp,44616286896354,52
6624,tcp,44616286911024,1945
6625,tcp,44616370206114,818
6626,tcp,44616370216284,142
6627,tcp,44616453618564,21
6628,tcp,44616453628644,61
6629,tcp,44616536901774,52
6630,tcp,44616536911944,13
6631,tcp,44616620155644,52
6632,tcp,44616620165724,52
6633,tcp,44616703562694,13
6634,tcp,44616703573674,52
6635,tcp,44616787000074,52
6636,tcp,44616787018344,297
6637,tcp,44616902212404,179
6638,tcp,44616902220954,64
6639,tcp,44616953475774,13
6640,tcp,44616953487564,52
6641,tcp,44617037106564,52
6642,tcp,44617037121414,13
6643,tcp,44617120261884,52
6644,tcp,44617120272144,52
6645,tcp,44617203547254,13
6646,tcp,44617203558504,52
6647,tcp,44617286981934,52
6648,tcp,44617287001554,973
6649,tcp,44617370177304,426
6650,tcp,44617370187834,117
6651,tcp,44617453575804,20
6652,tcp,44617453590384,52
6653,tcp,44617536880254,52
6654,tcp,44617536891594,13
6655,tcp,44617620262554,52
6656,tcp,44617620274434,52
6657,tcp,44617703565744,13
6658,tcp,44617703576094,52
6659,tcp,44617786899894,52
6660,tcp,44617786910964,227
6661,tcp,44617870296774,145
6662,tcp,44617870307664,59
6663,tcp,44617953491964,13
6664,tcp,44617953502314,52
6665,tcp,44618036872914,52
6666,tcp,44618036882994,13
6667,tcp,44618120369604,52
6668,tcp,44618120384094,52
6669,tcp,44618203702854,13
6670,tcp,44618203713654,52
6671,tcp,44618286997584,52
6672,tcp,44618287010184,2124
6673,tcp,44618370340014,838
6674,tcp,44618370350544,137
6675,tcp,44618453518914,21
6676,tcp,44618498257464,52
6677,tcp,44618537005524,52
6678,tcp,44618537015874,13
6679,tcp,44618620228974,52
6680,tcp,44618620240134,52
6681,tcp,44618703563844,13
6682,tcp,44618703581214,52
6683,tcp,44618786896464,52
6684,tcp,44618786908524,281
6685,tcp,44618870318994,137
6686,tcp,44618870332494,58
6687,tcp,44618953503834,13
6688,tcp,44618953514544,52
6689,tcp,44619036864624,52
6690,tcp,44619036884064,13
6691,tcp,44619120203634,52
6692,tcp,44619120216504,52
6693,tcp,44619203475234,13
6694,tcp,44619203485134,52
6695,tcp,44619286973274,52
6696,tcp,44619286990374,1579
6697,tcp,44619370244064,729
6698,tcp,44619370258644,145
6699,tcp,44619453780714,22
6700,tcp,44619453802314,58
6701,tcp,44619536908854,52
6702,tcp,44619536922174,13
6703,tcp,44619650182674,52
6704,tcp,44619650192304,52
6705,tcp,44619703506144,13
6706,tcp,44619703519374,52
6707,tcp,44619786817434,52
6708,tcp,44619786830484,324
6709,tcp,44619870283074,175
6710,tcp,44619870296124,58
6711,tcp,44619953523714,15
6712,tcp,44619953537034,52
6713,tcp,44620036919784,52
6714,tcp,44620036933824,13
6715,tcp,44620120259784,52
6716,tcp,44620120273644,52
6717,tcp,44620203674754,13
6718,tcp,44620203688614,52
6719,tcp,44620286887314,52
6720,tcp,44620307145774,3060
6721,tcp,44620370279874,1163
6722,tcp,44620370292744,149
6723,tcp,44620453490904,25
6724,tcp,44620453500444,88
6725,tcp,44620536868434,57
6726,tcp,44620536879504,16
6727,tcp,44620620202134,52
6728,tcp,44620620215814,52
6729,tcp,44620703471574,13
6730,tcp,44620703481834,52
6731,tcp,44620786862874,52
6732,tcp,44620890303024,218
6733,tcp,44620890316704,114
6734,tcp,44620890319674,58
6735,tcp,44620953657174,13
6736,tcp,44620953670404,52
6737,tcp,44621036906364,52
6738,tcp,44621036919954,13
6739,tcp,44621120197944,52
6740,tcp,44621120208294,52
6741,tcp,44621203519584,13
6742,tcp,44621203528764,52
6743,tcp,44621286869484,52
6744,tcp,44621286879834,865
6745,tcp,44621370142254,261
6746,tcp,44621370153054,73
6747,tcp,44621453504934,24
6748,tcp,44621453514834,52
6749,tcp,44621537033664,52
6750,tcp,44621557269444,7676
6751,tcp,44621650247904,118
6752,tcp,44621650259964,62
6753,tcp,44621703536274,60
6754,tcp,44621703548514,60
6755,tcp,44621786872494,59
6756,tcp,44621786886354,322
6757,tcp,44621870246244,182
6758,tcp,44621870261274,65
6759,tcp,44621953574814,19
6760,tcp,44621953587774,52
6761,tcp,44622036927774,52
6762,tcp,44622036938124,13
6763,tcp,44622120229704,52
6764,tcp,44622120239694,52
6765,tcp,44622203534784,13
6766,tcp,44622203547114,52
6767,tcp,44622286821324,52
6768,tcp,44622287223624,1675
6769,tcp,44622370221534,534
6770,tcp,44622370232154,125
6771,tcp,44622453565224,24
6772,tcp,44622453577104,52
6773,tcp,44622536913054,52
6774,tcp,44622536926554,13
6775,tcp,44622620309664,52
6776,tcp,44622620323884,52
6777,tcp,44622703610154,13
6778,tcp,44622703620684,52
6779,tcp,44622786856824,52
6780,tcp,44622786870324,297
6781,tcp,44622870136884,182
6782,tcp,44622870147774,59
6783,tcp,44622953575344,15
6784,tcp,44622953584794,52
6785,tcp,44623036894014,52
6786,tcp,44623036906974,13
6787,tcp,44623120224834,52
6788,tcp,44623120237074,52
6789,tcp,44623203482304,13
6790,tcp,44623203492654,52
6791,tcp,44623286881704,52
6792,tcp,44623390420674,1344
6793,tcp,44623390436154,611
6794,tcp,44623390438764,156
6795,tcp,44623453557654,26
6796,tcp,44623453571424,52
6797,tcp,44623536981984,52
6798,tcp,44623537001964,13
6799,tcp,44623620234504,52
6800,tcp,44623620246564,52
6801,tcp,44623703597364,13
6802,tcp,44623703608254,52
6803,tcp,44623786831614,52
6804,tcp,44623786843224,242
6805,tcp,44623870274934,109
6806,tcp,44623870288074,59
6807,tcp,44623953513954,13
6808,tcp,44623953524124,52
6809,tcp,44624036860254,52
6810,tcp,44624036871864,13
6811,tcp,44624120166414,52
6812,tcp,44624120176134,52
6813,tcp,44624203460784,13
6814,tcp,44624203470324,52
6815,tcp,44624286821214,52
6816,tcp,44624286832014,1529
6817,tcp,44624370308454,598
6818,tcp,44624370323034,67
6819,tcp,44624453524884,19
6820,tcp,44624453535954,52
6821,tcp,44624536866144,52
6822,tcp,44624536879734,13
6823,tcp,44624620158804,52
6824,tcp,44624620168254,52
6825,tcp,44624703612024,13
6826,tcp,44624703624804,52
6827,tcp,44624786837454,52
6828,tcp,44624786851044,323
6829,tcp,44624870247744,185
6830,tcp,44624870258184,57
6831,tcp,44624953577754,13
6832,tcp,44624953590804,52
6833,tcp,44625036790764,52
6834,tcp,44625036800934,13
6835,tcp,44625120169194,52
6836,tcp,44625120178554,52
6837,tcp,44625203530524,13
6838,tcp,44625203540334,52
6839,tcp,44625286921464,52
6840,tcp,44625286937574,2243
6841,tcp,44625370262094,654
6842,tcp,44625370271544,163
6843,tcp,44625453468354,32
6844,tcp,44625453478344,38
6845,tcp,44625536873334,16
6846,tcp,44625536882784,13
6847,tcp,44625620145204,16
6848,tcp,44625620154654,16
6849,tcp,44625703639194,13
6850,tcp,44625703648734,16
6851,tcp,44625786846984,16
6852,tcp,44625786860664,199
6853,tcp,44625870286974,86
6854,tcp,44625870297684,18
6855,tcp,44625953556954,13
6856,tcp,44625953569194,16
6857,tcp,44626036883724,16
6858,tcp,44626036897494,13
6859,tcp,44626120250904,16
6860,tcp,44626120263954,16
6861,tcp,44626203612864,13
6862,tcp,44626203626634,16
6863,tcp,44626286887704,16
6864,tcp,44626286899134,1923
6865,tcp,44626402256004,734
6866,tcp,44626402268604,41
6867,tcp,44626453613964,19
6868,tcp,44626453630074,16
6869,tcp,44626537004904,16
6870,tcp,44626537022544,13
6871,tcp,44626620204054,16
6872,tcp,44626620215214,16
6873,tcp,44626703550804,13
6874,tcp,44626703563584,16
6875,tcp,44626786864524,16
6876,tcp,44626786875864,314
6877,tcp,44626870232514,145
6878,tcp,44626870242684,20
6879,tcp,44626953581784,13
6880,tcp,44626953596544,16
6881,tcp,44627036841054,16
6882,tcp,44627036854644,13
6883,tcp,44627120223714,16
6884,tcp,44627120237844,16
6885,tcp,44627203610874,13
6886,tcp,44627203621494,16
6887,tcp,44627286845664,16
6888,tcp,44627286856374,1084
6889,tcp,44627370163614,386
6890,tcp,44627370174324,49
6891,tcp,44627453555904,29
6892,tcp,44627453569224,46
6893,tcp,44627536866204,18
6894,tcp,44627536876824,13
6895,tcp,44627620347234,16
6896,tcp,44627620357314,16
6897,tcp,44627703491034,13
6898,tcp,44627703502284,16
6899,tcp,44627786830404,16
6900,tcp,44627786840484,261
6901,tcp,44627870253384,140
6902,tcp,44627870263014,18
6903,tcp,44627953589064,13
6904,tcp,44627953601664,16
6905,tcp,44628036986934,16
6906,tcp,44628037003944,13
6907,tcp,44628120189144,16
6908,tcp,44628120201204,16
6909,tcp,44628203631564,13
6910,tcp,44628203650914,16
6911,tcp,44628286843404,16
6912,tcp,44628286855284,1771
6913,tcp,44628370177104,519
6914,tcp,44628370187904,101
6915,tcp,44628453512514,26
6916,tcp,44628453522324,30
6917,tcp,44628536896974,16
6918,tcp,44628536909664,13
6919,tcp,44628620210154,16
6920,tcp,44628620223384,16
6921,tcp,44628734273904,13
6922,tcp,44628734286864,16
6923,tcp,44628786807174,16
6924,tcp,44628786816624,158
6925,tcp,44628870279564,69
6926,tcp,44628870289464,22
6927,tcp,44628953554224,13
6928,tcp,44628953564754,16
6929,tcp,44629036867854,16
6930,tcp,44629036877574,13
6931,tcp,44629120180314,16
6932,tcp,44629120191024,16
6933,tcp,44629203484584,13
6934,tcp,44629203495294,16
6935,tcp,44629286856174,16
6936,tcp,44629286866974,1584
6937,tcp,44629370213184,687
6938,tcp,44629370223894,69
6939,tcp,44629453553814,17
6940,tcp,44629453567764,16
6941,tcp,44629536854754,16
6942,tcp,44629640259534,13
6943,tcp,44629640271864,16
6944,tcp,44629640273394,16
6945,tcp,44629703543304,13
6946,tcp,44629703552934,16
6947,tcp,44629786827594,16
6948,tcp,44629786837494,319
6949,tcp,44629870248324,150
6950,tcp,44629870264164,18
6951,tcp,44629953570594,13
6952,tcp,44629953583104,16
6953,tcp,44630036885124,16
6954,tcp,44630036898624,13
6955,tcp,44630120180214,16
6956,tcp,44630120190384,16
6957,tcp,44630203617234,13
6958,tcp,44630203630734,16
6959,tcp,44630286897654,16
6960,tcp,44630286908994,2868
6961,tcp,44630370158904,1013
6962,tcp,44630473776804,128
6963,tcp,44630473796784,21
6964,tcp,44630473798944,112
6965,tcp,44630536872744,20
6966,tcp,44630536884354,13
6967,tcp,44630620238484,16
6968,tcp,44630620252254,16
6969,tcp,44630734222314,13
6970,tcp,44630734233564,16
6971,tcp,44630786897334,16
6972,tcp,44630786906964,231
6973,tcp,44630870257674,92
6974,tcp,44630870275764,16
6975,tcp,44630953572834,13
6976,tcp,44630953585434,16
6977,tcp,44631036979974,16
6978,tcp,44631036995094,13
6979,tcp,44631120212244,16
6980,tcp,44631120532554,16
6981,tcp,44631203582034,13
6982,tcp,44631203595444,16
6983,tcp,44631286836894,16
6984,tcp,44631286848774,858
6985,tcp,44631370304514,408
6986,tcp,44631370315494,42
6987,tcp,44631453500154,19
6988,tcp,44631453510234,18
6989,tcp,44631536825124,16
6990,tcp,44631640481904,13
6991,tcp,44631640497114,16
6992,tcp,44631640499454,16
6993,tcp,44631703538334,13
6994,tcp,44631703548774,16
6995,tcp,44631786809484,16
6996,tcp,44631786820104,308
6997,tcp,44631870148134,154
6998,tcp,44631870158574,22
6999,tcp,44631953457174,13
7000,tcp,44631977455584,7974
7001,tcp,44632036859274,117
7002,tcp,44632036869894,39
7003,tcp,44632120257234,49
7004,tcp,44632120271454,43
7005,tcp,44632203563664,36
7006,tcp,44632203578514,43
7007,tcp,44632286926164,40
7008,tcp,44632286943624,1762
7009,tcp,44632370253204,544
7010,tcp,44632370270484,113
7011,tcp,44632453603554,30
7012,tcp,44632453617684,33
7013,tcp,44632536983334,30
7014,tcp,44632536995304,24
7015,tcp,44632620155304,29
7016,tcp,44632620164934,27
7017,tcp,44632703580624,24
7018,tcp,44632703590704,29
7019,tcp,44632786929354,27
7020,tcp,44632786942584,309
7021,tcp,44632870315614,154
7022,tcp,44632870333974,34
7023,tcp,44632953523044,28
7024,tcp,44632953537264,37
7025,tcp,44633036851074,32
7026,tcp,44633036860974,24
7027,tcp,44633120281074,29
7028,tcp,44633120294484,27
7029,tcp,44633203592544,24
7030,tcp,44633203607664,29
7031,tcp,44633286853164,27
7032,tcp,44633286864054,1476
7033,tcp,44633370291264,607
7034,tcp,44633473770744,73
7035,tcp,44633473784874,34
7036,tcp,44633473787754,44
7037,tcp,44633536903224,33
7038,tcp,44633536916184,31
7039,tcp,44633620263744,36
7040,tcp,44633620279584,32
7041,tcp,44633703586374,26
7042,tcp,44633703601314,34
7043,tcp,44633786943024,30
7044,tcp,44633786959494,284
7045,tcp,44633870300034,119
7046,tcp,44633870313354,33
7047,tcp,44633953539954,28
7048,tcp,44633953550394,36
7049,tcp,44634036878604,33
7050,tcp,44634036891474,28
7051,tcp,44634120226164,36
7052,tcp,44634120240024,31
7053,tcp,44634203616294,28
7054,tcp,44634203629434,36
7055,tcp,44634286897974,31
7056,tcp,44634286911654,1364
7057,tcp,44634370275594,449
7058,tcp,44634370286394,42
7059,tcp,44634453568164,26
7060,tcp,44634453582474,29
7061,tcp,44634536937684,27
7062,tcp,44634536951274,24
7063,tcp,44634686420934,29
7064,tcp,44634686431734,27
7065,tcp,44634703586814,24
7066,tcp,44634706519824,29
7067,tcp,44634786890004,27
7068,tcp,44634786901074,317
7069,tcp,44634870267084,157
7070,tcp,44634870279054,35
7071,tcp,44634953601774,26
7072,tcp,44634953617254,32
7073,tcp,44635036931514,30
7074,tcp,44635036946634,24
7075,tcp,44635120268184,29
7076,tcp,44635120317234,27
7077,tcp,44635203518364,24
7078,tcp,44635203528264,29
7079,tcp,44635286848374,27
7080,tcp,44635286859264,1394
7081,tcp,44635370354874,739
7082,tcp,44635370368644,47
7083,tcp,44635453563024,24
7084,tcp,44635453576164,29
7085,tcp,44635536808974,27
7086,tcp,44635536819324,24
7087,tcp,44635620245994,29
7088,tcp,44635620260664,27
7089,tcp,44635703573484,24
7090,tcp,44635703583294,29
7091,tcp,44635786904844,27
7092,tcp,44635786919424,210
7093,tcp,44635870261764,99
7094,tcp,44635870273644,32
7095,tcp,44635953546234,26
7096,tcp,44635953559914,29
7097,tcp,44636036837544,27
7098,tcp,44636036847984,24
7099,tcp,44636120173854,29
7100,tcp,44636120183754,27
7101,tcp,44636203474164,24
7102,tcp,44636203514484,29
7103,tcp,44636286864114,27
7104,tcp,44636286877704,1994
7105,tcp,44636370365664,700
7106,tcp,44636370384474,67
7107,tcp,44636453476614,31
7108,tcp,44636453487054,38
7109,tcp,44636536897524,33
7110,tcp,44636536914084,30
7111,tcp,44636620165434,37
7112,tcp,44636620175964,33
7113,tcp,44636703675444,28
7114,tcp,44636703699834,37
7115,tcp,44636786915994,32
7116,tcp,44636786926434,315
7117,tcp,44636870231784,151
7118,tcp,44636870242404,35
7119,tcp,44636953540554,31
7120,tcp,44636953550814,38
7121,tcp,44637036831234,32
7122,tcp,44637036840504,28
7123,tcp,44637120187254,37
7124,tcp,44637120196974,30
7125,tcp,44637203564604,26
7126,tcp,44637203575944,34
7127,tcp,44637286888764,30
7128,tcp,44637286902984,1114
7129,tcp,44637370314804,435
7130,tcp,44637473793024,57
7131,tcp,44637473807244,38
7132,tcp,44637473809944,50
7133,tcp,44637536887884,39
7134,tcp,44637536897784,31
7135,tcp,44637620229324,42
7136,tcp,44637620241294,34
7137,tcp,44637703510194,31
7138,tcp,44637703520184,42
7139,tcp,44637786824004,34
7140,tcp,44637786834624,307
7141,tcp,44637870228984,157
7142,tcp,44637870687804,34
7143,tcp,44637953602284,28
7144,tcp,44637953617944,37
7145,tcp,44638036894224,32
7146,tcp,44638036907454,28
7147,tcp,44638120137654,37
7148,tcp,44638120147464,32
7149,tcp,44638203507714,28
7150,tcp,44638203519414,37
7151,tcp,44638286854374,32
7152,tcp,44638286868054,2158
7153,tcp,44638370225424,720
7154,tcp,44638370235864,66
7155,tcp,44638453459584,34
7156,tcp,44638453469034,40
7157,tcp,44638536882024,37
7158,tcp,44638536891924,32
7159,tcp,44638620117174,39
7160,tcp,44638620126894,33
7161,tcp,44638703524314,31
7162,tcp,44638703534394,38
7163,tcp,44638786847304,31
7164,tcp,44638786857834,283
7165,tcp,44638870499604,110
7166,tcp,44638870528674,36
7167,tcp,44638953553764,28
7168,tcp,44638953567624,37
7169,tcp,44639036872704,34
7170,tcp,44639036887284,28
7171,tcp,44639120155014,37
7172,tcp,44639120164824,32
7173,tcp,44639203508514,28
7174,tcp,44639203518864,37
7175,tcp,44639286873354,35
7176,tcp,44639286886224,1435
7177,tcp,44639370195444,665
7178,tcp,44639370207954,125
7179,tcp,44639453602404,20
7180,tcp,44639453617974,29
7181,tcp,44639536883274,22
7182,tcp,44639536893174,13
7183,tcp,44639620252704,16
7184,tcp,44639620262064,16
7185,tcp,44639703516114,13
7186,tcp,44639703526194,16
7187,tcp,44639786830464,16
7188,tcp,44639786840814,200
7189,tcp,44639870194854,122
7190,tcp,44639870204304,26
7191,tcp,44639982313704,16
7192,tcp,44639982330084,16
7193,tcp,44640036848934,16
7194,tcp,44640036859194,13
7195,tcp,44640120210804,16
7196,tcp,44640120220974,16
7197,tcp,44640203518854,13
7198,tcp,44640203529204,16
7199,tcp,44640245267514,16
