frame_index,transport_protocol,receive_time_ns,payload_bytes
0,tcp,56954477978064,6663
1,tcp,56954516149944,121
2,tcp,56954557818414,92
3,tcp,56954599494174,112
4,tcp,56954641173084,94
5,tcp,56954682872154,61
6,tcp,56954724534684,61
7,tcp,56954766113604,49
8,tcp,56954807890164,41
9,tcp,56954849597604,39
10,tcp,56954891218014,35
11,tcp,56954932785504,28
12,tcp,56954974511754,131
13,tcp,56955157938414,26
14,tcp,56955157949304,24
15,tcp,56955157951284,22
16,tcp,56955157952364,19
17,tcp,56955199658454,18
18,tcp,56955241271754,17
19,tcp,56955266160084,17
20,tcp,56955449617164,18
21,tcp,56955449626074,17
22,tcp,56955449627694,17
23,tcp,56955449628864,18
24,tcp,56955491428104,539
25,tcp,56955533052024,80
26,tcp,56955557932524,53
27,tcp,56955599509644,52
28,tcp,56955641236794,45
29,tcp,56955682863144,45
30,tcp,56955724508574,45
31,tcp,56955766143114,41
32,tcp,56955807919854,37
33,tcp,56955849571224,40
34,tcp,56955891179214,39
35,tcp,56955932928504,35
36,tcp,56955974688414,201
37,tcp,56956016207844,39
38,tcp,56956057846344,37
39,tcp,56956099524174,42
40,tcp,56956141228284,39
41,tcp,56956183023744,33
42,tcp,56956224537774,39
43,tcp,56956266150264,37
44,tcp,56956307877144,35
45,tcp,56956349567844,39
46,tcp,56956391194104,36
47,tcp,56956432891014,35
48,tcp,56956474505484,1034
49,tcp,56956516178184,71
50,tcp,56956557875004,48
51,tcp,56956599521154,36
52,tcp,56956641179544,65
53,tcp,56956682965464,20
54,tcp,56956724577414,20
55,tcp,56956766238054,24
56,tcp,56956807913724,20
57,tcp,56956849598844,20
58,tcp,56956891189284,20
59,tcp,56956932799884,20
60,tcp,56956974551064,226
61,tcp,56957016170124,28
62,tcp,56957241276864,28
63,tcp,56957241286674,28
64,tcp,56957241288384,25
65,tcp,56957241290184,26
66,tcp,56957241291264,25
67,tcp,56957283031284,25
68,tcp,56957324607324,22
69,tcp,56957491277784,22
70,tcp,56957491287144,22
71,tcp,56957491288584,22
72,tcp,56957491290384,824
73,tcp,56957574665664,60
74,tcp,56957574676464,42
75,tcp,56957599621314,72
76,tcp,56957674834224,31
77,tcp,56957682815154,29
78,tcp,56957724490644,26
79,tcp,56957775023574,20
80,tcp,56957808139524,18
81,tcp,56957875224264,17
82,tcp,56957891189634,17
83,tcp,56957932856304,18
84,tcp,56957975531334,191
85,tcp,56958016263264,25
86,tcp,56958058026234,21
87,tcp,56958099639714,22
88,tcp,56958141296304,20
89,tcp,56958182911134,20
90,tcp,56958224552064,20
91,tcp,56958266162394,20
92,tcp,56958307854624,20
93,tcp,56958349520034,20
94,tcp,56958391153404,20
95,tcp,56958432887934,20
96,tcp,56958474544344,934
97,tcp,56958516208494,61
98,tcp,56958557888844,39
99,tcp,56958599561004,30
100,tcp,56958641238654,48
101,tcp,56958682944204,26
102,tcp,56958724540674,29
103,tcp,56958766290594,22
104,tcp,56958807966354,20
105,tcp,56958849539964,20
106,tcp,56958891266394,19
107,tcp,56958932864754,20
108,tcp,56958974554104,179
109,tcp,56959016169834,23
110,tcp,56959057876104,22
111,tcp,56959099523694,22
112,tcp,56959141182534,21
113,tcp,56959182909594,22
114,tcp,56959224534504,21
115,tcp,56959266278304,21
116,tcp,56959307840304,22
117,tcp,56959349548824,21
118,tcp,56959391201454,21
119,tcp,56959432845714,22
120,tcp,56959474491774,982
121,tcp,56959516163394,103
122,tcp,56959557872544,37
123,tcp,56959599545694,31
124,tcp,56959641245934,23
125,tcp,56959682845104,22
126,tcp,56959724535444,23
127,tcp,56959766183754,22
128,tcp,56959807873194,22
129,tcp,56959849537704,22
130,tcp,56959891154334,20
131,tcp,56959932799494,20
132,tcp,56959974505494,70
133,tcp,56960016117084,19
134,tcp,56960057913084,20
135,tcp,56960099524944,17
136,tcp,56960141299884,17
137,tcp,56960182868544,18
138,tcp,56960366457564,17
139,tcp,56960366469714,17
140,tcp,56960366471964,18
141,tcp,56960366473944,17
142,tcp,56960449645734,17
143,tcp,56960449674804,18
144,tcp,56960474479974,1140
145,tcp,56960549902404,36
146,tcp,56960557759044,33
147,tcp,56960750349144,32
148,tcp,56960750361294,24
149,tcp,56960750365524,20
150,tcp,56960783063154,20
151,tcp,56960783073684,21
152,tcp,56960850608784,20
153,tcp,56960850618774,19
154,tcp,56960891157924,19
155,tcp,56960950834404,18
156,tcp,56960991388314,192
157,tcp,56961016118514,26
158,tcp,56961057849444,26
159,tcp,56961099556614,29
160,tcp,56961141200604,26
161,tcp,56961182864034,25
162,tcp,56961224511714,27
163,tcp,56961266284674,21
164,tcp,56961307811394,20
165,tcp,56961349485174,19
166,tcp,56961391211874,19
167,tcp,56961432866034,20
168,tcp,56961474611904,648
169,tcp,56961516159774,49
170,tcp,56961557846694,35
171,tcp,56961599540184,36
172,tcp,56961641190744,24
173,tcp,56961682872624,20
174,tcp,56961724645224,17
175,tcp,56961766198314,17
176,tcp,56961807903324,18
177,tcp,56961849516624,17
178,tcp,56961891295974,17
179,tcp,56961932947974,18
180,tcp,56961974537244,219
181,tcp,56962016200854,25
182,tcp,56962057859154,25
183,tcp,56962099467324,26
184,tcp,56962141141374,25
185,tcp,56962182870774,22
186,tcp,56962224514854,22
187,tcp,56962266154074,21
188,tcp,56962307901294,22
189,tcp,56962349543394,21
190,tcp,56962391219154,21
191,tcp,56962432857474,20
192,tcp,56962474670754,1224
193,tcp,56962516241304,212
194,tcp,56962557857934,44
195,tcp,56962599698124,37
196,tcp,56962641263184,54
197,tcp,56962682832024,29
198,tcp,56962724542524,29
199,tcp,56962766206494,28
200,tcp,56962807954344,25
201,tcp,56963032920054,25
202,tcp,56963032929144,21
203,tcp,56963032930404,22
204,tcp,56963032931754,167
205,tcp,56963074681314,31
206,tcp,56963074691664,24
207,tcp,56963133098334,22
208,tcp,56963174870574,20
209,tcp,56963182871124,20
210,tcp,56963283060834,20
211,tcp,56963283073704,20
212,tcp,56963307833514,20
213,tcp,56963349575064,20
214,tcp,56963391278454,20
215,tcp,56963432917854,20
216,tcp,56963474484534,911
217,tcp,56963516187204,51
218,tcp,56963557823724,30
219,tcp,56963741295294,27
220,tcp,56963741309064,23
221,tcp,56963741310774,21
222,tcp,56963741312034,21
223,tcp,56963824688754,19
224,tcp,56963824698294,18
225,tcp,56963849538564,15
226,tcp,56963924900694,15
227,tcp,56963932744014,16
228,tcp,56963974541004,193
229,tcp,56964025033524,21
230,tcp,56964057920334,19
231,tcp,56964099545244,20
232,tcp,56964141234774,17
233,tcp,56964182780304,18
234,tcp,56964224504844,17
235,tcp,56964266151624,18
236,tcp,56964307905234,18
237,tcp,56964349576314,18
238,tcp,56964391234524,17
239,tcp,56964433012614,16
240,tcp,56964474524394,1107
241,tcp,56964516300774,235
242,tcp,56964557905884,45
243,tcp,56964599495064,28
244,tcp,56964641258484,100
245,tcp,56964682837314,32
246,tcp,56964724564014,27
247,tcp,56964766147884,24
248,tcp,56964807807624,22
249,tcp,56964849503994,18
250,tcp,56964949765524,4675
251,tcp,56964949779294,96
252,tcp,56965122250074,204
253,tcp,56965122261234,159
254,tcp,56965122263124,67
255,tcp,56965122264564,51
256,tcp,56965199705514,79
257,tcp,56965199719464,38
258,tcp,56965224562344,37
259,tcp,56965299934824,35
260,tcp,56965307826474,24
261,tcp,56965349513934,20
262,tcp,56965400138664,19
263,tcp,56965432812264,15
264,tcp,56965474505754,446
265,tcp,56965516261074,61
266,tcp,56965557882204,47
267,tcp,56965599507834,41
268,tcp,56965641241554,35
269,tcp,56965682911914,24
270,tcp,56965724522154,21
271,tcp,56965766245524,15
272,tcp,56965807948554,16
273,tcp,56965849562844,15
274,tcp,56965891204854,15
275,tcp,56965932861174,13
276,tcp,56965974550074,209
277,tcp,56966016204324,22
278,tcp,56966199652854,24
279,tcp,56966199679944,23
280,tcp,56966199682914,20
281,tcp,56966199684084,17
282,tcp,56966283020394,17
283,tcp,56966283031644,17
284,tcp,56966307909624,15
285,tcp,56966383211274,15
286,tcp,56966391209934,15
287,tcp,56966432937534,15
288,tcp,56966483449224,1076
289,tcp,56966516230194,186
290,tcp,56966557920264,40
291,tcp,56966741393454,34
292,tcp,56966741410644,62
293,tcp,56966741412984,24
294,tcp,56966741415054,27
295,tcp,56966824660734,25
296,tcp,56966824670904,23
297,tcp,56966849516394,20
298,tcp,56966924855124,17
299,tcp,56966932859814,15
300,tcp,56966974502724,252
301,tcp,56967025010634,21
302,tcp,56967057887184,22
303,tcp,56967099512094,23
304,tcp,56967141200994,21
305,tcp,56967182948124,20
306,tcp,56967224563044,20
307,tcp,56967266217474,19
308,tcp,56967307854444,20
309,tcp,56967349496994,19
310,tcp,56967391202634,19
311,tcp,56967432886674,20
312,tcp,56967474585834,841
313,tcp,56967516200844,89
314,tcp,56967557882364,37
315,tcp,56967599533644,37
316,tcp,56967641160984,83
317,tcp,56967682872564,34
318,tcp,56967724512684,34
319,tcp,56967766189524,26
320,tcp,56967807914334,22
321,tcp,56967849520074,19
322,tcp,56967891143454,20
323,tcp,56967932837394,20
324,tcp,56967974533404,232
325,tcp,56968016154624,33
326,tcp,56968057844874,28
327,tcp,56968099560054,26
328,tcp,56968141174254,26
329,tcp,56968182845964,24
330,tcp,56968224513804,21
331,tcp,56968266178314,22
332,tcp,56968307877924,22
333,tcp,56968349516694,21
334,tcp,56968391105154,22
335,tcp,56968432842294,22
336,tcp,56968474580604,905
337,tcp,56968516262484,128
338,tcp,56968557890184,42
339,tcp,56968599587994,32
340,tcp,56968641199764,45
341,tcp,56968682829084,25
342,tcp,56968724526804,25
343,tcp,56968766155944,19
344,tcp,56968807872924,20
345,tcp,56968849507014,17
346,tcp,56968891124634,19
347,tcp,56968932854394,18
348,tcp,56968974545994,237
349,tcp,56969016198534,30
350,tcp,56969057902644,27
351,tcp,56969099568054,24
352,tcp,56969141438934,22
353,tcp,56969182890414,20
354,tcp,56969224545744,19
355,tcp,56969266251744,17
356,tcp,56969307926604,18
357,tcp,56969349542514,17
358,tcp,56969391146094,17
359,tcp,56969432829954,16
360,tcp,56969474535414,1446
361,tcp,56969516191374,220
362,tcp,56969557826724,75
363,tcp,56969599490154,48
364,tcp,56969641176174,54
365,tcp,56969682847074,25
366,tcp,56969724513474,26
367,tcp,56969766216954,21
368,tcp,56969807862204,16
369,tcp,56969849560554,15
370,tcp,56969891280414,12
371,tcp,56969932872744,13
372,tcp,56969974489824,196
373,tcp,56970016234344,21
374,tcp,56970057875004,20
375,tcp,56970099554454,17
376,tcp,56970141197904,16
377,tcp,56970182863944,17
378,tcp,56970224557434,18
379,tcp,56970266200524,16
380,tcp,56970307875114,17
381,tcp,56970349495794,16
382,tcp,56970391152654,15
383,tcp,56970432860364,16
384,tcp,56970474485994,1115
385,tcp,56970516252294,179
386,tcp,56970557852364,36
387,tcp,56970599530464,34
388,tcp,56970641213424,50
389,tcp,56970682815744,28
390,tcp,56970724498434,26
391,tcp,56970766184454,26
392,tcp,56970807884244,18
393,tcp,56970849518244,17
394,tcp,56970891133614,15
395,tcp,56970932839164,13
396,tcp,56970974559114,167
397,tcp,56971016212734,23
398,tcp,56971057902624,23
399,tcp,56971099632024,23
400,tcp,56971141383024,21
401,tcp,56971183046094,18
402,tcp,56971224581364,18
403,tcp,56971266235344,15
404,tcp,56971308037104,16
405,tcp,56971349556444,15
406,tcp,56971391192874,15
407,tcp,56971432823094,16
408,tcp,56971474485804,654
409,tcp,56971516183074,81
410,tcp,56971557851814,36
411,tcp,56971599637194,28
412,tcp,56971641289284,32
413,tcp,56971682862084,16
414,tcp,56971724521374,15
415,tcp,56971766284794,15
416,tcp,56971807904844,16
417,tcp,56971849534344,15
418,tcp,56971891246554,15
419,tcp,56971932867954,16
420,tcp,56971974510054,249
421,tcp,56972016185094,25
422,tcp,56972057814684,21
423,tcp,56972099484504,23
424,tcp,56972141187534,21
425,tcp,56972182874454,20
426,tcp,56972224572084,20
427,tcp,56972266392744,17
428,tcp,56972307904434,15
429,tcp,56972349592614,12
430,tcp,56972391151284,12
431,tcp,56972432795814,13
432,tcp,56972474507754,1232
433,tcp,56972516247234,279
434,tcp,56972557856574,35
435,tcp,56972599548174,29
436,tcp,56972641234014,85
437,tcp,56972682845244,21
438,tcp,56972724499404,19
439,tcp,56972766166614,28
440,tcp,56972949669414,19
441,tcp,56972949679314,17
442,tcp,56972949680664,17
443,tcp,56973049825824,15
444,tcp,56973049833114,196
445,tcp,56973091468194,23
446,tcp,56973091475754,22
447,tcp,56973150013194,21
448,tcp,56973150025524,19
449,tcp,56973182872464,20
450,tcp,56973224561454,19
451,tcp,56973266212194,17
452,tcp,56973308153904,18
453,tcp,56973349498644,17
454,tcp,56973391234524,17
455,tcp,56973432906324,15
456,tcp,56973474530064,848
457,tcp,56973516170094,93
458,tcp,56973557879064,29
459,tcp,56973599529354,27
460,tcp,56973641202054,53
461,tcp,56973682902654,19
462,tcp,56973724513344,18
463,tcp,56973766251024,15
464,tcp,56973807846684,16
465,tcp,56973849516234,15
466,tcp,56973891201714,15
467,tcp,56973932915994,16
468,tcp,56973974535054,233
469,tcp,56974016359224,22
470,tcp,56974057857504,23
471,tcp,56974099461804,24
472,tcp,56974141188864,23
473,tcp,56974182863094,22
474,tcp,56974224554064,21
475,tcp,56974266239724,19
476,tcp,56974308128334,17
477,tcp,56974349468034,16
478,tcp,56974391181954,16
479,tcp,56974432851504,17
480,tcp,56974474527624,1485
481,tcp,56974516214994,698
482,tcp,56974557883914,48
483,tcp,56974599496494,45
484,tcp,56974641177114,52
485,tcp,56974682822994,34
486,tcp,56974724517114,34
487,tcp,56974766178384,35
488,tcp,56974807883484,27
489,tcp,56974849532514,24
490,tcp,56974891175064,33
491,tcp,56974932859554,22
492,tcp,56974974496524,195
493,tcp,56975016209904,34
494,tcp,56975057829414,30
495,tcp,56975099658264,25
496,tcp,56975141150874,22
497,tcp,56975182815114,18
498,tcp,56975224588434,17
499,tcp,56975266292724,19
500,tcp,56975438263284,5598
501,tcp,56975438276784,147
502,tcp,56975438281014,80
503,tcp,56975438285244,69
504,tcp,56975508194004,561
505,tcp,56975534042544,162
506,tcp,56975557883724,150
507,tcp,56975608490094,58
508,tcp,56975641189074,35
509,tcp,56975682910194,48
510,tcp,56975724509454,26
511,tcp,56975766233004,27
512,tcp,56975807933334,24
513,tcp,56975849594694,19
514,tcp,56975891150214,17
515,tcp,56975932844874,19
516,tcp,56975974604964,1548
517,tcp,56976016208724,80
518,tcp,56976057800604,76
519,tcp,56976099504804,270
520,tcp,56976141176784,69
521,tcp,56976182928234,39
522,tcp,56976224521554,38
523,tcp,56976266226114,19
524,tcp,56976307869294,18
525,tcp,56976349523004,15
526,tcp,56976391169784,12
527,tcp,56976432814674,12
528,tcp,56976474511944,784
529,tcp,56976516159534,184
530,tcp,56976557829174,69
531,tcp,56976599525454,40
532,tcp,56976641269974,25
533,tcp,56976682836294,17
534,tcp,56976724548414,13
535,tcp,56976766206804,12
536,tcp,56976949615104,12
537,tcp,56976949626354,13
538,tcp,56976949627794,12
539,tcp,56976949628964,12
540,tcp,56976991335774,466
541,tcp,56977049778354,29
542,tcp,56977057806534,29
543,tcp,56977099492014,33
544,tcp,56977141185234,17
545,tcp,56977182839844,17
546,tcp,56977224480774,18
547,tcp,56977266275784,12
548,tcp,56977307856234,12
549,tcp,56977349507694,13
550,tcp,56977391185614,12
551,tcp,56977433016174,12
552,tcp,56977474548924,871
553,tcp,56977516191204,152
554,tcp,56977557805404,46
555,tcp,56977599555144,44
556,tcp,56977641438894,115
557,tcp,56977682922324,25
558,tcp,56977724489004,23
559,tcp,56977766184474,22
560,tcp,56977807816674,19
561,tcp,56977849521144,18
562,tcp,56977891202664,15
563,tcp,56977932932694,15
564,tcp,56977974603414,540
565,tcp,56978157981564,36
566,tcp,56978157995244,31
567,tcp,56978157998214,142
568,tcp,56978158000464,27
569,tcp,56978241346764,26
570,tcp,56978241356484,37
571,tcp,56978266189374,19
572,tcp,56978341595964,15
573,tcp,56978349527304,15
574,tcp,56978391227994,15
575,tcp,56978441752464,15
576,tcp,56978474547384,923
577,tcp,56978516226834,249
578,tcp,56978557847244,51
579,tcp,56978599573134,34
580,tcp,56978641233144,39
581,tcp,56978682930504,29
582,tcp,56978724556944,25
583,tcp,56978766199314,31
584,tcp,56978807844474,29
585,tcp,56978849548674,25
586,tcp,56978891176554,23
587,tcp,56978932844844,20
588,tcp,56978974503414,649
589,tcp,56979016134444,41
590,tcp,56979057792114,38
591,tcp,56979099792324,144
592,tcp,56979141204294,39
593,tcp,56979182951334,30
594,tcp,56979224647254,38
595,tcp,56979266165424,21
596,tcp,56979307878894,22
597,tcp,56979349556364,19
598,tcp,56979391224024,12
599,tcp,56979432846144,12
600,tcp,56979474517044,1129
601,tcp,56979516180294,294
602,tcp,56979557864514,53
603,tcp,56979599489244,37
604,tcp,56979641147634,36
605,tcp,56979683291574,25
606,tcp,56979724502214,23
607,tcp,56979766244664,18
608,tcp,56979807891084,15
609,tcp,56979849595824,16
610,tcp,56979891188964,15
611,tcp,56979932959044,15
612,tcp,56979974590254,658
613,tcp,56980016205624,31
614,tcp,56980057894344,29
615,tcp,56980099640754,93
616,tcp,56980141182144,22
617,tcp,56980182864384,18
618,tcp,56980224518454,52
619,tcp,56980266181614,17
620,tcp,56980307853234,17
621,tcp,56980349526834,17
622,tcp,56980391261454,12
623,tcp,56980432940274,12
624,tcp,56980474601094,1161
625,tcp,56980516234644,245
626,tcp,56980557891054,51
627,tcp,56980599516504,40
628,tcp,56980641279744,30
629,tcp,56980682895204,24
630,tcp,56980724488614,19
631,tcp,56980766283264,19
632,tcp,56980807900794,19
633,tcp,56980849527684,19
634,tcp,56980891153854,19
635,tcp,56980932864084,17
636,tcp,56980974499614,880
637,tcp,56981016156474,36
638,tcp,56981057951574,36
639,tcp,56981099478744,159
640,tcp,56981141183934,30
641,tcp,56981182928544,25
642,tcp,56981224503234,46
643,tcp,56981266184124,27
644,tcp,56981308187664,20
645,tcp,56981349745884,25
646,tcp,56981391226074,12
647,tcp,56981432944314,12
648,tcp,56981474580204,718
649,tcp,56981516175684,101
650,tcp,56981557881414,75
651,tcp,56981599559424,27
652,tcp,56981641203594,19
653,tcp,56981682882684,17
654,tcp,56981724513894,12
655,tcp,56981766199914,12
656,tcp,56981807805564,12
657,tcp,56981849559174,12
658,tcp,56981891160324,12
659,tcp,56981932837974,12
660,tcp,56981974584654,308
661,tcp,56982016216674,26
662,tcp,56982057859584,24
663,tcp,56982099493314,44
664,tcp,56982282969024,18
665,tcp,56982282979284,17
666,tcp,56982282980724,17
667,tcp,56982282981984,15
668,tcp,56982324677454,15
669,tcp,56982366296694,15
670,tcp,56982391176384,12
671,tcp,56982432822984,12
672,tcp,56982474593424,1242
673,tcp,56982516292674,415
674,tcp,56982557866194,113
675,tcp,56982599575614,46
676,tcp,56982641301684,36
677,tcp,56982682832094,26
678,tcp,56982724574094,19
679,tcp,56982766209984,19
680,tcp,56982807814644,17
681,tcp,56982849556914,15
682,tcp,56982891209544,15
683,tcp,56982932859474,15
684,tcp,56982974546664,658
685,tcp,56983016164374,37
686,tcp,56983057844814,35
687,tcp,56983099578984,95
688,tcp,56983141202994,26
689,tcp,56983182825924,20
690,tcp,56983224482244,18
691,tcp,56983266343764,15
692,tcp,56983307884434,12
693,tcp,56983349514654,13
694,tcp,56983391295084,12
695,tcp,56983432912974,12
696,tcp,56983474559844,888
697,tcp,56983516159104,203
698,tcp,56983557848814,83
699,tcp,56983599516744,29
700,tcp,56983641264144,120
701,tcp,56983682878074,28
702,tcp,56983724581644,23
703,tcp,56983766241834,19
704,tcp,56983807859364,17
705,tcp,56983849496154,12
706,tcp,56983891201884,12
707,tcp,56983932836424,12
708,tcp,56983974552864,808
709,tcp,56984016195234,33
710,tcp,56984057863794,32
711,tcp,56984099566464,57
712,tcp,56984141220354,25
713,tcp,56984182870464,16
714,tcp,56984224563594,17
715,tcp,56984266242054,12
716,tcp,56984307851394,12
717,tcp,56984349572784,13
718,tcp,56984391182844,12
719,tcp,56984432861034,12
720,tcp,56984474460834,1662
721,tcp,56984516160084,993
722,tcp,56984557873464,142
723,tcp,56984599502784,58
724,tcp,56984641189074,126
725,tcp,56984682828654,53
726,tcp,56984724522594,34
727,tcp,56984766146514,29
728,tcp,56984807913174,29
729,tcp,56984849531694,25
730,tcp,56984891221764,25
731,tcp,56984932827054,23
732,tcp,56984974516404,1401
733,tcp,56985016247244,45
734,tcp,56985057851094,42
735,tcp,56985099483654,130
736,tcp,56985141213504,36
737,tcp,56985182839314,25
738,tcp,56985224526774,79
739,tcp,56985266143674,32
740,tcp,56985307863444,28
741,tcp,56985349522284,26
742,tcp,56985391159794,12
743,tcp,56985433138134,12
744,tcp,56985474695724,585
745,tcp,56985516174474,118
746,tcp,56985557906574,49
747,tcp,56985599608164,34
748,tcp,56985641257734,25
749,tcp,56985682912074,22
750,tcp,56985854178564,6396
751,tcp,56985854187924,161
752,tcp,56985854190174,81
753,tcp,56985854191524,134
754,tcp,56985891250464,74
755,tcp,56985933054924,80
756,tcp,56985974616564,328
757,tcp,56986016210694,73
758,tcp,56986057861974,76
759,tcp,56986099611624,78
760,tcp,56986141294674,63
761,tcp,56986182955224,63
762,tcp,56986224608844,69
763,tcp,56986266322224,54
764,tcp,56986307836164,57
765,tcp,56986349483124,62
766,tcp,56986391233944,47
767,tcp,56986432858494,52
768,tcp,56986474513014,1086
769,tcp,56986516191924,320
770,tcp,56986557825114,97
771,tcp,56986599557304,47
772,tcp,56986641231174,43
773,tcp,56986824664224,27
774,tcp,56986824674574,21
775,tcp,56986824679434,21
776,tcp,56986824680694,19
777,tcp,56986908055434,21
778,tcp,56986908068484,23
779,tcp,56986932865194,19
780,tcp,56987008134984,513
781,tcp,56987016235974,34
782,tcp,56987057864304,32
783,tcp,56987108365734,57
784,tcp,56987141201694,23
785,tcp,56987182876284,23
786,tcp,56987224520904,21
787,tcp,56987266276044,17
788,tcp,56987307807624,15
789,tcp,56987349505974,15
790,tcp,56987391184794,15
791,tcp,56987432863434,15
792,tcp,56987474504814,666
793,tcp,56987516171124,214
794,tcp,56987557872444,68
795,tcp,56987599511484,43
796,tcp,56987641240974,41
797,tcp,56987682941124,30
798,tcp,56987724499074,23
799,tcp,56987908091064,20
800,tcp,56987908101774,19
801,tcp,56987908103214,15
802,tcp,56987908104294,15
803,tcp,56987991440514,15
804,tcp,56987991456714,513
805,tcp,56988016155324,31
806,tcp,56988091714554,32
807,tcp,56988099493974,101
808,tcp,56988141163074,28
809,tcp,56988191867634,26
810,tcp,56988224532504,51
811,tcp,56988266200794,17
812,tcp,56988307877994,15
813,tcp,56988349541424,13
814,tcp,56988391175604,12
815,tcp,56988432856764,12
816,tcp,56988474507054,876
817,tcp,56988516217284,264
818,tcp,56988557872254,42
819,tcp,56988599535774,29
820,tcp,56988641149614,21
821,tcp,56988682814304,18
822,tcp,56988724444974,19
823,tcp,56988766248714,20
824,tcp,56988807926634,18
825,tcp,56988849532374,17
826,tcp,56988891162864,17
827,tcp,56988932826744,17
828,tcp,56988974584404,708
829,tcp,56989016172054,48
830,tcp,56989057833054,46
831,tcp,56989099516284,99
832,tcp,56989141170714,36
833,tcp,56989182818934,32
834,tcp,56989224519984,65
835,tcp,56989266174054,21
836,tcp,56989307804274,17
837,tcp,56989349575974,22
838,tcp,56989391222394,17
839,tcp,56989432896174,17
840,tcp,56989474535574,939
841,tcp,56989516181544,334
842,tcp,56989557804924,53
843,tcp,56989599466014,35
844,tcp,56989641164634,35
845,tcp,56989682901864,26
846,tcp,56989724690394,23
847,tcp,56989766373354,22
848,tcp,56989807927524,19
849,tcp,56989849572864,18
850,tcp,56989891230534,19
851,tcp,56989932848604,17
852,tcp,56989974556134,653
853,tcp,56990016182934,32
854,tcp,56990057953374,27
855,tcp,56990099525634,85
856,tcp,56990283049764,22
857,tcp,56990283060744,20
858,tcp,56990283062274,77
859,tcp,56990283066864,24
860,tcp,56990366279964,23
861,tcp,56990366294364,20
862,tcp,56990391397344,12
863,tcp,56990466434394,12
864,tcp,56990474544834,1089
865,tcp,56990516162094,305
866,tcp,56990566601604,40
867,tcp,56990599529814,35
868,tcp,56990641223754,28
869,tcp,56990682867114,24
870,tcp,56990724513804,19
871,tcp,56990766183624,19
872,tcp,56990807837874,19
873,tcp,56990849551974,18
874,tcp,56990891214144,17
875,tcp,56990932864524,15
876,tcp,56990974569174,913
877,tcp,56991016249254,36
878,tcp,56991057824574,37
879,tcp,56991099559374,95
880,tcp,56991141149994,24
881,tcp,56991182826564,25
882,tcp,56991224611404,24
883,tcp,56991266155584,12
884,tcp,56991307948074,12
885,tcp,56991349553994,13
886,tcp,56991391198524,12
887,tcp,56991432889494,12
888,tcp,56991474526644,672
889,tcp,56991516151464,89
890,tcp,56991557844324,49
891,tcp,56991599574084,36
892,tcp,56991641181354,34
893,tcp,56991824627184,76
894,tcp,56991824638074,30
895,tcp,56991824639784,26
896,tcp,56991824640954,21
897,tcp,56991907940184,19
898,tcp,56991907950444,17
899,tcp,56991932900064,17
900,tcp,56992008092904,365
901,tcp,56992016183004,27
902,tcp,56992108328964,29
903,tcp,56992108342374,100
904,tcp,56992141188054,25
905,tcp,56992182847524,20
906,tcp,56992224523284,18
907,tcp,56992266251694,15
908,tcp,56992307844204,15
909,tcp,56992349482074,13
910,tcp,56992391293014,12
911,tcp,56992432956354,12
912,tcp,56992474606014,1219
913,tcp,56992516254234,432
914,tcp,56992557900384,78
915,tcp,56992599567774,37
916,tcp,56992641213204,37
917,tcp,56992682902914,25
918,tcp,56992724574174,19
919,tcp,56992766259474,20
920,tcp,56992807853154,19
921,tcp,56992849560324,17
922,tcp,56992891188294,15
923,tcp,56992932840204,15
924,tcp,56992974578514,542
925,tcp,56993016220794,33
926,tcp,56993057865504,28
927,tcp,56993099486004,111
928,tcp,56993141169774,25
929,tcp,56993182794144,19
930,tcp,56993224468464,20
931,tcp,56993266163664,12
932,tcp,56993307846174,12
933,tcp,56993349500244,13
934,tcp,56993391159264,12
935,tcp,56993432785434,12
936,tcp,56993616340344,868
937,tcp,56993616354384,159
938,tcp,56993616357264,69
939,tcp,56993616359244,29
940,tcp,56993699738034,94
941,tcp,56993699746854,26
942,tcp,56993724517464,18
943,tcp,56993799925224,12
944,tcp,56993807781054,12
945,tcp,56993849536284,12
946,tcp,56993900159304,12
947,tcp,56993932942344,12
948,tcp,56993974611714,821
949,tcp,56994016229694,31
950,tcp,56994057851544,32
951,tcp,56994099509034,62
952,tcp,56994141152664,27
953,tcp,56994182819694,20
954,tcp,56994224577804,24
955,tcp,56994266320074,12
956,tcp,56994307862274,12
957,tcp,56994349490154,13
958,tcp,56994391240704,12
959,tcp,56994432802704,12
960,tcp,56994474516354,1578
961,tcp,56994516186894,687
962,tcp,56994557857704,58
963,tcp,56994599523834,54
964,tcp,56994641147214,70
965,tcp,56994682826934,63
966,tcp,56994724510884,55
967,tcp,56994766092684,52
968,tcp,56994807907404,43
969,tcp,56994849542484,33
970,tcp,56994891197364,32
971,tcp,56994932832264,30
972,tcp,56994974500284,1164
973,tcp,56995016198904,48
974,tcp,56995057784214,44
975,tcp,56995099448454,57
976,tcp,56995141242294,27
977,tcp,56995182761904,23
978,tcp,56995224488604,31
979,tcp,56995266133674,17
980,tcp,56995307802414,15
981,tcp,56995349532444,16
982,tcp,56995391144574,12
983,tcp,56995432827354,12
984,tcp,56995474500414,570
985,tcp,56995516137744,104
986,tcp,56995557790554,39
987,tcp,56995599512844,29
988,tcp,56995641148914,26
989,tcp,56995682788854,17
990,tcp,56995724494944,15
991,tcp,56995766105994,15
992,tcp,56995807768344,15
993,tcp,56995849470564,12
994,tcp,56995891090074,12
995,tcp,56995932786894,12
996,tcp,56995974451584,524
997,tcp,56996016222744,31
998,tcp,56996057860974,27
999,tcp,56996099487594,27
1000,tcp,56996341389054,6027
1001,tcp,56996341399944,101
1002,tcp,56996341402734,145
1003,tcp,56996341405074,65
1004,tcp,56996341407054,32
1005,tcp,56996366408424,50
1006,tcp,56996409155724,27
1007,tcp,56996441625114,23
1008,tcp,56996474583384,1055
1009,tcp,56996516337804,372
1010,tcp,56996557853724,51
1011,tcp,56996599490244,39
1012,tcp,56996641130274,45
1013,tcp,56996682845724,31
1014,tcp,56996724527964,26
1015,tcp,56996766140814,35
1016,tcp,56996807851944,24
1017,tcp,56996849531574,21
1018,tcp,56996891150004,21
1019,tcp,56996932915134,17
1020,tcp,56996974549854,372
1021,tcp,56997016245324,31
1022,tcp,56997199676214,27
1023,tcp,56997199687104,33
1024,tcp,56997199688724,26
1025,tcp,56997199689894,19
1026,tcp,56997282969954,19
1027,tcp,56997282979584,15
1028,tcp,56997307810044,15
1029,tcp,56997383147514,15
1030,tcp,56997391140864,15
1031,tcp,56997432833274,15
1032,tcp,56997483330924,853
1033,tcp,56997516176424,381
1034,tcp,56997557897994,52
1035,tcp,56997599493114,41
1036,tcp,56997641231784,107
1037,tcp,56997682826184,36
1038,tcp,56997724500234,30
1039,tcp,56997766152414,25
1040,tcp,56997807815754,19
1041,tcp,56997849485124,19
1042,tcp,56997891074754,19
1043,tcp,56997932771034,19
1044,tcp,56997974422764,362
1045,tcp,56998016115534,35
1046,tcp,56998057876074,30
1047,tcp,56998099575234,139
1048,tcp,56998141186104,33
1049,tcp,56998182814344,21
1050,tcp,56998224522234,20
1051,tcp,56998266185754,19
1052,tcp,56998307816964,15
1053,tcp,56998349477874,16
1054,tcp,56998391249034,15
1055,tcp,56998432848654,15
1056,tcp,56998474548174,521
1057,tcp,56998516149954,292
1058,tcp,56998557825444,40
1059,tcp,56998599452964,35
1060,tcp,56998641192984,56
1061,tcp,56998682976564,26
1062,tcp,56998724498334,21
1063,tcp,56998766132154,27
1064,tcp,56998807844274,22
1065,tcp,56998849509054,18
1066,tcp,56998891161864,18
1067,tcp,56998932793614,19
1068,tcp,56998974504474,478
1069,tcp,56999016183744,30
1070,tcp,56999057856444,24
1071,tcp,56999099533374,95
1072,tcp,56999141138844,27
1073,tcp,56999182836024,23
1074,tcp,56999224538964,26
1075,tcp,56999266211844,17
1076,tcp,56999307870954,17
1077,tcp,56999349505314,25
1078,tcp,56999391334344,13
1079,tcp,56999432769354,12
1080,tcp,56999474468424,1335
1081,tcp,56999516201604,520
1082,tcp,56999557835604,44
1083,tcp,56999599532964,38
1084,tcp,56999641176414,72
1085,tcp,56999682800604,31
1086,tcp,56999724490764,26
1087,tcp,56999766245634,32
1088,tcp,56999807886474,20
1089,tcp,56999849511294,21
1090,tcp,56999891238354,15
1091,tcp,57000074714874,15
1092,tcp,57000074724954,736
1093,tcp,57000074727294,36
1094,tcp,57000074728644,24
1095,tcp,57000158006724,129
1096,tcp,57000158020224,52
1097,tcp,57000182798934,20
1098,tcp,57000258275724,35
1099,tcp,57000266144784,17
1100,tcp,57000307879314,15
1101,tcp,57000358489014,22
1102,tcp,57000391192764,15
1103,tcp,57000432824424,15
1104,tcp,57000616330194,1133
1105,tcp,57000616342794,381
1106,tcp,57000616345134,39
1107,tcp,57000616347114,37
1108,tcp,57000699652644,119
1109,tcp,57000699662904,39
1110,tcp,57000724483644,28
1111,tcp,57000799821114,28
1112,tcp,57000807911574,17
1113,tcp,57000849505704,17
1114,tcp,57000900087774,19
1115,tcp,57000932800344,17
1116,tcp,57000974449824,722
1117,tcp,57001016146014,37
1118,tcp,57001057901064,32
1119,tcp,57001099701474,110
1120,tcp,57001141238544,24
1121,tcp,57001182783534,19
1122,tcp,57001224540564,26
1123,tcp,57001407943824,18
1124,tcp,57001407956964,18
1125,tcp,57001407958584,25
1126,tcp,57001407959754,22
1127,tcp,57001491368964,17
1128,tcp,57001491379404,700
1129,tcp,57001516156944,216
1130,tcp,57001591567764,51
1131,tcp,57001599464454,41
1132,tcp,57001641172344,54
1133,tcp,57001691740464,31
1134,tcp,57001724551404,33
1135,tcp,57001766217714,36
1136,tcp,57001807859364,31
1137,tcp,57001849458804,24
1138,tcp,57001891099284,24
1139,tcp,57001932801054,20
1140,tcp,57001974487434,325
1141,tcp,57002016096414,23
1142,tcp,57002057817354,19
1143,tcp,57002099529204,17
1144,tcp,57002141164194,15
1145,tcp,57002182762644,15
1146,tcp,57002224473594,15
1147,tcp,57002266201194,15
1148,tcp,57002307877134,15
1149,tcp,57002349426624,15
1150,tcp,57002391137754,15
1151,tcp,57002432867244,15
1152,tcp,57002474460834,1244
1153,tcp,57002516177454,350
1154,tcp,57002558046084,121
1155,tcp,57002599509354,44
1156,tcp,57002641191144,66
1157,tcp,57002682868254,36
1158,tcp,57002724503874,30
1159,tcp,57002766140394,27
1160,tcp,57002807784294,24
1161,tcp,57002849450694,22
1162,tcp,57002891096664,23
1163,tcp,57002932831374,21
1164,tcp,57002974551684,628
1165,tcp,57003016253364,33
1166,tcp,57003057869724,24
1167,tcp,57003099563034,125
1168,tcp,57003141213504,19
1169,tcp,57003182861454,17
1170,tcp,57003224568174,17
1171,tcp,57003266221344,17
1172,tcp,57003307884324,17
1173,tcp,57003349502754,17
1174,tcp,57003391184994,17
1175,tcp,57003432951834,17
1176,tcp,57003474496464,857
1177,tcp,57003516139644,249
1178,tcp,57003557821074,131
1179,tcp,57003599434554,38
1180,tcp,57003641199054,32
1181,tcp,57003682804074,27
1182,tcp,57003724520514,24
1183,tcp,57003766251264,25
1184,tcp,57003807815604,21
1185,tcp,57003849435294,21
1186,tcp,57003891108534,22
1187,tcp,57003932755674,21
1188,tcp,57003974553654,638
1189,tcp,57004016270364,35
1190,tcp,57004057883754,31
1191,tcp,57004099489224,50
1192,tcp,57004141100274,27
1193,tcp,57004182786114,22
1194,tcp,57004224442614,108
1195,tcp,57004266154644,29
1196,tcp,57004307853444,23
1197,tcp,57004491308634,18
1198,tcp,57004491320154,12
1199,tcp,57004491324834,12
1200,tcp,57004591405734,1573
1201,tcp,57004591413384,687
1202,tcp,57004591415274,162
1203,tcp,57004691624064,57
1204,tcp,57004691638464,131
1205,tcp,57004691640714,58
1206,tcp,57004724500344,46
1207,tcp,57004766124804,42
1208,tcp,57004807797954,41
1209,tcp,57004849617174,46
1210,tcp,57004891189794,50
1211,tcp,57005082198684,33
1212,tcp,57005082209484,1140
1213,tcp,57005082211464,51
1214,tcp,57005082212904,46
1215,tcp,57005158007484,160
1216,tcp,57005158021614,36
1217,tcp,57005182820484,29
1218,tcp,57005258156514,104
1219,tcp,57005266209624,30
1220,tcp,57005307796644,34
1221,tcp,57005358364404,38
1222,tcp,57005391326724,19
1223,tcp,57005432858034,19
1224,tcp,57005474574924,583
1225,tcp,57005516139534,76
1226,tcp,57005557838244,60
1227,tcp,57005599501584,50
1228,tcp,57005641132884,51
1229,tcp,57005682887214,52
1230,tcp,57005724477114,43
1231,tcp,57005766243864,42
1232,tcp,57005807795154,34
1233,tcp,57005849460744,28
1234,tcp,57005891167824,25
1235,tcp,57005932931064,21
1236,tcp,57005974466334,567
1237,tcp,57006016158024,35
1238,tcp,57006057791034,35
1239,tcp,57006099423864,53
1240,tcp,57006141083964,33
1241,tcp,57006182997954,29
1242,tcp,57006224526204,33
1243,tcp,57006266276664,25
1244,tcp,57006307870614,22
1245,tcp,57006349478964,28
1246,tcp,57006391151304,21
1247,tcp,57006432801414,20
1248,tcp,57006474483114,1081
1249,tcp,57006516167244,234
1250,tcp,57006658123524,6596
1251,tcp,57006658133784,99
1252,tcp,57006658135494,104
1253,tcp,57006682809624,135
1254,tcp,57006724516884,80
1255,tcp,57006766226484,71
1256,tcp,57006807880014,100
1257,tcp,57006849462714,51
1258,tcp,57006891126684,33
1259,tcp,57006932873454,33
1260,tcp,57006974495304,298
1261,tcp,57007016215434,31
1262,tcp,57007057804704,42
1263,tcp,57007099538604,29
1264,tcp,57007141153974,19
1265,tcp,57007182835134,27
1266,tcp,57007224431964,21
1267,tcp,57007266142014,17
1268,tcp,57007307847564,18
1269,tcp,57007491334434,18
1270,tcp,57007491344154,17
1271,tcp,57007491345414,18
1272,tcp,57007491347304,930
1273,tcp,57007532990304,64
1274,tcp,57007574645364,433
1275,tcp,57007599471414,42
1276,tcp,57007641204594,37
1277,tcp,57007682852184,145
1278,tcp,57007724565924,29
1279,tcp,57007766154564,22
1280,tcp,57007807759314,20
1281,tcp,57007849541004,15
1282,tcp,57007891163844,15
1283,tcp,57007932856434,15
1284,tcp,57007974502674,256
1285,tcp,57008016133524,23
1286,tcp,57008057855184,22
1287,tcp,57008099521044,20
1288,tcp,57008141135334,17
1289,tcp,57008182780674,21
1290,tcp,57008224474434,15
1291,tcp,57008266207794,15
1292,tcp,57008307848364,15
1293,tcp,57008349521514,15
1294,tcp,57008391244164,15
1295,tcp,57008432841264,15
1296,tcp,57008474514504,1054
1297,tcp,57008516315184,100
1298,tcp,57008557844334,340
1299,tcp,57008599532424,41
1300,tcp,57008641190094,35
1301,tcp,57008682835884,39
1302,tcp,57008724480774,32
1303,tcp,57008766144924,31
1304,tcp,57008807795034,123
1305,tcp,57008849530284,29
1306,tcp,57008891221254,27
1307,tcp,57008932875504,20
1308,tcp,57008974546134,418
1309,tcp,57009016177704,33
1310,tcp,57009057875694,34
1311,tcp,57009099543174,36
1312,tcp,57009141165834,20
1313,tcp,57009182793264,17
1314,tcp,57009224520864,206
1315,tcp,57009266164494,38
1316,tcp,57009307845654,38
1317,tcp,57009349470834,31
1318,tcp,57009391183854,15
1319,tcp,57009432786894,13
1320,tcp,57009474426834,485
1321,tcp,57009516128064,81
1322,tcp,57009557823984,403
1323,tcp,57009599485434,38
1324,tcp,57009641224014,32
1325,tcp,57009682914354,64
1326,tcp,57009724493004,24
1327,tcp,57009766079214,21
1328,tcp,57009807806994,18
1329,tcp,57009849497694,15
1330,tcp,57009891155094,15
1331,tcp,57009932771994,16
1332,tcp,57009974462964,145
1333,tcp,57010016133774,17
1334,tcp,57010057778754,16
1335,tcp,57010099442364,56
1336,tcp,57010141102554,18
1337,tcp,57010182759234,20
1338,tcp,57010224478554,25
1339,tcp,57010266173574,12
1340,tcp,57010307896314,13
1341,tcp,57010349476584,13
1342,tcp,57010391143074,12
1343,tcp,57010432825944,13
1344,tcp,57010474469664,1287
1345,tcp,57010516183584,91
1346,tcp,57010557889224,512
1347,tcp,57010599504954,32
1348,tcp,57010641149664,26
1349,tcp,57010682790774,32
1350,tcp,57010724537094,21
1351,tcp,57010766109354,17
1352,tcp,57010807785564,60
1353,tcp,57010849487964,17
1354,tcp,57010891180464,17
1355,tcp,57010932806274,15
1356,tcp,57010974487974,379
1357,tcp,57011016208644,25
1358,tcp,57011057873694,26
1359,tcp,57011099519574,141
1360,tcp,57011141173554,27
1361,tcp,57011182826004,26
1362,tcp,57011224508424,19
1363,tcp,57011266173114,12
1364,tcp,57011307900624,13
1365,tcp,57011349622824,13
1366,tcp,57011391245574,12
1367,tcp,57011432874624,13
1368,tcp,57011474496024,679
1369,tcp,57011516251074,72
1370,tcp,57011557898214,284
1371,tcp,57011599593324,33
1372,tcp,57011641327764,26
1373,tcp,57011682941964,38
1374,tcp,57011724577314,26
1375,tcp,57011766189894,25
1376,tcp,57011807875014,42
1377,tcp,57011849569494,15
1378,tcp,57011891200164,15
1379,tcp,57011932820214,23
1380,tcp,57011974556094,284
1381,tcp,57012016235994,21
1382,tcp,57012057809784,30
1383,tcp,57012099509934,19
1384,tcp,57012141314034,17
1385,tcp,57012182852094,16
1386,tcp,57012224487354,17
1387,tcp,57012266265714,12
1388,tcp,57012307907544,13
1389,tcp,57012349481874,13
1390,tcp,57012391221624,12
1391,tcp,57012717497544,13
1392,tcp,57012717507174,1504
1393,tcp,57012717508974,77
1394,tcp,57012717510594,506
1395,tcp,57012717511944,32
1396,tcp,57012717513114,27
1397,tcp,57012717514464,110
1398,tcp,57012759184104,21
1399,tcp,57012817673934,17
1400,tcp,57012817683474,16
1401,tcp,57012849494334,12
1402,tcp,57012891223824,12
1403,tcp,57012932882394,13
1404,tcp,57012974499924,220
1405,tcp,57013016139594,22
1406,tcp,57013057924254,23
1407,tcp,57013099577964,13
1408,tcp,57013141224024,12
1409,tcp,57013182823284,13
1410,tcp,57013224573114,13
1411,tcp,57013266174534,12
1412,tcp,57013307894394,13
1413,tcp,57013349535594,13
1414,tcp,57013391208924,12
1415,tcp,57013432855974,13
1416,tcp,57013474549644,988
1417,tcp,57013516191924,83
1418,tcp,57013557828264,451
1419,tcp,57013599472074,29
1420,tcp,57013641142704,25
1421,tcp,57013866330894,72
1422,tcp,57013866341334,23
1423,tcp,57013866342774,20
1424,tcp,57013866343944,26
1425,tcp,57013866345024,21
1426,tcp,57013908103494,18
1427,tcp,57013949632464,16
1428,tcp,57013974527004,458
1429,tcp,57014157984354,30
1430,tcp,57014157994704,38
1431,tcp,57014157996234,33
1432,tcp,57014157997404,24
1433,tcp,57014241260094,20
1434,tcp,57014241270354,19
1435,tcp,57014266181094,12
1436,tcp,57014341437744,13
1437,tcp,57014349490314,13
1438,tcp,57014391125124,12
1439,tcp,57014441585514,13
1440,tcp,57014491482054,2307
1441,tcp,57014541764154,342
1442,tcp,57014591780934,844
1443,tcp,57014599464324,65
1444,tcp,57014641911204,79
1445,tcp,57014691974424,345
1446,tcp,57014724522114,66
1447,tcp,57014766162414,78
1448,tcp,57014807924214,106
1449,tcp,57014849544624,49
1450,tcp,57014891224344,49
1451,tcp,57014932852674,63
1452,tcp,57014974580004,405
1453,tcp,57015016210764,45
1454,tcp,57015057847374,40
1455,tcp,57015099588654,175
1456,tcp,57015141168834,31
1457,tcp,57015182850264,35
1458,tcp,57015224513064,34
1459,tcp,57015266183694,17
1460,tcp,57015307894014,19
1461,tcp,57015349523514,16
1462,tcp,57015391145454,12
1463,tcp,57015432828504,13
1464,tcp,57015474491214,500
1465,tcp,57015516164634,88
1466,tcp,57015557889714,247
1467,tcp,57015599557374,52
1468,tcp,57015641181294,50
1469,tcp,57015682866594,57
1470,tcp,57015724572414,34
1471,tcp,57015766238814,40
1472,tcp,57015807914034,45
1473,tcp,57015849504654,33
1474,tcp,57015891164574,32
1475,tcp,57015932866074,39
1476,tcp,57015974544714,364
1477,tcp,57016016206524,43
1478,tcp,57016057945914,56
1479,tcp,57016099559034,60
1480,tcp,57016141218504,36
1481,tcp,57016182909384,43
1482,tcp,57016224536184,39
1483,tcp,57016266262794,12
1484,tcp,57016307816064,13
1485,tcp,57016349606664,13
1486,tcp,57016391168754,12
1487,tcp,57016432863054,13
1488,tcp,57016474493724,1231
1489,tcp,57016516337964,147
1490,tcp,57016557851994,344
1491,tcp,57016599580584,35
1492,tcp,57016641239154,28
1493,tcp,57016682900604,42
1494,tcp,57016724599224,22
1495,tcp,57016766187144,18
1496,tcp,57016807883334,126
1497,tcp,57016849516254,18
1498,tcp,57016891226304,19
1499,tcp,57016932896124,18
1500,tcp,57017033085294,6175
1501,tcp,57017033094924,107
1502,tcp,57017074872744,95
1503,tcp,57017099463084,98
1504,tcp,57017141147844,68
1505,tcp,57017182844484,84
1506,tcp,57017224510434,87
1507,tcp,57017266187094,67
1508,tcp,57017307921084,74
1509,tcp,57017349549144,66
1510,tcp,57017391243174,50
1511,tcp,57017432888874,62
1512,tcp,57017474541054,864
1513,tcp,57017516251644,195
1514,tcp,57017557844064,470
1515,tcp,57017599573644,62
1516,tcp,57017641272534,64
1517,tcp,57017682909774,148
1518,tcp,57017724552954,59
1519,tcp,57017766321054,67
1520,tcp,57017807848674,76
1521,tcp,57017849532444,45
1522,tcp,57017891187054,48
1523,tcp,57017932895034,55
1524,tcp,57017974452714,277
1525,tcp,57018016185804,45
1526,tcp,57018057866874,47
1527,tcp,57018099544344,62
1528,tcp,57018141280854,31
1529,tcp,57018182845824,37
1530,tcp,57018224563794,20
1531,tcp,57018266169624,20
1532,tcp,57018307835034,23
1533,tcp,57018349543554,20
1534,tcp,57018391170984,20
1535,tcp,57018432855114,23
1536,tcp,57018474560844,1064
1537,tcp,57018516169554,108
1538,tcp,57018557817324,344
1539,tcp,57018599524854,51
1540,tcp,57018641243004,49
1541,tcp,57018682902204,171
1542,tcp,57018724505154,44
1543,tcp,57018766148964,49
1544,tcp,57018807850734,61
1545,tcp,57018849586794,37
1546,tcp,57018891153744,45
1547,tcp,57018932908614,50
1548,tcp,57018974529204,354
1549,tcp,57019016194164,43
1550,tcp,57019057870194,52
1551,tcp,57019099577094,90
1552,tcp,57019141205334,30
1553,tcp,57019183042194,27
1554,tcp,57019224532014,29
1555,tcp,57019266300924,17
1556,tcp,57019307884884,16
1557,tcp,57019349508444,17
1558,tcp,57019391226234,12
1559,tcp,57019432850244,13
1560,tcp,57019474522134,1226
1561,tcp,57019516193034,85
1562,tcp,57019557896334,477
1563,tcp,57019599562734,35
1564,tcp,57019641184134,32
1565,tcp,57019682913174,48
1566,tcp,57019724548704,27
1567,tcp,57019766186574,26
1568,tcp,57019807853694,31
1569,tcp,57019849538274,19
1570,tcp,57019891201344,22
1571,tcp,57019932824184,21
1572,tcp,57019974583284,301
1573,tcp,57020016211704,23
1574,tcp,57020057882334,24
1575,tcp,57020099469804,58
1576,tcp,57020141198574,18
1577,tcp,57020182870374,21
1578,tcp,57020224523904,18
1579,tcp,57020266192644,12
1580,tcp,57020307864714,13
1581,tcp,57020349507084,13
1582,tcp,57020391149094,12
1583,tcp,57020432878404,13
1584,tcp,57020474504664,1055
1585,tcp,57020516206074,84
1586,tcp,57020557859064,456
1587,tcp,57020599550574,31
1588,tcp,57020641167924,26
1589,tcp,57020682853044,33
1590,tcp,57020724539604,17
1591,tcp,57020766256404,17
1592,tcp,57020807887794,97
1593,tcp,57020849481834,22
1594,tcp,57020891209704,18
1595,tcp,57020932827144,18
1596,tcp,57020974521174,280
1597,tcp,57021016218264,28
1598,tcp,57021057858024,24
1599,tcp,57021099537744,113
1600,tcp,57021141173094,26
1601,tcp,57021182889174,23
1602,tcp,57021224495454,69
1603,tcp,57021266169774,21
1604,tcp,57021307954254,22
1605,tcp,57021349472874,23
1606,tcp,57021391176084,17
1607,tcp,57021432811254,18
1608,tcp,57021474614904,730
1609,tcp,57021657998544,74
1610,tcp,57021658013394,273
1611,tcp,57021658016364,33
1612,tcp,57021658018434,32
1613,tcp,57021699693024,36
1614,tcp,57021741328194,29
1615,tcp,57021766145424,30
1616,tcp,57021807842064,30
1617,tcp,57021849558414,20
1618,tcp,57021891202764,18
1619,tcp,57021932905164,38
1620,tcp,57021974519274,286
1621,tcp,57022016224284,22
1622,tcp,57022057874574,39
1623,tcp,57022099627374,23
1624,tcp,57022141300164,19
1625,tcp,57022182880974,17
1626,tcp,57022224559434,17
1627,tcp,57022266282174,17
1628,tcp,57022307809704,17
1629,tcp,57022349467014,17
1630,tcp,57022391182194,17
1631,tcp,57022432788474,17
1632,tcp,57022474569354,1512
1633,tcp,57022516142334,112
1634,tcp,57022557863454,426
1635,tcp,57022599544614,42
1636,tcp,57022641138474,32
1637,tcp,57022682777244,112
1638,tcp,57022724505294,25
1639,tcp,57022766173584,24
1640,tcp,57022807840254,48
1641,tcp,57022849541124,23
1642,tcp,57022891194744,23
1643,tcp,57022932876174,18
1644,tcp,57022974490644,249
1645,tcp,57023016168024,22
1646,tcp,57023057859354,24
1647,tcp,57023099493444,20
1648,tcp,57023141328774,17
1649,tcp,57023182803654,18
1650,tcp,57023224670214,18
1651,tcp,57023266205574,17
1652,tcp,57023307881784,18
1653,tcp,57023349559884,18
1654,tcp,57023391244824,17
1655,tcp,57023432918784,18
1656,tcp,57023474554404,957
1657,tcp,57023516292714,161
1658,tcp,57023557859034,476
1659,tcp,57023599692564,34
1660,tcp,57023641211904,27
1661,tcp,57023682883074,128
1662,tcp,57023724560724,26
1663,tcp,57023766308574,23
1664,tcp,57023949749544,34
1665,tcp,57023949764664,23
1666,tcp,57023949767274,24
1667,tcp,57023949774114,21
1668,tcp,57023991462654,365
1669,tcp,57024033055704,26
1670,tcp,57024057858264,26
1671,tcp,57024099565344,85
1672,tcp,57024141260724,24
1673,tcp,57024182841354,26
1674,tcp,57024224513424,22
1675,tcp,57024266173524,12
1676,tcp,57024307838484,13
1677,tcp,57024349582194,13
1678,tcp,57024391157964,12
1679,tcp,57024432937224,13
1680,tcp,57024474553764,1468
1681,tcp,57024516202524,265
1682,tcp,57024557878464,504
1683,tcp,57024599621814,46
1684,tcp,57024641242944,47
1685,tcp,57024682835364,289
1686,tcp,57024724502664,41
1687,tcp,57024766236834,37
1688,tcp,57024807822414,35
1689,tcp,57024849511764,22
1690,tcp,57024891195084,22
1691,tcp,57024932868864,22
1692,tcp,57024974508804,410
1693,tcp,57025016176014,28
1694,tcp,57025057819464,26
1695,tcp,57025099654974,55
1696,tcp,57025141154334,22
1697,tcp,57025182860964,25
1698,tcp,57025224555714,21
1699,tcp,57025266192324,12
1700,tcp,57025307895984,13
1701,tcp,57025349546274,13
1702,tcp,57025391373144,12
1703,tcp,57025432828404,13
1704,tcp,57025474525224,606
1705,tcp,57025516177764,76
1706,tcp,57025557848484,266
1707,tcp,57025599570144,30
1708,tcp,57025641148884,21
1709,tcp,57025682838234,18
1710,tcp,57025724733504,15
1711,tcp,57025766237634,15
1712,tcp,57025807838334,16
1713,tcp,57025849597524,15
1714,tcp,57025891214514,15
1715,tcp,57025932912054,16
1716,tcp,57025974589974,331
1717,tcp,57026016223344,23
1718,tcp,57026057831964,22
1719,tcp,57026099518524,26
1720,tcp,57026141191854,12
1721,tcp,57026182832964,13
1722,tcp,57026224532574,39
1723,tcp,57026266274214,19
1724,tcp,57026307884904,18
1725,tcp,57026349534384,17
1726,tcp,57026391171624,12
1727,tcp,57026432824164,13
1728,tcp,57026474546544,1157
1729,tcp,57026516179914,131
1730,tcp,57026557876284,297
1731,tcp,57026599488324,41
1732,tcp,57026641169754,27
1733,tcp,57026824579404,91
1734,tcp,57026824589484,32
1735,tcp,57026824590834,28
1736,tcp,57026824592094,74
1737,tcp,57026866283694,25
1738,tcp,57026907959904,27
1739,tcp,57026932819704,26
1740,tcp,57026974536504,290
1741,tcp,57027016225854,23
1742,tcp,57027057863184,34
1743,tcp,57027099583584,23
1744,tcp,57027141173574,20
1745,tcp,57027182908734,20
1746,tcp,57027224545974,20
1747,tcp,57027266243694,17
1748,tcp,57027307836654,18
1749,tcp,57027349564344,18
1750,tcp,57027449793384,5613
1751,tcp,57027449807424,109
1752,tcp,57027474500274,1018
1753,tcp,57027516257844,499
1754,tcp,57027557924244,146
1755,tcp,57027599559504,70
1756,tcp,57027641130504,71
1757,tcp,57027682854414,69
1758,tcp,57027724551054,42
1759,tcp,57027766203684,43
1760,tcp,57027807826524,35
1761,tcp,57027849509034,29
1762,tcp,57027891155274,25
1763,tcp,57027932847414,24
1764,tcp,57027974562594,256
1765,tcp,57028016163834,31
1766,tcp,57028057881444,30
1767,tcp,57028099499604,28
1768,tcp,57028141214514,32
1769,tcp,57028182896844,25
1770,tcp,57028224560634,26
1771,tcp,57028266188244,24
1772,tcp,57028307852664,24
1773,tcp,57028349508444,24
1774,tcp,57028391222004,24
1775,tcp,57028432834854,24
1776,tcp,57028474537794,1129
1777,tcp,57028516271694,379
1778,tcp,57028557879774,134
1779,tcp,57028599557694,36
1780,tcp,57028641192504,33
1781,tcp,57028682835324,24
1782,tcp,57028724535924,23
1783,tcp,57028766186484,22
1784,tcp,57028807863144,22
1785,tcp,57028849579944,21
1786,tcp,57028891208994,22
1787,tcp,57028932875574,22
1788,tcp,57028974517674,376
1789,tcp,57029016348414,36
1790,tcp,57029057813124,35
1791,tcp,57029099499234,48
1792,tcp,57029141177964,24
1793,tcp,57029182858674,22
1794,tcp,57029224497984,79
1795,tcp,57029266218924,25
1796,tcp,57029307891984,19
1797,tcp,57029349705894,19
1798,tcp,57029391284904,13
1799,tcp,57029432891454,13
1800,tcp,57029474546604,1634
1801,tcp,57029516224704,614
1802,tcp,57029557885074,194
1803,tcp,57029599555344,67
1804,tcp,57029641197084,124
1805,tcp,57029682953214,86
1806,tcp,57029724577494,38
1807,tcp,57029766173424,17
1808,tcp,57029807842794,17
1809,tcp,57029849499204,16
1810,tcp,57029891253714,17
1811,tcp,57029932915254,17
1812,tcp,57029974512174,427
1813,tcp,57030016252284,50
1814,tcp,57030057906534,19
1815,tcp,57030099528744,57
1816,tcp,57030141257694,22
1817,tcp,57030182894304,18
1818,tcp,57030224564754,21
1819,tcp,57030266326464,16
1820,tcp,57030307858134,16
1821,tcp,57030349526964,21
1822,tcp,57030391172754,15
1823,tcp,57030432836184,13
1824,tcp,57030474505014,1273
1825,tcp,57030516214074,637
1826,tcp,57030557844114,43
1827,tcp,57030599470554,38
1828,tcp,57030641169714,89
1829,tcp,57030682874544,34
1830,tcp,57030724582974,23
1831,tcp,57030766158204,26
1832,tcp,57030807846024,21
1833,tcp,57030849556434,17
1834,tcp,57030891156414,17
1835,tcp,57030932865744,17
1836,tcp,57030974521164,382
1837,tcp,57031016173344,31
1838,tcp,57031057830294,30
1839,tcp,57031099509834,164
1840,tcp,57031283016234,35
1841,tcp,57031283027574,22
1842,tcp,57031283029284,66
1843,tcp,57031283030544,25
1844,tcp,57031324640424,23
1845,tcp,57031366371714,24
1846,tcp,57031391150784,13
1847,tcp,57031432799364,13
1848,tcp,57031474514724,639
1849,tcp,57031516276704,281
1850,tcp,57031557863004,61
1851,tcp,57031599549384,25
1852,tcp,57031641240354,26
1853,tcp,57031682893074,25
1854,tcp,57031724545434,18
1855,tcp,57031766253594,18
1856,tcp,57031807937454,16
1857,tcp,57031849618344,12
1858,tcp,57031891247934,13
1859,tcp,57031932821904,13
1860,tcp,57031974484434,186
1861,tcp,57032016174234,32
1862,tcp,57032057810934,23
1863,tcp,57032099551674,17
1864,tcp,57032141182524,16
1865,tcp,57032182860714,16
1866,tcp,57032224590294,15
1867,tcp,57032266216284,16
1868,tcp,57032307818604,16
1869,tcp,57032349453954,15
1870,tcp,57032391139794,16
1871,tcp,57032432874774,16
1872,tcp,57032474630454,1550
1873,tcp,57032516241144,481
1874,tcp,57032557887654,136
1875,tcp,57032741369214,27
1876,tcp,57032741378934,24
1877,tcp,57032741380554,18
1878,tcp,57032741381724,15
1879,tcp,57032783033274,16
1880,tcp,57032824618044,16
1881,tcp,57032849762874,15
1882,tcp,57032891184834,16
1883,tcp,57032932929714,16
1884,tcp,57033116471034,267
1885,tcp,57033116487684,24
1886,tcp,57033116489664,22
1887,tcp,57033116490834,13
1888,tcp,57033330210594,13
1889,tcp,57033330219954,13
1890,tcp,57033330221394,13
1891,tcp,57033330222564,13
1892,tcp,57033330223644,13
1893,tcp,57033424790244,13
1894,tcp,57033424798164,13
1895,tcp,57033432829674,13
1896,tcp,57033525070674,972
1897,tcp,57033533044404,543
1898,tcp,57033633217644,39
1899,tcp,57033633225564,29
1900,tcp,57033641149614,49
1901,tcp,57033682839324,25
1902,tcp,57033724602474,15
1903,tcp,57033766251864,15
1904,tcp,57033807911964,13
1905,tcp,57033849631644,12
1906,tcp,57033891217134,13
1907,tcp,57033932892624,13
1908,tcp,57033974500974,477
1909,tcp,57034016211654,32
1910,tcp,57034057883274,26
1911,tcp,57034241282934,75
1912,tcp,57034241293914,23
1913,tcp,57034241295444,17
1914,tcp,57034241296524,19
1915,tcp,57034324721124,15
1916,tcp,57034324734174,15
1917,tcp,57034349590554,15
1918,tcp,57034424879064,13
1919,tcp,57034432824804,13
1920,tcp,57034525136544,2123
1921,tcp,57034533020634,969
1922,tcp,57034625294304,152
1923,tcp,57034625303754,61
1924,tcp,57034641126564,68
1925,tcp,57034682798634,35
1926,tcp,57034724543334,23
1927,tcp,57034766261664,25
1928,tcp,57034807841124,22
1929,tcp,57034849558014,15
1930,tcp,57034891142694,16
1931,tcp,57034932815304,16
1932,tcp,57034974511044,335
1933,tcp,57035016178254,37
1934,tcp,57035057794164,24
1935,tcp,57035099542104,21
1936,tcp,57035141281674,13
1937,tcp,57035182829814,13
1938,tcp,57035224501164,13
1939,tcp,57035266214364,13
1940,tcp,57035307892194,13
1941,tcp,57035349597114,13
1942,tcp,57035391200154,13
1943,tcp,57035432864574,13
1944,tcp,57035474531424,595
1945,tcp,57035516158044,306
1946,tcp,57035557870344,35
1947,tcp,57035599501014,24
1948,tcp,57035641165524,24
1949,tcp,57035682959454,15
1950,tcp,57035724567084,12
1951,tcp,57035766314844,13
1952,tcp,57035807926704,13
1953,tcp,57035991835584,12
1954,tcp,57035991849534,13
1955,tcp,57035991852684,13
1956,tcp,57035991855654,295
1957,tcp,57036074762664,22
1958,tcp,57036074781474,21
1959,tcp,57036099532374,117
1960,tcp,57036175036524,22
1961,tcp,57036182795514,15
1962,tcp,57036275289684,13
1963,tcp,57036275304624,13
1964,tcp,57036307879314,13
1965,tcp,57036349644264,13
1966,tcp,57036391288884,13
1967,tcp,57036433041054,13
1968,tcp,57036474585774,1216
1969,tcp,57036516297534,439
1970,tcp,57036557907594,98
1971,tcp,57036599581374,30
1972,tcp,57036641239314,28
1973,tcp,57036682905894,26
1974,tcp,57036724497234,17
1975,tcp,57036766230414,15
1976,tcp,57036807807084,15
1977,tcp,57036849558444,15
1978,tcp,57036891204504,15
1979,tcp,57036932886654,15
1980,tcp,57036974571774,294
1981,tcp,57037016241054,43
1982,tcp,57037057858134,26
1983,tcp,57037099590054,19
1984,tcp,57037141313334,15
1985,tcp,57037182865164,15
1986,tcp,57037224559374,15
1987,tcp,57037266267264,15
1988,tcp,57037307856354,15
1989,tcp,57037349530584,15
1990,tcp,57037391257554,15
1991,tcp,57037432843314,15
1992,tcp,57037616389134,840
1993,tcp,57037616398674,425
1994,tcp,57037616400564,52
1995,tcp,57037616402364,42
1996,tcp,57037699782504,126
1997,tcp,57037699792944,43
1998,tcp,57037724426664,20
1999,tcp,57037799954844,15
2000,tcp,57037924859004,7097
2001,tcp,57037924867464,62
2002,tcp,57038025106854,71
2003,tcp,57038025117294,89
2004,tcp,57038025118734,218
2005,tcp,57038025120084,60
2006,tcp,57038057852994,121
2007,tcp,57038099499864,29
2008,tcp,57038141191644,22
2009,tcp,57038182865064,23
2010,tcp,57038224477014,13
2011,tcp,57038408064684,13
2012,tcp,57038408076924,13
2013,tcp,57038408079264,13
2014,tcp,57038408080434,13
2015,tcp,57038449772484,13
2016,tcp,57038491350324,1216
2017,tcp,57038516143074,297
2018,tcp,57038557908294,287
2019,tcp,57038599536714,35
2020,tcp,57038641173324,32
2021,tcp,57038682838464,81
2022,tcp,57038724652734,30
2023,tcp,57038908193244,26
2024,tcp,57038908204584,22
2025,tcp,57038908205934,13
2026,tcp,57038908207104,13
2027,tcp,57038991340374,13
2028,tcp,57038991351714,307
2029,tcp,57039016231494,23
2030,tcp,57039091503534,31
2031,tcp,57039099553404,15
2032,tcp,57039141192084,13
2033,tcp,57039191723484,18
2034,tcp,57039224558184,13
2035,tcp,57039266118294,13
2036,tcp,57039307809174,13
2037,tcp,57039349517244,13
2038,tcp,57039391241064,13
2039,tcp,57039432829794,13
2040,tcp,57039474531474,1279
2041,tcp,57039516209214,248
2042,tcp,57039557851494,395
2043,tcp,57039599507814,39
2044,tcp,57039641168544,21
2045,tcp,57039682913964,48
2046,tcp,57039724582614,19
2047,tcp,57039766349004,17
2048,tcp,57039807911454,16
2049,tcp,57039849497754,13
2050,tcp,57039891176574,13
2051,tcp,57039932876904,13
2052,tcp,57039974534304,160
2053,tcp,57040016138964,19
2054,tcp,57040199907894,15
2055,tcp,57040199919684,13
2056,tcp,57040199921124,13
2057,tcp,57040199922294,13
2058,tcp,57040282986444,13
2059,tcp,57040282996074,13
2060,tcp,57040307803584,13
2061,tcp,57040383146364,13
2062,tcp,57040391116224,13
2063,tcp,57040432799004,13
2064,tcp,57040491359214,1441
2065,tcp,57040533040734,379
2066,tcp,57040591519044,409
2067,tcp,57040599483954,34
2068,tcp,57040641149904,25
2069,tcp,57040682947434,68
2070,tcp,57040724553174,19
2071,tcp,57040766194914,20
2072,tcp,57040807851594,28
2073,tcp,57040849520244,18
2074,tcp,57040891221474,16
2075,tcp,57040932893094,15
2076,tcp,57040974526644,299
2077,tcp,57041016140754,22
2078,tcp,57041057888334,20
2079,tcp,57041099532954,13
2080,tcp,57041141189904,13
2081,tcp,57041182840014,13
2082,tcp,57041224541064,13
2083,tcp,57041266184154,13
2084,tcp,57041307918144,13
2085,tcp,57041349564114,13
2086,tcp,57041391211614,13
2087,tcp,57041432855964,13
2088,tcp,57041474490594,836
2089,tcp,57041516198664,177
2090,tcp,57041557857864,266
2091,tcp,57041599582224,41
2092,tcp,57041641194354,36
2093,tcp,57041682866064,42
2094,tcp,57041724534804,22
2095,tcp,57041766161154,19
2096,tcp,57041807853114,16
2097,tcp,57041849599524,13
2098,tcp,57041891192664,13
2099,tcp,57041932825854,13
2100,tcp,57041974496934,277
2101,tcp,57042016193394,53
2102,tcp,57042057860694,92
2103,tcp,57042099510534,21
2104,tcp,57042141193224,18
2105,tcp,57042182845764,16
2106,tcp,57042224549514,13
2107,tcp,57042266215284,13
2108,tcp,57042307876554,13
2109,tcp,57042349471314,13
2110,tcp,57042391179834,13
2111,tcp,57042432830034,13
2112,tcp,57042474559794,1372
2113,tcp,57042516223854,177
2114,tcp,57042558019854,384
2115,tcp,57042599583384,26
2116,tcp,57042641170404,26
2117,tcp,57042682900434,97
2118,tcp,57042724494654,25
2119,tcp,57042766276344,18
2120,tcp,57042807845904,63
2121,tcp,57042849535164,18
2122,tcp,57042891181944,15
2123,tcp,57042932828814,17
2124,tcp,57042974503944,198
2125,tcp,57043016216154,24
2126,tcp,57043057828554,43
2127,tcp,57043099531944,17
2128,tcp,57043141259814,15
2129,tcp,57043182868344,16
2130,tcp,57043224572814,13
2131,tcp,57043266255054,13
2132,tcp,57043307952504,13
2133,tcp,57043349570844,13
2134,tcp,57043391216724,13
2135,tcp,57043432939104,13
2136,tcp,57043616318604,1160
2137,tcp,57043616331834,284
2138,tcp,57043616333454,433
2139,tcp,57043716520014,31
2140,tcp,57043716528744,26
2141,tcp,57043716530274,64
2142,tcp,57043816886034,25
2143,tcp,57043816896294,22
2144,tcp,57043816897734,20
2145,tcp,57043849574754,13
2146,tcp,57043891257624,13
2147,tcp,57043932941934,13
2148,tcp,57043974504024,311
2149,tcp,57044016228114,23
2150,tcp,57044057846454,24
2151,tcp,57044099481714,15
2152,tcp,57044141224794,13
2153,tcp,57044182819464,13
2154,tcp,57044224514214,13
2155,tcp,57044266210314,13
2156,tcp,57044307876804,13
2157,tcp,57044349544914,13
2158,tcp,57044391151644,13
2159,tcp,57044432836314,13
2160,tcp,57044474523774,2412
2161,tcp,57044516199084,412
2162,tcp,57044557898604,980
2163,tcp,57044599461954,60
2164,tcp,57044641178574,41
2165,tcp,57044682833724,104
2166,tcp,57044724525414,37
2167,tcp,57044766145914,32
2168,tcp,57044807875404,87
2169,tcp,57044849542434,22
2170,tcp,57044891163744,19
2171,tcp,57044932796664,16
2172,tcp,57044974463694,200
2173,tcp,57045016170054,16
2174,tcp,57045057834654,13
2175,tcp,57045099513024,13
2176,tcp,57045141189144,13
2177,tcp,57045324624624,13
2178,tcp,57045324634164,13
2179,tcp,57045324635514,13
2180,tcp,57045324636684,13
2181,tcp,57045408081354,13
2182,tcp,57045408094674,13
2183,tcp,57045432919464,13
2184,tcp,57045508286184,667
2185,tcp,57045516123474,186
2186,tcp,57045557883024,243
2187,tcp,57045608435034,34
2188,tcp,57045641249934,25
2189,tcp,57045682907154,21
2190,tcp,57045724532424,13
2191,tcp,57045766278024,13
2192,tcp,57045807875394,13
2193,tcp,57045849530544,13
2194,tcp,57045891236814,13
2195,tcp,57045932929224,13
2196,tcp,57045974511474,291
2197,tcp,57046016148354,23
2198,tcp,57046057873344,35
2199,tcp,57046099537224,23
2200,tcp,57046141232064,13
2201,tcp,57046182961644,13
2202,tcp,57046224499614,13
2203,tcp,57046266298584,13
2204,tcp,57046307910714,13
2205,tcp,57046349666214,13
2206,tcp,57046533014754,13
2207,tcp,57046533024294,13
2208,tcp,57046533026994,1387
2209,tcp,57046533028884,186
2210,tcp,57046616356734,423
2211,tcp,57046616367624,32
2212,tcp,57046641199344,20
2213,tcp,57046716526194,67
2214,tcp,57046724534304,17
2215,tcp,57046766152464,18
2216,tcp,57046816764684,71
2217,tcp,57046849549614,21
2218,tcp,57046891175694,18
2219,tcp,57046932860094,18
2220,tcp,57046974502554,280
2221,tcp,57047016214134,39
2222,tcp,57047057927784,95
2223,tcp,57047099714514,21
2224,tcp,57047141186964,18
2225,tcp,57047182884684,20
2226,tcp,57047224466124,13
2227,tcp,57047266264464,13
2228,tcp,57047307856614,13
2229,tcp,57047349500244,13
2230,tcp,57047391239004,13
2231,tcp,57047432824404,13
2232,tcp,57047474512944,1086
2233,tcp,57047516221194,249
2234,tcp,57047557843764,431
2235,tcp,57047599556064,37
2236,tcp,57047641271694,28
2237,tcp,57047682896514,116
2238,tcp,57047724524754,27
2239,tcp,57047766231024,20
2240,tcp,57047807868804,15
2241,tcp,57047849556084,13
2242,tcp,57047891178294,13
2243,tcp,57047932858374,13
2244,tcp,57047974576164,253
2245,tcp,57048016185594,21
2246,tcp,57048057825714,47
2247,tcp,57048099577974,18
2248,tcp,57048141207024,15
2249,tcp,57048182873514,17
2250,tcp,57048324804414,7542
2251,tcp,57048324820704,71
2252,tcp,57048324823674,73
2253,tcp,57048349441104,68
2254,tcp,57048391140714,42
2255,tcp,57048432833844,30
2256,tcp,57048474513564,1075
2257,tcp,57048516189324,147
2258,tcp,57048557841234,274
2259,tcp,57048599486034,37
2260,tcp,57048641183574,31
2261,tcp,57048682895244,64
2262,tcp,57048724574334,22
2263,tcp,57048766176204,20
2264,tcp,57048807848274,59
2265,tcp,57048849476604,19
2266,tcp,57048891224814,19
2267,tcp,57048932822364,18
2268,tcp,57048974533674,288
2269,tcp,57049016185764,22
2270,tcp,57049057829394,89
2271,tcp,57049099497774,20
2272,tcp,57049141155264,13
2273,tcp,57049182878094,13
2274,tcp,57049224494994,13
2275,tcp,57049266273084,13
2276,tcp,57049307879274,13
2277,tcp,57049349616144,13
2278,tcp,57049391167794,13
2279,tcp,57049432955064,13
2280,tcp,57049474519854,1225
2281,tcp,57049516191114,287
2282,tcp,57049557897384,333
2283,tcp,57049599546954,37
2284,tcp,57049641190944,24
2285,tcp,57049682853834,69
2286,tcp,57049724549664,21
2287,tcp,57049766345484,21
2288,tcp,57049807947174,18
2289,tcp,57049849551114,13
2290,tcp,57049891178274,13
2291,tcp,57049932814344,13
2292,tcp,57049974512694,198
2293,tcp,57050016210684,19
2294,tcp,57050057855124,22
2295,tcp,57050099559774,13
2296,tcp,57050141165424,13
2297,tcp,57050182898154,13
2298,tcp,57050224566444,13
2299,tcp,57050266278744,13
2300,tcp,57050307858204,13
2301,tcp,57050349563394,13
2302,tcp,57050391232854,13
2303,tcp,57050432839044,13
2304,tcp,57050474588154,1501
2305,tcp,57050516224044,367
2306,tcp,57050557922304,406
2307,tcp,57050599566744,41
2308,tcp,57050641192014,28
2309,tcp,57050682895944,81
2310,tcp,57050724554964,23
2311,tcp,57050766395784,22
2312,tcp,57050807916294,27
2313,tcp,57050849577564,15
2314,tcp,57050891286714,16
2315,tcp,57050932803084,16
2316,tcp,57050974577394,288
2317,tcp,57051016278174,22
2318,tcp,57051057996234,39
2319,tcp,57051099586314,18
2320,tcp,57051141252624,13
2321,tcp,57051182813004,13
2322,tcp,57051224485164,13
2323,tcp,57051266177484,13
2324,tcp,57051307841454,13
2325,tcp,57051349548174,13
2326,tcp,57051391161564,13
2327,tcp,57051432808074,13
2328,tcp,57051474533154,826
2329,tcp,57051516230514,176
2330,tcp,57051557930214,285
2331,tcp,57051599554584,39
2332,tcp,57051641330874,25
2333,tcp,57051682946154,36
2334,tcp,57051724570794,27
2335,tcp,57051766224864,23
2336,tcp,57051807864804,45
2337,tcp,57051849540114,25
2338,tcp,57051891215424,22
2339,tcp,57051932857974,25
2340,tcp,57051974485764,276
2341,tcp,57052016223534,33
2342,tcp,57052057903704,92
2343,tcp,57052099576224,21
2344,tcp,57052283020164,20
2345,tcp,57052283031594,18
2346,tcp,57052283035824,13
2347,tcp,57052283037084,13
2348,tcp,57052324734354,13
2349,tcp,57052366458354,13
2350,tcp,57052391183694,13
2351,tcp,57052432899144,13
2352,tcp,57052474504704,1707
2353,tcp,57052516198464,310
2354,tcp,57052557830574,473
2355,tcp,57052599484104,37
2356,tcp,57052641146994,28
2357,tcp,57052682907984,71
2358,tcp,57052724529204,20
2359,tcp,57052766162574,17
2360,tcp,57052807806564,13
2361,tcp,57052849525614,13
2362,tcp,57052891167894,13
2363,tcp,57052932817194,13
2364,tcp,57052974486384,248
2365,tcp,57053016162504,20
2366,tcp,57053057814594,44
2367,tcp,57053099473434,19
2368,tcp,57053141213274,15
2369,tcp,57053182868064,13
2370,tcp,57053224510254,13
2371,tcp,57053266158384,13
2372,tcp,57053307834684,13
2373,tcp,57053349532854,13
2374,tcp,57053391161004,13
2375,tcp,57053432800224,13
2376,tcp,57053474526384,960
2377,tcp,57053516202684,303
2378,tcp,57053557865484,308
2379,tcp,57053599509474,25
2380,tcp,57053641189284,21
2381,tcp,57053682875394,110
2382,tcp,57053724559164,20
2383,tcp,57053766241314,19
2384,tcp,57053807900244,17
2385,tcp,57053849505624,13
2386,tcp,57053891200734,13
2387,tcp,57053932906374,13
2388,tcp,57053974509414,189
2389,tcp,57054016270314,21
2390,tcp,57054057913764,29
2391,tcp,57054099611214,15
2392,tcp,57054141263394,13
2393,tcp,57054182955264,18
2394,tcp,57054224552634,13
2395,tcp,57054266214624,13
2396,tcp,57054307881834,13
2397,tcp,57054349545264,13
2398,tcp,57054391244604,13
2399,tcp,57054432893274,13
2400,tcp,57054474594594,2462
2401,tcp,57054516249654,532
2402,tcp,57054557898504,760
2403,tcp,57054599520444,48
2404,tcp,57054641204304,27
2405,tcp,57054682886454,116
2406,tcp,57054724516224,25
2407,tcp,57054907954134,26
2408,tcp,57054908046114,31
2409,tcp,57054908051424,17
2410,tcp,57054908052774,19
2411,tcp,57054949729704,24
2412,tcp,57054991335174,182
2413,tcp,57055016220174,18
2414,tcp,57055057951104,18
2415,tcp,57055099609494,13
2416,tcp,57055141241964,13
2417,tcp,57055182991074,13
2418,tcp,57055224548754,13
2419,tcp,57055266172944,13
2420,tcp,57055307866164,13
2421,tcp,57055349579004,13
2422,tcp,57055391159274,13
2423,tcp,57055432805334,13
2424,tcp,57055474511964,626
2425,tcp,57055516182324,181
2426,tcp,57055557874644,131
2427,tcp,57055599580644,39
2428,tcp,57055641166134,35
2429,tcp,57055682824794,139
2430,tcp,57055724482284,32
2431,tcp,57055766186754,30
2432,tcp,57055807911114,58
2433,tcp,57055849470864,33
2434,tcp,57055891161204,40
2435,tcp,57055932941904,42
2436,tcp,57055974490764,307
2437,tcp,57056016186144,28
2438,tcp,57056057859924,39
2439,tcp,57056099537394,20
2440,tcp,57056283047844,13
2441,tcp,57056283058014,13
2442,tcp,57056283059454,13
2443,tcp,57056283060624,13
2444,tcp,57056324643774,13
2445,tcp,57056366320524,13
2446,tcp,57056391172944,13
2447,tcp,57056432829444,13
2448,tcp,57056474530404,1380
2449,tcp,57056516225154,136
2450,tcp,57056557848714,372
2451,tcp,57056599523484,36
2452,tcp,57056641226604,27
2453,tcp,57056682884904,105
2454,tcp,57056724569484,23
2455,tcp,57056766264954,27
2456,tcp,57056807942424,22
2457,tcp,57056849563374,13
2458,tcp,57056891197824,13
2459,tcp,57056932886724,13
2460,tcp,57056974554204,281
2461,tcp,57057016189104,40
2462,tcp,57057057904644,83
2463,tcp,57057099539904,22
2464,tcp,57057141168864,21
2465,tcp,57057182812224,13
2466,tcp,57057224504904,13
2467,tcp,57057266165094,13
2468,tcp,57057307842474,13
2469,tcp,57057349554954,13
2470,tcp,57057391205334,13
2471,tcp,57057432896304,13
2472,tcp,57057474520944,1074
2473,tcp,57057516171234,263
2474,tcp,57057557850684,468
2475,tcp,57057599476854,41
2476,tcp,57057641196444,30
2477,tcp,57057682837554,109
2478,tcp,57057724593954,27
2479,tcp,57057766331904,21
2480,tcp,57057807856824,24
2481,tcp,57057849529074,20
2482,tcp,57057891177474,16
2483,tcp,57057932941344,15
2484,tcp,57057974581914,251
2485,tcp,57058016220594,21
2486,tcp,57058057952874,43
2487,tcp,57058099578684,15
2488,tcp,57058141238064,13
2489,tcp,57058182915444,13
2490,tcp,57058224514884,13
2491,tcp,57058266170034,13
2492,tcp,57058307871894,13
2493,tcp,57058349582484,13
2494,tcp,57058391193804,13
2495,tcp,57058432809534,13
2496,tcp,57058474510224,1244
2497,tcp,57058516192374,184
2498,tcp,57058557910164,369
2499,tcp,57058599556224,37
2500,tcp,57058699831974,6470
2501,tcp,57058699846734,93
2502,tcp,57058741406934,42
2503,tcp,57058766124534,45
2504,tcp,57058807847364,13
2505,tcp,57058849620144,13
2506,tcp,57058891243524,13
2507,tcp,57058932885804,13
2508,tcp,57058974520974,271
2509,tcp,57059016180084,91
2510,tcp,57059057996874,20
2511,tcp,57059099534394,13
2512,tcp,57059141253894,13
2513,tcp,57059183012814,13
2514,tcp,57059224632954,13
2515,tcp,57059266203864,13
2516,tcp,57059307913644,13
2517,tcp,57059349636834,13
2518,tcp,57059391305574,13
2519,tcp,57059432919954,13
2520,tcp,57059474583294,1635
2521,tcp,57059516184174,627
2522,tcp,57059557903764,75
2523,tcp,57059599491324,42
2524,tcp,57059641171584,36
2525,tcp,57059682911424,13
2526,tcp,57059724545064,13
2527,tcp,57059766216774,13
2528,tcp,57059807913414,13
2529,tcp,57059849451564,13
2530,tcp,57059891171784,13
2531,tcp,57059932928004,13
2532,tcp,57059974576134,81
2533,tcp,57060016192404,13
2534,tcp,57060057814434,13
2535,tcp,57060099506214,13
2536,tcp,57060141214374,13
2537,tcp,57060183118014,13
2538,tcp,57060224597034,13
2539,tcp,57060266152374,13
2540,tcp,57060307891224,13
2541,tcp,57060349449624,13
2542,tcp,57060391162284,13
2543,tcp,57060432862254,13
2544,tcp,57060474577794,1412
2545,tcp,57060516257424,647
2546,tcp,57060558007524,52
2547,tcp,57060599547654,33
2548,tcp,57060641204514,26
2549,tcp,57060682825284,101
2550,tcp,57060724666554,25
2551,tcp,57060766151244,23
2552,tcp,57060807839154,13
2553,tcp,57060849501414,13
2554,tcp,57060891224424,13
2555,tcp,57060932860134,13
2556,tcp,57060974499894,302
2557,tcp,57061016166114,34
2558,tcp,57061057811184,23
2559,tcp,57061099479384,13
2560,tcp,57061141181064,13
2561,tcp,57061182863304,13
2562,tcp,57061224560574,13
2563,tcp,57061266177384,13
2564,tcp,57061307857374,13
2565,tcp,57061349519634,13
2566,tcp,57061391164254,13
2567,tcp,57061432856484,13
2568,tcp,57061474537554,809
2569,tcp,57061516228254,349
2570,tcp,57061557850644,64
2571,tcp,57061599495354,29
2572,tcp,57061641207924,41
2573,tcp,57061682834454,27
2574,tcp,57061724560254,17
2575,tcp,57061766161674,15
2576,tcp,57061807871634,13
2577,tcp,57061849550454,13
2578,tcp,57061891168974,13
2579,tcp,57061932883524,13
2580,tcp,57061974508974,273
2581,tcp,57062016273114,64
2582,tcp,57062057891094,23
2583,tcp,57062099545524,13
2584,tcp,57062141267364,13
2585,tcp,57062182820184,13
2586,tcp,57062224525824,13
2587,tcp,57062266363674,13
2588,tcp,57062308149594,13
2589,tcp,57062349541944,13
2590,tcp,57062391275574,13
2591,tcp,57062432902824,13
2592,tcp,57062474537184,1693
2593,tcp,57062516180184,595
2594,tcp,57062557891944,107
2595,tcp,57062599484544,33
2596,tcp,57062641209714,29
2597,tcp,57062682854154,13
2598,tcp,57062724569784,13
2599,tcp,57062766234114,13
2600,tcp,57062807843274,13
2601,tcp,57062849536494,13
2602,tcp,57062891168874,13
2603,tcp,57062932820154,13
2604,tcp,57062974514184,216
2605,tcp,57063016221894,41
2606,tcp,57063057907104,21
2607,tcp,57063099525444,13
2608,tcp,57063141197784,13
2609,tcp,57063182838444,13
2610,tcp,57063224524374,13
2611,tcp,57063266245044,13
2612,tcp,57063307881924,13
2613,tcp,57063349504404,13
2614,tcp,57063391172694,13
2615,tcp,57063432835674,13
2616,tcp,57063474537624,1121
2617,tcp,57063516191424,664
2618,tcp,57063557816334,75
2619,tcp,57063599554374,26
2620,tcp,57063641187474,25
2621,tcp,57063682856844,13
2622,tcp,57063724529814,13
2623,tcp,57063766215474,13
2624,tcp,57063807972144,13
2625,tcp,57063849555834,13
2626,tcp,57063891214764,13
2627,tcp,57063932922564,13
2628,tcp,57063974514804,307
2629,tcp,57064016189124,34
2630,tcp,57064057925454,25
2631,tcp,57064099551354,20
2632,tcp,57064141252854,13
2633,tcp,57064182915114,13
2634,tcp,57064224536064,13
2635,tcp,57064266270504,13
2636,tcp,57064307860044,13
2637,tcp,57064349567124,13
2638,tcp,57064391323794,13
2639,tcp,57064432908744,13
2640,tcp,57064474586034,1800
2641,tcp,57064516293294,948
2642,tcp,57064557906684,100
2643,tcp,57064599595764,41
2644,tcp,57064641169464,26
2645,tcp,57064682957454,13
2646,tcp,57064724611884,13
2647,tcp,57064766235534,13
2648,tcp,57064807824174,13
2649,tcp,57064849524504,13
2650,tcp,57064891200804,13
2651,tcp,57064932857124,13
2652,tcp,57064974524244,201
2653,tcp,57065016227544,26
2654,tcp,57065057817084,15
2655,tcp,57065099507244,13
2656,tcp,57065141226924,13
2657,tcp,57065182895484,13
2658,tcp,57065224617504,13
2659,tcp,57065266348074,13
2660,tcp,57065307923394,13
2661,tcp,57065349672324,13
2662,tcp,57065391204714,13
2663,tcp,57065432859954,13
2664,tcp,57065474567754,500
2665,tcp,57065516183934,288
2666,tcp,57065557836834,46
2667,tcp,57065599530054,36
2668,tcp,57065641180524,33
2669,tcp,57065682845664,32
2670,tcp,57065724525654,19
2671,tcp,57065766182964,18
2672,tcp,57065807844324,13
2673,tcp,57065849597484,13
2674,tcp,57065891210154,13
2675,tcp,57065932872594,13
2676,tcp,57065974526394,308
2677,tcp,57066016165344,28
2678,tcp,57066199684344,27
2679,tcp,57066199698294,18
2680,tcp,57066199705494,13
2681,tcp,57066199707744,13
2682,tcp,57066241336434,13
2683,tcp,57066282951624,13
2684,tcp,57066307902144,13
2685,tcp,57066349585914,13
2686,tcp,57066391247094,13
2687,tcp,57066432840594,13
2688,tcp,57066474569814,1405
2689,tcp,57066516229464,516
2690,tcp,57066557891994,81
2691,tcp,57066599601144,30
2692,tcp,57066641211564,33
2693,tcp,57066682851774,88
2694,tcp,57066724516284,19
2695,tcp,57066766282764,19
2696,tcp,57066807903264,13
2697,tcp,57066849580914,13
2698,tcp,57066891222654,13
2699,tcp,57066932889234,13
2700,tcp,57066974491824,291
2701,tcp,57067016176944,115
2702,tcp,57067199629434,25
2703,tcp,57067199639874,13
2704,tcp,57067199641314,13
2705,tcp,57067199642484,13
2706,tcp,57067241341914,13
2707,tcp,57067283183184,13
2708,tcp,57067307803494,13
2709,tcp,57067349524344,13
2710,tcp,57067391241414,13
2711,tcp,57067432901064,13
2712,tcp,57067474526154,1082
2713,tcp,57067516173114,590
2714,tcp,57067557827904,99
2715,tcp,57067599546054,34
2716,tcp,57067641139104,37
2717,tcp,57067682936004,13
2718,tcp,57067724683944,13
2719,tcp,57067766255214,13
2720,tcp,57067807881564,13
2721,tcp,57067849500804,13
2722,tcp,57067891154154,13
2723,tcp,57067932891204,13
2724,tcp,57067974528264,244
2725,tcp,57068016336684,45
2726,tcp,57068057932614,20
2727,tcp,57068099501364,13
2728,tcp,57068141335074,13
2729,tcp,57068182819314,13
2730,tcp,57068224499574,13
2731,tcp,57068266310154,13
2732,tcp,57068307925974,13
2733,tcp,57068349647004,13
2734,tcp,57068391247974,13
2735,tcp,57068432880894,13
2736,tcp,57068474545944,1205
2737,tcp,57068516215584,454
2738,tcp,57068557906824,41
2739,tcp,57068599690854,22
2740,tcp,57068641210554,71
2741,tcp,57068682852654,19
2742,tcp,57068724537864,13
2743,tcp,57068766238194,13
2744,tcp,57068807919894,13
2745,tcp,57068849476764,13
2746,tcp,57068891154864,13
2747,tcp,57068932885434,13
2748,tcp,57068974540134,308
2749,tcp,57069016238844,48
2750,tcp,57069258234714,6979
2751,tcp,57069258244074,71
2752,tcp,57069258246234,39
2753,tcp,57069258247404,52
2754,tcp,57069258248574,29
2755,tcp,57069283021974,13
2756,tcp,57069325710054,20
2757,tcp,57069358355214,13
2758,tcp,57069391235094,13
2759,tcp,57069432844344,24
2760,tcp,57069474508584,1272
2761,tcp,57069516150864,221
2762,tcp,57069557848404,536
2763,tcp,57069599567094,26
2764,tcp,57069641148804,30
2765,tcp,57069682866684,69
2766,tcp,57069724531284,16
2767,tcp,57069766158174,13
2768,tcp,57069807833124,13
2769,tcp,57069849533274,13
2770,tcp,57069891158814,13
2771,tcp,57069932805864,13
2772,tcp,57070116297414,219
2773,tcp,57070116307584,17
2774,tcp,57070116309204,64
2775,tcp,57070116310284,17
2776,tcp,57070199619684,13
2777,tcp,57070199630034,21
2778,tcp,57070224443394,13
2779,tcp,57070299777084,13
2780,tcp,57070307819574,13
2781,tcp,57070349525754,13
2782,tcp,57070400054724,13
2783,tcp,57070432906344,13
2784,tcp,57070500199794,1731
2785,tcp,57070533167874,231
2786,tcp,57070600446924,520
2787,tcp,57070600458534,34
2788,tcp,57070641176424,22
2789,tcp,57070682823384,148
2790,tcp,57070724463144,22
2791,tcp,57070766154564,20
2792,tcp,57070807861194,19
2793,tcp,57070849562604,13
2794,tcp,57070891469394,13
2795,tcp,57070932852834,13
2796,tcp,57070974536154,230
2797,tcp,57071016190044,23
2798,tcp,57071057890374,97
2799,tcp,57071099553804,23
2800,tcp,57071141248554,13
2801,tcp,57071182892904,13
2802,tcp,57071224488204,13
2803,tcp,57071266166664,13
2804,tcp,57071307892014,13
2805,tcp,57071349535194,13
2806,tcp,57071391191874,13
2807,tcp,57071432915334,13
2808,tcp,57071474551134,959
2809,tcp,57071516236254,229
2810,tcp,57071557850094,186
2811,tcp,57071925992034,40
2812,tcp,57071926002924,41
2813,tcp,57071926004364,41
2814,tcp,57071926005984,26
2815,tcp,57071926009584,20
2816,tcp,57071926010844,80
2817,tcp,57072126278034,26
2818,tcp,57072126287304,23
2819,tcp,57072126288564,21
2820,tcp,57072126290364,306
2821,tcp,57072126292164,59
2822,tcp,57072226474044,107
2823,tcp,57072226485024,22
2824,tcp,57072226486464,21
2825,tcp,57072226487724,22
2826,tcp,57072226488804,13
2827,tcp,57072266172864,13
2828,tcp,57072366347094,13
2829,tcp,57072366357174,13
2830,tcp,57072391204464,13
2831,tcp,57072466471644,13
2832,tcp,57072491454294,1927
2833,tcp,57072566598714,321
2834,tcp,57072566608614,428
2835,tcp,57072599526564,36
2836,tcp,57072641267754,30
2837,tcp,57072682762974,139
2838,tcp,57072724474374,24
2839,tcp,57072766225104,23
2840,tcp,57072807869994,24
2841,tcp,57072849565914,13
2842,tcp,57072891202524,13
2843,tcp,57072932834904,30
2844,tcp,57072974513994,258
2845,tcp,57073016297754,56
2846,tcp,57073057878024,75
2847,tcp,57073099510944,23
2848,tcp,57073141185984,20
2849,tcp,57073183045614,15
2850,tcp,57073224488724,13
2851,tcp,57073266132174,13
2852,tcp,57073307889564,13
2853,tcp,57073349479914,13
2854,tcp,57073391230554,13
2855,tcp,57073432894254,13
2856,tcp,57073474515384,1328
2857,tcp,57073516225434,409
2858,tcp,57073557884634,353
2859,tcp,57073599541494,31
2860,tcp,57073641301764,23
2861,tcp,57073682924964,96
2862,tcp,57073724675874,19
2863,tcp,57073766339484,17
2864,tcp,57073807907244,73
2865,tcp,57073849548894,16
2866,tcp,57073891170744,16
2867,tcp,57073932901764,13
2868,tcp,57073974483834,285
2869,tcp,57074016196134,29
2870,tcp,57074057824194,114
2871,tcp,57074099486544,21
2872,tcp,57074141222784,13
2873,tcp,57074182805394,18
2874,tcp,57074224474674,13
2875,tcp,57074266159074,13
2876,tcp,57074307837804,13
2877,tcp,57074349650274,13
2878,tcp,57074391222624,13
2879,tcp,57074432849334,13
2880,tcp,57074491463904,3714
2881,tcp,57074516211654,712
2882,tcp,57074557883724,1056
2883,tcp,57074599586754,47
2884,tcp,57074641189254,29
2885,tcp,57074682878964,290
2886,tcp,57074724465174,41
2887,tcp,57074766181794,32
2888,tcp,57074807830914,23
2889,tcp,57074849520804,21
2890,tcp,57074891206104,21
2891,tcp,57074932898874,19
2892,tcp,57075116307894,222
2893,tcp,57075116317974,39
2894,tcp,57075116319864,77
2895,tcp,57075116320944,22
2896,tcp,57075157978794,16
2897,tcp,57075199710984,13
2898,tcp,57075366402864,13
2899,tcp,57075366421224,13
2900,tcp,57075366423834,13
2901,tcp,57075366425994,13
2902,tcp,57075449648364,13
2903,tcp,57075449659434,13
2904,tcp,57075474483144,714
2905,tcp,57075549899634,137
2906,tcp,57075557830074,186
2907,tcp,57075599515824,45
2908,tcp,57075650058384,42
2909,tcp,57075682910724,156
2910,tcp,57075724544454,48
2911,tcp,57075766328214,55
2912,tcp,57075807978864,60
2913,tcp,57075849579474,43
2914,tcp,57075891172164,48
2915,tcp,57075932930184,55
2916,tcp,57075974585424,327
2917,tcp,57076016193594,47
2918,tcp,57076057887354,151
2919,tcp,57076099576434,39
2920,tcp,57076141242114,39
2921,tcp,57076182875484,42
2922,tcp,57076224521274,35
2923,tcp,57076266162654,35
2924,tcp,57076307855244,39
2925,tcp,57076349486544,31
2926,tcp,57076391240334,31
2927,tcp,57076432860924,38
2928,tcp,57076474521114,1320
2929,tcp,57076516162134,213
2930,tcp,57076557883704,324
2931,tcp,57076599491964,29
2932,tcp,57076641167364,23
2933,tcp,57076682857884,132
2934,tcp,57076724521674,25
2935,tcp,57076766202024,28
2936,tcp,57076807919544,20
2937,tcp,57076849524744,13
2938,tcp,57076891142724,13
2939,tcp,57076932938364,13
2940,tcp,57076974491724,312
2941,tcp,57077016142914,45
2942,tcp,57077057870334,82
2943,tcp,57077099501634,21
2944,tcp,57077141180994,19
2945,tcp,57077324691444,13
2946,tcp,57077324705124,13
2947,tcp,57077324706654,13
2948,tcp,57077324707824,13
2949,tcp,57077408096424,13
2950,tcp,57077408107224,13
2951,tcp,57077432884224,13
2952,tcp,57077508248694,1205
2953,tcp,57077516234754,358
2954,tcp,57077557869564,345
2955,tcp,57077608408344,42
2956,tcp,57077641229094,28
2957,tcp,57077682842394,224
2958,tcp,57077724574134,31
2959,tcp,57077766133164,25
2960,tcp,57077807825574,18
2961,tcp,57077849675934,13
2962,tcp,57077891251974,13
2963,tcp,57077932955994,13
2964,tcp,57077974513584,249
2965,tcp,57078016152894,50
2966,tcp,57078057832614,76
2967,tcp,57078099508644,20
2968,tcp,57078141244164,18
2969,tcp,57078182810034,18
2970,tcp,57078224557254,13
2971,tcp,57078266164974,13
2972,tcp,57078307829394,13
2973,tcp,57078349485804,13
2974,tcp,57078391220604,13
2975,tcp,57078432861624,13
2976,tcp,57078474524154,1382
2977,tcp,57078516211884,213
2978,tcp,57078557847324,279
2979,tcp,57078599559894,36
2980,tcp,57078641267694,33
2981,tcp,57078682819074,63
2982,tcp,57078724565124,19
2983,tcp,57078766234674,16
2984,tcp,57078807926364,13
2985,tcp,57078849536964,13
2986,tcp,57078891187974,13
2987,tcp,57078932797494,13
2988,tcp,57078974519514,309
2989,tcp,57079016330274,30
2990,tcp,57079057986774,111
2991,tcp,57079099528344,17
2992,tcp,57079141224624,13
2993,tcp,57079182892734,19
2994,tcp,57079224514404,13
2995,tcp,57079266275394,13
2996,tcp,57079307903634,13
2997,tcp,57079349636094,13
2998,tcp,57079391220504,13
2999,tcp,57079432863774,13
3000,tcp,57079574809434,8309
3001,tcp,57079574824374,79
3002,tcp,57079574827254,34
3003,tcp,57079599487974,33
3004,tcp,57079641177054,20
3005,tcp,57079682838774,13
3006,tcp,57079724559984,13
3007,tcp,57079766165454,13
3008,tcp,57079807894764,13
3009,tcp,57079849569714,13
3010,tcp,57079891206234,13
3011,tcp,57079932912954,13
3012,tcp,57079974523104,213
3013,tcp,57080016193644,21
3014,tcp,57080057840604,59
3015,tcp,57080099479914,16
3016,tcp,57080141207064,13
3017,tcp,57080182807584,13
3018,tcp,57080366340444,13
3019,tcp,57080366351424,13
3020,tcp,57080366352774,13
3021,tcp,57080366353944,13
3022,tcp,57080407977594,13
3023,tcp,57080449708524,13
3024,tcp,57080508182784,1733
3025,tcp,57080549876004,298
3026,tcp,57080557766934,488
3027,tcp,57080608341354,33
3028,tcp,57080641141944,26
3029,tcp,57080683007064,121
3030,tcp,57080724542514,24
3031,tcp,57080766220524,23
3032,tcp,57080808049104,13
3033,tcp,57080849532084,13
3034,tcp,57080891191284,13
3035,tcp,57080932875864,13
3036,tcp,57080974499694,267
3037,tcp,57081016179954,46
3038,tcp,57081057860304,111
3039,tcp,57081099499794,18
3040,tcp,57081141190764,13
3041,tcp,57081182900544,13
3042,tcp,57081224582964,13
3043,tcp,57081266231094,13
3044,tcp,57081307891464,13
3045,tcp,57081349547244,13
3046,tcp,57081391186644,13
3047,tcp,57081432885084,13
3048,tcp,57081474634464,974
3049,tcp,57081516179544,186
3050,tcp,57081557877444,289
3051,tcp,57081599500014,51
3052,tcp,57081641252994,43
3053,tcp,57081682879614,62
3054,tcp,57081724574994,30
3055,tcp,57081766160664,22
3056,tcp,57081807836334,59
3057,tcp,57081849552234,25
3058,tcp,57081891168144,22
3059,tcp,57081932844264,17
3060,tcp,57081974487984,200
3061,tcp,57082157982774,73
3062,tcp,57082157995104,72
3063,tcp,57082157997444,18
3064,tcp,57082157999154,16
3065,tcp,57082199643144,13
3066,tcp,57082241371374,13
3067,tcp,57082266214074,13
3068,tcp,57082307825034,13
3069,tcp,57082349536524,13
3070,tcp,57082532978574,13
3071,tcp,57082532988294,13
3072,tcp,57082532990544,1925
3073,tcp,57082574638134,287
3074,tcp,57082574648484,422
3075,tcp,57082633110504,35
3076,tcp,57082674901644,27
3077,tcp,57082682817864,161
3078,tcp,57082733634924,24
3079,tcp,57082775137524,20
3080,tcp,57082808041434,13
3081,tcp,57082849552044,13
3082,tcp,57082891238154,13
3083,tcp,57082932854424,13
3084,tcp,57082974504174,252
3085,tcp,57083016207924,67
3086,tcp,57083057931114,77
3087,tcp,57083099653854,20
3088,tcp,57083141261034,15
3089,tcp,57083182987014,21
3090,tcp,57083224621914,15
3091,tcp,57083266260324,13
3092,tcp,57083307870294,13
3093,tcp,57083349484044,13
3094,tcp,57083391171414,13
3095,tcp,57083432837364,13
3096,tcp,57083474527074,1363
3097,tcp,57083516212194,279
3098,tcp,57083557825314,401
3099,tcp,57083599511964,30
3100,tcp,57083641209594,23
3101,tcp,57083682878334,43
3102,tcp,57083724530964,15
3103,tcp,57083766168384,15
3104,tcp,57083807838204,13
3105,tcp,57083849545644,13
3106,tcp,57083891173614,13
3107,tcp,57083932867914,13
3108,tcp,57083974548084,284
3109,tcp,57084016205844,81
3110,tcp,57084057913914,104
3111,tcp,57084099583104,23
3112,tcp,57084141192804,13
3113,tcp,57084182938044,13
3114,tcp,57084224567364,13
3115,tcp,57084266176434,13
3116,tcp,57084307849314,13
3117,tcp,57084349551804,13
3118,tcp,57084391278504,13
3119,tcp,57084432881004,13
3120,tcp,57084474527874,2127
3121,tcp,57084516180864,505
3122,tcp,57084557837364,647
3123,tcp,57084599498274,40
3124,tcp,57084641147214,25
3125,tcp,57084682842324,117
3126,tcp,57084724531944,26
3127,tcp,57084766189254,17
3128,tcp,57084807899124,78
3129,tcp,57084849497304,17
3130,tcp,57084891181794,17
3131,tcp,57084932825064,13
3132,tcp,57084974480574,204
3133,tcp,57085016207364,28
3134,tcp,57085057862244,71
3135,tcp,57085099531074,15
3136,tcp,57085141197564,13
3137,tcp,57085182872154,22
3138,tcp,57085224490494,13
3139,tcp,57085266220614,13
3140,tcp,57085307836434,13
3141,tcp,57085491353454,13
3142,tcp,57085491363534,13
3143,tcp,57085491364884,13
3144,tcp,57085491367044,750
3145,tcp,57085533025704,68
3146,tcp,57085574614074,278
3147,tcp,57085599476124,24
3148,tcp,57085641189234,22
3149,tcp,57085682891274,16
3150,tcp,57085724598714,13
3151,tcp,57085766241534,13
3152,tcp,57085949664864,13
3153,tcp,57085949674224,13
3154,tcp,57085949675844,13
3155,tcp,57085949679174,13
3156,tcp,57086032990194,300
3157,tcp,57086033000454,37
3158,tcp,57086057856744,126
3159,tcp,57086133173244,19
3160,tcp,57086141158674,13
3161,tcp,57086182845504,13
3162,tcp,57086233395174,13
3163,tcp,57086408054574,13
3164,tcp,57086408065644,13
3165,tcp,57086408066994,13
3166,tcp,57086449612344,13
3167,tcp,57086449621884,13
3168,tcp,57086549842824,1486
3169,tcp,57086549853444,221
3170,tcp,57086557768404,359
3171,tcp,57086650142244,32
3172,tcp,57086650151964,26
3173,tcp,57086682891354,81
3174,tcp,57086724520134,18
3175,tcp,57086766178074,13
3176,tcp,57086807834844,47
3177,tcp,57086849509704,13
3178,tcp,57086891181594,13
3179,tcp,57086932816944,13
3180,tcp,57086974518174,313
3181,tcp,57087016242354,74
3182,tcp,57087057874914,107
3183,tcp,57087099507924,22
3184,tcp,57087141207714,18
3185,tcp,57087182937924,15
3186,tcp,57087224569854,13
3187,tcp,57087266217264,13
3188,tcp,57087307844154,13
3189,tcp,57087349521624,13
3190,tcp,57087391189104,13
3191,tcp,57087432902214,13
3192,tcp,57087474506964,1004
3193,tcp,57087516207924,307
3194,tcp,57087557951094,279
3195,tcp,57087599511114,39
3196,tcp,57087641160954,33
3197,tcp,57087682877754,178
3198,tcp,57087724511484,34
3199,tcp,57087766186434,31
3200,tcp,57087807861024,32
3201,tcp,57087849546864,24
3202,tcp,57087891163584,17
3203,tcp,57087932873634,22
3204,tcp,57087974547684,221
3205,tcp,57088016278074,35
3206,tcp,57088057902534,74
3207,tcp,57088099561284,20
3208,tcp,57088141193484,15
3209,tcp,57088182850794,13
3210,tcp,57088224546534,13
3211,tcp,57088266167304,13
3212,tcp,57088307851794,13
3213,tcp,57088349484534,13
3214,tcp,57088391197644,13
3215,tcp,57088432828404,13
3216,tcp,57088474559874,1310
3217,tcp,57088657941444,238
3218,tcp,57088657952694,309
3219,tcp,57088657954764,26
3220,tcp,57088657959084,20
3221,tcp,57088741438224,70
3222,tcp,57088741455234,19
3223,tcp,57088766247534,15
3224,tcp,57088841656914,18
3225,tcp,57088849528044,13
3226,tcp,57088891154934,13
3227,tcp,57088941847074,13
3228,tcp,57089116380564,305
3229,tcp,57089116391184,39
3230,tcp,57089116392984,109
3231,tcp,57089116394244,22
3232,tcp,57089199693744,13
3233,tcp,57089199707964,19
3234,tcp,57089224542924,17
3235,tcp,57089299917834,13
3236,tcp,57089308059504,13
3237,tcp,57089349518004,13
3238,tcp,57089400176304,13
3239,tcp,57089432831274,13
3240,tcp,57089500343514,2038
3241,tcp,57089516143374,247
3242,tcp,57089557844424,571
3243,tcp,57089600570574,41
3244,tcp,57089641219164,21
3245,tcp,57089682860904,120
3246,tcp,57089724547734,20
3247,tcp,57089766206034,22
3248,tcp,57089807850744,20
3249,tcp,57089849596344,15
3250,tcp,57089991393864,7936
3251,tcp,57089991404574,163
3252,tcp,57089991406554,198
3253,tcp,57090049941204,116
3254,tcp,57090057781284,54
3255,tcp,57090099568374,24
3256,tcp,57090141223164,44
3257,tcp,57090182897394,41
3258,tcp,57090224526984,16
3259,tcp,57090266164944,39
3260,tcp,57090307821264,38
3261,tcp,57090349515024,13
3262,tcp,57090391209414,38
3263,tcp,57090432895254,38
3264,tcp,57090474647424,1696
3265,tcp,57090516331014,677
3266,tcp,57090557904624,146
3267,tcp,57090599479224,39
3268,tcp,57090641225454,56
3269,tcp,57090682922634,48
3270,tcp,57090724539624,24
3271,tcp,57090766190544,39
3272,tcp,57090807845424,39
3273,tcp,57090849559524,22
3274,tcp,57090891172194,37
3275,tcp,57090932871174,39
3276,tcp,57090974553504,313
3277,tcp,57091016239704,139
3278,tcp,57091057833924,40
3279,tcp,57091099546854,27
3280,tcp,57091141326204,31
3281,tcp,57091182850044,31
3282,tcp,57091224512124,13
3283,tcp,57091266329904,31
3284,tcp,57091307956254,31
3285,tcp,57091349553264,13
3286,tcp,57091391418744,31
3287,tcp,57091432983174,31
3288,tcp,57091474505844,948
3289,tcp,57091516243434,428
3290,tcp,57091557884094,56
3291,tcp,57091599501444,25
3292,tcp,57091641164154,41
3293,tcp,57091682895444,35
3294,tcp,57091724518284,19
3295,tcp,57091766208894,34
3296,tcp,57091807804554,32
3297,tcp,57091849526124,16
3298,tcp,57091891185414,32
3299,tcp,57091932924714,32
3300,tcp,57091974538464,300
3301,tcp,57092016171024,153
3302,tcp,57092057881254,35
3303,tcp,57092099520114,18
3304,tcp,57092141271474,34
3305,tcp,57092182878114,35
3306,tcp,57092224604904,16
3307,tcp,57092266249974,32
3308,tcp,57092307889734,32
3309,tcp,57092349552354,16
3310,tcp,57092391260244,32
3311,tcp,57092432910174,32
3312,tcp,57092474571354,1899
3313,tcp,57092516249454,678
3314,tcp,57092557912254,163
3315,tcp,57092599498104,31
3316,tcp,57092641203384,45
3317,tcp,57092682856824,48
3318,tcp,57092724575334,22
3319,tcp,57092766270984,39
3320,tcp,57092807818314,39
3321,tcp,57092849510814,20
3322,tcp,57092891202234,40
3323,tcp,57092932860624,38
3324,tcp,57092974513344,148
3325,tcp,57093016175424,95
3326,tcp,57093057796284,43
3327,tcp,57093099555294,26
3328,tcp,57093141186414,41
3329,tcp,57093182800614,40
3330,tcp,57093224500134,22
3331,tcp,57093266251944,42
3332,tcp,57093307813944,40
3333,tcp,57093349561164,22
3334,tcp,57093391281204,40
3335,tcp,57093432998454,40
3336,tcp,57093474547944,1372
3337,tcp,57093516197244,657
3338,tcp,57093557860044,124
3339,tcp,57093599530944,27
3340,tcp,57093641178534,38
3341,tcp,57093682837464,36
3342,tcp,57093724507644,21
3343,tcp,57093766158744,35
3344,tcp,57093807822444,35
3345,tcp,57093849550584,16
3346,tcp,57093891230304,35
3347,tcp,57093932980494,35
3348,tcp,57093974622144,313
3349,tcp,57094016144544,140
3350,tcp,57094057885734,43
3351,tcp,57094099620804,24
3352,tcp,57094141325544,35
3353,tcp,57094182926154,31
3354,tcp,57094224582384,13
3355,tcp,57094266160674,31
3356,tcp,57094307904294,31
3357,tcp,57094349480424,13
3358,tcp,57094391193714,31
3359,tcp,57094432839324,31
3360,tcp,57094474557294,2864
3361,tcp,57094516173294,1048
3362,tcp,57094557844374,179
3363,tcp,57094599521754,37
3364,tcp,57094641165564,59
3365,tcp,57094682840064,52
3366,tcp,57094724518164,31
3367,tcp,57094766250624,46
3368,tcp,57094807858704,49
3369,tcp,57094849521594,25
3370,tcp,57094891233084,42
3371,tcp,57094932895074,42
3372,tcp,57094974500724,226
3373,tcp,57095016150024,81
3374,tcp,57095057929014,36
3375,tcp,57095099513514,16
3376,tcp,57095141150034,38
3377,tcp,57095182890684,33
3378,tcp,57095224562844,13
3379,tcp,57095266237524,33
3380,tcp,57095449651944,33
3381,tcp,57095449662744,13
3382,tcp,57095449664184,33
3383,tcp,57095449665354,33
3384,tcp,57095491330854,759
3385,tcp,57095532961974,375
3386,tcp,57095557844184,58
3387,tcp,57095599536054,24
3388,tcp,57095641197954,47
3389,tcp,57095682924024,41
3390,tcp,57095724550194,18
3391,tcp,57095766245484,36
3392,tcp,57095807866074,35
3393,tcp,57095849510874,16
3394,tcp,57095891122464,35
3395,tcp,57095932867614,35
3396,tcp,57095974578834,293
3397,tcp,57096016153344,137
3398,tcp,57096057928914,38
3399,tcp,57096099548784,22
3400,tcp,57096141250554,33
3401,tcp,57096182785284,33
3402,tcp,57096224575524,13
3403,tcp,57096266248854,33
3404,tcp,57096307882494,33
3405,tcp,57096349612434,13
3406,tcp,57096391165074,33
3407,tcp,57096432912204,33
3408,tcp,57096474560964,1524
3409,tcp,57096516256794,454
3410,tcp,57096557848044,130
3411,tcp,57096599525334,34
3412,tcp,57096641328084,40
3413,tcp,57096682891704,40
3414,tcp,57096724487904,21
3415,tcp,57096766156194,42
3416,tcp,57096807832134,19
3417,tcp,57096849485484,13
3418,tcp,57096891234234,17
3419,tcp,57096932879844,17
3420,tcp,57096974549034,306
3421,tcp,57097016243964,130
3422,tcp,57097057835844,29
3423,tcp,57097099581624,22
3424,tcp,57097141247034,28
3425,tcp,57097182803724,30
3426,tcp,57097224518904,22
3427,tcp,57097266195114,24
3428,tcp,57097307879694,26
3429,tcp,57097349537544,18
3430,tcp,57097391299884,32
3431,tcp,57097432923624,19
3432,tcp,57097474581474,1276
3433,tcp,57097516277034,618
3434,tcp,57097557808074,199
3435,tcp,57097599534954,34
3436,tcp,57097641165084,42
3437,tcp,57097682888364,37
3438,tcp,57097724478444,20
3439,tcp,57097766185794,30
3440,tcp,57097807895304,22
3441,tcp,57097849544694,18
3442,tcp,57097891335564,19
3443,tcp,57097932863274,19
3444,tcp,57097974552354,259
3445,tcp,57098016167004,89
3446,tcp,57098057905134,28
3447,tcp,57098099569194,25
3448,tcp,57098141164494,26
3449,tcp,57098182868514,23
3450,tcp,57098224476684,20
3451,tcp,57098266220664,21
3452,tcp,57098307872664,21
3453,tcp,57098349582804,18
3454,tcp,57098391238134,21
3455,tcp,57098574650934,21
3456,tcp,57098574661554,1007
3457,tcp,57098574663894,381
3458,tcp,57098574665424,62
3459,tcp,57098616277464,25
3460,tcp,57098658102354,34
3461,tcp,57098682879534,37
3462,tcp,57098724537744,21
3463,tcp,57098766169134,28
3464,tcp,57098807845344,28
3465,tcp,57098849499054,19
3466,tcp,57098891165904,24
3467,tcp,57098932861104,24
3468,tcp,57098974546134,278
3469,tcp,57099016150434,154
3470,tcp,57099057867324,31
3471,tcp,57099099495474,17
3472,tcp,57099141151794,23
3473,tcp,57099182833764,24
3474,tcp,57099224511234,15
3475,tcp,57099266144784,22
3476,tcp,57099449671344,22
3477,tcp,57099449684754,13
3478,tcp,57099449687094,22
3479,tcp,57099449688894,22
3480,tcp,57099549798864,1480
3481,tcp,57099549806964,565
3482,tcp,57099650147784,64
3483,tcp,57099650164344,27
3484,tcp,57099650166684,26
3485,tcp,57099682858014,26
3486,tcp,57099724529994,15
3487,tcp,57099766163724,24
3488,tcp,57099807847854,23
3489,tcp,57099849563124,13
3490,tcp,57099891263274,22
3491,tcp,57099932865954,22
3492,tcp,57099974530104,210
3493,tcp,57100016178684,68
3494,tcp,57100057889994,24
3495,tcp,57100099563414,13
3496,tcp,57100141187064,22
3497,tcp,57100182931674,22
3498,tcp,57100224534894,13
3499,tcp,57100266234144,22
3500,tcp,57100466784834,8914
3501,tcp,57100466821734,88
3502,tcp,57100466825694,76
3503,tcp,57100466828124,55
3504,tcp,57100474565244,1912
3505,tcp,57100516268274,326
3506,tcp,57100557960864,539
3507,tcp,57100599585954,29
3508,tcp,57100641173244,16
3509,tcp,57100682833794,113
3510,tcp,57100724652564,21
3511,tcp,57100766195034,13
3512,tcp,57100807866114,13
3513,tcp,57100849598664,13
3514,tcp,57100891271364,13
3515,tcp,57100932841554,13
3516,tcp,57100974512634,325
3517,tcp,57101016234114,102
3518,tcp,57101057863524,94
3519,tcp,57101099542164,18
3520,tcp,57101141163384,13
3521,tcp,57101183014464,13
3522,tcp,57101224537314,13
3523,tcp,57101266150614,13
3524,tcp,57101307836544,13
3525,tcp,57101349509424,13
3526,tcp,57101391202644,13
3527,tcp,57101432976144,13
3528,tcp,57101474490804,1127
3529,tcp,57101516177634,271
3530,tcp,57101557895334,274
3531,tcp,57101599502694,40
3532,tcp,57101641259994,13
3533,tcp,57101683002984,22
3534,tcp,57101724593244,13
3535,tcp,57101766294024,13
3536,tcp,57101807943864,13
3537,tcp,57101849719344,13
3538,tcp,57101891257134,13
3539,tcp,57101932832184,13
3540,tcp,57101974560234,341
3541,tcp,57102016287474,78
3542,tcp,57102057873234,82
3543,tcp,57102099501294,16
3544,tcp,57102141210714,13
3545,tcp,57102182890884,26
3546,tcp,57102224522634,17
3547,tcp,57102266172114,13
3548,tcp,57102307880724,13
3549,tcp,57102349533174,13
3550,tcp,57102391288314,13
3551,tcp,57102432964164,13
3552,tcp,57102474577374,2157
3553,tcp,57102516186264,288
3554,tcp,57102557934204,443
3555,tcp,57102599532204,40
3556,tcp,57102641216964,13
3557,tcp,57102682843764,99
3558,tcp,57102724491624,16
3559,tcp,57102766275384,13
3560,tcp,57102807937104,13
3561,tcp,57102849488124,13
3562,tcp,57102891232014,13
3563,tcp,57102932819394,13
3564,tcp,57102974506584,276
3565,tcp,57103016176764,44
3566,tcp,57103057852434,72
3567,tcp,57103099491834,15
3568,tcp,57103141154454,13
3569,tcp,57103182839304,19
3570,tcp,57103224533604,13
3571,tcp,57103266195324,13
3572,tcp,57103307888814,38
3573,tcp,57103349504634,15
3574,tcp,57103391143944,13
3575,tcp,57103432848234,13
3576,tcp,57103474509414,1552
3577,tcp,57103516459224,361
3578,tcp,57103558028964,488
3579,tcp,57103599513744,30
3580,tcp,57103641179784,13
3581,tcp,57103682876334,83
3582,tcp,57103724600784,13
3583,tcp,57103766305074,13
3584,tcp,57103807941684,13
3585,tcp,57103849501614,13
3586,tcp,57103891157034,13
3587,tcp,57103932828384,13
3588,tcp,57103974545184,202
3589,tcp,57104016335244,56
3590,tcp,57104057961684,57
3591,tcp,57104099544024,20
3592,tcp,57104141224644,13
3593,tcp,57104182797534,13
3594,tcp,57104224579674,13
3595,tcp,57104266166514,13
3596,tcp,57104307917244,13
3597,tcp,57104349498774,13
3598,tcp,57104391186774,13
3599,tcp,57104432870004,13
3600,tcp,57104475787044,3672
3601,tcp,57104516201004,730
3602,tcp,57104557894674,1015
3603,tcp,57104599551084,39
3604,tcp,57104641239894,18
3605,tcp,57104682918534,154
3606,tcp,57104724571524,20
3607,tcp,57104766179334,13
3608,tcp,57104807893794,282
3609,tcp,57104849506284,20
3610,tcp,57104891198874,13
3611,tcp,57104932983894,21
3612,tcp,57104974557684,175
3613,tcp,57105016162974,38
3614,tcp,57105057842064,46
3615,tcp,57105099487134,13
3616,tcp,57105141183594,13
3617,tcp,57105182845404,21
3618,tcp,57105224537724,13
3619,tcp,57105266231754,13
3620,tcp,57105307860894,21
3621,tcp,57105349618914,13
3622,tcp,57105391271184,13
3623,tcp,57105432815004,21
3624,tcp,57105474550434,846
3625,tcp,57105516294594,194
3626,tcp,57105557926344,326
3627,tcp,57105599606694,32
3628,tcp,57105641235024,17
3629,tcp,57105682897644,19
3630,tcp,57105724581234,13
3631,tcp,57105766328094,13
3632,tcp,57105807820794,19
3633,tcp,57105849485124,13
3634,tcp,57105891230364,13
3635,tcp,57105932965254,19
3636,tcp,57105974510244,287
3637,tcp,57106016244144,90
3638,tcp,57106057894434,106
3639,tcp,57106099592604,18
3640,tcp,57106141201404,13
3641,tcp,57106182895164,19
3642,tcp,57106366440624,13
3643,tcp,57106366451874,13
3644,tcp,57106366453314,19
3645,tcp,57106366454484,13
3646,tcp,57106408159674,13
3647,tcp,57106449665604,19
3648,tcp,57106474557624,1791
3649,tcp,57106516187394,247
3650,tcp,57106557816714,322
3651,tcp,57106599512454,27
3652,tcp,57106641171204,15
3653,tcp,57106682949384,123
3654,tcp,57106724504094,21
3655,tcp,57106766298204,13
3656,tcp,57106807832304,145
3657,tcp,57106849511844,15
3658,tcp,57106891156014,13
3659,tcp,57106932821154,23
3660,tcp,57106974505734,350
3661,tcp,57107016231084,70
3662,tcp,57107057884614,90
3663,tcp,57107099548674,13
3664,tcp,57107141167554,13
3665,tcp,57107182869594,19
3666,tcp,57107224523754,13
3667,tcp,57107266207794,13
3668,tcp,57107307898404,19
3669,tcp,57107349521784,13
3670,tcp,57107391190884,13
3671,tcp,57107432874474,19
3672,tcp,57107474484354,1452
3673,tcp,57107516246514,322
3674,tcp,57107557826514,384
3675,tcp,57107741325984,33
3676,tcp,57107741335524,13
3677,tcp,57107741337054,138
3678,tcp,57107741338224,18
3679,tcp,57107783012814,13
3680,tcp,57107824763184,174
3681,tcp,57107849543514,18
3682,tcp,57107891271474,13
3683,tcp,57107933064504,19
3684,tcp,57107974586904,279
3685,tcp,57108016232514,49
3686,tcp,57108057927444,73
3687,tcp,57108099566304,15
3688,tcp,57108141284994,13
3689,tcp,57108182906214,26
3690,tcp,57108224503764,13
3691,tcp,57108266182314,13
3692,tcp,57108449709054,65
3693,tcp,57108449719404,13
3694,tcp,57108449720844,13
3695,tcp,57108449722014,19
3696,tcp,57108533011884,1359
3697,tcp,57108549857454,210
3698,tcp,57108650092074,346
3699,tcp,57108650104854,33
3700,tcp,57108650106744,13
3701,tcp,57108682853064,26
3702,tcp,57108724555104,15
3703,tcp,57108766299444,13
3704,tcp,57108807897174,19
3705,tcp,57108849541164,13
3706,tcp,57108891156354,13
3707,tcp,57108932851284,19
3708,tcp,57108974508054,304
3709,tcp,57109016185524,106
3710,tcp,57109057863444,84
3711,tcp,57109099562424,17
3712,tcp,57109141262394,13
3713,tcp,57109182882354,19
3714,tcp,57109224656394,13
3715,tcp,57109266213714,13
3716,tcp,57109307868684,19
3717,tcp,57109349519964,13
3718,tcp,57109391246304,13
3719,tcp,57109432895604,19
3720,tcp,57109474518804,1330
3721,tcp,57109516160184,231
3722,tcp,57109557909204,359
3723,tcp,57109599522234,28
3724,tcp,57109641209784,13
3725,tcp,57109682961864,131
3726,tcp,57109724502444,20
3727,tcp,57109766195214,18
3728,tcp,57109807796814,25
3729,tcp,57109849468524,15
3730,tcp,57109891180554,13
3731,tcp,57109932982494,19
3732,tcp,57109974540624,146
3733,tcp,57110016231234,45
3734,tcp,57110057832834,37
3735,tcp,57110099497524,15
3736,tcp,57110283088344,13
3737,tcp,57110283104274,23
3738,tcp,57110283106254,13
3739,tcp,57110283107964,13
3740,tcp,57110366310174,66
3741,tcp,57110366320794,13
3742,tcp,57110391239004,13
3743,tcp,57110466470544,19
3744,tcp,57110728413654,1943
3745,tcp,57110728425714,296
3746,tcp,57110728428234,490
3747,tcp,57110728430754,30
3748,tcp,57110728433274,13
3749,tcp,57110728437684,20
3750,tcp,57111005765574,9417
3751,tcp,57111005780154,167
3752,tcp,57111005783034,97
3753,tcp,57111005785644,65
3754,tcp,57111005787534,60
3755,tcp,57111005789424,60
3756,tcp,57111104872404,326
3757,tcp,57111104885634,136
3758,tcp,57111104891124,125
3759,tcp,57111104893554,21
3760,tcp,57111141208104,52
3761,tcp,57111182905824,52
3762,tcp,57111224538564,13
3763,tcp,57111266249874,52
3764,tcp,57111307849404,52
3765,tcp,57111349536324,13
3766,tcp,57111391134684,52
3767,tcp,57111432840144,52
3768,tcp,57111474499614,1061
3769,tcp,57111516168714,266
3770,tcp,57111557892084,268
3771,tcp,57111599515914,31
3772,tcp,57111641182314,54
3773,tcp,57111682826304,66
3774,tcp,57111724501074,15
3775,tcp,57111766179174,52
3776,tcp,57111807888144,52
3777,tcp,57111849568404,13
3778,tcp,57111891197994,52
3779,tcp,57111932925954,52
3780,tcp,57111974487054,342
3781,tcp,57112016136534,71
3782,tcp,57112057834254,129
3783,tcp,57112241396094,18
3784,tcp,57112241406624,55
3785,tcp,57112241408244,52
3786,tcp,57112241409324,13
3787,tcp,57112324658244,52
3788,tcp,57112324668684,52
3789,tcp,57112349503824,13
3790,tcp,57112424878104,52
3791,tcp,57112432826994,52
3792,tcp,57112525108044,2158
3793,tcp,57112525122084,405
3794,tcp,57112557856704,494
3795,tcp,57112625210904,31
3796,tcp,57112641153414,52
3797,tcp,57112682827284,113
3798,tcp,57112724588184,18
3799,tcp,57112766393184,52
3800,tcp,57112807879764,52
3801,tcp,57112849543104,13
3802,tcp,57112891158024,52
3803,tcp,57112932885984,52
3804,tcp,57112974518454,234
3805,tcp,57113016215814,78
3806,tcp,57113057926044,85
3807,tcp,57113099546454,16
3808,tcp,57113141233554,52
3809,tcp,57113182876464,52
3810,tcp,57113224514334,13
3811,tcp,57113266247874,52
3812,tcp,57113307889344,52
3813,tcp,57113349674814,13
3814,tcp,57113391239334,52
3815,tcp,57113432869014,52
3816,tcp,57113474517864,1551
3817,tcp,57113516203074,346
3818,tcp,57113557890084,395
3819,tcp,57113599507884,26
3820,tcp,57113641155564,52
3821,tcp,57113682964074,133
3822,tcp,57113724567024,17
3823,tcp,57113766281664,52
3824,tcp,57113807865264,52
3825,tcp,57113849512944,13
3826,tcp,57113891165034,52
3827,tcp,57113932848264,52
3828,tcp,57113974532574,313
3829,tcp,57114016288254,110
3830,tcp,57114057881664,133
3831,tcp,57114099570474,13
3832,tcp,57114141150924,52
3833,tcp,57114182839914,52
3834,tcp,57114224565444,13
3835,tcp,57114266214924,52
3836,tcp,57114307847124,52
3837,tcp,57114349517754,13
3838,tcp,57114391219524,52
3839,tcp,57114432889974,52
3840,tcp,57114475556364,3056
3841,tcp,57114516311244,536
3842,tcp,57114557848404,782
3843,tcp,57114599546934,33
3844,tcp,57114641220534,52
3845,tcp,57114682866234,194
3846,tcp,57114724536054,21
3847,tcp,57114766157544,52
3848,tcp,57114807870564,52
3849,tcp,57114849469014,13
3850,tcp,57114891176544,52
3851,tcp,57114932844474,52
3852,tcp,57114974552274,209
3853,tcp,57115016299854,81
3854,tcp,57115057883724,93
3855,tcp,57115099530234,17
3856,tcp,57115141209054,52
3857,tcp,57115182904524,52
3858,tcp,57115224489924,13
3859,tcp,57115266154074,52
3860,tcp,57115307898684,52
3861,tcp,57115349460774,13
3862,tcp,57115391199714,52
3863,tcp,57115432903914,52
3864,tcp,57115474536564,728
3865,tcp,57115516221324,109
3866,tcp,57115557855504,200
3867,tcp,57115599465024,18
3868,tcp,57115641233754,55
3869,tcp,57115682805744,55
3870,tcp,57115724509044,13
3871,tcp,57115766356884,52
3872,tcp,57115807845084,52
3873,tcp,57115849475754,13
3874,tcp,57115891161594,52
3875,tcp,57115932839874,52
3876,tcp,57115974551634,325
3877,tcp,57116016153774,132
3878,tcp,57116057828724,123
3879,tcp,57116099486484,18
3880,tcp,57116141184654,52
3881,tcp,57116182824234,60
3882,tcp,57116224580544,13
3883,tcp,57116266243434,52
3884,tcp,57116307956184,52
3885,tcp,57116349638514,13
3886,tcp,57116391235884,52
3887,tcp,57116432897694,52
3888,tcp,57116474578404,1766
3889,tcp,57116516250024,232
3890,tcp,57116557933254,345
3891,tcp,57116599554924,22
3892,tcp,57116641166784,55
3893,tcp,57116682874674,171
3894,tcp,57116724553044,22
3895,tcp,57116766142404,52
3896,tcp,57116807868384,52
3897,tcp,57116849479344,13
3898,tcp,57116891169414,52
3899,tcp,57116932831674,52
3900,tcp,57116974588434,349
3901,tcp,57117016151604,140
3902,tcp,57117057803154,101
3903,tcp,57117099530664,16
3904,tcp,57117141196254,55
3905,tcp,57117182858874,62
3906,tcp,57117224495394,15
3907,tcp,57117266182134,52
3908,tcp,57117307851234,52
3909,tcp,57117349509534,13
3910,tcp,57117391255674,52
3911,tcp,57117432908754,52
3912,tcp,57117474565344,1444
3913,tcp,57117516173154,346
3914,tcp,57117557827674,408
3915,tcp,57117599482824,33
3916,tcp,57117641166504,52
3917,tcp,57117682876464,209
3918,tcp,57117724614054,26
3919,tcp,57117766180554,52
3920,tcp,57117807895464,73
3921,tcp,57117849521544,17
3922,tcp,57117891183354,52
3923,tcp,57117932830314,59
3924,tcp,57117974584104,273
3925,tcp,57118016182104,79
3926,tcp,57118057840854,105
3927,tcp,57118099508964,16
3928,tcp,57118141186164,52
3929,tcp,57118182844734,52
3930,tcp,57118224489894,13
3931,tcp,57118266293184,52
3932,tcp,57118307872104,52
3933,tcp,57118349509344,13
3934,tcp,57118391219394,52
3935,tcp,57118432819644,52
3936,tcp,57118474558314,1534
3937,tcp,57118516235604,275
3938,tcp,57118557923874,395
3939,tcp,57118599494064,27
3940,tcp,57118641197454,52
3941,tcp,57118682831094,119
3942,tcp,57118724546994,17
3943,tcp,57118766232294,52
3944,tcp,57118807850634,57
3945,tcp,57118849527654,13
3946,tcp,57118891193784,52
3947,tcp,57118932888174,52
3948,tcp,57118974646194,321
3949,tcp,57119016322764,122
3950,tcp,57119057898624,125
3951,tcp,57119099574204,19
3952,tcp,57119141282364,52
3953,tcp,57119182866414,52
3954,tcp,57119224513554,13
3955,tcp,57119266268694,52
3956,tcp,57119307994404,52
3957,tcp,57119349617514,13
3958,tcp,57119391203634,52
3959,tcp,57119432877324,52
3960,tcp,57119474534274,2214
3961,tcp,57119657978574,338
3962,tcp,57119657990724,475
3963,tcp,57119657992884,34
3964,tcp,57119657994504,13
3965,tcp,57119699640024,94
3966,tcp,57119741368524,20
3967,tcp,57119766269634,16
3968,tcp,57119807818044,66
3969,tcp,57119849510994,13
3970,tcp,57119891178114,13
3971,tcp,57119932861254,23
3972,tcp,57119974515234,233
3973,tcp,57120016182624,48
3974,tcp,57120057852984,50
3975,tcp,57120099476904,16
3976,tcp,57120141192624,13
3977,tcp,57120182823744,16
3978,tcp,57120224513904,13
3979,tcp,57120266237364,13
3980,tcp,57120308098254,16
3981,tcp,57120349800924,13
3982,tcp,57120391246194,13
3983,tcp,57120432881004,16
3984,tcp,57120474566844,1745
3985,tcp,57120516300114,318
3986,tcp,57120557900094,497
3987,tcp,57120599464884,25
3988,tcp,57120641250714,15
3989,tcp,57120682929534,49
3990,tcp,57120724620504,18
3991,tcp,57120766242804,13
3992,tcp,57120807997044,16
3993,tcp,57120849582714,13
3994,tcp,57120891180264,13
3995,tcp,57120932830734,16
3996,tcp,57120974509644,241
3997,tcp,57121016264874,86
3998,tcp,57121057804644,89
3999,tcp,57121099509114,17
4000,tcp,57121241380344,9063
4001,tcp,57121241390244,106
4002,tcp,57121241391954,16
4003,tcp,57121266131874,16
4004,tcp,57121307785584,16
4005,tcp,57121349572854,13
4006,tcp,57121391245554,16
4007,tcp,57121432862634,16
4008,tcp,57121474488714,1099
4009,tcp,57121516249524,410
4010,tcp,57121557961194,39
4011,tcp,57121599526884,28
4012,tcp,57121641243414,16
4013,tcp,57121824652704,16
4014,tcp,57121824662694,13
4015,tcp,57121824664044,16
4016,tcp,57121824665214,16
4017,tcp,57121866387414,13
4018,tcp,57121908068844,16
4019,tcp,57121932843684,16
4020,tcp,57121974523584,341
4021,tcp,57122016255234,132
4022,tcp,57122057910384,21
4023,tcp,57122099547354,21
4024,tcp,57122141236614,18
4025,tcp,57122182827864,18
4026,tcp,57122224487874,13
4027,tcp,57122266160214,16
4028,tcp,57122307825534,16
4029,tcp,57122349508584,13
4030,tcp,57122391195774,16
4031,tcp,57122432833644,16
4032,tcp,57122474476284,2155
4033,tcp,57122516173734,626
4034,tcp,57122557903854,119
4035,tcp,57122599542174,25
4036,tcp,57122641243494,23
4037,tcp,57122682867684,16
4038,tcp,57122724522744,13
4039,tcp,57122766302094,16
4040,tcp,57122807863104,16
4041,tcp,57122849481534,13
4042,tcp,57122891254944,16
4043,tcp,57122932809564,16
4044,tcp,57122974509624,287
4045,tcp,57123016188264,79
4046,tcp,57123057917934,27
4047,tcp,57123099529074,17
4048,tcp,57123141213384,16
4049,tcp,57123182877714,16
4050,tcp,57123224516124,13
4051,tcp,57123266190534,16
4052,tcp,57123307866294,16
4053,tcp,57123349603794,13
4054,tcp,57123391182264,16
4055,tcp,57123432846684,16
4056,tcp,57123474489774,1538
4057,tcp,57123516222144,710
4058,tcp,57123557904654,66
4059,tcp,57123599535324,24
4060,tcp,57123641206764,16
4061,tcp,57123682898814,16
4062,tcp,57123724494024,13
4063,tcp,57123766141884,16
4064,tcp,57123807918984,16
4065,tcp,57123849554244,13
4066,tcp,57123891182214,16
4067,tcp,57123932808384,16
4068,tcp,57123974478114,313
4069,tcp,57124016177634,138
4070,tcp,57124057819464,18
4071,tcp,57124099478394,13
4072,tcp,57124141189794,16
4073,tcp,57124182922614,16
4074,tcp,57124224553644,13
4075,tcp,57124266167214,16
4076,tcp,57124307845494,16
4077,tcp,57124349549064,13
4078,tcp,57124391201874,16
4079,tcp,57124432872864,16
4080,tcp,57124475651934,3065
4081,tcp,57124516255704,1024
4082,tcp,57124557909504,154
4083,tcp,57124599476544,33
4084,tcp,57124783049094,20
4085,tcp,57124783058904,16
4086,tcp,57124783060254,13
4087,tcp,57124783061424,16
4088,tcp,57124824720354,16
4089,tcp,57124866473964,13
4090,tcp,57124891185804,16
4091,tcp,57125074688244,16
4092,tcp,57125074702824,232
4093,tcp,57125074705434,102
4094,tcp,57125174842404,21
4095,tcp,57125174853294,18
4096,tcp,57125174855814,16
4097,tcp,57125275028334,16
4098,tcp,57125275038684,13
4099,tcp,57125275039944,16
4100,tcp,57125307874734,16
4101,tcp,57125349539604,13
4102,tcp,57125391281874,16
4103,tcp,57125432899044,16
4104,tcp,57125474511714,851
4105,tcp,57125516342184,285
4106,tcp,57125557903824,33
4107,tcp,57125599515864,24
4108,tcp,57125641269654,18
4109,tcp,57125682879804,18
4110,tcp,57125866432554,17
4111,tcp,57125866443534,16
4112,tcp,57125866444974,16
4113,tcp,57125866446144,13
4114,tcp,57125949661674,16
4115,tcp,57125949672114,16
4116,tcp,57125974497444,323
4117,tcp,57126049883514,145
4118,tcp,57126057778944,25
4119,tcp,57126099523284,18
4120,tcp,57126150032184,21
4121,tcp,57126182814234,18
4122,tcp,57126224504754,16
4123,tcp,57126266181414,16
4124,tcp,57126307860684,16
4125,tcp,57126349501434,13
4126,tcp,57126391211754,16
4127,tcp,57126432862044,16
4128,tcp,57126474634374,1651
4129,tcp,57126516161634,519
4130,tcp,57126557856024,85
4131,tcp,57126599538714,20
4132,tcp,57126641226984,18
4133,tcp,57126866296914,16
4134,tcp,57126866307534,13
4135,tcp,57126866309064,16
4136,tcp,57126866310234,16
4137,tcp,57126866311404,13
4138,tcp,57126950813034,16
4139,tcp,57126950823834,16
4140,tcp,57126974534244,351
4141,tcp,57127050954954,108
4142,tcp,57127057821504,21
4143,tcp,57127099463694,16
4144,tcp,57127151140434,16
4145,tcp,57127182814314,16
4146,tcp,57127224519864,13
4147,tcp,57127266151974,16
4148,tcp,57127307882724,16
4149,tcp,57127349505654,13
4150,tcp,57127391190234,16
4151,tcp,57127432909914,16
4152,tcp,57127474542114,1530
4153,tcp,57127516400214,597
4154,tcp,57127557914604,108
4155,tcp,57127599496314,23
4156,tcp,57127641198714,29
4157,tcp,57127682845134,18
4158,tcp,57127724548614,13
4159,tcp,57127766210874,16
4160,tcp,57127807880604,16
4161,tcp,57127849518654,13
4162,tcp,57127891167864,16
4163,tcp,57127932843534,16
4164,tcp,57127974505254,272
4165,tcp,57128157960084,95
4166,tcp,57128157970254,18
4167,tcp,57128157971604,13
4168,tcp,57128157972684,16
4169,tcp,57128241294054,16
4170,tcp,57128241303774,13
4171,tcp,57128266152504,16
4172,tcp,57128341444794,16
4173,tcp,57128349462084,13
4174,tcp,57128391270504,16
4175,tcp,57128441649534,16
4176,tcp,57128843568474,1570
4177,tcp,57128843577474,499
4178,tcp,57128843579454,45
4179,tcp,57128843581434,24
4180,tcp,57128843582604,16
4181,tcp,57128843583684,16
4182,tcp,57128843584854,13
4183,tcp,57128943712464,16
4184,tcp,57128943722994,16
4185,tcp,57128943724614,13
4186,tcp,57128943725694,16
4187,tcp,57128943726774,16
4188,tcp,57128974543764,333
4189,tcp,57129043897044,141
4190,tcp,57129057844164,28
4191,tcp,57129099537834,13
4192,tcp,57129144092964,16
4193,tcp,57129182867304,16
4194,tcp,57129224500494,13
4195,tcp,57129266151234,16
4196,tcp,57129307874064,16
4197,tcp,57129349521924,13
4198,tcp,57129391216134,16
4199,tcp,57129574671414,16
4200,tcp,57129574684374,1600
4201,tcp,57129574686354,634
4202,tcp,57129616407564,57
4203,tcp,57129616422324,21
4204,tcp,57129674933124,16
4205,tcp,57129716642544,16
4206,tcp,57129724634634,13
4207,tcp,57129775155684,16
4208,tcp,57129816927294,16
4209,tcp,57129849548244,13
4210,tcp,57129891254604,16
4211,tcp,57129932870064,16
4212,tcp,57129974588484,228
4213,tcp,57130016330754,79
4214,tcp,57130057908504,19
4215,tcp,57130099604694,13
4216,tcp,57130141170024,16
4217,tcp,57130182870174,16
4218,tcp,57130224653124,13
4219,tcp,57130266173364,16
4220,tcp,57130307890704,16
4221,tcp,57130349568534,13
4222,tcp,57130391239704,16
4223,tcp,57130432898634,16
4224,tcp,57130474506354,1793
4225,tcp,57130516180674,691
4226,tcp,57130557841584,96
4227,tcp,57130599561084,25
4228,tcp,57130641386694,18
4229,tcp,57130682870034,18
4230,tcp,57130724575044,13
4231,tcp,57131050961754,16
4232,tcp,57131050972464,16
4233,tcp,57131050973814,13
4234,tcp,57131050974894,16
4235,tcp,57131050975884,16
4236,tcp,57131050979484,303
4237,tcp,57131092662624,146
4238,tcp,57131092677204,27
4239,tcp,57131151163434,16
4240,tcp,57131151174054,16
4241,tcp,57131182897974,16
4242,tcp,57131224536204,13
4243,tcp,57131266267404,16
4244,tcp,57131307844884,16
4245,tcp,57131349541524,13
4246,tcp,57131391235554,16
4247,tcp,57131432908884,16
4248,tcp,57131474496444,965
4249,tcp,57131516195334,380
4250,tcp,57131658099054,8455
4251,tcp,57131658114354,75
4252,tcp,57131658117324,44
4253,tcp,57131682848514,52
4254,tcp,57131724543354,24
4255,tcp,57131766263304,18
4256,tcp,57131807862564,20
4257,tcp,57131849496114,18
4258,tcp,57131891267364,16
4259,tcp,57131932965084,16
4260,tcp,57131974598274,228
4261,tcp,57132158144454,99
4262,tcp,57132158154264,18
4263,tcp,57132158155794,13
4264,tcp,57132158156874,16
4265,tcp,57132199691244,16
4266,tcp,57132241382754,13
4267,tcp,57132266157324,16
4268,tcp,57132307868724,16
4269,tcp,57132349512084,13
4270,tcp,57132391145814,16
4271,tcp,57132432850014,16
4272,tcp,57132474498414,2199
4273,tcp,57132516186954,676
4274,tcp,57132557918154,107
4275,tcp,57132599712264,23
4276,tcp,57132641194254,83
4277,tcp,57132682965414,29
4278,tcp,57132724524354,20
4279,tcp,57132766206594,16
4280,tcp,57132807893964,16
4281,tcp,57132849543894,13
4282,tcp,57132891198324,16
4283,tcp,57132932845554,16
4284,tcp,57132974518974,282
4285,tcp,57133016226414,92
4286,tcp,57133057836204,66
4287,tcp,57133099516554,18
4288,tcp,57133141149204,16
4289,tcp,57133182851964,16
4290,tcp,57133224545904,13
4291,tcp,57133266531804,16
4292,tcp,57133307884284,16
4293,tcp,57133349573634,13
4294,tcp,57133391254344,16
4295,tcp,57133432879974,16
4296,tcp,57133474550424,1569
4297,tcp,57133516263174,680
4298,tcp,57133557878994,35
4299,tcp,57133599617484,21
4300,tcp,57133641242034,57
4301,tcp,57133682929674,71
4302,tcp,57133724615514,17
4303,tcp,57133908101664,16
4304,tcp,57133908112194,16
4305,tcp,57133908113454,13
4306,tcp,57133908114714,16
4307,tcp,57133949691024,16
4308,tcp,57133991399814,322
4309,tcp,57134049935544,143
4310,tcp,57134057788764,49
4311,tcp,57134099477394,13
4312,tcp,57134141162694,16
4313,tcp,57134182873914,16
4314,tcp,57134366297514,13
4315,tcp,57134366308404,16
4316,tcp,57134366309844,16
4317,tcp,57134366310924,13
4318,tcp,57134449660734,16
4319,tcp,57134449672254,16
4320,tcp,57134549875734,4307
4321,tcp,57134650134924,1487
4322,tcp,57134650148964,343
4323,tcp,57134650151394,26
4324,tcp,57134650153284,73
4325,tcp,57134682787824,18
4326,tcp,57134750317704,13
4327,tcp,57134766152934,13
4328,tcp,57134807877474,13
4329,tcp,57134850516684,13
4330,tcp,57134891149704,13
4331,tcp,57134932797294,13
4332,tcp,57134974503654,217
4333,tcp,57135016162854,83
4334,tcp,57135057803244,15
4335,tcp,57135099512034,13
4336,tcp,57135141138834,13
4337,tcp,57135183104754,13
4338,tcp,57135224548134,13
4339,tcp,57135266216334,13
4340,tcp,57135307876974,13
4341,tcp,57135349529514,13
4342,tcp,57135391220484,13
4343,tcp,57135574720584,13
4344,tcp,57135574736514,854
4345,tcp,57135574743264,403
4346,tcp,57135574745604,37
4347,tcp,57135658131054,17
4348,tcp,57135658145814,13
4349,tcp,57135682819494,13
4350,tcp,57135890241774,13
4351,tcp,57135890252574,13
4352,tcp,57135890254014,13
4353,tcp,57135890255184,13
4354,tcp,57135966487254,13
4355,tcp,57135966494724,13
4356,tcp,57135990411144,299
4357,tcp,57136066735194,145
4358,tcp,57136066749504,21
4359,tcp,57136099541724,15
4360,tcp,57136167025164,13
4361,tcp,57136182807924,13
4362,tcp,57136224528054,13
4363,tcp,57136267244934,13
4364,tcp,57136307878674,13
4365,tcp,57136349563524,13
4366,tcp,57136391220654,13
4367,tcp,57136432828644,13
4368,tcp,57136474549764,1778
4369,tcp,57136516205184,488
4370,tcp,57136557824964,74
4371,tcp,57136599486954,19
4372,tcp,57136641190434,71
4373,tcp,57136682864574,20
4374,tcp,57136724500554,13
4375,tcp,57136766195484,13
4376,tcp,57136807921284,13
4377,tcp,57136849570044,13
4378,tcp,57136891164444,13
4379,tcp,57136932846414,13
4380,tcp,57136974502374,355
4381,tcp,57137016220074,142
4382,tcp,57137057848584,21
4383,tcp,57137099548284,15
4384,tcp,57137141187954,13
4385,tcp,57137182854894,13
4386,tcp,57137224489974,13
4387,tcp,57137266139994,13
4388,tcp,57137307839244,13
4389,tcp,57137349526254,13
4390,tcp,57137391289764,13
4391,tcp,57137432881554,13
4392,tcp,57137474603574,1336
4393,tcp,57137516217054,562
4394,tcp,57137557850694,128
4395,tcp,57137599504314,27
4396,tcp,57137641214454,15
4397,tcp,57137682909744,13
4398,tcp,57137724587214,13
4399,tcp,57137766295284,13
4400,tcp,57137807891574,13
4401,tcp,57137849476254,13
4402,tcp,57137891170824,13
4403,tcp,57137932925334,13
4404,tcp,57137974586244,242
4405,tcp,57138016221324,72
4406,tcp,57138057893214,31
4407,tcp,57138099613614,13
4408,tcp,57138141221604,13
4409,tcp,57138182924724,13
4410,tcp,57138224743764,13
4411,tcp,57138266335014,13
4412,tcp,57138307887834,13
4413,tcp,57138349527684,13
4414,tcp,57138391226574,13
4415,tcp,57138432847344,13
4416,tcp,57138474484944,1517
4417,tcp,57138516170334,536
4418,tcp,57138557890014,49
4419,tcp,57138599499624,19
4420,tcp,57138641235774,26
4421,tcp,57138682921074,13
4422,tcp,57138724541394,13
4423,tcp,57138766163424,13
4424,tcp,57138807862224,13
4425,tcp,57138849492984,13
4426,tcp,57138891264864,13
4427,tcp,57138932983374,13
4428,tcp,57138974627724,323
4429,tcp,57139016255694,139
4430,tcp,57139057896444,18
4431,tcp,57139099570584,13
4432,tcp,57139141249314,13
4433,tcp,57139182927324,13
4434,tcp,57139224515154,13
4435,tcp,57139266211704,13
4436,tcp,57139307889984,13
4437,tcp,57139349493204,13
4438,tcp,57139391154114,13
4439,tcp,57139432848594,13
4440,tcp,57139474480344,1757
4441,tcp,57139516236834,535
4442,tcp,57139557943644,74
4443,tcp,57139599517074,17
4444,tcp,57139641170424,13
4445,tcp,57139682916834,13
4446,tcp,57139724546154,13
4447,tcp,57139766257104,13
4448,tcp,57139807901904,13
4449,tcp,57139849544454,13
4450,tcp,57139891152084,13
4451,tcp,57139932902994,13
4452,tcp,57139974696024,201
4453,tcp,57140016137784,83
4454,tcp,57140057850714,22
4455,tcp,57140099500914,13
4456,tcp,57140141188644,18
4457,tcp,57140182890234,13
4458,tcp,57140224561764,13
4459,tcp,57140266189284,13
4460,tcp,57140307925074,13
4461,tcp,57140349561054,13
4462,tcp,57140391236004,13
4463,tcp,57140432926074,13
4464,tcp,57140474542794,1917
4465,tcp,57140516162574,749
4466,tcp,57140557866504,100
4467,tcp,57140599512024,23
4468,tcp,57140641180584,13
4469,tcp,57140682919074,13
4470,tcp,57140724496104,13
4471,tcp,57140766148194,13
4472,tcp,57140807877144,13
4473,tcp,57140849518434,13
4474,tcp,57140891135334,13
4475,tcp,57140932816404,13
4476,tcp,57140974472004,282
4477,tcp,57141158039694,152
4478,tcp,57141158051664,16
4479,tcp,57141158053464,13
4480,tcp,57141158054544,13
4481,tcp,57141199648674,13
4482,tcp,57141241298784,13
4483,tcp,57141266179914,13
4484,tcp,57141307879344,13
4485,tcp,57141349541874,13
4486,tcp,57141391178574,13
4487,tcp,57141432871074,13
4488,tcp,57141474490674,1104
4489,tcp,57141516204234,380
4490,tcp,57141558011034,48
4491,tcp,57141599530374,24
4492,tcp,57141641141154,19
4493,tcp,57141682806474,13
4494,tcp,57141724512654,13
4495,tcp,57141766188954,13
4496,tcp,57141807914484,13
4497,tcp,57141849553614,13
4498,tcp,57141891265374,13
4499,tcp,57141933068214,13
4500,tcp,57142074770334,8374
4501,tcp,57142074784374,107
4502,tcp,57142074787614,19
4503,tcp,57142099464084,16
4504,tcp,57142141205364,13
4505,tcp,57142182877884,13
4506,tcp,57142224517194,13
4507,tcp,57142266159834,13
4508,tcp,57142307835144,13
4509,tcp,57142349691804,13
4510,tcp,57142391218794,13
4511,tcp,57142432863414,13
4512,tcp,57142474495434,1920
4513,tcp,57142516196844,555
4514,tcp,57142557813474,129
4515,tcp,57142599479604,28
4516,tcp,57142641244194,35
4517,tcp,57142682884314,13
4518,tcp,57142724525604,13
4519,tcp,57142766241504,13
4520,tcp,57142807832664,13
4521,tcp,57142849505004,13
4522,tcp,57142891233054,13
4523,tcp,57142932837444,13
4524,tcp,57142974493314,165
4525,tcp,57143016170694,69
4526,tcp,57143199655224,22
4527,tcp,57143199665664,15
4528,tcp,57143199667194,13
4529,tcp,57143199668454,13
4530,tcp,57143241350154,13
4531,tcp,57143282914854,13
4532,tcp,57143307872304,13
4533,tcp,57143349475074,13
4534,tcp,57143391218694,13
4535,tcp,57143432904714,13
4536,tcp,57143474473554,1590
4537,tcp,57143516235624,647
4538,tcp,57143558101914,45
4539,tcp,57143599496424,24
4540,tcp,57143641176954,13
4541,tcp,57143682844344,13
4542,tcp,57143724500484,13
4543,tcp,57143766241224,13
4544,tcp,57143807920134,13
4545,tcp,57143849503464,13
4546,tcp,57143891233674,13
4547,tcp,57143932819524,13
4548,tcp,57143974526244,330
4549,tcp,57144016202454,150
4550,tcp,57144057905124,17
4551,tcp,57144099561444,13
4552,tcp,57144141187884,13
4553,tcp,57144182854734,13
4554,tcp,57144224593494,13
4555,tcp,57144266214264,13
4556,tcp,57144307842864,13
4557,tcp,57144349488564,13
4558,tcp,57144391176834,13
4559,tcp,57144432807864,13
4560,tcp,57144474557154,2348
4561,tcp,57144516223374,880
4562,tcp,57144557872044,200
4563,tcp,57144599551854,29
4564,tcp,57144641211144,18
4565,tcp,57144682921554,13
4566,tcp,57144724577874,13
4567,tcp,57144766372434,13
4568,tcp,57144807981504,13
4569,tcp,57144849516414,13
4570,tcp,57144891146184,13
4571,tcp,57144932833104,13
4572,tcp,57144974511204,232
4573,tcp,57145016107764,90
4574,tcp,57145057831224,13
4575,tcp,57145099545954,13
4576,tcp,57145141170774,13
4577,tcp,57145182852204,13
4578,tcp,57145224505554,13
4579,tcp,57145266157464,13
4580,tcp,57145307851224,13
4581,tcp,57145349450574,13
4582,tcp,57145391277984,13
4583,tcp,57145432883544,13
4584,tcp,57145474498554,847
4585,tcp,57145516180704,372
4586,tcp,57145557813174,58
4587,tcp,57145599620064,33
4588,tcp,57145641287724,34
4589,tcp,57145682858454,18
4590,tcp,57145724590554,13
4591,tcp,57145766168574,13
4592,tcp,57145807889514,13
4593,tcp,57145849567434,13
4594,tcp,57145891173894,13
4595,tcp,57145932893754,13
4596,tcp,57145974531624,301
4597,tcp,57146016161304,151
4598,tcp,57146057821134,18
4599,tcp,57146099580054,13
4600,tcp,57146141235024,13
4601,tcp,57146182945794,13
4602,tcp,57146224523184,13
4603,tcp,57146266275804,13
4604,tcp,57146307854094,13
4605,tcp,57146349499254,13
4606,tcp,57146391169704,13
4607,tcp,57146432894514,13
4608,tcp,57146474549664,1785
4609,tcp,57146516193924,472
4610,tcp,57146557825224,87
4611,tcp,57146599477044,27
4612,tcp,57146641179984,92
4613,tcp,57146682868524,24
4614,tcp,57146724527454,13
4615,tcp,57146766266844,13
4616,tcp,57146807853414,13
4617,tcp,57146849546814,13
4618,tcp,57146891233014,13
4619,tcp,57146932857114,13
4620,tcp,57146974497504,348
4621,tcp,57147158095254,159
4622,tcp,57147158108664,24
4623,tcp,57147158111544,13
4624,tcp,57147158113704,13
4625,tcp,57147341362164,13
4626,tcp,57147341374314,13
4627,tcp,57147341376564,13
4628,tcp,57147366299274,13
4629,tcp,57147366310704,13
4630,tcp,57147441548454,13
4631,tcp,57147441561594,13
4632,tcp,57147541839414,1484
4633,tcp,57147541853544,540
4634,tcp,57147640284834,163
4635,tcp,57147640295094,29
4636,tcp,57147782970654,13
4637,tcp,57147782980014,13
4638,tcp,57147782981364,13
4639,tcp,57147782982534,13
4640,tcp,57147866383824,13
4641,tcp,57147866395344,13
4642,tcp,57147891164244,13
4643,tcp,57147966630414,13
4644,tcp,57147974530794,279
4645,tcp,57148016149674,97
4646,tcp,57148067070594,22
4647,tcp,57148099582644,13
4648,tcp,57148167308994,13
4649,tcp,57148182860364,13
4650,tcp,57148224567354,13
4651,tcp,57148266317994,13
4652,tcp,57148307915634,13
4653,tcp,57148349495544,13
4654,tcp,57148391185164,13
4655,tcp,57148432885314,13
4656,tcp,57148616360484,1365
4657,tcp,57148616376054,461
4658,tcp,57148616379114,33
4659,tcp,57148616384874,13
4660,tcp,57148699705974,13
4661,tcp,57148699719294,13
4662,tcp,57148724539584,13
4663,tcp,57148799929344,13
4664,tcp,57148807856274,13
4665,tcp,57148849526814,13
4666,tcp,57148900096014,13
4667,tcp,57148932855744,13
4668,tcp,57148974477144,326
4669,tcp,57149016173154,150
4670,tcp,57149057806524,16
4671,tcp,57149099491734,13
4672,tcp,57149141179644,13
4673,tcp,57149182811034,13
4674,tcp,57149224533324,13
4675,tcp,57149266177044,13
4676,tcp,57149307905094,13
4677,tcp,57149349548724,13
4678,tcp,57149391141594,13
4679,tcp,57149432854164,13
4680,tcp,57149474539374,2241
4681,tcp,57149516139174,726
4682,tcp,57149557834734,116
4683,tcp,57149599502484,45
4684,tcp,57149641179324,31
4685,tcp,57149682894234,19
4686,tcp,57149724529854,13
4687,tcp,57149766194544,19
4688,tcp,57149807827824,19
4689,tcp,57149849472894,13
4690,tcp,57149891099514,19
4691,tcp,57149932935654,19
4692,tcp,57149974515474,212
4693,tcp,57150016147584,68
4694,tcp,57150057786984,25
4695,tcp,57150099487314,16
4696,tcp,57150141144714,19
4697,tcp,57150182787984,19
4698,tcp,57150224576694,13
4699,tcp,57150266476014,19
4700,tcp,57150307851804,19
4701,tcp,57150349604334,13
4702,tcp,57150391150764,19
4703,tcp,57150432827964,19
4704,tcp,57150474523254,1971
4705,tcp,57150516158514,716
4706,tcp,57150699717024,105
4707,tcp,57150699726834,28
4708,tcp,57150699728364,31
4709,tcp,57150699729444,23
4710,tcp,57150741459654,19
4711,tcp,57150783006264,19
4712,tcp,57150807873534,19
4713,tcp,57150849520314,13
4714,tcp,57150891204534,19
4715,tcp,57150932941314,19
4716,tcp,57150974548314,309
4717,tcp,57151016198874,155
4718,tcp,57151057792734,30
4719,tcp,57151099543284,17
4720,tcp,57151282942404,19
4721,tcp,57151282953114,19
4722,tcp,57151282954464,13
4723,tcp,57151282955634,19
4724,tcp,57151366385994,19
4725,tcp,57151366396254,13
4726,tcp,57151391215374,19
4727,tcp,57151466581734,19
4728,tcp,57151474590384,1110
4729,tcp,57151516187304,453
4730,tcp,57151566738414,46
4731,tcp,57151599519924,23
4732,tcp,57151641237804,22
4733,tcp,57151682858844,23
4734,tcp,57151724495904,15
4735,tcp,57151766189304,19
4736,tcp,57151807806564,19
4737,tcp,57151849516074,13
4738,tcp,57151891153314,19
4739,tcp,57151932833214,19
4740,tcp,57151974526254,334
4741,tcp,57152016213894,144
4742,tcp,57152057926284,25
4743,tcp,57152099511144,17
4744,tcp,57152141182944,19
4745,tcp,57152182844574,19
4746,tcp,57152224510434,13
4747,tcp,57152266167114,19
4748,tcp,57152307812724,19
4749,tcp,57152349536544,13
4750,tcp,57152491439634,8349
4751,tcp,57152491450704,97
4752,tcp,57152508416604,2096
4753,tcp,57152516146164,697
4754,tcp,57152591615934,53
4755,tcp,57152599522254,36
4756,tcp,57152641165344,57
4757,tcp,57152682779724,15
4758,tcp,57152724519744,13
4759,tcp,57152766246714,13
4760,tcp,57152807954514,13
4761,tcp,57152849505534,13
4762,tcp,57152891115684,13
4763,tcp,57152932804674,13
4764,tcp,57152974403754,281
4765,tcp,57153016166814,81
4766,tcp,57153057962904,22
4767,tcp,57153099487644,15
4768,tcp,57153141140094,13
4769,tcp,57153182870844,13
4770,tcp,57153224435634,13
4771,tcp,57153266104104,13
4772,tcp,57153307894254,13
4773,tcp,57153349574604,13
4774,tcp,57153391198164,13
4775,tcp,57153432826764,13
4776,tcp,57153474441054,1424
4777,tcp,57153516155604,693
4778,tcp,57153557836674,50
4779,tcp,57153599471844,25
4780,tcp,57153641198094,13
4781,tcp,57153682811394,13
4782,tcp,57153724436934,13
4783,tcp,57153766103064,13
4784,tcp,57153807821484,13
4785,tcp,57153849496704,13
4786,tcp,57153891122514,13
4787,tcp,57153932794674,13
4788,tcp,57153974484834,203
4789,tcp,57154016148894,104
4790,tcp,57154057778754,22
4791,tcp,57154099444074,13
4792,tcp,57154141190304,13
4793,tcp,57154324771854,13
4794,tcp,57154324786344,13
4795,tcp,57154324788684,13
4796,tcp,57154324790664,13
4797,tcp,57154366254474,13
4798,tcp,57154408250904,13
4799,tcp,57154432964094,13
4800,tcp,57154508419644,3660
4801,tcp,57154533173964,1238
4802,tcp,57154741310394,190
4803,tcp,57154741321014,33
4804,tcp,57154741322724,86
4805,tcp,57154741323894,17
4806,tcp,57154741324974,13
4807,tcp,57154824691524,13
4808,tcp,57154824706104,13
4809,tcp,57154849579044,13
4810,tcp,57154924843614,13
4811,tcp,57154932778194,13
4812,tcp,57155125196304,178
4813,tcp,57155125206744,60
4814,tcp,57155125208274,13
4815,tcp,57155158018134,13
4816,tcp,57155158028394,13
4817,tcp,57155225360004,13
4818,tcp,57155225370084,13
4819,tcp,57155449694094,13
4820,tcp,57155449707414,13
4821,tcp,57155449709394,13
4822,tcp,57155549801634,13
4823,tcp,57155549809644,13
4824,tcp,57155549812254,864
4825,tcp,57155549813784,505
4826,tcp,57155557823154,48
4827,tcp,57155650023924,31
4828,tcp,57155650034634,31
4829,tcp,57155682779964,30
4830,tcp,57155724487584,25
4831,tcp,57155766123744,28
4832,tcp,57155807899764,28
4833,tcp,57155849552664,25
4834,tcp,57155891170104,29
4835,tcp,57155932778544,28
4836,tcp,57155974499754,321
4837,tcp,57156016183074,168
4838,tcp,57156057805194,38
4839,tcp,57156099536124,31
4840,tcp,57156141219804,34
4841,tcp,57156182872254,32
4842,tcp,57156224465394,25
4843,tcp,57156266118564,28
4844,tcp,57156307817094,28
4845,tcp,57156349468194,25
4846,tcp,57156391116594,29
4847,tcp,57156432795504,28
4848,tcp,57156474485304,1444
4849,tcp,57156516131544,579
4850,tcp,57156557770944,58
4851,tcp,57156599511774,17
4852,tcp,57156641266464,23
4853,tcp,57156682869864,13
4854,tcp,57156724572174,13
4855,tcp,57156766168374,13
4856,tcp,57156807865464,13
4857,tcp,57156849436734,13
4858,tcp,57156891145524,13
4859,tcp,57156932840634,13
4860,tcp,57156974511264,345
4861,tcp,57157157937384,132
4862,tcp,57157157947734,20
4863,tcp,57157157949174,13
4864,tcp,57157157950254,13
4865,tcp,57157199631054,13
4866,tcp,57157241296104,13
4867,tcp,57157266142044,13
4868,tcp,57157307868294,13
4869,tcp,57157349547474,13
4870,tcp,57157391247984,13
4871,tcp,57157432785774,13
4872,tcp,57157474471794,1477
4873,tcp,57157516268514,581
4874,tcp,57157557904494,123
4875,tcp,57157599605454,33
4876,tcp,57157641142164,13
4877,tcp,57157682872014,13
4878,tcp,57157724598894,13
4879,tcp,57157766246934,13
4880,tcp,57157807850244,13
4881,tcp,57157849505574,13
4882,tcp,57157891214004,13
4883,tcp,57157932834594,13
4884,tcp,57157974501174,283
4885,tcp,57158016158214,81
4886,tcp,57158057866194,55
4887,tcp,57158099584794,13
4888,tcp,57158141319324,13
4889,tcp,57158182852074,13
4890,tcp,57158224506504,13
4891,tcp,57158266150584,13
4892,tcp,57158307819054,13
4893,tcp,57158349550704,13
4894,tcp,57158391195054,13
4895,tcp,57158432867394,13
4896,tcp,57158474559714,1564
4897,tcp,57158516180934,544
4898,tcp,57158557896744,48
4899,tcp,57158599516884,13
4900,tcp,57158641177164,13
4901,tcp,57158682837894,13
4902,tcp,57158724741084,13
4903,tcp,57158766272394,13
4904,tcp,57158807881914,13
4905,tcp,57158849599434,13
4906,tcp,57158891206164,13
4907,tcp,57158932918374,13
4908,tcp,57158974562724,310
4909,tcp,57159016165944,142
4910,tcp,57159199680984,21
4911,tcp,57159199696104,13
4912,tcp,57159199698534,13
4913,tcp,57159199700334,13
4914,tcp,57159241349454,13
4915,tcp,57159283007394,13
4916,tcp,57159307819134,13
4917,tcp,57159349534044,13
4918,tcp,57159391198464,13
4919,tcp,57159432877104,13
4920,tcp,57159474567984,1539
4921,tcp,57159516261114,577
4922,tcp,57159557928054,44
4923,tcp,57159599580504,20
4924,tcp,57159641279394,13
4925,tcp,57159682924104,13
4926,tcp,57159724548834,13
4927,tcp,57159766225674,13
4928,tcp,57159807880194,13
4929,tcp,57159849475134,13
4930,tcp,57159891185814,13
4931,tcp,57159932883624,13
4932,tcp,57159974571804,56
4933,tcp,57160016202744,52
4934,tcp,57160057894794,13
4935,tcp,57160099553994,13
4936,tcp,57160141293204,13
4937,tcp,57160182928014,13
4938,tcp,57160224596664,13
4939,tcp,57160266349284,13
4940,tcp,57160307813454,13
4941,tcp,57160349621334,13
4942,tcp,57160391205384,13
4943,tcp,57160432819584,13
4944,tcp,57160474553664,1904
4945,tcp,57160516181364,759
4946,tcp,57160557862704,59
4947,tcp,57160599482574,26
4948,tcp,57160641184434,30
4949,tcp,57160682893674,13
4950,tcp,57160724592474,13
4951,tcp,57160766195244,13
4952,tcp,57160807838154,13
4953,tcp,57160849508064,13
4954,tcp,57160891249434,13
4955,tcp,57160932890994,13
4956,tcp,57160974530574,318
4957,tcp,57161016176094,143
4958,tcp,57161057860134,19
4959,tcp,57161099530584,13
4960,tcp,57161141179524,13
4961,tcp,57161182887504,13
4962,tcp,57161224489014,13
4963,tcp,57161266238034,13
4964,tcp,57161307856554,13
4965,tcp,57161349530964,13
4966,tcp,57161391260544,13
4967,tcp,57161432860254,13
4968,tcp,57161474503704,1050
4969,tcp,57161516235624,407
4970,tcp,57161557866204,50
4971,tcp,57161599508484,32
4972,tcp,57161641224294,52
4973,tcp,57161682907164,18
4974,tcp,57161724535314,13
4975,tcp,57161766279294,13
4976,tcp,57161807858844,13
4977,tcp,57161849578704,13
4978,tcp,57161891261934,13
4979,tcp,57161932832484,13
4980,tcp,57161974568094,342
4981,tcp,57162016206594,106
4982,tcp,57162057827184,17
4983,tcp,57162099550104,13
4984,tcp,57162141193014,13
4985,tcp,57162182877774,13
4986,tcp,57162224516454,13
4987,tcp,57162266219124,13
4988,tcp,57162307838004,13
4989,tcp,57162349512594,13
4990,tcp,57162391192584,13
4991,tcp,57162432858804,13
4992,tcp,57162474530064,2138
4993,tcp,57162516188544,641
4994,tcp,57162557807154,134
4995,tcp,57162599431344,23
4996,tcp,57162641102874,92
4997,tcp,57162682761444,16
4998,tcp,57162724579044,13
4999,tcp,57162766156614,13
5000,tcp,57162908158524,9454
5001,tcp,57162908175264,118
5002,tcp,57162908178144,104
5003,tcp,57162932817354,63
5004,tcp,57162974499954,236
5005,tcp,57163016172024,76
5006,tcp,57163199706864,20
5007,tcp,57163199722524,13
5008,tcp,57163199725224,13
5009,tcp,57163199727024,13
5010,tcp,57163241327814,13
5011,tcp,57163283029134,13
5012,tcp,57163307811624,13
5013,tcp,57163349486484,13
5014,tcp,57163391157024,13
5015,tcp,57163432842594,13
5016,tcp,57163474469484,1550
5017,tcp,57163516174674,684
5018,tcp,57163557874284,53
5019,tcp,57163599612144,19
5020,tcp,57163641150654,79
5021,tcp,57163682796534,19
5022,tcp,57163724512614,13
5023,tcp,57163766145444,13
5024,tcp,57163807899144,13
5025,tcp,57163849483464,13
5026,tcp,57163891159944,13
5027,tcp,57163932870174,13
5028,tcp,57163974556374,321
5029,tcp,57164016251214,141
5030,tcp,57164057808804,18
5031,tcp,57164099528484,13
5032,tcp,57164141134224,13
5033,tcp,57164182840314,13
5034,tcp,57164224452084,13
5035,tcp,57164266214244,13
5036,tcp,57164307906294,13
5037,tcp,57164349470904,13
5038,tcp,57164391232884,13
5039,tcp,57164432809824,13
5040,tcp,57164475546324,3199
5041,tcp,57164516135514,1353
5042,tcp,57164557817394,121
5043,tcp,57164599505214,30
5044,tcp,57164641125534,204
5045,tcp,57164682756474,28
5046,tcp,57164724486324,13
5047,tcp,57164766121134,16
5048,tcp,57164807949534,16
5049,tcp,57164849524674,13
5050,tcp,57164891163984,16
5051,tcp,57164932772334,16
5052,tcp,57164974444674,220
5053,tcp,57165016268484,70
5054,tcp,57165057875934,78
5055,tcp,57165099512544,15
5056,tcp,57165141228984,16
5057,tcp,57165182874774,16
5058,tcp,57165224437044,13
5059,tcp,57165266129724,16
5060,tcp,57165307857234,16
5061,tcp,57165349466664,13
5062,tcp,57165391134324,16
5063,tcp,57165432851304,16
5064,tcp,57165616313064,630
5065,tcp,57165616324314,361
5066,tcp,57165616326384,32
5067,tcp,57165616348794,13
5068,tcp,57165658067394,16
5069,tcp,57165699675564,16
5070,tcp,57165724480194,13
5071,tcp,57165766134264,16
5072,tcp,57165807935394,16
5073,tcp,57165849465534,13
5074,tcp,57165891171084,16
5075,tcp,57165932813634,16
5076,tcp,57165974403804,337
5077,tcp,57166016135364,137
5078,tcp,57166057798884,21
5079,tcp,57166099449534,13
5080,tcp,57166141130784,16
5081,tcp,57166182785574,16
5082,tcp,57166224476094,13
5083,tcp,57166266089124,16
5084,tcp,57166307819604,16
5085,tcp,57166349525244,13
5086,tcp,57166391151864,16
5087,tcp,57166432776504,16
5088,tcp,57166474467294,1796
5089,tcp,57166532974044,473
5090,tcp,57166557865074,86
5091,tcp,57166599518424,24
5092,tcp,57166641199494,29
5093,tcp,57166682822244,25
5094,tcp,57166724539404,13
5095,tcp,57166766118504,16
5096,tcp,57166807852404,16
5097,tcp,57166849555254,13
5098,tcp,57166891176924,16
5099,tcp,57166932910104,16
5100,tcp,57166974544644,355
5101,tcp,57167016331104,147
5102,tcp,57167057850444,18
5103,tcp,57167099505144,13
5104,tcp,57167141171184,16
5105,tcp,57167182851354,16
5106,tcp,57167224427304,13
5107,tcp,57167266284234,16
5108,tcp,57167307814194,16
5109,tcp,57167349486264,13
5110,tcp,57167391181284,16
5111,tcp,57167432835174,16
5112,tcp,57167474489514,1459
5113,tcp,57167516110104,584
5114,tcp,57167557867404,141
5115,tcp,57167599544514,24
5116,tcp,57167641111554,21
5117,tcp,57167682803154,16
5118,tcp,57167724489804,13
5119,tcp,57167766147114,16
5120,tcp,57167807784354,16
5121,tcp,57167849548764,13
5122,tcp,57167891160714,16
5123,tcp,57167932828644,16
5124,tcp,57167974440234,273
5125,tcp,57168016140564,84
5126,tcp,57168057822714,30
5127,tcp,57168099431424,15
5128,tcp,57168141152634,16
5129,tcp,57168182884554,16
5130,tcp,57168224524224,13
5131,tcp,57168266167764,16
5132,tcp,57168307860804,16
5133,tcp,57168349500744,13
5134,tcp,57168391171284,16
5135,tcp,57168432877464,16
5136,tcp,57168474473484,1529
5137,tcp,57168516169764,506
5138,tcp,57168574711434,40
5139,tcp,57168599519214,16
5140,tcp,57168641163744,16
5141,tcp,57168682756704,16
5142,tcp,57168724498704,13
5143,tcp,57168766310274,16
5144,tcp,57168807935454,16
5145,tcp,57168849491244,13
5146,tcp,57168891147834,16
5147,tcp,57168932900094,16
5148,tcp,57168974415204,326
5149,tcp,57169016165754,143
5150,tcp,57169057912524,18
5151,tcp,57169099456794,13
5152,tcp,57169141238484,16
5153,tcp,57169182805884,16
5154,tcp,57169224497304,13
5155,tcp,57169266200334,16
5156,tcp,57169307756934,16
5157,tcp,57169349596944,13
5158,tcp,57169391163804,16
5159,tcp,57169432859274,16
5160,tcp,57169474514514,1692
5161,tcp,57169516135824,683
5162,tcp,57169557860544,77
5163,tcp,57169599423534,25
5164,tcp,57169641143304,16
5165,tcp,57169682808264,16
5166,tcp,57169724534064,13
5167,tcp,57169766224764,16
5168,tcp,57169807869024,16
5169,tcp,57169849431564,13
5170,tcp,57169891173294,16
5171,tcp,57169932809904,16
5172,tcp,57169974437154,229
5173,tcp,57170016146214,96
5174,tcp,57170057861844,16
5175,tcp,57170099542104,13
5176,tcp,57170141236854,16
5177,tcp,57170182821804,16
5178,tcp,57170224463814,13
5179,tcp,57170266124904,16
5180,tcp,57170307778074,16
5181,tcp,57170349506664,13
5182,tcp,57170391185394,16
5183,tcp,57170432790594,16
5184,tcp,57170474531424,1994
5185,tcp,57170516175504,779
5186,tcp,57170557849014,96
5187,tcp,57170599528734,22
5188,tcp,57170641100094,16
5189,tcp,57170682792054,16
5190,tcp,57170724429114,13
5191,tcp,57170766154644,16
5192,tcp,57170807874954,16
5193,tcp,57170849464674,13
5194,tcp,57170891126844,16
5195,tcp,57170932811874,16
5196,tcp,57170974458384,243
5197,tcp,57171016135674,128
5198,tcp,57171057885594,23
5199,tcp,57171099531564,13
5200,tcp,57171283057314,16
5201,tcp,57171283071714,16
5202,tcp,57171283077924,13
5203,tcp,57171283079994,16
5204,tcp,57171324721914,16
5205,tcp,57171366338904,13
5206,tcp,57171391141374,16
5207,tcp,57171432851964,16
5208,tcp,57171474553284,1069
5209,tcp,57171516138414,388
5210,tcp,57171699575244,49
5211,tcp,57171699586224,25
5212,tcp,57171699587844,22
5213,tcp,57171699588924,16
5214,tcp,57171782994804,13
5215,tcp,57171783004164,16
5216,tcp,57171807757854,16
5217,tcp,57171883181364,13
5218,tcp,57171891134214,16
5219,tcp,57171932808534,16
5220,tcp,57171983323644,349
5221,tcp,57172016200104,123
5222,tcp,57172057805574,21
5223,tcp,57172099561884,13
5224,tcp,57172141167174,16
5225,tcp,57172182852744,16
5226,tcp,57172224479184,13
5227,tcp,57172266157644,16
5228,tcp,57172307765814,16
5229,tcp,57172349535894,13
5230,tcp,57172391183124,16
5231,tcp,57172432886604,16
5232,tcp,57172474466514,2212
5233,tcp,57172516106544,740
5234,tcp,57172557782664,100
5235,tcp,57172599448434,26
5236,tcp,57172641207894,16
5237,tcp,57172682773404,16
5238,tcp,57172724440704,13
5239,tcp,57172766241744,16
5240,tcp,57172807839384,16
5241,tcp,57172849477254,13
5242,tcp,57172891239954,16
5243,tcp,57172932804474,16
5244,tcp,57172974465744,286
5245,tcp,57173016189924,86
5246,tcp,57173057864244,18
5247,tcp,57173099537034,13
5248,tcp,57173141414664,16
5249,tcp,57173182883784,16
5250,tcp,57173324751324,9493
5251,tcp,57173324761224,196
5252,tcp,57173324763114,73
5253,tcp,57173349469194,75
5254,tcp,57173391124974,79
5255,tcp,57173432839704,67
5256,tcp,57173474546064,1544
5257,tcp,57173516162784,774
5258,tcp,57173557819104,113
5259,tcp,57173599588914,24
5260,tcp,57173641192404,55
5261,tcp,57173682773124,57
5262,tcp,57173724460404,13
5263,tcp,57173766152454,55
5264,tcp,57173807809494,52
5265,tcp,57173849541504,13
5266,tcp,57173891165784,52
5267,tcp,57173932844604,52
5268,tcp,57173974438734,310
5269,tcp,57174157970964,178
5270,tcp,57174157980774,57
5271,tcp,57174157982214,16
5272,tcp,57174157983474,52
5273,tcp,57174199689564,52
5274,tcp,57174241379994,13
5275,tcp,57174266189574,52
5276,tcp,57174307850664,52
5277,tcp,57174349494924,13
5278,tcp,57174391135134,52
5279,tcp,57174432808734,52
5280,tcp,57174474505734,2616
5281,tcp,57174516245934,1122
5282,tcp,57174557958684,124
5283,tcp,57174599474064,35
5284,tcp,57174641228754,129
5285,tcp,57174682840344,59
5286,tcp,57174866337024,13
5287,tcp,57174866346294,52
5288,tcp,57174866347734,52
5289,tcp,57174866348904,13
5290,tcp,57174908141214,52
5291,tcp,57174949651194,52
5292,tcp,57174974471394,234
5293,tcp,57175049858094,136
5294,tcp,57175057829574,59
5295,tcp,57175099488504,13
5296,tcp,57175141178754,55
5297,tcp,57175182839844,52
5298,tcp,57175224487344,13
5299,tcp,57175266183714,52
5300,tcp,57175308148464,52
5301,tcp,57175349694264,13
5302,tcp,57175391235744,52
5303,tcp,57175432890714,52
5304,tcp,57175474601844,853
5305,tcp,57175516263474,234
5306,tcp,57175557872544,85
5307,tcp,57175599527514,17
5308,tcp,57175641230184,59
5309,tcp,57175682901174,55
5310,tcp,57175724553444,13
5311,tcp,57175766255304,52
5312,tcp,57175807980924,52
5313,tcp,57175849502334,13
5314,tcp,57176033153274,52
5315,tcp,57176033162724,52
5316,tcp,57176033165154,323
5317,tcp,57176033167044,187
5318,tcp,57176116340544,62
5319,tcp,57176116350984,18
5320,tcp,57176141271084,52
5321,tcp,57176216560584,52
5322,tcp,57176224499124,13
5323,tcp,57176266257054,52
5324,tcp,57176316803034,52
5325,tcp,57176349563934,13
5326,tcp,57176391201174,52
5327,tcp,57176432902134,52
5328,tcp,57176474591124,1279
5329,tcp,57176516195964,376
5330,tcp,57176557910604,148
5331,tcp,57176599527774,24
5332,tcp,57176641213974,55
5333,tcp,57176682868224,57
5334,tcp,57176724545604,13
5335,tcp,57176766208044,52
5336,tcp,57176807864904,52
5337,tcp,57176849525634,13
5338,tcp,57176891321184,52
5339,tcp,57176932873914,52
5340,tcp,57176974496304,349
5341,tcp,57177016160994,144
5342,tcp,57177057895074,63
5343,tcp,57177099523044,18
5344,tcp,57177141236334,52
5345,tcp,57177182850984,52
5346,tcp,57177224609004,13
5347,tcp,57177266200254,52
5348,tcp,57177307921014,52
5349,tcp,57177349557714,13
5350,tcp,57177391173174,52
5351,tcp,57177432833184,52
5352,tcp,57177474552144,1476
5353,tcp,57177516256614,720
5354,tcp,57177557817084,145
5355,tcp,57177599533434,23
5356,tcp,57177641228724,71
5357,tcp,57177682845804,57
5358,tcp,57177724570164,15
5359,tcp,57177766232514,52
5360,tcp,57177949658364,52
5361,tcp,57177949668444,13
5362,tcp,57177949669974,52
5363,tcp,57177949671144,52
5364,tcp,57178033018164,269
5365,tcp,57178033036974,119
5366,tcp,57178057932144,63
5367,tcp,57178133194284,13
5368,tcp,57178141143354,52
5369,tcp,57178182822984,52
5370,tcp,57178233359424,13
5371,tcp,57178282996314,52
5372,tcp,57178307859264,52
5373,tcp,57178349528184,13
5374,tcp,57178391138964,52
5375,tcp,57178432819584,52
5376,tcp,57178474594254,1526
5377,tcp,57178516175334,572
5378,tcp,57178557902124,69
5379,tcp,57178599590574,15
5380,tcp,57178641182454,52
5381,tcp,57178682854974,52
5382,tcp,57178724495994,13
5383,tcp,57178766160864,52
5384,tcp,57178807928064,52
5385,tcp,57178849522644,13
5386,tcp,57178891195524,52
5387,tcp,57178932842754,52
5388,tcp,57178974518964,333
5389,tcp,57179157963174,181
5390,tcp,57179157973164,58
5391,tcp,57179157974694,13
5392,tcp,57179157976044,52
5393,tcp,57179241336564,52
5394,tcp,57179241347364,13
5395,tcp,57179266148214,52
5396,tcp,57179341515654,52
5397,tcp,57179349487944,13
5398,tcp,57179391145974,52
5399,tcp,57179441672064,52
5400,tcp,57179491390944,2283
5401,tcp,57179541855564,648
5402,tcp,57179557770624,168
5403,tcp,57179599521714,20
5404,tcp,57179641266234,20
5405,tcp,57179682864954,16
5406,tcp,57179724577614,13
5407,tcp,57179766211074,16
5408,tcp,57179808093294,16
5409,tcp,57179849691564,13
5410,tcp,57179891185704,16
5411,tcp,57179932857684,16
5412,tcp,57179974520034,227
5413,tcp,57180016319094,79
5414,tcp,57180057875964,16
5415,tcp,57180099673854,13
5416,tcp,57180141211914,16
5417,tcp,57180182821614,16
5418,tcp,57180224568564,13
5419,tcp,57180266178984,16
5420,tcp,57180307823874,16
5421,tcp,57180349523304,13
5422,tcp,57180391200324,16
5423,tcp,57180432858264,16
5424,tcp,57180474561834,1950
5425,tcp,57180516311574,753
5426,tcp,57180557917044,47
5427,tcp,57180599574624,13
5428,tcp,57180641206554,23
5429,tcp,57180682871244,18
5430,tcp,57180724538274,13
5431,tcp,57180766265154,16
5432,tcp,57180807855684,16
5433,tcp,57180849600924,13
5434,tcp,57180891227094,16
5435,tcp,57180932854074,16
5436,tcp,57180974515794,291
5437,tcp,57181016173734,139
5438,tcp,57181057842024,16
5439,tcp,57181099558194,13
5440,tcp,57181141259514,16
5441,tcp,57181182851574,16
5442,tcp,57181224502674,13
5443,tcp,57181266192474,16
5444,tcp,57181307876784,16
5445,tcp,57181349528784,13
5446,tcp,57181391245944,16
5447,tcp,57181432846824,16
5448,tcp,57181474560204,1105
5449,tcp,57181516138314,398
5450,tcp,57181557859344,52
5451,tcp,57181599518544,23
5452,tcp,57181641172164,35
5453,tcp,57181682911554,18
5454,tcp,57181724521794,13
5455,tcp,57181766167944,16
5456,tcp,57181807793754,16
5457,tcp,57181849514514,13
5458,tcp,57181891192434,16
5459,tcp,57181932928674,16
5460,tcp,57181974640974,224
5461,tcp,57182157959274,106
5462,tcp,57182157968814,22
5463,tcp,57182157970254,13
5464,tcp,57182157971334,16
5465,tcp,57182241316914,16
5466,tcp,57182241330234,13
5467,tcp,57182266189494,16
5468,tcp,57182341497174,16
5469,tcp,57182349426174,13
5470,tcp,57182391169254,16
5471,tcp,57182441730084,16
5472,tcp,57182491430964,2145
5473,tcp,57182541970014,571
5474,tcp,57182557843764,110
5475,tcp,57182599653894,19
5476,tcp,57182641212204,18
5477,tcp,57182682903264,16
5478,tcp,57182724566154,13
5479,tcp,57182766238944,16
5480,tcp,57182807889324,16
5481,tcp,57182849490564,13
5482,tcp,57182891240754,16
5483,tcp,57182932874394,16
5484,tcp,57182974532874,282
5485,tcp,57183016201974,84
5486,tcp,57183057868554,28
5487,tcp,57183099554754,13
5488,tcp,57183141204504,16
5489,tcp,57183182875134,16
5490,tcp,57183224561424,13
5491,tcp,57183266155104,16
5492,tcp,57183307848234,16
5493,tcp,57183349526694,13
5494,tcp,57183391194174,16
5495,tcp,57183432861204,16
5496,tcp,57183474527064,1598
5497,tcp,57183516169434,644
5498,tcp,57183557863734,62
5499,tcp,57183599555424,19
5500,tcp,57183741655884,8910
5501,tcp,57183741670824,142
5502,tcp,57183741673884,28
5503,tcp,57183800053014,39
5504,tcp,57183807807234,16
5505,tcp,57183849570474,13
5506,tcp,57183891294024,16
5507,tcp,57183932944404,16
5508,tcp,57183974597664,322
5509,tcp,57184016249034,169
5510,tcp,57184057861614,24
5511,tcp,57184099528194,16
5512,tcp,57184141177584,16
5513,tcp,57184182887814,16
5514,tcp,57184224672744,13
5515,tcp,57184266273804,16
5516,tcp,57184307916804,16
5517,tcp,57184349512374,13
5518,tcp,57184391183634,16
5519,tcp,57184432866144,16
5520,tcp,57184475626944,3069
5521,tcp,57184516213974,1107
5522,tcp,57184557888564,271
5523,tcp,57184599574944,29
5524,tcp,57184641176004,22
5525,tcp,57184682939154,16
5526,tcp,57184724613924,13
5527,tcp,57184766190594,16
5528,tcp,57184807873374,16
5529,tcp,57184849555164,13
5530,tcp,57184891187994,16
5531,tcp,57184932878064,16
5532,tcp,57184974533034,217
5533,tcp,57185016185394,96
5534,tcp,57185057839014,20
5535,tcp,57185099547894,13
5536,tcp,57185141329584,16
5537,tcp,57185182867644,16
5538,tcp,57185224530174,13
5539,tcp,57185266205124,16
5540,tcp,57185307886374,16
5541,tcp,57185349624504,13
5542,tcp,57185391215844,16
5543,tcp,57185432875764,16
5544,tcp,57185474592834,883
5545,tcp,57185516182374,342
5546,tcp,57185557854174,59
5547,tcp,57185599557924,16
5548,tcp,57185641256274,16
5549,tcp,57185683042644,16
5550,tcp,57185724602304,13
5551,tcp,57185766275904,16
5552,tcp,57185807872554,16
5553,tcp,57185849591604,13
5554,tcp,57185891202564,16
5555,tcp,57185932966164,16
5556,tcp,57185974529784,330
5557,tcp,57186016196904,195
5558,tcp,57186057850704,31
5559,tcp,57186099560754,21
5560,tcp,57186141185754,16
5561,tcp,57186182887884,16
5562,tcp,57186224710524,13
5563,tcp,57186266216544,16
5564,tcp,57186307925514,16
5565,tcp,57186349616484,13
5566,tcp,57186391284414,16
5567,tcp,57186432880884,16
5568,tcp,57186474559704,1688
5569,tcp,57186516247434,573
5570,tcp,57186557944614,136
5571,tcp,57186599543604,25
5572,tcp,57186641228724,18
5573,tcp,57186682835724,16
5574,tcp,57186724535244,13
5575,tcp,57186766177074,16
5576,tcp,57186807889644,16
5577,tcp,57186849523464,13
5578,tcp,57186891229554,16
5579,tcp,57186932854374,16
5580,tcp,57186974515464,350
5581,tcp,57187016113914,177
5582,tcp,57187057881024,20
5583,tcp,57187099517724,15
5584,tcp,57187141225254,16
5585,tcp,57187182838914,16
5586,tcp,57187224519624,13
5587,tcp,57187266165954,16
5588,tcp,57187307861334,16
5589,tcp,57187349575344,13
5590,tcp,57187391182524,16
5591,tcp,57187432860894,16
5592,tcp,57187474534134,1173
5593,tcp,57187516201704,508
5594,tcp,57187557864414,103
5595,tcp,57187599479694,25
5596,tcp,57187641211164,100
5597,tcp,57187682895474,25
5598,tcp,57187724505534,21
5599,tcp,57187766317734,18
5600,tcp,57187807887924,20
5601,tcp,57187849556124,17
5602,tcp,57187891259244,16
5603,tcp,57187932888204,16
5604,tcp,57187974608964,246
5605,tcp,57188016218844,99
5606,tcp,57188057961114,24
5607,tcp,57188099557584,13
5608,tcp,57188141186994,16
5609,tcp,57188182864374,16
5610,tcp,57188224555974,13
5611,tcp,57188266173144,16
5612,tcp,57188307833514,16
5613,tcp,57188349569304,13
5614,tcp,57188391194664,16
5615,tcp,57188432856024,16
5616,tcp,57188474540514,1464
5617,tcp,57188516231304,480
5618,tcp,57188557861434,121
5619,tcp,57188599558884,20
5620,tcp,57188641268664,27
5621,tcp,57188682908694,18
5622,tcp,57188724575904,15
5623,tcp,57188908099224,18
5624,tcp,57188908118394,16
5625,tcp,57188908120734,13
5626,tcp,57188908122534,16
5627,tcp,57188949689304,16
5628,tcp,57188991443004,317
5629,tcp,57189016146384,181
5630,tcp,57189057862824,20
5631,tcp,57189099510594,13
5632,tcp,57189141367344,16
5633,tcp,57189182881914,16
5634,tcp,57189224539764,13
5635,tcp,57189266186094,16
5636,tcp,57189307896684,16
5637,tcp,57189349530774,13
5638,tcp,57189391205814,16
5639,tcp,57189432950424,16
5640,tcp,57189474562284,1441
5641,tcp,57189516179274,608
5642,tcp,57189557861784,107
5643,tcp,57189599525124,19
5644,tcp,57189641183964,21
5645,tcp,57189682971774,16
5646,tcp,57189866377554,13
5647,tcp,57189866387904,16
5648,tcp,57189866389254,16
5649,tcp,57189866390334,13
5650,tcp,57189907993644,16
5651,tcp,57189949591014,16
5652,tcp,57189974546214,201
5653,tcp,57190016181564,99
5654,tcp,57190057938054,19
5655,tcp,57190099562784,16
5656,tcp,57190141188864,16
5657,tcp,57190182903594,16
5658,tcp,57190224486564,13
5659,tcp,57190266189774,16
5660,tcp,57190307850324,16
5661,tcp,57190349507274,13
5662,tcp,57190391215254,16
5663,tcp,57190432828104,16
5664,tcp,57190474504314,1960
5665,tcp,57190516280514,663
5666,tcp,57190557980484,85
5667,tcp,57190599617094,15
5668,tcp,57190641185484,35
5669,tcp,57190682868894,18
5670,tcp,57190724552754,13
5671,tcp,57190766301144,16
5672,tcp,57190807864854,16
5673,tcp,57190849555554,13
5674,tcp,57190891234194,16
5675,tcp,57190932909414,16
5676,tcp,57190974527304,316
5677,tcp,57191016209814,175
5678,tcp,57191057822484,28
5679,tcp,57191099568264,16
5680,tcp,57191141159694,16
5681,tcp,57191182915914,16
5682,tcp,57191224461444,13
5683,tcp,57191266173294,16
5684,tcp,57191307847884,16
5685,tcp,57191349665934,13
5686,tcp,57191391259614,16
5687,tcp,57191432909274,16
5688,tcp,57191474532654,1069
5689,tcp,57191516218044,378
5690,tcp,57191557807854,118
5691,tcp,57191599507914,31
5692,tcp,57191641192764,18
5693,tcp,57191682881664,16
5694,tcp,57191724526824,13
5695,tcp,57191766266214,16
5696,tcp,57191807937384,16
5697,tcp,57191849683704,13
5698,tcp,57191891406804,16
5699,tcp,57191932941444,16
5700,tcp,57191974543764,342
5701,tcp,57192016349754,164
5702,tcp,57192057872334,21
5703,tcp,57192241351824,17
5704,tcp,57192241362804,22
5705,tcp,57192241367664,18
5706,tcp,57192241368924,15
5707,tcp,57192324744384,16
5708,tcp,57192324754464,16
5709,tcp,57192349512384,13
5710,tcp,57192424939044,16
5711,tcp,57192432803874,16
5712,tcp,57192525122184,2113
5713,tcp,57192525135234,703
5714,tcp,57192557928264,53
5715,tcp,57192625253214,31
5716,tcp,57192641220204,71
5717,tcp,57192682884804,26
5718,tcp,57192724574604,18
5719,tcp,57192766220214,16
5720,tcp,57192807886794,16
5721,tcp,57192849540954,13
5722,tcp,57192891238314,16
5723,tcp,57192932843874,16
5724,tcp,57192974550234,161
5725,tcp,57193016189274,87
5726,tcp,57193057920834,20
5727,tcp,57193099559244,13
5728,tcp,57193141244904,16
5729,tcp,57193324638804,16
5730,tcp,57193324648974,13
5731,tcp,57193324650324,16
5732,tcp,57193324651494,16
5733,tcp,57193407978264,13
5734,tcp,57193407992484,16
5735,tcp,57193432874334,16
5736,tcp,57193508137104,1576
5737,tcp,57193533112644,671
5738,tcp,57193608305034,116
5739,tcp,57193608315384,19
5740,tcp,57193641218214,16
5741,tcp,57193682858064,16
5742,tcp,57193724518524,13
5743,tcp,57193766172774,16
5744,tcp,57193807907754,16
5745,tcp,57193849491264,13
5746,tcp,57193891172064,16
5747,tcp,57193932850344,16
5748,tcp,57193974535914,322
5749,tcp,57194016220764,184
5750,tcp,57194216534034,9264
5751,tcp,57194216541054,85
5752,tcp,57194216542944,118
5753,tcp,57194216544204,36
5754,tcp,57194224449264,21
5755,tcp,57194266158054,18
5756,tcp,57194307869004,18
5757,tcp,57194349604254,16
5758,tcp,57194391196044,18
5759,tcp,57194432811684,18
5760,tcp,57194475628374,4032
5761,tcp,57194516228004,1349
5762,tcp,57194557839054,322
5763,tcp,57194599530564,52
5764,tcp,57194641220094,84
5765,tcp,57194682989814,25
5766,tcp,57194724521214,13
5767,tcp,57194766311364,13
5768,tcp,57194807968764,13
5769,tcp,57194849617794,13
5770,tcp,57194891284014,13
5771,tcp,57194932902894,13
5772,tcp,57194974580004,233
5773,tcp,57195016281864,87
5774,tcp,57195057846924,13
5775,tcp,57195099543294,13
5776,tcp,57195141162354,13
5777,tcp,57195182887704,13
5778,tcp,57195224558244,13
5779,tcp,57195266188284,13
5780,tcp,57195307864404,13
5781,tcp,57195349538454,13
5782,tcp,57195391264884,13
5783,tcp,57195432935244,13
5784,tcp,57195474495624,873
5785,tcp,57195516175974,378
5786,tcp,57195557828154,49
5787,tcp,57195599531184,30
5788,tcp,57195641161134,44
5789,tcp,57195682835364,20
5790,tcp,57195724542804,13
5791,tcp,57195766178964,13
5792,tcp,57195807851394,13
5793,tcp,57195849495654,13
5794,tcp,57195891180594,13
5795,tcp,57195932898024,13
5796,tcp,57195974609154,303
5797,tcp,57196016235864,155
5798,tcp,57196057908654,16
5799,tcp,57196099568664,13
5800,tcp,57196141266744,13
5801,tcp,57196182821634,13
5802,tcp,57196224581904,13
5803,tcp,57196266306624,13
5804,tcp,57196307905344,13
5805,tcp,57196349528274,13
5806,tcp,57196391213124,13
5807,tcp,57196432828404,13
5808,tcp,57196474544394,1634
5809,tcp,57196516190454,485
5810,tcp,57196557844164,92
5811,tcp,57196599601914,23
5812,tcp,57196782919224,24
5813,tcp,57196782929574,20
5814,tcp,57196782930924,13
5815,tcp,57196782932004,13
5816,tcp,57196824720174,13
5817,tcp,57196866348324,13
5818,tcp,57196891154124,13
5819,tcp,57196932803424,13
5820,tcp,57196974550644,353
5821,tcp,57197016202734,144
5822,tcp,57197058034464,18
5823,tcp,57197099489994,13
5824,tcp,57197141219214,13
5825,tcp,57197182831074,13
5826,tcp,57197224544094,13
5827,tcp,57197266193664,13
5828,tcp,57197307899034,13
5829,tcp,57197349590634,13
5830,tcp,57197391185124,13
5831,tcp,57197432899494,13
5832,tcp,57197474540874,1475
5833,tcp,57197516208624,594
5834,tcp,57197557846044,131
5835,tcp,57197599517304,23
5836,tcp,57197641200624,16
5837,tcp,57197682840474,13
5838,tcp,57197724521994,13
5839,tcp,57197766176964,13
5840,tcp,57197807826084,13
5841,tcp,57197849539824,13
5842,tcp,57197891145384,13
5843,tcp,57197932822584,13
5844,tcp,57197974656834,285
5845,tcp,57198016246284,86
5846,tcp,57198057832044,16
5847,tcp,57198099556944,13
5848,tcp,57198141239184,13
5849,tcp,57198182909364,13
5850,tcp,57198224650644,13
5851,tcp,57198266230014,13
5852,tcp,57198307979844,13
5853,tcp,57198349549044,13
5854,tcp,57198391231194,13
5855,tcp,57198432965634,13
5856,tcp,57198474612324,956
5857,tcp,57198516200424,430
5858,tcp,57198557836764,36
5859,tcp,57198599625564,16
5860,tcp,57198641169834,13
5861,tcp,57198682872684,13
5862,tcp,57198724513344,13
5863,tcp,57198766193154,13
5864,tcp,57198807873594,13
5865,tcp,57198849635034,13
5866,tcp,57198891208284,13
5867,tcp,57198932928234,13
5868,tcp,57198974554854,327
5869,tcp,57199016284254,148
5870,tcp,57199057960734,16
5871,tcp,57199099596264,13
5872,tcp,57199141300104,13
5873,tcp,57199182924204,13
5874,tcp,57199224634884,13
5875,tcp,57199407967944,13
5876,tcp,57199407978204,13
5877,tcp,57199407979554,13
5878,tcp,57199407980724,13
5879,tcp,57199449736584,13
5880,tcp,57199508130384,1666
5881,tcp,57199549992714,563
5882,tcp,57199608365364,56
5883,tcp,57199608378324,23
5884,tcp,57199641170094,18
5885,tcp,57199682812554,13
5886,tcp,57199724540604,13
5887,tcp,57199766163624,13
5888,tcp,57199807846314,13
5889,tcp,57199849507224,13
5890,tcp,57199891162644,13
5891,tcp,57199932910584,13
5892,tcp,57199974546834,211
5893,tcp,57200016277674,79
5894,tcp,57200057916534,13
5895,tcp,57200099536314,13
5896,tcp,57200141213604,13
5897,tcp,57200182897824,13
5898,tcp,57200224555944,13
5899,tcp,57200266245024,13
5900,tcp,57200307906564,13
5901,tcp,57200349569814,13
5902,tcp,57200391230724,13
5903,tcp,57200432942754,13
5904,tcp,57200474554524,1942
5905,tcp,57200516215884,711
5906,tcp,57200557887054,117
5907,tcp,57200599566864,22
5908,tcp,57200641205364,38
5909,tcp,57200682849084,18
5910,tcp,57200724508734,15
5911,tcp,57200766188274,13
5912,tcp,57200807865924,13
5913,tcp,57200849596674,13
5914,tcp,57200891313654,13
5915,tcp,57200932919664,13
5916,tcp,57200974545564,324
5917,tcp,57201016173714,154
5918,tcp,57201199672194,23
5919,tcp,57201199683624,13
5920,tcp,57201199684974,13
5921,tcp,57201199686054,13
5922,tcp,57201241299444,13
5923,tcp,57201414273954,13
5924,tcp,57201414283314,13
5925,tcp,57201414287544,13
5926,tcp,57201414288714,13
5927,tcp,57201508142424,13
5928,tcp,57201508152144,1103
5929,tcp,57201516206964,472
5930,tcp,57201608428524,118
5931,tcp,57201608441664,28
5932,tcp,57201708643614,17
5933,tcp,57201708654324,13
5934,tcp,57201724464624,13
5935,tcp,57201766220664,13
5936,tcp,57201807889944,13
5937,tcp,57201849558324,13
5938,tcp,57201891181794,13
5939,tcp,57201933028734,13
5940,tcp,57201974578674,338
5941,tcp,57202016162724,128
5942,tcp,57202057883754,23
5943,tcp,57202099664004,15
5944,tcp,57202141253184,13
5945,tcp,57202324750584,13
5946,tcp,57202324761654,13
5947,tcp,57202324763004,13
5948,tcp,57202324764174,13
5949,tcp,57202408112724,13
5950,tcp,57202408123254,13
5951,tcp,57202432866234,13
5952,tcp,57202508305494,2127
5953,tcp,57202533048654,601
5954,tcp,57202608541284,99
5955,tcp,57202608553524,20
5956,tcp,57202641269784,24
5957,tcp,57202682878134,13
5958,tcp,57202866345834,13
5959,tcp,57202866358794,13
5960,tcp,57202866360234,13
5961,tcp,57202866361404,13
5962,tcp,57202949711664,13
5963,tcp,57202949721744,13
5964,tcp,57202974530514,280
5965,tcp,57203049947454,83
5966,tcp,57203057829834,22
5967,tcp,57203099572464,13
5968,tcp,57203150164974,27
5969,tcp,57203182914714,15
5970,tcp,57203224625034,13
5971,tcp,57203266294584,13
5972,tcp,57203307961704,13
5973,tcp,57203349542334,13
5974,tcp,57203391256524,13
5975,tcp,57203432944434,13
5976,tcp,57203474532984,1573
5977,tcp,57203516163834,720
5978,tcp,57203557881714,42
5979,tcp,57203599462524,19
5980,tcp,57203641159254,38
5981,tcp,57203682824034,16
5982,tcp,57203724498714,13
5983,tcp,57203766222804,16
5984,tcp,57203807837994,16
5985,tcp,57203849461104,13
5986,tcp,57203891191854,15
5987,tcp,57203932798404,16
5988,tcp,57203974536624,199
5989,tcp,57204016174404,106
5990,tcp,57204057896784,24
5991,tcp,57204099481194,19
5992,tcp,57204141208434,13
5993,tcp,57204182901654,13
5994,tcp,57204224583444,13
5995,tcp,57204266224644,13
5996,tcp,57204307919304,13
5997,tcp,57204349602084,13
5998,tcp,57204391246164,13
5999,tcp,57204432828774,13
6000,tcp,57204633322404,7659
6001,tcp,57204633334194,94
6002,tcp,57204633341124,36
6003,tcp,57204633343464,21
6004,tcp,57204674855604,13
6005,tcp,57204699706134,13
6006,tcp,57204733430934,13
6007,tcp,57204775129914,13
6008,tcp,57204807874884,13
6009,tcp,57204849492864,13
6010,tcp,57204891228564,13
6011,tcp,57204932942304,13
6012,tcp,57204974521584,176
6013,tcp,57205016187984,70
6014,tcp,57205057865184,19
6015,tcp,57205099545984,13
6016,tcp,57205141229304,13
6017,tcp,57205182924864,13
6018,tcp,57205224577134,13
6019,tcp,57205408077054,13
6020,tcp,57205408088034,13
6021,tcp,57205408089474,13
6022,tcp,57205408090554,13
6023,tcp,57205491485634,13
6024,tcp,57205491502554,861
6025,tcp,57205516173624,336
6026,tcp,57205591639614,42
6027,tcp,57205599448284,29
6028,tcp,57205641136824,35
6029,tcp,57205691856684,35
6030,tcp,57205724584734,25
6031,tcp,57205766251134,28
6032,tcp,57205807872264,28
6033,tcp,57205849559184,25
6034,tcp,57205891169334,28
6035,tcp,57205932921414,28
6036,tcp,57205974535884,318
6037,tcp,57206016257634,151
6038,tcp,57206057867244,38
6039,tcp,57206099493684,29
6040,tcp,57206141178714,34
6041,tcp,57206182868334,36
6042,tcp,57206224517544,27
6043,tcp,57206266169364,31
6044,tcp,57206308131594,31
6045,tcp,57206349534924,27
6046,tcp,57206391158934,31
6047,tcp,57206432966004,31
6048,tcp,57206474518194,1749
6049,tcp,57206516200434,505
6050,tcp,57206557851084,89
6051,tcp,57206599501374,29
6052,tcp,57206641214394,55
6053,tcp,57206682876384,16
6054,tcp,57206724559344,13
6055,tcp,57206766209274,13
6056,tcp,57206808128574,13
6057,tcp,57206849505264,13
6058,tcp,57206891164914,13
6059,tcp,57206932881444,13
6060,tcp,57206974621374,315
6061,tcp,57207016186164,142
6062,tcp,57207057940314,20
6063,tcp,57207099569814,13
6064,tcp,57207283035264,13
6065,tcp,57207283048944,13
6066,tcp,57207283051284,13
6067,tcp,57207283053174,13
6068,tcp,57207324680424,13
6069,tcp,57207366390294,13
6070,tcp,57207391247034,13
6071,tcp,57207432831894,13
6072,tcp,57207474525654,1455
6073,tcp,57207516204834,603
6074,tcp,57207557826504,148
6075,tcp,57207599486874,33
6076,tcp,57207641221494,19
6077,tcp,57207682820754,13
6078,tcp,57207724516404,13
6079,tcp,57207908051064,13
6080,tcp,57207908061144,13
6081,tcp,57207908062584,13
6082,tcp,57207908063664,13
6083,tcp,57207949647264,13
6084,tcp,57207991397184,280
6085,tcp,57208016179674,93
6086,tcp,57208057827174,30
6087,tcp,57208099504014,13
6088,tcp,57208141208844,13
6089,tcp,57208182924114,13
6090,tcp,57208224535524,13
6091,tcp,57208266221094,13
6092,tcp,57208307895144,13
6093,tcp,57208349575674,13
6094,tcp,57208391231814,13
6095,tcp,57208432947624,13
6096,tcp,57208474625454,1519
6097,tcp,57208516318854,475
6098,tcp,57208557996234,41
6099,tcp,57208599615114,15
6100,tcp,57208641261534,13
6101,tcp,57208682905344,13
6102,tcp,57208724685144,13
6103,tcp,57208766428764,13
6104,tcp,57208807958724,13
6105,tcp,57208849632324,13
6106,tcp,57208891259664,13
6107,tcp,57208932875844,13
6108,tcp,57208974591024,305
6109,tcp,57209016230064,133
6110,tcp,57209057919504,22
6111,tcp,57209099609484,15
6112,tcp,57209141165814,13
6113,tcp,57209182853184,13
6114,tcp,57209224518774,13
6115,tcp,57209266247274,13
6116,tcp,57209307912864,13
6117,tcp,57209349532914,13
6118,tcp,57209391203454,13
6119,tcp,57209432863914,13
6120,tcp,57209474512314,1955
6121,tcp,57209516194374,612
6122,tcp,57209557870314,118
6123,tcp,57209599456164,46
6124,tcp,57209641203834,27
6125,tcp,57209824731114,19
6126,tcp,57209824745064,13
6127,tcp,57209824747044,19
6128,tcp,57209824748754,19
6129,tcp,57209866379964,13
6130,tcp,57209908100994,19
6131,tcp,57209932858374,19
6132,tcp,57209974472124,145
6133,tcp,57210016194954,64
6134,tcp,57210057883854,26
6135,tcp,57210099473754,16
6136,tcp,57210141226734,19
6137,tcp,57210182820864,19
6138,tcp,57210224499144,13
6139,tcp,57210266146914,19
6140,tcp,57210307912494,19
6141,tcp,57210349516164,13
6142,tcp,57210391144134,19
6143,tcp,57210432806214,19
6144,tcp,57210474496374,1989
6145,tcp,57210516312804,689
6146,tcp,57210557910534,120
6147,tcp,57210599503494,29
6148,tcp,57210641326494,28
6149,tcp,57210682849974,24
6150,tcp,57210724601784,13
6151,tcp,57210766196454,19
6152,tcp,57210807851784,19
6153,tcp,57210849561384,13
6154,tcp,57210891274764,19
6155,tcp,57210932928924,19
6156,tcp,57210974511354,315
6157,tcp,57211016140314,162
6158,tcp,57211057921284,24
6159,tcp,57211099533054,16
6160,tcp,57211141161294,19
6161,tcp,57211182831024,19
6162,tcp,57211224537564,13
6163,tcp,57211266146364,19
6164,tcp,57211307845704,19
6165,tcp,57211349532264,13
6166,tcp,57211391198754,19
6167,tcp,57211432905114,19
6168,tcp,57211474575204,1048
6169,tcp,57211516285614,426
6170,tcp,57211557833214,41
6171,tcp,57211599481794,21
6172,tcp,57211641144684,19
6173,tcp,57211682831514,19
6174,tcp,57211724541294,13
6175,tcp,57211766195454,19
6176,tcp,57211807890294,19
6177,tcp,57211849538694,13
6178,tcp,57211891155324,19
6179,tcp,57211932817404,19
6180,tcp,57211974489834,273
6181,tcp,57212016213924,126
6182,tcp,57212057860614,28
6183,tcp,57212099471124,16
6184,tcp,57212141158764,19
6185,tcp,57212182838034,19
6186,tcp,57212224465644,13
6187,tcp,57212266165074,19
6188,tcp,57212307869094,19
6189,tcp,57212349496074,13
6190,tcp,57212391157074,19
6191,tcp,57212432837694,19
6192,tcp,57212474520294,2131
6193,tcp,57212516203704,650
6194,tcp,57212557841394,104
6195,tcp,57212599529844,24
6196,tcp,57212641173294,19
6197,tcp,57212682860214,19
6198,tcp,57212724552174,13
6199,tcp,57212766402084,19
6200,tcp,57212807992524,19
6201,tcp,57212849519334,13
6202,tcp,57212891223444,19
6203,tcp,57212932930704,19
6204,tcp,57212974562184,242
6205,tcp,57213016308144,74
6206,tcp,57213057867174,24
6207,tcp,57213099618804,16
6208,tcp,57213141261084,19
6209,tcp,57213182947104,19
6210,tcp,57213224536014,13
6211,tcp,57213266238054,19
6212,tcp,57213307874754,19
6213,tcp,57213349515594,13
6214,tcp,57213391313664,19
6215,tcp,57213432899784,19
6216,tcp,57213474630984,1549
6217,tcp,57213516290724,683
6218,tcp,57213557949564,74
6219,tcp,57213599614344,19
6220,tcp,57213641290824,22
6221,tcp,57213682985574,19
6222,tcp,57213724570974,13
6223,tcp,57213766227024,19
6224,tcp,57213807898824,19
6225,tcp,57213849508254,13
6226,tcp,57213891216144,19
6227,tcp,57213932860494,19
6228,tcp,57213974480004,315
6229,tcp,57214016189064,153
6230,tcp,57214057881294,24
6231,tcp,57214099560204,18
6232,tcp,57214141211034,19
6233,tcp,57214324753884,19
6234,tcp,57214324764054,13
6235,tcp,57214324765404,19
6236,tcp,57214324766574,19
6237,tcp,57214366340994,13
6238,tcp,57214408067334,19
6239,tcp,57214432848384,19
6240,tcp,57214508333184,3245
6241,tcp,57214533061224,1111
6242,tcp,57214608522354,186
6243,tcp,57214608533154,20
6244,tcp,57214641235014,43
6245,tcp,57214682949114,24
6246,tcp,57214724583564,16
6247,tcp,57214766179224,24
6248,tcp,57214807891884,22
6249,tcp,57214849567464,13
6250,tcp,57214991608884,8960
6251,tcp,57214991622204,145
6252,tcp,57214991624814,228
6253,tcp,57215016185274,88
6254,tcp,57215057963814,18
6255,tcp,57215099483154,15
6256,tcp,57215141197254,19
6257,tcp,57215182882014,13
6258,tcp,57215224512864,13
6259,tcp,57215266137234,13
6260,tcp,57215307893814,13
6261,tcp,57215349638784,13
6262,tcp,57215391228684,13
6263,tcp,57215432881314,13
6264,tcp,57215474549154,721
6265,tcp,57215516248584,362
6266,tcp,57215557930374,60
6267,tcp,57215599601904,30
6268,tcp,57215641290084,33
6269,tcp,57215682906804,36
6270,tcp,57215724479334,27
6271,tcp,57215766218184,29
6272,tcp,57215807885574,31
6273,tcp,57215849516784,27
6274,tcp,57215891261484,29
6275,tcp,57215932956954,31
6276,tcp,57215974523004,340
6277,tcp,57216016172664,170
6278,tcp,57216057861024,41
6279,tcp,57216099542724,27
6280,tcp,57216141216774,29
6281,tcp,57216182861664,31
6282,tcp,57216224530764,27
6283,tcp,57216266139564,29
6284,tcp,57216307856544,31
6285,tcp,57216349525374,27
6286,tcp,57216391303824,29
6287,tcp,57216432918384,31
6288,tcp,57216474550404,1505
6289,tcp,57216516210864,563
6290,tcp,57216557832174,90
6291,tcp,57216599525034,13
6292,tcp,57216641203944,13
6293,tcp,57216682885014,13
6294,tcp,57216724519104,13
6295,tcp,57216766255884,13
6296,tcp,57216807839304,13
6297,tcp,57216849537924,13
6298,tcp,57216891143754,13
6299,tcp,57216932905734,13
6300,tcp,57216974535144,308
6301,tcp,57217016212704,140
6302,tcp,57217057889004,18
6303,tcp,57217241376504,13
6304,tcp,57217241392074,13
6305,tcp,57217241394864,13
6306,tcp,57217241397114,13
6307,tcp,57217283013114,13
6308,tcp,57217324771134,13
6309,tcp,57217349504394,13
6310,tcp,57217391171064,13
6311,tcp,57217432863294,13
6312,tcp,57217474563624,1453
6313,tcp,57217516190874,612
6314,tcp,57217557881484,135
6315,tcp,57217599554904,28
6316,tcp,57217641237054,15
6317,tcp,57217682878614,13
6318,tcp,57217724516034,13
6319,tcp,57217766200254,13
6320,tcp,57217807898964,13
6321,tcp,57217849494354,13
6322,tcp,57217891171104,13
6323,tcp,57217932932634,13
6324,tcp,57217974578604,267
6325,tcp,57218016196314,81
6326,tcp,57218057849304,41
6327,tcp,57218099473674,15
6328,tcp,57218141236194,13
6329,tcp,57218182864344,13
6330,tcp,57218224551804,13
6331,tcp,57218266216584,13
6332,tcp,57218307822234,13
6333,tcp,57218349591954,13
6334,tcp,57218391174744,13
6335,tcp,57218432797044,13
6336,tcp,57218474514474,1554
6337,tcp,57218516163954,572
6338,tcp,57218557873284,37
6339,tcp,57218741378424,16
6340,tcp,57218741389224,13
6341,tcp,57218741392734,13
6342,tcp,57218741393904,13
6343,tcp,57218783003874,13
6344,tcp,57218824700514,13
6345,tcp,57218849491104,13
6346,tcp,57218891178024,13
6347,tcp,57218932818684,13
6348,tcp,57218974570584,327
6349,tcp,57219016190814,146
6350,tcp,57219057851454,26
6351,tcp,57219099572304,15
6352,tcp,57219141163014,13
6353,tcp,57219182880624,13
6354,tcp,57219224487534,13
6355,tcp,57219266237274,13
6356,tcp,57219307878204,13
6357,tcp,57219349550994,13
6358,tcp,57219391185624,13
6359,tcp,57219432886404,13
6360,tcp,57219474551814,1750
6361,tcp,57219516240534,678
6362,tcp,57219557928984,64
6363,tcp,57219599529144,25
6364,tcp,57219641218944,32
6365,tcp,57219682850964,13
6366,tcp,57219724490274,13
6367,tcp,57219766219404,13
6368,tcp,57219807876714,13
6369,tcp,57219991415694,13
6370,tcp,57219991429374,13
6371,tcp,57219991431714,13
6372,tcp,57219991433964,230
6373,tcp,57220033053204,87
6374,tcp,57220074697824,15
6375,tcp,57220099479504,13
6376,tcp,57220141163814,13
6377,tcp,57220182871884,13
6378,tcp,57220224533874,13
6379,tcp,57220266376764,13
6380,tcp,57220307826984,13
6381,tcp,57220349537484,13
6382,tcp,57220391195694,13
6383,tcp,57220432883874,13
6384,tcp,57220474514904,1644
6385,tcp,57220516226664,699
6386,tcp,57220557899184,46
6387,tcp,57220599582684,30
6388,tcp,57220641230724,22
6389,tcp,57220682845464,13
6390,tcp,57220724577474,13
6391,tcp,57220766229024,13
6392,tcp,57220807884804,13
6393,tcp,57220849566414,13
6394,tcp,57220891222464,13
6395,tcp,57220932850074,13
6396,tcp,57220974521874,240
6397,tcp,57221016177924,131
6398,tcp,57221057857464,21
6399,tcp,57221099503344,13
6400,tcp,57221283014874,13
6401,tcp,57221283024594,13
6402,tcp,57221283025944,13
6403,tcp,57221283027114,13
6404,tcp,57221324602344,13
6405,tcp,57221366333814,13
6406,tcp,57221391272184,13
6407,tcp,57221432823924,13
6408,tcp,57221474569524,1102
6409,tcp,57221516212524,409
6410,tcp,57221557871184,141
6411,tcp,57221599570434,36
6412,tcp,57221641211454,13
6413,tcp,57221682935274,13
6414,tcp,57221724564864,13
6415,tcp,57221766279054,13
6416,tcp,57221807829444,13
6417,tcp,57221849486394,13
6418,tcp,57221891236944,13
6419,tcp,57221932828014,13
6420,tcp,57221974582164,307
6421,tcp,57222016190784,147
6422,tcp,57222057833604,19
6423,tcp,57222099546264,13
6424,tcp,57222141186654,13
6425,tcp,57222182872584,13
6426,tcp,57222224575344,13
6427,tcp,57222266203404,13
6428,tcp,57222307853154,13
6429,tcp,57222491300064,13
6430,tcp,57222491310234,13
6431,tcp,57222491311584,13
6432,tcp,57222491313564,2125
6433,tcp,57222574682004,628
6434,tcp,57222574695414,85
6435,tcp,57222599524614,30
6436,tcp,57222641160954,15
6437,tcp,57222682888014,13
6438,tcp,57222724490424,13
6439,tcp,57222766255644,13
6440,tcp,57222807894954,13
6441,tcp,57222849696984,13
6442,tcp,57222891298134,13
6443,tcp,57222932943564,13
6444,tcp,57222974581434,284
6445,tcp,57223016263494,82
6446,tcp,57223057921164,22
6447,tcp,57223099582704,13
6448,tcp,57223141197984,39
6449,tcp,57223182869694,15
6450,tcp,57223224519534,13
6451,tcp,57223266228594,13
6452,tcp,57223307807964,13
6453,tcp,57223349508924,13
6454,tcp,57223391176134,13
6455,tcp,57223432886904,13
6456,tcp,57223474743654,1548
6457,tcp,57223516261554,707
6458,tcp,57223557924264,71
6459,tcp,57223599497604,20
6460,tcp,57223641174894,13
6461,tcp,57223682936424,13
6462,tcp,57223724609934,13
6463,tcp,57223766285334,13
6464,tcp,57223807848414,13
6465,tcp,57223849542804,13
6466,tcp,57223891187874,13
6467,tcp,57223932847524,13
6468,tcp,57223974522294,318
6469,tcp,57224016223254,147
6470,tcp,57224057870574,19
6471,tcp,57224099495034,13
6472,tcp,57224141211654,13
6473,tcp,57224182811364,13
6474,tcp,57224224492974,13
6475,tcp,57224266182324,13
6476,tcp,57224307849894,13
6477,tcp,57224349549144,13
6478,tcp,57224391222114,13
6479,tcp,57224432881494,13
6480,tcp,57224475626094,3463
6481,tcp,57224516278824,1432
6482,tcp,57224557832724,115
6483,tcp,57224599471854,30
6484,tcp,57224641179204,233
6485,tcp,57224682832734,71
6486,tcp,57224724593544,13
6487,tcp,57224766160314,16
6488,tcp,57224807862714,16
6489,tcp,57224849494644,13
6490,tcp,57224891194794,16
6491,tcp,57224932841844,16
6492,tcp,57224974550454,232
6493,tcp,57225016296954,97
6494,tcp,57225057872544,18
6495,tcp,57225099532464,13
6496,tcp,57225141230454,16
6497,tcp,57225182851584,16
6498,tcp,57225224551104,13
6499,tcp,57225408079104,16
6500,tcp,57225508226694,8819
6501,tcp,57225508237044,86
6502,tcp,57225508238844,140
6503,tcp,57225508239924,86
6504,tcp,57225508241274,897
6505,tcp,57225525150024,320
6506,tcp,57225557864844,79
6507,tcp,57225741349374,25
6508,tcp,57225741359904,57
6509,tcp,57225741361254,55
6510,tcp,57225741362424,13
6511,tcp,57225824704854,52
6512,tcp,57225824723754,52
6513,tcp,57225849488964,13
6514,tcp,57225924846594,52
6515,tcp,57225932797914,52
6516,tcp,57225974480154,319
6517,tcp,57226025094804,186
6518,tcp,57226057919604,61
6519,tcp,57226099558554,17
6520,tcp,57226141277874,55
6521,tcp,57226182869754,55
6522,tcp,57226224622104,13
6523,tcp,57226266145944,52
6524,tcp,57226307801454,52
6525,tcp,57226349527074,13
6526,tcp,57226391242164,52
6527,tcp,57226432816584,52
6528,tcp,57226474529334,1633
6529,tcp,57226516167474,545
6530,tcp,57226557849984,128
6531,tcp,57226599461304,17
6532,tcp,57226641213834,60
6533,tcp,57226682813904,57
6534,tcp,57226724491104,13
6535,tcp,57226766215014,52
6536,tcp,57226807865394,52
6537,tcp,57226991301864,13
6538,tcp,57226991313024,52
6539,tcp,57226991314194,52
6540,tcp,57226991315724,349
6541,tcp,57227032950714,139
6542,tcp,57227074579854,58
6543,tcp,57227099563044,18
6544,tcp,57227141115054,52
6545,tcp,57227182920234,52
6546,tcp,57227224565484,13
6547,tcp,57227266164024,52
6548,tcp,57227307851034,52
6549,tcp,57227349514734,13
6550,tcp,57227391178614,52
6551,tcp,57227432867874,52
6552,tcp,57227474522844,1512
6553,tcp,57227516198964,662
6554,tcp,57227557914234,148
6555,tcp,57227599568394,24
6556,tcp,57227641158474,62
6557,tcp,57227682836214,52
6558,tcp,57227724521514,13
6559,tcp,57227766174594,52
6560,tcp,57227807899314,52
6561,tcp,57227849544924,13
6562,tcp,57227891199984,52
6563,tcp,57227932863324,52
6564,tcp,57227974518474,271
6565,tcp,57228016216554,120
6566,tcp,57228057910854,62
6567,tcp,57228099515604,16
6568,tcp,57228141471534,52
6569,tcp,57228182942814,52
6570,tcp,57228224516874,13
6571,tcp,57228266206224,52
6572,tcp,57228307842204,52
6573,tcp,57228349538304,13
6574,tcp,57228391217934,52
6575,tcp,57228432870204,52
6576,tcp,57228474531024,1554
6577,tcp,57228516223794,489
6578,tcp,57228557925294,74
6579,tcp,57228599527074,13
6580,tcp,57228641182674,52
6581,tcp,57228682897584,52
6582,tcp,57228724535004,13
6583,tcp,57228766162524,52
6584,tcp,57228807846744,52
6585,tcp,57228849521244,13
6586,tcp,57228891223194,52
6587,tcp,57228932937204,52
6588,tcp,57228974576964,327
6589,tcp,57229016216544,177
6590,tcp,57229057861704,55
6591,tcp,57229099481484,13
6592,tcp,57229141230324,52
6593,tcp,57229182906714,52
6594,tcp,57229224503274,13
6595,tcp,57229266213954,52
6596,tcp,57229307888724,52
6597,tcp,57229349572134,13
6598,tcp,57229391262834,52
6599,tcp,57229432846884,52
6600,tcp,57229474512924,1714
6601,tcp,57229516218204,709
6602,tcp,57229557813954,116
6603,tcp,57229599569094,20
6604,tcp,57229641224064,60
6605,tcp,57229682882364,52
6606,tcp,57229724548584,13
6607,tcp,57229766196624,52
6608,tcp,57229807985514,52
6609,tcp,57229849572264,13
6610,tcp,57229891181154,52
6611,tcp,57229932914334,52
6612,tcp,57229974525384,221
6613,tcp,57230016176844,117
6614,tcp,57230057840004,56
6615,tcp,57230099498304,13
6616,tcp,57230141240844,55
6617,tcp,57230182914534,52
6618,tcp,57230224549794,13
6619,tcp,57230266178124,52
6620,tcp,57230307951264,52
6621,tcp,57230349594984,13
6622,tcp,57230391189114,52
6623,tcp,57230432854794,52
6624,tcp,57230474638464,1945
6625,tcp,57230516237904,818
6626,tcp,57230557867854,142
6627,tcp,57230599561074,21
6628,tcp,57230641166364,61
6629,tcp,57230682856974,52
6630,tcp,57230724504294,13
6631,tcp,57230766283734,52
6632,tcp,57230807937354,52
6633,tcp,57230849625534,13
6634,tcp,57230891339814,52
6635,tcp,57230932935474,52
6636,tcp,57230974566594,297
6637,tcp,57231016163424,179
6638,tcp,57231057923874,64
6639,tcp,57231099525474,13
6640,tcp,57231141264594,52
6641,tcp,57231182923254,52
6642,tcp,57231224607654,13
6643,tcp,57231266326704,52
6644,tcp,57231307828854,52
6645,tcp,57231349575714,13
6646,tcp,57231391255254,52
6647,tcp,57231432934344,52
6648,tcp,57231474601014,973
6649,tcp,57231516305214,426
6650,tcp,57231557937414,117
6651,tcp,57231599506074,20
6652,tcp,57231641275884,52
6653,tcp,57231682842474,52
6654,tcp,57231724546224,13
6655,tcp,57231766302984,52
6656,tcp,57231807887574,52
6657,tcp,57231849481884,13
6658,tcp,57231891159264,52
6659,tcp,57231932874804,52
6660,tcp,57231974500344,227
6661,tcp,57232016178084,145
6662,tcp,57232057871394,59
6663,tcp,57232099611504,13
6664,tcp,57232141277274,52
6665,tcp,57232183046994,52
6666,tcp,57232224605934,13
6667,tcp,57232266327234,52
6668,tcp,57232307872494,52
6669,tcp,57232349586954,13
6670,tcp,57232391282784,52
6671,tcp,57232432849734,52
6672,tcp,57232474501734,2124
6673,tcp,57232516214844,838
6674,tcp,57232557898344,137
6675,tcp,57232599519744,21
6676,tcp,57232641191904,52
6677,tcp,57232682859294,52
6678,tcp,57232724507514,13
6679,tcp,57232766186064,52
6680,tcp,57232807862004,52
6681,tcp,57232849499244,13
6682,tcp,57232891145214,52
6683,tcp,57232932895584,52
6684,tcp,57232974532914,281
6685,tcp,57233016191124,137
6686,tcp,57233057837724,58
6687,tcp,57233241326124,13
6688,tcp,57233241335934,52
6689,tcp,57233241337374,52
6690,tcp,57233241338544,13
6691,tcp,57233282941944,52
6692,tcp,57233324646504,52
6693,tcp,57233349550314,13
6694,tcp,57233391201234,52
6695,tcp,57233432874474,52
6696,tcp,57233474538444,1579
6697,tcp,57233516167224,729
6698,tcp,57233557893384,145
6699,tcp,57233616428934,22
6700,tcp,57233641186854,58
6701,tcp,57233682874314,52
6702,tcp,57233724631344,13
6703,tcp,57233766225564,52
6704,tcp,57233807892054,52
6705,tcp,57233849535954,13
6706,tcp,57233891196054,52
6707,tcp,57233932858314,52
6708,tcp,57233974563414,324
6709,tcp,57234016198404,175
6710,tcp,57234057816744,58
6711,tcp,57234099487824,15
6712,tcp,57234141191304,52
6713,tcp,57234182841324,52
6714,tcp,57234224540304,13
6715,tcp,57234266189334,52
6716,tcp,57234307854744,52
6717,tcp,57234349812474,13
6718,tcp,57234391217334,52
6719,tcp,57234432874464,52
6720,tcp,57234475605114,3060
6721,tcp,57234516246684,1163
6722,tcp,57234557846934,149
6723,tcp,57234599522244,25
6724,tcp,57234641231664,88
6725,tcp,57234682866564,57
6726,tcp,57234724528554,16
6727,tcp,57234766191984,52
6728,tcp,57234807864144,52
6729,tcp,57234849576984,13
6730,tcp,57234891222054,52
6731,tcp,57234932864514,52
6732,tcp,57234974556204,218
6733,tcp,57235016214234,114
6734,tcp,57235057856784,58
6735,tcp,57235099600584,13
6736,tcp,57235141232874,52
6737,tcp,57235182888294,52
6738,tcp,57235224498264,13
6739,tcp,57235266159444,52
6740,tcp,57235307856804,52
6741,tcp,57235349526534,13
6742,tcp,57235391239014,52
6743,tcp,57235432905234,52
6744,tcp,57235474559394,865
6745,tcp,57235516228314,261
6746,tcp,57235557844224,73
6747,tcp,57235599530694,24
6748,tcp,57235641213654,52
6749,tcp,57235682857824,52
6750,tcp,57235824857754,7676
6751,tcp,57235824872064,118
6752,tcp,57235824873954,62
6753,tcp,57235849432884,60
6754,tcp,57235891179384,60
6755,tcp,57235932878094,59
6756,tcp,57235974522354,322
6757,tcp,57236016180744,182
6758,tcp,57236057857584,65
6759,tcp,57236099576454,19
6760,tcp,57236141162664,52
6761,tcp,57236182837344,52
6762,tcp,57236224482594,13
6763,tcp,57236266201644,52
6764,tcp,57236307912954,52
6765,tcp,57236349496464,13
6766,tcp,57236391271044,52
6767,tcp,57236432852844,52
6768,tcp,57236474617074,1675
6769,tcp,57236516196804,534
6770,tcp,57236557856814,125
6771,tcp,57236599503954,24
6772,tcp,57236641219944,52
6773,tcp,57236682875184,52
6774,tcp,57236724533124,13
6775,tcp,57236766301674,52
6776,tcp,57236807887254,52
6777,tcp,57236849517834,13
6778,tcp,57236891190534,52
6779,tcp,57236932890234,52
6780,tcp,57236974550424,297
6781,tcp,57237016230864,182
6782,tcp,57237057920754,59
6783,tcp,57237099499044,15
6784,tcp,57237141177594,52
6785,tcp,57237182893314,52
6786,tcp,57237224585544,13
6787,tcp,57237266164914,52
6788,tcp,57237307825284,52
6789,tcp,57237349528854,13
6790,tcp,57237391195974,52
6791,tcp,57237432909354,52
6792,tcp,57237474558564,1344
6793,tcp,57237516216864,611
6794,tcp,57237557855094,156
6795,tcp,57237599463534,26
6796,tcp,57237641251884,52
6797,tcp,57237682929174,52
6798,tcp,57237724584594,13
6799,tcp,57237766281144,52
6800,tcp,57237807862494,52
6801,tcp,57237849529434,13
6802,tcp,57237891252084,52
6803,tcp,57238074679914,52
6804,tcp,57238074689904,242
6805,tcp,57238074692064,109
6806,tcp,57238074693504,59
6807,tcp,57238116347934,13
6808,tcp,57238157970324,52
6809,tcp,57238182899964,52
6810,tcp,57238224491034,13
6811,tcp,57238266131154,52
6812,tcp,57238307883054,52
6813,tcp,57238349615334,13
6814,tcp,57238391215944,52
6815,tcp,57238432921044,52
6816,tcp,57238474560804,1529
6817,tcp,57238516243854,598
6818,tcp,57238557888654,67
6819,tcp,57238599546594,19
6820,tcp,57238641183564,52
6821,tcp,57238682864814,52
6822,tcp,57238724539584,13
6823,tcp,57238766193114,52
6824,tcp,57238807865184,52
6825,tcp,57238849534284,13
6826,tcp,57238891226514,52
6827,tcp,57238932820734,52
6828,tcp,57238974539694,323
6829,tcp,57239016168474,185
6830,tcp,57239057873124,57
6831,tcp,57239099564094,13
6832,tcp,57239141200974,52
6833,tcp,57239182863324,52
6834,tcp,57239224490664,13
6835,tcp,57239266184604,52
6836,tcp,57239307867294,52
6837,tcp,57239349670494,13
6838,tcp,57239391160404,52
6839,tcp,57239432964324,52
6840,tcp,57239474535414,2243
6841,tcp,57239516220894,654
6842,tcp,57239557901784,163
6843,tcp,57239599611834,32
6844,tcp,57239641265904,38
6845,tcp,57239682921414,16
6846,tcp,57239724746574,13
6847,tcp,57239766347634,16
6848,tcp,57239807964264,16
6849,tcp,57239849532294,13
6850,tcp,57239891310024,16
6851,tcp,57239933002254,16
6852,tcp,57239974645524,199
6853,tcp,57240016313814,86
6854,tcp,57240057891564,18
6855,tcp,57240099578664,13
6856,tcp,57240141170454,16
6857,tcp,57240182866374,16
6858,tcp,57240224581464,13
6859,tcp,57240266239404,16
6860,tcp,57240308082024,16
6861,tcp,57240349604424,13
6862,tcp,57240391301064,16
6863,tcp,57240432908964,16
6864,tcp,57240474547824,1923
6865,tcp,57240516198834,734
6866,tcp,57240557826084,41
6867,tcp,57240599551524,19
6868,tcp,57240641167434,16
6869,tcp,57240682882794,16
6870,tcp,57240724522824,13
6871,tcp,57240766247634,16
6872,tcp,57240807823224,16
6873,tcp,57240849516444,13
6874,tcp,57240891175914,16
6875,tcp,57240932868684,16
6876,tcp,57240974532024,314
6877,tcp,57241016168544,145
6878,tcp,57241057854474,20
6879,tcp,57241099505754,13
6880,tcp,57241141174404,16
6881,tcp,57241182900114,16
6882,tcp,57241224535824,13
6883,tcp,57241266228054,16
6884,tcp,57241307847384,16
6885,tcp,57241349560944,13
6886,tcp,57241391141754,16
6887,tcp,57241432874304,16
6888,tcp,57241474603164,1084
6889,tcp,57241516211694,386
6890,tcp,57241557864414,49
6891,tcp,57241599575814,29
6892,tcp,57241641231774,46
6893,tcp,57241682911044,18
6894,tcp,57241724583204,13
6895,tcp,57241766261934,16
6896,tcp,57241807893324,16
6897,tcp,57241849519404,13
6898,tcp,57241891243134,16
6899,tcp,57241932899544,16
6900,tcp,57241974571794,261
6901,tcp,57242016164484,140
6902,tcp,57242057804064,18
6903,tcp,57242099524734,13
6904,tcp,57242141202204,16
6905,tcp,57242182912974,16
6906,tcp,57242224505754,13
6907,tcp,57242266173864,16
6908,tcp,57242307826674,16
6909,tcp,57242349535464,13
6910,tcp,57242391244434,16
6911,tcp,57242574694134,16
6912,tcp,57242574707904,1771
6913,tcp,57242574710154,519
6914,tcp,57242574711594,101
6915,tcp,57242616391764,26
6916,tcp,57242657995074,30
6917,tcp,57242682814194,16
6918,tcp,57242758198734,13
6919,tcp,57242766230784,16
6920,tcp,57242807865864,16
6921,tcp,57242849564394,13
6922,tcp,57242891187504,16
6923,tcp,57242932916814,16
6924,tcp,57242974521204,158
6925,tcp,57243016225494,69
6926,tcp,57243057873264,22
6927,tcp,57243099593754,13
6928,tcp,57243141283914,16
6929,tcp,57243182864724,16
6930,tcp,57243224511054,13
6931,tcp,57243266235864,16
6932,tcp,57243307881654,16
6933,tcp,57243349515114,13
6934,tcp,57243391153704,16
6935,tcp,57243432835674,16
6936,tcp,57243474560664,1584
6937,tcp,57243516182874,687
6938,tcp,57243557926674,69
6939,tcp,57243599526114,17
6940,tcp,57243641173794,16
6941,tcp,57243682828134,16
6942,tcp,57243724528194,13
6943,tcp,57243766187484,16
6944,tcp,57243807935154,16
6945,tcp,57243849582474,13
6946,tcp,57243891269844,16
6947,tcp,57243932938134,16
6948,tcp,57243974520474,319
6949,tcp,57244016178774,150
6950,tcp,57244057845534,18
6951,tcp,57244099571154,13
6952,tcp,57244141193004,16
6953,tcp,57244182875424,16
6954,tcp,57244224474684,13
6955,tcp,57244266125154,16
6956,tcp,57244307850054,16
6957,tcp,57244349521314,13
6958,tcp,57244391195364,16
6959,tcp,57244432893084,16
6960,tcp,57244474491084,2868
6961,tcp,57244516127154,1013
6962,tcp,57244557838194,128
6963,tcp,57244599480474,21
6964,tcp,57244641154434,112
6965,tcp,57244682864754,20
6966,tcp,57244724531514,13
6967,tcp,57244766216004,16
6968,tcp,57244807863234,16
6969,tcp,57244849512444,13
6970,tcp,57244891204674,16
6971,tcp,57244932871794,16
6972,tcp,57244974553584,231
6973,tcp,57245016136644,92
6974,tcp,57245057820414,16
6975,tcp,57245099521104,13
6976,tcp,57245141172204,16
6977,tcp,57245182860654,16
6978,tcp,57245224544514,13
6979,tcp,57245266188324,16
6980,tcp,57245307921414,16
6981,tcp,57245349551454,13
6982,tcp,57245391355734,16
6983,tcp,57245432889024,16
6984,tcp,57245474569464,858
6985,tcp,57245516171784,408
6986,tcp,57245557893714,42
6987,tcp,57245599543194,19
6988,tcp,57245641241814,18
6989,tcp,57245682922254,16
6990,tcp,57245724540414,13
6991,tcp,57245766186384,16
6992,tcp,57245807956014,16
6993,tcp,57245849606934,13
6994,tcp,57245891288904,16
6995,tcp,57245932840104,16
6996,tcp,57245974581834,308
6997,tcp,57246016157514,154
6998,tcp,57246057881334,22
6999,tcp,57246099493194,13
7000,tcp,57246199767504,7974
7001,tcp,57246199782894,117
7002,tcp,57246241429404,39
7003,tcp,57246266127204,49
7004,tcp,57246307884684,43
7005,tcp,57246349514544,36
7006,tcp,57246391221624,43
7007,tcp,57246432825564,40
7008,tcp,57246474533094,1762
7009,tcp,57246516217494,544
7010,tcp,57246557865174,113
7011,tcp,57246599607264,30
7012,tcp,57246641276814,33
7013,tcp,57246682853844,30
7014,tcp,57246724477854,24
7015,tcp,57246766216614,29
7016,tcp,57246807914334,27
7017,tcp,57246849635904,24
7018,tcp,57246891261084,29
7019,tcp,57246932882034,27
7020,tcp,57246974539974,309
7021,tcp,57247016274414,154
7022,tcp,57247057943964,34
7023,tcp,57247099752744,28
7024,tcp,57247141269204,37
7025,tcp,57247182915624,32
7026,tcp,57247224494004,24
7027,tcp,57247266198384,29
7028,tcp,57247307995284,27
7029,tcp,57247349641974,24
7030,tcp,57247391185704,29
7031,tcp,57247432991874,27
7032,tcp,57247474596714,1476
7033,tcp,57247516194984,607
7034,tcp,57247557866064,73
7035,tcp,57247599564234,34
7036,tcp,57247641242244,44
7037,tcp,57247682863644,33
7038,tcp,57247724547504,31
7039,tcp,57247766330364,36
7040,tcp,57247807942134,32
7041,tcp,57247849574424,26
7042,tcp,57247891202664,34
7043,tcp,57247932918564,30
7044,tcp,57247974609444,284
7045,tcp,57248016261354,119
7046,tcp,57248057913354,33
7047,tcp,57248099673534,28
7048,tcp,57248141275854,36
7049,tcp,57248182831914,33
7050,tcp,57248224505514,28
7051,tcp,57248266218624,36
7052,tcp,57248307835974,31
7053,tcp,57248349502734,28
7054,tcp,57248391221514,36
7055,tcp,57248432931924,31
7056,tcp,57248474641074,1364
7057,tcp,57248516268324,449
7058,tcp,57248557879554,42
7059,tcp,57248599587174,26
7060,tcp,57248641273104,29
7061,tcp,57248682913494,27
7062,tcp,57248724665934,24
7063,tcp,57248766252684,29
7064,tcp,57248807841864,27
7065,tcp,57248849554434,24
7066,tcp,57248891196174,29
7067,tcp,57248932896954,27
7068,tcp,57248974474254,317
7069,tcp,57249016176744,157
7070,tcp,57249057854214,35
7071,tcp,57249099502344,26
7072,tcp,57249141317514,32
7073,tcp,57249182927124,30
7074,tcp,57249224511804,24
7075,tcp,57249266185764,29
7076,tcp,57249307837134,27
7077,tcp,57249491317074,24
7078,tcp,57249491327244,29
7079,tcp,57249491328504,27
7080,tcp,57249491330574,1394
7081,tcp,57249533014434,739
7082,tcp,57249574650684,47
7083,tcp,57249599458554,24
7084,tcp,57249641141604,29
7085,tcp,57249682822674,27
7086,tcp,57249724453704,24
7087,tcp,57249766233684,29
7088,tcp,57249807896484,27
7089,tcp,57249849651894,24
7090,tcp,57249891219564,29
7091,tcp,57249932849334,27
7092,tcp,57249974509974,210
7093,tcp,57250016235954,99
7094,tcp,57250057856994,32
7095,tcp,57250099527444,26
7096,tcp,57250141196274,29
7097,tcp,57250182846474,27
7098,tcp,57250224498024,24
7099,tcp,57250266210864,29
7100,tcp,57250307848734,27
7101,tcp,57250349495604,24
7102,tcp,57250391197014,29
7103,tcp,57250432896534,27
7104,tcp,57250474478424,1994
7105,tcp,57250516180194,700
7106,tcp,57250557897174,67
7107,tcp,57250599499854,31
7108,tcp,57250641182544,38
7109,tcp,57250682861994,33
7110,tcp,57250724493114,30
7111,tcp,57250766208654,37
7112,tcp,57250807884774,33
7113,tcp,57250849524894,28
7114,tcp,57250891173024,37
7115,tcp,57250932887754,32
7116,tcp,57250974555594,315
7117,tcp,57251016239094,151
7118,tcp,57251057896674,35
7119,tcp,57251099588724,31
7120,tcp,57251141171424,38
7121,tcp,57251182852044,32
7122,tcp,57251224552464,28
7123,tcp,57251266170624,37
7124,tcp,57251307938904,30
7125,tcp,57251349591894,26
7126,tcp,57251391236064,34
7127,tcp,57251432838204,30
7128,tcp,57251474476434,1114
7129,tcp,57251516171274,435
7130,tcp,57251557882674,57
7131,tcp,57251599544934,38
7132,tcp,57251641174254,50
7133,tcp,57251682816804,39
7134,tcp,57251724514254,31
7135,tcp,57251766196764,42
7136,tcp,57251808112374,34
7137,tcp,57251849499414,31
7138,tcp,57251891158344,42
7139,tcp,57251932923294,34
7140,tcp,57251974505094,307
7141,tcp,57252016187604,157
7142,tcp,57252057808014,34
7143,tcp,57252099515904,28
7144,tcp,57252141183384,37
7145,tcp,57252182831964,32
7146,tcp,57252224501154,28
7147,tcp,57252266164314,37
7148,tcp,57252307872024,32
7149,tcp,57252349570014,28
7150,tcp,57252391155234,37
7151,tcp,57252432870684,32
7152,tcp,57252474569394,2158
7153,tcp,57252516188724,720
7154,tcp,57252557837754,66
7155,tcp,57252599498034,34
7156,tcp,57252641207004,40
7157,tcp,57252682827774,37
7158,tcp,57252724563474,32
7159,tcp,57252766152294,39
7160,tcp,57252807889794,33
7161,tcp,57252849525324,31
7162,tcp,57252891307284,38
7163,tcp,57252932832564,31
7164,tcp,57252974516424,283
7165,tcp,57253016235294,110
7166,tcp,57253057843194,36
7167,tcp,57253099525254,28
7168,tcp,57253141207944,37
7169,tcp,57253182891984,34
7170,tcp,57253224613464,28
7171,tcp,57253266334314,37
7172,tcp,57253307879034,32
7173,tcp,57253349495034,28
7174,tcp,57253391177994,37
7175,tcp,57253432843674,35
7176,tcp,57253474497114,1435
7177,tcp,57253516198794,665
7178,tcp,57253557886254,125
7179,tcp,57253599584694,20
7180,tcp,57253641156234,29
7181,tcp,57253682859354,22
7182,tcp,57253724546634,13
7183,tcp,57253766280084,16
7184,tcp,57253807949274,16
7185,tcp,57253849622784,13
7186,tcp,57253891271094,16
7187,tcp,57253932882594,16
7188,tcp,57253974713424,200
7189,tcp,57254016240594,122
7190,tcp,57254057910954,26
7191,tcp,57254099532354,16
7192,tcp,57254141230344,16
7193,tcp,57254182878654,16
7194,tcp,57254224500594,13
7195,tcp,57254266142784,16
7196,tcp,57254307856164,16
7197,tcp,57254349495474,13
7198,tcp,57254391208674,16
7199,tcp,57254432805864,16
