experiment_start_time_ns,video_name,policy_name,frame_index,frame_type,key_frame,gop_id,payload_bytes,frame_pts_ms,display_deadline_ms,selected_action_name,transport_protocol,send_start_time_ns,dropped_by_policy
37295630048394,echo_mediaelement,heuristic_frame_aware,0,I,1,0,7126,0.0,83.333,HEURISTIC_TCP_BATCH,tcp,37295630092224,False
37295630048394,echo_mediaelement,heuristic_frame_aware,1,P,0,0,2951,33.333,116.666,HEURISTIC_TCP_BATCH,tcp,37295663522724,False
37295630048394,echo_mediaelement,heuristic_frame_aware,2,P,0,0,1324,66.667,150.0,HEURISTIC_TCP_BATCH,tcp,37295730168534,False
37295630048394,echo_mediaelement,heuristic_frame_aware,3,P,0,0,2564,100.0,183.333,HEURISTIC_TCP_BATCH,tcp,37295730208854,False
37295630048394,echo_mediaelement,heuristic_frame_aware,4,P,0,0,3251,133.333,216.666,HEURISTIC_TCP_BATCH,tcp,37295763461784,False
37295630048394,echo_mediaelement,heuristic_frame_aware,5,P,0,0,4139,166.667,250.0,HEURISTIC_TCP_BATCH,tcp,37295796856824,False
37295630048394,echo_mediaelement,heuristic_frame_aware,6,P,0,0,2440,200.0,283.333,HEURISTIC_TCP_BATCH,tcp,37295863460694,False
37295630048394,echo_mediaelement,heuristic_frame_aware,7,P,0,0,6088,233.333,316.666,HEURISTIC_TCP_BATCH,tcp,37295863485804,False
37295630048394,echo_mediaelement,heuristic_frame_aware,8,P,0,0,3429,266.667,350.0,HEURISTIC_TCP_BATCH,tcp,37295896864644,False
37295630048394,echo_mediaelement,heuristic_frame_aware,9,P,0,0,3993,300.0,383.333,HEURISTIC_TCP_BATCH,tcp,37295930168964,False
37295630048394,echo_mediaelement,heuristic_frame_aware,10,P,0,0,2220,333.333,416.666,HEURISTIC_TCP_BATCH,tcp,37295996872104,False
37295630048394,echo_mediaelement,heuristic_frame_aware,11,P,0,0,4268,366.667,450.0,HEURISTIC_TCP_BATCH,tcp,37295996919534,False
37295630048394,echo_mediaelement,heuristic_frame_aware,12,P,0,0,2857,400.0,483.333,HEURISTIC_TCP_BATCH,tcp,37296063504504,False
37295630048394,echo_mediaelement,heuristic_frame_aware,13,P,0,0,4427,433.333,516.666,HEURISTIC_TCP_BATCH,tcp,37296063527544,False
37295630048394,echo_mediaelement,heuristic_frame_aware,14,P,0,0,2178,466.667,550.0,HEURISTIC_TCP_BATCH,tcp,37296130172544,False
37295630048394,echo_mediaelement,heuristic_frame_aware,15,P,0,0,8031,500.0,583.333,HEURISTIC_TCP_BATCH,tcp,37296130233744,False
37295630048394,echo_mediaelement,heuristic_frame_aware,16,P,0,0,3478,533.333,616.666,HEURISTIC_TCP_BATCH,tcp,37296163494774,False
37295630048394,echo_mediaelement,heuristic_frame_aware,17,P,0,0,5088,566.667,650.0,HEURISTIC_TCP_BATCH,tcp,37296196844004,False
37295630048394,echo_mediaelement,heuristic_frame_aware,18,P,0,0,2605,600.0,683.333,HEURISTIC_TCP_BATCH,tcp,37296263472174,False
37295630048394,echo_mediaelement,heuristic_frame_aware,19,P,0,0,5317,633.333,716.666,HEURISTIC_TCP_BATCH,tcp,37296263496474,False
37295630048394,echo_mediaelement,heuristic_frame_aware,20,P,0,0,2629,666.667,750.0,HEURISTIC_TCP_BATCH,tcp,37296330162804,False
37295630048394,echo_mediaelement,heuristic_frame_aware,21,P,0,0,4246,700.0,783.333,HEURISTIC_TCP_BATCH,tcp,37296330185124,False
37295630048394,echo_mediaelement,heuristic_frame_aware,22,P,0,0,1851,733.333,816.666,HEURISTIC_TCP_BATCH,tcp,37296396789084,False
37295630048394,echo_mediaelement,heuristic_frame_aware,23,P,0,0,4085,766.667,850.0,HEURISTIC_TCP_BATCH,tcp,37296396811764,False
37295630048394,echo_mediaelement,heuristic_frame_aware,24,P,0,0,2343,800.0,883.333,HEURISTIC_TCP_BATCH,tcp,37296463476204,False
37295630048394,echo_mediaelement,heuristic_frame_aware,25,P,0,0,4480,833.333,916.666,HEURISTIC_TCP_BATCH,tcp,37296463504464,False
37295630048394,echo_mediaelement,heuristic_frame_aware,26,P,0,0,1876,866.667,950.0,HEURISTIC_TCP_BATCH,tcp,37296530180244,False
37295630048394,echo_mediaelement,heuristic_frame_aware,27,P,0,0,5037,900.0,983.333,HEURISTIC_TCP_BATCH,tcp,37296530216244,False
37295630048394,echo_mediaelement,heuristic_frame_aware,28,P,0,0,2183,933.333,1016.666,HEURISTIC_TCP_BATCH,tcp,37296596864484,False
37295630048394,echo_mediaelement,heuristic_frame_aware,29,P,0,0,4664,966.667,1050.0,HEURISTIC_TCP_BATCH,tcp,37296596890314,False
37295630048394,echo_mediaelement,heuristic_frame_aware,30,P,0,0,2465,1000.0,1083.333,HEURISTIC_TCP_BATCH,tcp,37296663505794,False
37295630048394,echo_mediaelement,heuristic_frame_aware,31,P,0,0,4255,1033.333,1116.666,HEURISTIC_TCP_BATCH,tcp,37296663531534,False
37295630048394,echo_mediaelement,heuristic_frame_aware,32,P,0,0,2042,1066.667,1150.0,HEURISTIC_TCP_BATCH,tcp,37296730170954,False
37295630048394,echo_mediaelement,heuristic_frame_aware,33,P,0,0,4102,1100.0,1183.333,HEURISTIC_TCP_BATCH,tcp,37296730203174,False
37295630048394,echo_mediaelement,heuristic_frame_aware,34,P,0,0,1533,1133.333,1216.666,HEURISTIC_TCP_BATCH,tcp,37296796825764,False
37295630048394,echo_mediaelement,heuristic_frame_aware,35,P,0,0,3027,1166.667,1250.0,HEURISTIC_TCP_BATCH,tcp,37296796849974,False
37295630048394,echo_mediaelement,heuristic_frame_aware,36,P,0,0,3115,1200.0,1283.333,HEURISTIC_TCP_BATCH,tcp,37296830148804,False
37295630048394,echo_mediaelement,heuristic_frame_aware,37,P,0,0,4622,1233.333,1316.666,HEURISTIC_TCP_BATCH,tcp,37296863528364,False
37295630048394,echo_mediaelement,heuristic_frame_aware,38,P,0,0,2320,1266.667,1350.0,HEURISTIC_TCP_BATCH,tcp,37296930149334,False
37295630048394,echo_mediaelement,heuristic_frame_aware,39,P,0,0,5073,1300.0,1383.333,HEURISTIC_TCP_BATCH,tcp,37296930173274,False
37295630048394,echo_mediaelement,heuristic_frame_aware,40,P,0,0,1988,1333.333,1416.666,HEURISTIC_TCP_BATCH,tcp,37296996826914,False
37295630048394,echo_mediaelement,heuristic_frame_aware,41,P,0,0,5359,1366.667,1450.0,HEURISTIC_TCP_BATCH,tcp,37296996851844,False
37295630048394,echo_mediaelement,heuristic_frame_aware,42,P,0,0,2131,1400.0,1483.333,HEURISTIC_TCP_BATCH,tcp,37297063558494,False
37295630048394,echo_mediaelement,heuristic_frame_aware,43,P,0,0,4931,1433.333,1516.666,HEURISTIC_TCP_BATCH,tcp,37297063587744,False
37295630048394,echo_mediaelement,heuristic_frame_aware,44,P,0,0,2732,1466.667,1550.0,HEURISTIC_TCP_BATCH,tcp,37297130219874,False
37295630048394,echo_mediaelement,heuristic_frame_aware,45,P,0,0,4428,1500.0,1583.333,HEURISTIC_TCP_BATCH,tcp,37297130254344,False
37295630048394,echo_mediaelement,heuristic_frame_aware,46,P,0,0,3389,1533.333,1616.666,HEURISTIC_TCP_BATCH,tcp,37297163480364,False
37295630048394,echo_mediaelement,heuristic_frame_aware,47,P,0,0,3279,1566.667,1650.0,HEURISTIC_TCP_BATCH,tcp,37297196824014,False
37295630048394,echo_mediaelement,heuristic_frame_aware,48,P,0,0,3740,1600.0,1683.333,HEURISTIC_TCP_BATCH,tcp,37297230164244,False
37295630048394,echo_mediaelement,heuristic_frame_aware,49,P,0,0,3217,1633.333,1716.666,HEURISTIC_TCP_BATCH,tcp,37297263520944,False
37295630048394,echo_mediaelement,heuristic_frame_aware,50,P,0,0,4028,1666.667,1750.0,HEURISTIC_TCP_BATCH,tcp,37297296854334,False
37295630048394,echo_mediaelement,heuristic_frame_aware,51,P,0,0,2371,1700.0,1783.333,HEURISTIC_TCP_BATCH,tcp,37297363527504,False
37295630048394,echo_mediaelement,heuristic_frame_aware,52,P,0,0,2436,1733.333,1816.666,HEURISTIC_TCP_BATCH,tcp,37297363560264,False
37295630048394,echo_mediaelement,heuristic_frame_aware,53,P,0,0,4185,1766.667,1850.0,HEURISTIC_TCP_BATCH,tcp,37297396816524,False
37295630048394,echo_mediaelement,heuristic_frame_aware,54,P,0,0,2159,1800.0,1883.333,HEURISTIC_TCP_BATCH,tcp,37297463519754,False
37295630048394,echo_mediaelement,heuristic_frame_aware,55,P,0,0,4290,1833.333,1916.666,HEURISTIC_TCP_BATCH,tcp,37297463555574,False
37295630048394,echo_mediaelement,heuristic_frame_aware,56,P,0,0,2630,1866.667,1950.0,HEURISTIC_TCP_BATCH,tcp,37297530161244,False
37295630048394,echo_mediaelement,heuristic_frame_aware,57,P,0,0,5950,1900.0,1983.333,HEURISTIC_TCP_BATCH,tcp,37297530184374,False
37295630048394,echo_mediaelement,heuristic_frame_aware,58,P,0,0,3556,1933.333,2016.666,HEURISTIC_TCP_BATCH,tcp,37297563531624,False
37295630048394,echo_mediaelement,heuristic_frame_aware,59,P,0,0,2778,1966.667,2050.0,HEURISTIC_TCP_BATCH,tcp,37298310724584,False
37295630048394,echo_mediaelement,heuristic_frame_aware,60,P,0,0,3923,2000.0,2083.333,HEURISTIC_TCP_BATCH,tcp,37298310740154,False
37295630048394,echo_mediaelement,heuristic_frame_aware,61,P,0,0,3061,2033.333,2116.666,HEURISTIC_TCP_BATCH,tcp,37298310749874,False
37295630048394,echo_mediaelement,heuristic_frame_aware,62,P,0,0,2639,2066.667,2150.0,HEURISTIC_TCP_BATCH,tcp,37298310758424,False
37295630048394,echo_mediaelement,heuristic_frame_aware,63,P,0,0,4229,2100.0,2183.333,HEURISTIC_TCP_BATCH,tcp,37298310766704,False
37295630048394,echo_mediaelement,heuristic_frame_aware,64,P,0,0,1706,2133.333,2216.666,HEURISTIC_TCP_BATCH,tcp,37298310774894,False
37295630048394,echo_mediaelement,heuristic_frame_aware,65,P,0,0,2612,2166.667,2250.0,HEURISTIC_TCP_BATCH,tcp,37298310786864,False
37295630048394,echo_mediaelement,heuristic_frame_aware,66,P,0,0,2969,2200.0,2283.333,HEURISTIC_TCP_BATCH,tcp,37298310794784,False
37295630048394,echo_mediaelement,heuristic_frame_aware,67,P,0,0,3839,2233.333,2316.666,HEURISTIC_TCP_BATCH,tcp,37298310802614,False
37295630048394,echo_mediaelement,heuristic_frame_aware,68,P,0,0,2293,2266.667,2350.0,HEURISTIC_TCP_BATCH,tcp,37298310810624,False
37295630048394,echo_mediaelement,heuristic_frame_aware,69,I,1,1,3236,2300.0,2383.333,HEURISTIC_TCP_BATCH,tcp,37298310818994,False
37295630048394,echo_mediaelement,heuristic_frame_aware,70,P,0,1,1934,2333.333,2416.666,HEURISTIC_TCP_BATCH,tcp,37298310826734,False
37295630048394,echo_mediaelement,heuristic_frame_aware,71,P,0,1,2509,2366.667,2450.0,HEURISTIC_TCP_BATCH,tcp,37298310834834,False
37295630048394,echo_mediaelement,heuristic_frame_aware,72,P,0,1,2052,2400.0,2483.333,HEURISTIC_TCP_BATCH,tcp,37298310842844,False
37295630048394,echo_mediaelement,heuristic_frame_aware,73,P,0,1,1932,2433.333,2516.666,HEURISTIC_TCP_BATCH,tcp,37298310850674,False
37295630048394,echo_mediaelement,heuristic_frame_aware,74,P,0,1,2657,2466.667,2550.0,HEURISTIC_TCP_BATCH,tcp,37298811423924,False
37295630048394,echo_mediaelement,heuristic_frame_aware,75,P,0,1,5039,2500.0,2583.333,HEURISTIC_TCP_BATCH,tcp,37298811451554,False
37295630048394,echo_mediaelement,heuristic_frame_aware,76,P,0,1,4184,2533.333,2616.666,HEURISTIC_TCP_BATCH,tcp,37298811466494,False
37295630048394,echo_mediaelement,heuristic_frame_aware,77,P,0,1,5770,2566.667,2650.0,HEURISTIC_TCP_BATCH,tcp,37298811486654,False
37295630048394,echo_mediaelement,heuristic_frame_aware,78,P,0,1,3327,2600.0,2683.333,HEURISTIC_TCP_BATCH,tcp,37298811499344,False
37295630048394,echo_mediaelement,heuristic_frame_aware,79,P,0,1,2676,2633.333,2716.666,HEURISTIC_TCP_BATCH,tcp,37298811511134,False
37295630048394,echo_mediaelement,heuristic_frame_aware,80,P,0,1,3355,2666.667,2750.0,HEURISTIC_TCP_BATCH,tcp,37298811523464,False
37295630048394,echo_mediaelement,heuristic_frame_aware,81,P,0,1,5518,2700.0,2783.333,HEURISTIC_TCP_BATCH,tcp,37298811536604,False
37295630048394,echo_mediaelement,heuristic_frame_aware,82,P,0,1,5540,2733.333,2816.666,HEURISTIC_TCP_BATCH,tcp,37298811549564,False
37295630048394,echo_mediaelement,heuristic_frame_aware,83,P,0,1,2718,2766.667,2850.0,HEURISTIC_TCP_BATCH,tcp,37298811562254,False
37295630048394,echo_mediaelement,heuristic_frame_aware,84,P,0,1,4300,2800.0,2883.333,HEURISTIC_TCP_BATCH,tcp,37298811578544,False
37295630048394,echo_mediaelement,heuristic_frame_aware,85,P,0,1,3857,2833.333,2916.666,HEURISTIC_TCP_BATCH,tcp,37299168278694,False
37295630048394,echo_mediaelement,heuristic_frame_aware,86,P,0,1,2434,2866.667,2950.0,HEURISTIC_TCP_BATCH,tcp,37299168296964,False
37295630048394,echo_mediaelement,heuristic_frame_aware,87,P,0,1,3911,2900.0,2983.333,HEURISTIC_TCP_BATCH,tcp,37299168306864,False
37295630048394,echo_mediaelement,heuristic_frame_aware,88,P,0,1,3408,2933.333,3016.666,HEURISTIC_TCP_BATCH,tcp,37299168315864,False
37295630048394,echo_mediaelement,heuristic_frame_aware,89,P,0,1,3663,2966.667,3050.0,HEURISTIC_TCP_BATCH,tcp,37299168324234,False
37295630048394,echo_mediaelement,heuristic_frame_aware,90,P,0,1,2477,3000.0,3083.333,HEURISTIC_TCP_BATCH,tcp,37299168332154,False
37295630048394,echo_mediaelement,heuristic_frame_aware,91,P,0,1,4600,3033.333,3116.666,HEURISTIC_TCP_BATCH,tcp,37299168340254,False
37295630048394,echo_mediaelement,heuristic_frame_aware,92,P,0,1,4391,3066.667,3150.0,HEURISTIC_TCP_BATCH,tcp,37299168348354,False
37295630048394,echo_mediaelement,heuristic_frame_aware,93,P,0,1,6779,3100.0,3183.333,HEURISTIC_TCP_BATCH,tcp,37299168356814,False
37295630048394,echo_mediaelement,heuristic_frame_aware,94,P,0,1,3160,3133.333,3216.666,HEURISTIC_TCP_BATCH,tcp,37299168367614,False
37295630048394,echo_mediaelement,heuristic_frame_aware,95,P,0,1,4442,3166.667,3250.0,HEURISTIC_TCP_BATCH,tcp,37299168375624,False
37295630048394,echo_mediaelement,heuristic_frame_aware,96,P,0,1,3054,3200.0,3283.333,HEURISTIC_TCP_BATCH,tcp,37299168383634,False
37295630048394,echo_mediaelement,heuristic_frame_aware,97,P,0,1,3676,3233.333,3316.666,HEURISTIC_TCP_BATCH,tcp,37299469872114,False
37295630048394,echo_mediaelement,heuristic_frame_aware,98,P,0,1,3280,3266.667,3350.0,HEURISTIC_TCP_BATCH,tcp,37299469887954,False
37295630048394,echo_mediaelement,heuristic_frame_aware,99,P,0,1,5339,3300.0,3383.333,HEURISTIC_TCP_BATCH,tcp,37299469897764,False
37295630048394,echo_mediaelement,heuristic_frame_aware,100,P,0,1,3531,3333.333,3416.666,HEURISTIC_TCP_BATCH,tcp,37299469906404,False
37295630048394,echo_mediaelement,heuristic_frame_aware,101,P,0,1,4661,3366.667,3450.0,HEURISTIC_TCP_BATCH,tcp,37299469914504,False
37295630048394,echo_mediaelement,heuristic_frame_aware,102,P,0,1,2686,3400.0,3483.333,HEURISTIC_TCP_BATCH,tcp,37299469926654,False
37295630048394,echo_mediaelement,heuristic_frame_aware,103,P,0,1,5386,3433.333,3516.666,HEURISTIC_TCP_BATCH,tcp,37299469934844,False
37295630048394,echo_mediaelement,heuristic_frame_aware,104,P,0,1,2883,3466.667,3550.0,HEURISTIC_TCP_BATCH,tcp,37299469942764,False
37295630048394,echo_mediaelement,heuristic_frame_aware,105,P,0,1,4753,3500.0,3583.333,HEURISTIC_TCP_BATCH,tcp,37299469950864,False
37295630048394,echo_mediaelement,heuristic_frame_aware,106,P,0,1,2403,3533.333,3616.666,HEURISTIC_TCP_BATCH,tcp,37299469958694,False
37295630048394,echo_mediaelement,heuristic_frame_aware,107,P,0,1,3729,3566.667,3650.0,HEURISTIC_TCP_BATCH,tcp,37299469966614,False
37295630048394,echo_mediaelement,heuristic_frame_aware,108,P,0,1,3365,3600.0,3683.333,HEURISTIC_TCP_BATCH,tcp,37299862339164,False
37295630048394,echo_mediaelement,heuristic_frame_aware,109,P,0,1,3459,3633.333,3716.666,HEURISTIC_TCP_BATCH,tcp,37299862358514,False
37295630048394,echo_mediaelement,heuristic_frame_aware,110,P,0,1,4287,3666.667,3750.0,HEURISTIC_TCP_BATCH,tcp,37299862372194,False
37295630048394,echo_mediaelement,heuristic_frame_aware,111,P,0,1,2494,3700.0,3783.333,HEURISTIC_TCP_BATCH,tcp,37299862381194,False
37295630048394,echo_mediaelement,heuristic_frame_aware,112,P,0,1,4133,3733.333,3816.666,HEURISTIC_TCP_BATCH,tcp,37299862389744,False
37295630048394,echo_mediaelement,heuristic_frame_aware,113,P,0,1,2501,3766.667,3850.0,HEURISTIC_TCP_BATCH,tcp,37299862397844,False
37295630048394,echo_mediaelement,heuristic_frame_aware,114,P,0,1,2423,3800.0,3883.333,HEURISTIC_TCP_BATCH,tcp,37299862405764,False
37295630048394,echo_mediaelement,heuristic_frame_aware,115,P,0,1,3694,3833.333,3916.666,HEURISTIC_TCP_BATCH,tcp,37299862414134,False
37295630048394,echo_mediaelement,heuristic_frame_aware,116,P,0,1,1856,3866.667,3950.0,HEURISTIC_TCP_BATCH,tcp,37299862422144,False
37295630048394,echo_mediaelement,heuristic_frame_aware,117,P,0,1,3290,3900.0,3983.333,HEURISTIC_TCP_BATCH,tcp,37299862430064,False
37295630048394,echo_mediaelement,heuristic_frame_aware,118,P,0,1,2799,3933.333,4016.666,HEURISTIC_TCP_BATCH,tcp,37299862438254,False
37295630048394,echo_mediaelement,heuristic_frame_aware,119,P,0,1,4521,3966.667,4050.0,HEURISTIC_TCP_BATCH,tcp,37299862446444,False
37295630048394,echo_mediaelement,heuristic_frame_aware,120,P,0,1,3241,4000.0,4083.333,HEURISTIC_TCP_BATCH,tcp,37299862455444,False
37295630048394,echo_mediaelement,heuristic_frame_aware,121,P,0,1,3029,4033.333,4116.666,HEURISTIC_TCP_BATCH,tcp,37299862467144,False
37295630048394,echo_mediaelement,heuristic_frame_aware,122,P,0,1,3231,4066.667,4150.0,HEURISTIC_TCP_BATCH,tcp,37299862475334,False
37295630048394,echo_mediaelement,heuristic_frame_aware,123,P,0,1,4485,4100.0,4183.333,HEURISTIC_TCP_BATCH,tcp,37300263190704,False
37295630048394,echo_mediaelement,heuristic_frame_aware,124,P,0,1,1964,4133.333,4216.666,HEURISTIC_TCP_BATCH,tcp,37300263208974,False
37295630048394,echo_mediaelement,heuristic_frame_aware,125,P,0,1,3737,4166.667,4250.0,HEURISTIC_TCP_BATCH,tcp,37300263218964,False
37295630048394,echo_mediaelement,heuristic_frame_aware,126,P,0,1,1892,4200.0,4283.333,HEURISTIC_TCP_BATCH,tcp,37300263227784,False
37295630048394,echo_mediaelement,heuristic_frame_aware,127,P,0,1,3596,4233.333,4316.666,HEURISTIC_TCP_BATCH,tcp,37300263236064,False
37295630048394,echo_mediaelement,heuristic_frame_aware,128,P,0,1,2148,4266.667,4350.0,HEURISTIC_TCP_BATCH,tcp,37300263245334,False
37295630048394,echo_mediaelement,heuristic_frame_aware,129,P,0,1,3930,4300.0,4383.333,HEURISTIC_TCP_BATCH,tcp,37300263253704,False
37295630048394,echo_mediaelement,heuristic_frame_aware,130,P,0,1,1974,4333.333,4416.666,HEURISTIC_TCP_BATCH,tcp,37300263261984,False
37295630048394,echo_mediaelement,heuristic_frame_aware,131,P,0,1,4237,4366.667,4450.0,HEURISTIC_TCP_BATCH,tcp,37300263273864,False
37295630048394,echo_mediaelement,heuristic_frame_aware,132,P,0,1,2749,4400.0,4483.333,HEURISTIC_TCP_BATCH,tcp,37300263282324,False
37295630048394,echo_mediaelement,heuristic_frame_aware,133,P,0,1,3609,4433.333,4516.666,HEURISTIC_TCP_BATCH,tcp,37300263290334,False
37295630048394,echo_mediaelement,heuristic_frame_aware,134,P,0,1,2799,4466.667,4550.0,HEURISTIC_TCP_BATCH,tcp,37300263298344,False
37295630048394,echo_mediaelement,heuristic_frame_aware,135,P,0,1,3490,4500.0,4583.333,HEURISTIC_TCP_BATCH,tcp,37300263306354,False
37295630048394,echo_mediaelement,heuristic_frame_aware,136,P,0,1,2672,4533.333,4616.666,HEURISTIC_TCP_BATCH,tcp,37300263314454,False
37295630048394,echo_mediaelement,heuristic_frame_aware,137,P,0,1,4591,4566.667,4650.0,HEURISTIC_TCP_BATCH,tcp,37300263322374,False
37295630048394,echo_mediaelement,heuristic_frame_aware,138,P,0,1,2597,4600.0,4683.333,HEURISTIC_TCP_BATCH,tcp,37300263481494,False
37295630048394,echo_mediaelement,heuristic_frame_aware,139,P,0,1,4477,4633.333,4716.666,HEURISTIC_TCP_BATCH,tcp,37300263494724,False
37295630048394,echo_mediaelement,heuristic_frame_aware,140,P,0,1,2789,4666.667,4750.0,HEURISTIC_TCP_BATCH,tcp,37300330164114,False
37295630048394,echo_mediaelement,heuristic_frame_aware,141,P,0,1,4379,4700.0,4783.333,HEURISTIC_TCP_BATCH,tcp,37300330185984,False
37295630048394,echo_mediaelement,heuristic_frame_aware,142,P,0,1,2370,4733.333,4816.666,HEURISTIC_TCP_BATCH,tcp,37300396866444,False
37295630048394,echo_mediaelement,heuristic_frame_aware,143,P,0,1,4484,4766.667,4850.0,HEURISTIC_TCP_BATCH,tcp,37300396898124,False
37295630048394,echo_mediaelement,heuristic_frame_aware,144,P,0,1,2258,4800.0,4883.333,HEURISTIC_TCP_BATCH,tcp,37300463548164,False
37295630048394,echo_mediaelement,heuristic_frame_aware,145,P,0,1,3655,4833.333,4916.666,HEURISTIC_TCP_BATCH,tcp,37300764163644,False
37295630048394,echo_mediaelement,heuristic_frame_aware,146,P,0,1,1926,4866.667,4950.0,HEURISTIC_TCP_BATCH,tcp,37300764205944,False
37295630048394,echo_mediaelement,heuristic_frame_aware,147,P,0,1,2476,4900.0,4983.333,HEURISTIC_TCP_BATCH,tcp,37300764218184,False
37295630048394,echo_mediaelement,heuristic_frame_aware,148,P,0,1,3506,4933.333,5016.666,HEURISTIC_TCP_BATCH,tcp,37300764227454,False
37295630048394,echo_mediaelement,heuristic_frame_aware,149,P,0,1,2822,4966.667,5050.0,HEURISTIC_TCP_BATCH,tcp,37300764237354,False
37295630048394,echo_mediaelement,heuristic_frame_aware,150,P,0,1,3880,5000.0,5083.333,HEURISTIC_TCP_BATCH,tcp,37300764245904,False
37295630048394,echo_mediaelement,heuristic_frame_aware,151,P,0,1,3359,5033.333,5116.666,HEURISTIC_TCP_BATCH,tcp,37300764258864,False
37295630048394,echo_mediaelement,heuristic_frame_aware,152,P,0,1,2232,5066.667,5150.0,HEURISTIC_TCP_BATCH,tcp,37300764269034,False
37295630048394,echo_mediaelement,heuristic_frame_aware,153,P,0,1,4665,5100.0,5183.333,HEURISTIC_TCP_BATCH,tcp,37300764278304,False
37295630048394,echo_mediaelement,heuristic_frame_aware,154,P,0,1,3746,5133.333,5216.666,HEURISTIC_TCP_BATCH,tcp,37300764286404,False
37295630048394,echo_mediaelement,heuristic_frame_aware,155,P,0,1,3162,5166.667,5250.0,HEURISTIC_TCP_BATCH,tcp,37300796851824,False
37295630048394,echo_mediaelement,heuristic_frame_aware,156,P,0,1,2820,5200.0,5283.333,HEURISTIC_TCP_BATCH,tcp,37300863532284,False
37295630048394,echo_mediaelement,heuristic_frame_aware,157,P,0,1,3572,5233.333,5316.666,HEURISTIC_TCP_BATCH,tcp,37300863562164,False
37295630048394,echo_mediaelement,heuristic_frame_aware,158,P,0,1,3384,5266.667,5350.0,HEURISTIC_TCP_BATCH,tcp,37300896810594,False
37295630048394,echo_mediaelement,heuristic_frame_aware,159,P,0,1,3343,5300.0,5383.333,HEURISTIC_TCP_BATCH,tcp,37300930154154,False
37295630048394,echo_mediaelement,heuristic_frame_aware,160,P,0,1,2636,5333.333,5416.666,HEURISTIC_TCP_BATCH,tcp,37300996817064,False
37295630048394,echo_mediaelement,heuristic_frame_aware,161,P,0,1,3045,5366.667,5450.0,HEURISTIC_TCP_BATCH,tcp,37300996844514,False
37295630048394,echo_mediaelement,heuristic_frame_aware,162,P,0,1,2747,5400.0,5483.333,HEURISTIC_TCP_BATCH,tcp,37301063522274,False
37295630048394,echo_mediaelement,heuristic_frame_aware,163,P,0,1,3002,5433.333,5516.666,HEURISTIC_TCP_BATCH,tcp,37301063554854,False
37295630048394,echo_mediaelement,heuristic_frame_aware,164,P,0,1,2592,5466.667,5550.0,HEURISTIC_TCP_BATCH,tcp,37301130159804,False
37295630048394,echo_mediaelement,heuristic_frame_aware,165,P,0,1,4288,5500.0,5583.333,HEURISTIC_TCP_BATCH,tcp,37301130185634,False
37295630048394,echo_mediaelement,heuristic_frame_aware,166,P,0,1,2519,5533.333,5616.666,HEURISTIC_TCP_BATCH,tcp,37301196815604,False
37295630048394,echo_mediaelement,heuristic_frame_aware,167,P,0,1,5246,5566.667,5650.0,HEURISTIC_TCP_BATCH,tcp,37301196837744,False
37295630048394,echo_mediaelement,heuristic_frame_aware,168,P,0,1,3109,5600.0,5683.333,HEURISTIC_TCP_BATCH,tcp,37301230149084,False
37295630048394,echo_mediaelement,heuristic_frame_aware,169,P,0,1,3818,5633.333,5716.666,HEURISTIC_TCP_BATCH,tcp,37301263515324,False
37295630048394,echo_mediaelement,heuristic_frame_aware,170,P,0,1,2287,5666.667,5750.0,HEURISTIC_TCP_BATCH,tcp,37301330174814,False
37295630048394,echo_mediaelement,heuristic_frame_aware,171,P,0,1,3136,5700.0,5783.333,HEURISTIC_TCP_BATCH,tcp,37301330208204,False
37295630048394,echo_mediaelement,heuristic_frame_aware,172,P,0,1,3647,5733.333,5816.666,HEURISTIC_TCP_BATCH,tcp,37301363505144,False
37295630048394,echo_mediaelement,heuristic_frame_aware,173,P,0,1,2411,5766.667,5850.0,HEURISTIC_TCP_BATCH,tcp,37301430132504,False
37295630048394,echo_mediaelement,heuristic_frame_aware,174,P,0,1,3070,5800.0,5883.333,HEURISTIC_TCP_BATCH,tcp,37301430149424,False
37295630048394,echo_mediaelement,heuristic_frame_aware,175,P,0,1,3584,5833.333,5916.666,HEURISTIC_TCP_BATCH,tcp,37301463468594,False
37295630048394,echo_mediaelement,heuristic_frame_aware,176,P,0,1,2316,5866.667,5950.0,HEURISTIC_TCP_BATCH,tcp,37301530149144,False
37295630048394,echo_mediaelement,heuristic_frame_aware,177,P,0,1,3882,5900.0,5983.333,HEURISTIC_TCP_BATCH,tcp,37301530165974,False
37295630048394,echo_mediaelement,heuristic_frame_aware,178,P,0,1,1891,5933.333,6016.666,HEURISTIC_TCP_BATCH,tcp,37301596857234,False
37295630048394,echo_mediaelement,heuristic_frame_aware,179,P,0,1,3159,5966.667,6050.0,HEURISTIC_TCP_BATCH,tcp,37301596896744,False
37295630048394,echo_mediaelement,heuristic_frame_aware,180,P,0,1,2010,6000.0,6083.333,HEURISTIC_TCP_BATCH,tcp,37301663501514,False
37295630048394,echo_mediaelement,heuristic_frame_aware,181,P,0,1,3714,6033.333,6116.666,HEURISTIC_TCP_BATCH,tcp,37301663528694,False
37295630048394,echo_mediaelement,heuristic_frame_aware,182,P,0,1,2931,6066.667,6150.0,HEURISTIC_TCP_BATCH,tcp,37301696809704,False
37295630048394,echo_mediaelement,heuristic_frame_aware,183,P,0,1,2580,6100.0,6183.333,HEURISTIC_TCP_BATCH,tcp,37301763511044,False
37295630048394,echo_mediaelement,heuristic_frame_aware,184,P,0,1,4616,6133.333,6216.666,HEURISTIC_TCP_BATCH,tcp,37301763530124,False
37295630048394,echo_mediaelement,heuristic_frame_aware,185,P,0,1,2952,6166.667,6250.0,HEURISTIC_TCP_BATCH,tcp,37301796820764,False
37295630048394,echo_mediaelement,heuristic_frame_aware,186,P,0,1,2165,6200.0,6283.333,HEURISTIC_TCP_BATCH,tcp,37301863527504,False
37295630048394,echo_mediaelement,heuristic_frame_aware,187,P,0,1,3111,6233.333,6316.666,HEURISTIC_TCP_BATCH,tcp,37301863565034,False
37295630048394,echo_mediaelement,heuristic_frame_aware,188,P,0,1,1924,6266.667,6350.0,HEURISTIC_TCP_BATCH,tcp,37301930184024,False
37295630048394,echo_mediaelement,heuristic_frame_aware,189,I,1,2,6647,6300.0,6383.333,HEURISTIC_TCP_BATCH,tcp,37301930242344,False
37295630048394,echo_mediaelement,heuristic_frame_aware,190,P,0,2,5394,6333.333,6416.666,HEURISTIC_TCP_BATCH,tcp,37301963457744,False
37295630048394,echo_mediaelement,heuristic_frame_aware,191,P,0,2,2819,6366.667,6450.0,HEURISTIC_TCP_BATCH,tcp,37302030185634,False
37295630048394,echo_mediaelement,heuristic_frame_aware,192,P,0,2,5458,6400.0,6483.333,HEURISTIC_TCP_BATCH,tcp,37302030216864,False
37295630048394,echo_mediaelement,heuristic_frame_aware,193,P,0,2,3306,6433.333,6516.666,HEURISTIC_TCP_BATCH,tcp,37302063516144,False
37295630048394,echo_mediaelement,heuristic_frame_aware,194,P,0,2,3166,6466.667,6550.0,HEURISTIC_TCP_BATCH,tcp,37302096828294,False
37295630048394,echo_mediaelement,heuristic_frame_aware,195,P,0,2,5491,6500.0,6583.333,HEURISTIC_TCP_BATCH,tcp,37302130205514,False
37295630048394,echo_mediaelement,heuristic_frame_aware,196,P,0,2,2816,6533.333,6616.666,HEURISTIC_TCP_BATCH,tcp,37302196820544,False
37295630048394,echo_mediaelement,heuristic_frame_aware,197,P,0,2,3940,6566.667,6650.0,HEURISTIC_TCP_BATCH,tcp,37302196841064,False
37295630048394,echo_mediaelement,heuristic_frame_aware,198,P,0,2,2951,6600.0,6683.333,HEURISTIC_TCP_BATCH,tcp,37302230162304,False
37295630048394,echo_mediaelement,heuristic_frame_aware,199,P,0,2,2934,6633.333,6716.666,HEURISTIC_TCP_BATCH,tcp,37302263466174,False
37295630048394,echo_mediaelement,heuristic_frame_aware,200,P,0,2,4531,6666.667,6750.0,HEURISTIC_TCP_BATCH,tcp,37302296830614,False
37295630048394,echo_mediaelement,heuristic_frame_aware,201,P,0,2,3496,6700.0,6783.333,HEURISTIC_TCP_BATCH,tcp,37302330182994,False
37295630048394,echo_mediaelement,heuristic_frame_aware,202,P,0,2,3596,6733.333,6816.666,HEURISTIC_TCP_BATCH,tcp,37302363493884,False
37295630048394,echo_mediaelement,heuristic_frame_aware,203,P,0,2,3298,6766.667,6850.0,HEURISTIC_TCP_BATCH,tcp,37302396833394,False
37295630048394,echo_mediaelement,heuristic_frame_aware,204,P,0,2,2134,6800.0,6883.333,HEURISTIC_TCP_BATCH,tcp,37302463479564,False
37295630048394,echo_mediaelement,heuristic_frame_aware,205,P,0,2,5293,6833.333,6916.666,HEURISTIC_TCP_BATCH,tcp,37302463498374,False
37295630048394,echo_mediaelement,heuristic_frame_aware,206,P,0,2,2990,6866.667,6950.0,HEURISTIC_TCP_BATCH,tcp,37302496820514,False
37295630048394,echo_mediaelement,heuristic_frame_aware,207,P,0,2,4484,6900.0,6983.333,HEURISTIC_TCP_BATCH,tcp,37302530206284,False
37295630048394,echo_mediaelement,heuristic_frame_aware,208,P,0,2,2977,6933.333,7016.666,HEURISTIC_TCP_BATCH,tcp,37302563481804,False
37295630048394,echo_mediaelement,heuristic_frame_aware,209,P,0,2,3949,6966.667,7050.0,HEURISTIC_TCP_BATCH,tcp,37302596835354,False
37295630048394,echo_mediaelement,heuristic_frame_aware,210,P,0,2,2340,7000.0,7083.333,HEURISTIC_TCP_BATCH,tcp,37302663517164,False
37295630048394,echo_mediaelement,heuristic_frame_aware,211,P,0,2,3228,7033.333,7116.666,HEURISTIC_TCP_BATCH,tcp,37302663556764,False
37295630048394,echo_mediaelement,heuristic_frame_aware,212,P,0,2,2792,7066.667,7150.0,HEURISTIC_TCP_BATCH,tcp,37302730215354,False
37295630048394,echo_mediaelement,heuristic_frame_aware,213,P,0,2,5501,7100.0,7183.333,HEURISTIC_TCP_BATCH,tcp,37302730265304,False
37295630048394,echo_mediaelement,heuristic_frame_aware,214,P,0,2,2840,7133.333,7216.666,HEURISTIC_TCP_BATCH,tcp,37302796854594,False
37295630048394,echo_mediaelement,heuristic_frame_aware,215,P,0,2,5763,7166.667,7250.0,HEURISTIC_TCP_BATCH,tcp,37302796908864,False
37295630048394,echo_mediaelement,heuristic_frame_aware,216,P,0,2,4007,7200.0,7283.333,HEURISTIC_TCP_BATCH,tcp,37302830147934,False
37295630048394,echo_mediaelement,heuristic_frame_aware,217,P,0,2,3079,7233.333,7316.666,HEURISTIC_TCP_BATCH,tcp,37302863547654,False
37295630048394,echo_mediaelement,heuristic_frame_aware,218,P,0,2,2798,7266.667,7350.0,HEURISTIC_TCP_BATCH,tcp,37302930221544,False
37295630048394,echo_mediaelement,heuristic_frame_aware,219,P,0,2,3973,7300.0,7383.333,HEURISTIC_TCP_BATCH,tcp,37302930296604,False
37295630048394,echo_mediaelement,heuristic_frame_aware,220,P,0,2,2643,7333.333,7416.666,HEURISTIC_TCP_BATCH,tcp,37302996882834,False
37295630048394,echo_mediaelement,heuristic_frame_aware,221,P,0,2,3867,7366.667,7450.0,HEURISTIC_TCP_BATCH,tcp,37302996943494,False
37295630048394,echo_mediaelement,heuristic_frame_aware,222,P,0,2,3547,7400.0,7483.333,HEURISTIC_TCP_BATCH,tcp,37303030159704,False
37295630048394,echo_mediaelement,heuristic_frame_aware,223,P,0,2,2266,7433.333,7516.666,HEURISTIC_TCP_BATCH,tcp,37303096853304,False
37295630048394,echo_mediaelement,heuristic_frame_aware,224,P,0,2,4032,7466.667,7550.0,HEURISTIC_TCP_BATCH,tcp,37303096883814,False
37295630048394,echo_mediaelement,heuristic_frame_aware,225,P,0,2,1812,7500.0,7583.333,HEURISTIC_TCP_BATCH,tcp,37303163462394,False
37295630048394,echo_mediaelement,heuristic_frame_aware,226,P,0,2,3379,7533.333,7616.666,HEURISTIC_TCP_BATCH,tcp,37303163505594,False
37295630048394,echo_mediaelement,heuristic_frame_aware,227,P,0,2,3120,7566.667,7650.0,HEURISTIC_TCP_BATCH,tcp,37303196846724,False
37295630048394,echo_mediaelement,heuristic_frame_aware,228,P,0,2,2586,7600.0,7683.333,HEURISTIC_TCP_BATCH,tcp,37303263506394,False
37295630048394,echo_mediaelement,heuristic_frame_aware,229,P,0,2,4492,7633.333,7716.666,HEURISTIC_TCP_BATCH,tcp,37303263556254,False
37295630048394,echo_mediaelement,heuristic_frame_aware,230,P,0,2,1986,7666.667,7750.0,HEURISTIC_TCP_BATCH,tcp,37303330195854,False
37295630048394,echo_mediaelement,heuristic_frame_aware,231,P,0,2,4621,7700.0,7783.333,HEURISTIC_TCP_BATCH,tcp,37303330232124,False
37295630048394,echo_mediaelement,heuristic_frame_aware,232,P,0,2,2696,7733.333,7816.666,HEURISTIC_TCP_BATCH,tcp,37303396834374,False
37295630048394,echo_mediaelement,heuristic_frame_aware,233,P,0,2,4415,7766.667,7850.0,HEURISTIC_TCP_BATCH,tcp,37303396868844,False
37295630048394,echo_mediaelement,heuristic_frame_aware,234,P,0,2,3050,7800.0,7883.333,HEURISTIC_TCP_BATCH,tcp,37303430167494,False
37295630048394,echo_mediaelement,heuristic_frame_aware,235,P,0,2,3224,7833.333,7916.666,HEURISTIC_TCP_BATCH,tcp,37303463520594,False
37295630048394,echo_mediaelement,heuristic_frame_aware,236,P,0,2,3793,7866.667,7950.0,HEURISTIC_TCP_BATCH,tcp,37303496842194,False
37295630048394,echo_mediaelement,heuristic_frame_aware,237,P,0,2,2306,7900.0,7983.333,HEURISTIC_TCP_BATCH,tcp,37303563523194,False
37295630048394,echo_mediaelement,heuristic_frame_aware,238,P,0,2,3234,7933.333,8016.666,HEURISTIC_TCP_BATCH,tcp,37303563551364,False
37295630048394,echo_mediaelement,heuristic_frame_aware,239,P,0,2,3464,7966.667,8050.0,HEURISTIC_TCP_BATCH,tcp,37303596801684,False
37295630048394,echo_mediaelement,heuristic_frame_aware,240,P,0,2,2374,8000.0,8083.333,HEURISTIC_TCP_BATCH,tcp,37303663526424,False
37295630048394,echo_mediaelement,heuristic_frame_aware,241,P,0,2,4712,8033.333,8116.666,HEURISTIC_TCP_BATCH,tcp,37303663553334,False
37295630048394,echo_mediaelement,heuristic_frame_aware,242,P,0,2,2875,8066.667,8150.0,HEURISTIC_TCP_BATCH,tcp,37303730172594,False
37295630048394,echo_mediaelement,heuristic_frame_aware,243,P,0,2,4779,8100.0,8183.333,HEURISTIC_TCP_BATCH,tcp,37303730203104,False
37295630048394,echo_mediaelement,heuristic_frame_aware,244,P,0,2,3194,8133.333,8216.666,HEURISTIC_TCP_BATCH,tcp,37303763494554,False
37295630048394,echo_mediaelement,heuristic_frame_aware,245,P,0,2,3458,8166.667,8250.0,HEURISTIC_TCP_BATCH,tcp,37303796839014,False
37295630048394,echo_mediaelement,heuristic_frame_aware,246,P,0,2,2434,8200.0,8283.333,HEURISTIC_TCP_BATCH,tcp,37303863509304,False
37295630048394,echo_mediaelement,heuristic_frame_aware,247,P,0,2,4270,8233.333,8316.666,HEURISTIC_TCP_BATCH,tcp,37303863533784,False
37295630048394,echo_mediaelement,heuristic_frame_aware,248,P,0,2,2913,8266.667,8350.0,HEURISTIC_TCP_BATCH,tcp,37303930177344,False
37295630048394,echo_mediaelement,heuristic_frame_aware,249,P,0,2,3367,8300.0,8383.333,HEURISTIC_TCP_BATCH,tcp,37303930199844,False
37295630048394,echo_mediaelement,heuristic_frame_aware,250,P,0,2,3111,8333.333,8416.666,HEURISTIC_TCP_BATCH,tcp,37303963520634,False
37295630048394,echo_mediaelement,heuristic_frame_aware,251,P,0,2,4403,8366.667,8450.0,HEURISTIC_TCP_BATCH,tcp,37303996832514,False
37295630048394,echo_mediaelement,heuristic_frame_aware,252,P,0,2,2369,8400.0,8483.333,HEURISTIC_TCP_BATCH,tcp,37304063513064,False
37295630048394,echo_mediaelement,heuristic_frame_aware,253,P,0,2,4618,8433.333,8516.666,HEURISTIC_TCP_BATCH,tcp,37304063535654,False
37295630048394,echo_mediaelement,heuristic_frame_aware,254,P,0,2,2774,8466.667,8550.0,HEURISTIC_TCP_BATCH,tcp,37304130166344,False
37295630048394,echo_mediaelement,heuristic_frame_aware,255,P,0,2,4088,8500.0,8583.333,HEURISTIC_TCP_BATCH,tcp,37304130203154,False
37295630048394,echo_mediaelement,heuristic_frame_aware,256,P,0,2,2213,8533.333,8616.666,HEURISTIC_TCP_BATCH,tcp,37304196808914,False
37295630048394,echo_mediaelement,heuristic_frame_aware,257,P,0,2,5082,8566.667,8650.0,HEURISTIC_TCP_BATCH,tcp,37304196836724,False
37295630048394,echo_mediaelement,heuristic_frame_aware,258,P,0,2,3250,8600.0,8683.333,HEURISTIC_TCP_BATCH,tcp,37304230162734,False
37295630048394,echo_mediaelement,heuristic_frame_aware,259,P,0,2,2596,8633.333,8716.666,HEURISTIC_TCP_BATCH,tcp,37304296801614,False
37295630048394,echo_mediaelement,heuristic_frame_aware,260,P,0,2,4279,8666.667,8750.0,HEURISTIC_TCP_BATCH,tcp,37304296818714,False
37295630048394,echo_mediaelement,heuristic_frame_aware,261,P,0,2,2138,8700.0,8783.333,HEURISTIC_TCP_BATCH,tcp,37304363514834,False
37295630048394,echo_mediaelement,heuristic_frame_aware,262,P,0,2,4041,8733.333,8816.666,HEURISTIC_TCP_BATCH,tcp,37304363535174,False
37295630048394,echo_mediaelement,heuristic_frame_aware,263,P,0,2,2132,8766.667,8850.0,HEURISTIC_TCP_BATCH,tcp,37304430216264,False
37295630048394,echo_mediaelement,heuristic_frame_aware,264,P,0,2,3117,8800.0,8883.333,HEURISTIC_TCP_BATCH,tcp,37304430250194,False
37295630048394,echo_mediaelement,heuristic_frame_aware,265,P,0,2,3507,8833.333,8916.666,HEURISTIC_TCP_BATCH,tcp,37304463515904,False
37295630048394,echo_mediaelement,heuristic_frame_aware,266,P,0,2,3516,8866.667,8950.0,HEURISTIC_TCP_BATCH,tcp,37304496845604,False
37295630048394,echo_mediaelement,heuristic_frame_aware,267,P,0,2,3004,8900.0,8983.333,HEURISTIC_TCP_BATCH,tcp,37304530185474,False
37295630048394,echo_mediaelement,heuristic_frame_aware,268,P,0,2,3239,8933.333,9016.666,HEURISTIC_TCP_BATCH,tcp,37304563520934,False
37295630048394,echo_mediaelement,heuristic_frame_aware,269,P,0,2,3945,8966.667,9050.0,HEURISTIC_TCP_BATCH,tcp,37304596893474,False
37295630048394,echo_mediaelement,heuristic_frame_aware,270,P,0,2,2033,9000.0,9083.333,HEURISTIC_TCP_BATCH,tcp,37304663535774,False
37295630048394,echo_mediaelement,heuristic_frame_aware,271,P,0,2,3525,9033.333,9116.666,HEURISTIC_TCP_BATCH,tcp,37304663565204,False
37295630048394,echo_mediaelement,heuristic_frame_aware,272,P,0,2,4133,9066.667,9150.0,HEURISTIC_TCP_BATCH,tcp,37304696856384,False
37295630048394,echo_mediaelement,heuristic_frame_aware,273,P,0,2,2642,9100.0,9183.333,HEURISTIC_TCP_BATCH,tcp,37304763492834,False
37295630048394,echo_mediaelement,heuristic_frame_aware,274,P,0,2,3469,9133.333,9216.666,HEURISTIC_TCP_BATCH,tcp,37304763517224,False
37295630048394,echo_mediaelement,heuristic_frame_aware,275,P,0,2,2129,9166.667,9250.0,HEURISTIC_TCP_BATCH,tcp,37304830144944,False
37295630048394,echo_mediaelement,heuristic_frame_aware,276,P,0,2,3274,9200.0,9283.333,HEURISTIC_TCP_BATCH,tcp,37304830167624,False
37295630048394,echo_mediaelement,heuristic_frame_aware,277,P,0,2,2317,9233.333,9316.666,HEURISTIC_TCP_BATCH,tcp,37304896818024,False
37295630048394,echo_mediaelement,heuristic_frame_aware,278,P,0,2,2991,9266.667,9350.0,HEURISTIC_TCP_BATCH,tcp,37304896842864,False
37295630048394,echo_mediaelement,heuristic_frame_aware,279,P,0,2,5735,9300.0,9383.333,HEURISTIC_TCP_BATCH,tcp,37304930163744,False
37295630048394,echo_mediaelement,heuristic_frame_aware,280,P,0,2,3006,9333.333,9416.666,HEURISTIC_TCP_BATCH,tcp,37304963533674,False
37295630048394,echo_mediaelement,heuristic_frame_aware,281,P,0,2,5240,9366.667,9450.0,HEURISTIC_TCP_BATCH,tcp,37304996854824,False
37295630048394,echo_mediaelement,heuristic_frame_aware,282,P,0,2,3661,9400.0,9483.333,HEURISTIC_TCP_BATCH,tcp,37305030163284,False
37295630048394,echo_mediaelement,heuristic_frame_aware,283,P,0,2,3117,9433.333,9516.666,HEURISTIC_TCP_BATCH,tcp,37305063520254,False
37295630048394,echo_mediaelement,heuristic_frame_aware,284,P,0,2,2001,9466.667,9550.0,HEURISTIC_TCP_BATCH,tcp,37305130169934,False
37295630048394,echo_mediaelement,heuristic_frame_aware,285,P,0,2,3657,9500.0,9583.333,HEURISTIC_TCP_BATCH,tcp,37305130196304,False
37295630048394,echo_mediaelement,heuristic_frame_aware,286,P,0,2,2878,9533.333,9616.666,HEURISTIC_TCP_BATCH,tcp,37305196892874,False
37295630048394,echo_mediaelement,heuristic_frame_aware,287,P,0,2,3482,9566.667,9650.0,HEURISTIC_TCP_BATCH,tcp,37305196947054,False
37295630048394,echo_mediaelement,heuristic_frame_aware,288,P,0,2,3778,9600.0,9683.333,HEURISTIC_TCP_BATCH,tcp,37305230147784,False
37295630048394,echo_mediaelement,heuristic_frame_aware,289,P,0,2,2632,9633.333,9716.666,HEURISTIC_TCP_BATCH,tcp,37305296856684,False
37295630048394,echo_mediaelement,heuristic_frame_aware,290,P,0,2,3508,9666.667,9750.0,HEURISTIC_TCP_BATCH,tcp,37305296890164,False
37295630048394,echo_mediaelement,heuristic_frame_aware,291,P,0,2,2930,9700.0,9783.333,HEURISTIC_TCP_BATCH,tcp,37305330192504,False
37295630048394,echo_mediaelement,heuristic_frame_aware,292,P,0,2,2472,9733.333,9816.666,HEURISTIC_TCP_BATCH,tcp,37305396856134,False
37295630048394,echo_mediaelement,heuristic_frame_aware,293,P,0,2,4183,9766.667,9850.0,HEURISTIC_TCP_BATCH,tcp,37305396891234,False
37295630048394,echo_mediaelement,heuristic_frame_aware,294,P,0,2,1833,9800.0,9883.333,HEURISTIC_TCP_BATCH,tcp,37305463524534,False
37295630048394,echo_mediaelement,heuristic_frame_aware,295,P,0,2,3303,9833.333,9916.666,HEURISTIC_TCP_BATCH,tcp,37305463553694,False
37295630048394,echo_mediaelement,heuristic_frame_aware,296,P,0,2,1564,9866.667,9950.0,HEURISTIC_TCP_BATCH,tcp,37305530199234,False
37295630048394,echo_mediaelement,heuristic_frame_aware,297,P,0,2,3183,9900.0,9983.333,HEURISTIC_TCP_BATCH,tcp,37305530233704,False
37295630048394,echo_mediaelement,heuristic_frame_aware,298,P,0,2,5034,9933.333,10016.666,HEURISTIC_TCP_BATCH,tcp,37305563481234,False
37295630048394,echo_mediaelement,heuristic_frame_aware,299,P,0,2,2458,9966.667,10050.0,HEURISTIC_TCP_BATCH,tcp,37305630181674,False
37295630048394,echo_mediaelement,heuristic_frame_aware,300,P,0,2,4470,10000.0,10083.333,HEURISTIC_TCP_BATCH,tcp,37305630206244,False
37295630048394,echo_mediaelement,heuristic_frame_aware,301,P,0,2,2989,10033.333,10116.666,HEURISTIC_TCP_BATCH,tcp,37305663508854,False
37295630048394,echo_mediaelement,heuristic_frame_aware,302,P,0,2,2515,10066.667,10150.0,HEURISTIC_TCP_BATCH,tcp,37306544499234,False
37295630048394,echo_mediaelement,heuristic_frame_aware,303,P,0,2,3693,10100.0,10183.333,HEURISTIC_TCP_BATCH,tcp,37306544516874,False
37295630048394,echo_mediaelement,heuristic_frame_aware,304,P,0,2,2379,10133.333,10216.666,HEURISTIC_TCP_BATCH,tcp,37306544527494,False
37295630048394,echo_mediaelement,heuristic_frame_aware,305,P,0,2,3118,10166.667,10250.0,HEURISTIC_TCP_BATCH,tcp,37306544537934,False
37295630048394,echo_mediaelement,heuristic_frame_aware,306,P,0,2,1585,10200.0,10283.333,HEURISTIC_TCP_BATCH,tcp,37306544546664,False
37295630048394,echo_mediaelement,heuristic_frame_aware,307,P,0,2,4164,10233.333,10316.666,HEURISTIC_TCP_BATCH,tcp,37306544554674,False
37295630048394,echo_mediaelement,heuristic_frame_aware,308,P,0,2,3099,10266.667,10350.0,HEURISTIC_TCP_BATCH,tcp,37306544566734,False
37295630048394,echo_mediaelement,heuristic_frame_aware,309,I,1,3,7883,10300.0,10383.333,HEURISTIC_TCP_BATCH,tcp,37306544575734,False
37295630048394,echo_mediaelement,heuristic_frame_aware,310,P,0,3,5098,10333.333,10416.666,HEURISTIC_TCP_BATCH,tcp,37306544584104,False
37295630048394,echo_mediaelement,heuristic_frame_aware,311,P,0,3,3781,10366.667,10450.0,HEURISTIC_TCP_BATCH,tcp,37306544592114,False
37295630048394,echo_mediaelement,heuristic_frame_aware,312,P,0,3,3610,10400.0,10483.333,HEURISTIC_TCP_BATCH,tcp,37306544600214,False
37295630048394,echo_mediaelement,heuristic_frame_aware,313,P,0,3,2044,10433.333,10516.666,HEURISTIC_TCP_BATCH,tcp,37306544608404,False
37295630048394,echo_mediaelement,heuristic_frame_aware,314,P,0,3,4700,10466.667,10550.0,HEURISTIC_TCP_BATCH,tcp,37306544616414,False
37295630048394,echo_mediaelement,heuristic_frame_aware,315,P,0,3,2763,10500.0,10583.333,HEURISTIC_TCP_BATCH,tcp,37306544624154,False
37295630048394,echo_mediaelement,heuristic_frame_aware,316,P,0,3,5236,10533.333,10616.666,HEURISTIC_TCP_BATCH,tcp,37306544634234,False
37295630048394,echo_mediaelement,heuristic_frame_aware,317,P,0,3,3150,10566.667,10650.0,HEURISTIC_TCP_BATCH,tcp,37306544642244,False
37295630048394,echo_mediaelement,heuristic_frame_aware,318,P,0,3,2402,10600.0,10683.333,HEURISTIC_TCP_BATCH,tcp,37306544650254,False
37295630048394,echo_mediaelement,heuristic_frame_aware,319,P,0,3,4598,10633.333,10716.666,HEURISTIC_TCP_BATCH,tcp,37306544658264,False
37295630048394,echo_mediaelement,heuristic_frame_aware,320,P,0,3,3024,10666.667,10750.0,HEURISTIC_TCP_BATCH,tcp,37306544666454,False
37295630048394,echo_mediaelement,heuristic_frame_aware,321,P,0,3,4748,10700.0,10783.333,HEURISTIC_TCP_BATCH,tcp,37306544674554,False
37295630048394,echo_mediaelement,heuristic_frame_aware,322,P,0,3,2423,10733.333,10816.666,HEURISTIC_TCP_BATCH,tcp,37307348476074,False
37295630048394,echo_mediaelement,heuristic_frame_aware,323,P,0,3,3122,10766.667,10850.0,HEURISTIC_TCP_BATCH,tcp,37307348502894,False
37295630048394,echo_mediaelement,heuristic_frame_aware,324,P,0,3,3921,10800.0,10883.333,HEURISTIC_TCP_BATCH,tcp,37307348519454,False
37295630048394,echo_mediaelement,heuristic_frame_aware,325,P,0,3,2102,10833.333,10916.666,HEURISTIC_TCP_BATCH,tcp,37307348540784,False
37295630048394,echo_mediaelement,heuristic_frame_aware,326,P,0,3,5043,10866.667,10950.0,HEURISTIC_TCP_BATCH,tcp,37307348556354,False
37295630048394,echo_mediaelement,heuristic_frame_aware,327,P,0,3,3147,10900.0,10983.333,HEURISTIC_TCP_BATCH,tcp,37307348570214,False
37295630048394,echo_mediaelement,heuristic_frame_aware,328,P,0,3,3082,10933.333,11016.666,HEURISTIC_TCP_BATCH,tcp,37307348584704,False
37295630048394,echo_mediaelement,heuristic_frame_aware,329,P,0,3,5639,10966.667,11050.0,HEURISTIC_TCP_BATCH,tcp,37307348600094,False
37295630048394,echo_mediaelement,heuristic_frame_aware,330,P,0,3,3102,11000.0,11083.333,HEURISTIC_TCP_BATCH,tcp,37307348614854,False
37295630048394,echo_mediaelement,heuristic_frame_aware,331,P,0,3,3638,11033.333,11116.666,HEURISTIC_TCP_BATCH,tcp,37307348628804,False
37295630048394,echo_mediaelement,heuristic_frame_aware,332,P,0,3,3711,11066.667,11150.0,HEURISTIC_TCP_BATCH,tcp,37307348643474,False
37295630048394,echo_mediaelement,heuristic_frame_aware,333,P,0,3,2934,11100.0,11183.333,HEURISTIC_TCP_BATCH,tcp,37307348669484,False
37295630048394,echo_mediaelement,heuristic_frame_aware,334,P,0,3,3961,11133.333,11216.666,HEURISTIC_TCP_BATCH,tcp,37307348687034,False
37295630048394,echo_mediaelement,heuristic_frame_aware,335,P,0,3,3183,11166.667,11250.0,HEURISTIC_TCP_BATCH,tcp,37307348701794,False
37295630048394,echo_mediaelement,heuristic_frame_aware,336,P,0,3,3978,11200.0,11283.333,HEURISTIC_TCP_BATCH,tcp,37307348715564,False
37295630048394,echo_mediaelement,heuristic_frame_aware,337,P,0,3,2235,11233.333,11316.666,HEURISTIC_TCP_BATCH,tcp,37307348729514,False
37295630048394,echo_mediaelement,heuristic_frame_aware,338,P,0,3,3261,11266.667,11350.0,HEURISTIC_TCP_BATCH,tcp,37307348743104,False
37295630048394,echo_mediaelement,heuristic_frame_aware,339,P,0,3,5869,11300.0,11383.333,HEURISTIC_TCP_BATCH,tcp,37307348757504,False
37295630048394,echo_mediaelement,heuristic_frame_aware,340,P,0,3,3057,11333.333,11416.666,HEURISTIC_TCP_BATCH,tcp,37307348772894,False
37295630048394,echo_mediaelement,heuristic_frame_aware,341,P,0,3,4255,11366.667,11450.0,HEURISTIC_TCP_BATCH,tcp,37307348788014,False
37295630048394,echo_mediaelement,heuristic_frame_aware,342,P,0,3,2634,11400.0,11483.333,HEURISTIC_TCP_BATCH,tcp,37307348801964,False
37295630048394,echo_mediaelement,heuristic_frame_aware,343,P,0,3,3960,11433.333,11516.666,HEURISTIC_TCP_BATCH,tcp,37307348820594,False
37295630048394,echo_mediaelement,heuristic_frame_aware,344,P,0,3,2441,11466.667,11550.0,HEURISTIC_TCP_BATCH,tcp,37307348834454,False
37295630048394,echo_mediaelement,heuristic_frame_aware,345,P,0,3,4127,11500.0,11583.333,HEURISTIC_TCP_BATCH,tcp,37307348848944,False
37295630048394,echo_mediaelement,heuristic_frame_aware,346,P,0,3,2448,11533.333,11616.666,HEURISTIC_TCP_BATCH,tcp,37307348862894,False
37295630048394,echo_mediaelement,heuristic_frame_aware,347,P,0,3,4848,11566.667,11650.0,HEURISTIC_TCP_BATCH,tcp,37308541508244,False
37295630048394,echo_mediaelement,heuristic_frame_aware,348,P,0,3,3078,11600.0,11683.333,HEURISTIC_TCP_BATCH,tcp,37308541525884,False
37295630048394,echo_mediaelement,heuristic_frame_aware,349,P,0,3,5106,11633.333,11716.666,HEURISTIC_TCP_BATCH,tcp,37308541535874,False
37295630048394,echo_mediaelement,heuristic_frame_aware,350,P,0,3,3396,11666.667,11750.0,HEURISTIC_TCP_BATCH,tcp,37308541545774,False
37295630048394,echo_mediaelement,heuristic_frame_aware,351,P,0,3,2857,11700.0,11783.333,HEURISTIC_TCP_BATCH,tcp,37308541554054,False
37295630048394,echo_mediaelement,heuristic_frame_aware,352,P,0,3,5558,11733.333,11816.666,HEURISTIC_TCP_BATCH,tcp,37308541566564,False
37295630048394,echo_mediaelement,heuristic_frame_aware,353,P,0,3,3581,11766.667,11850.0,HEURISTIC_TCP_BATCH,tcp,37308541575294,False
37295630048394,echo_mediaelement,heuristic_frame_aware,354,P,0,3,3285,11800.0,11883.333,HEURISTIC_TCP_BATCH,tcp,37308541583214,False
37295630048394,echo_mediaelement,heuristic_frame_aware,355,P,0,3,644,11833.333,11916.666,HEURISTIC_TCP_BATCH,tcp,37308541591494,False
37295630048394,echo_mediaelement,heuristic_frame_aware,356,P,0,3,2811,11866.667,11950.0,HEURISTIC_TCP_BATCH,tcp,37308541600224,False
37295630048394,echo_mediaelement,heuristic_frame_aware,357,P,0,3,4524,11900.0,11983.333,HEURISTIC_TCP_BATCH,tcp,37308541608594,False
37295630048394,echo_mediaelement,heuristic_frame_aware,358,P,0,3,2391,11933.333,12016.666,HEURISTIC_TCP_BATCH,tcp,37308541616604,False
37295630048394,echo_mediaelement,heuristic_frame_aware,359,P,0,3,5674,11966.667,12050.0,HEURISTIC_TCP_BATCH,tcp,37308541624794,False
37295630048394,echo_mediaelement,heuristic_frame_aware,360,P,0,3,3091,12000.0,12083.333,HEURISTIC_TCP_BATCH,tcp,37308541632894,False
37295630048394,echo_mediaelement,heuristic_frame_aware,361,P,0,3,3059,12033.333,12116.666,HEURISTIC_TCP_BATCH,tcp,37308541640994,False
37295630048394,echo_mediaelement,heuristic_frame_aware,362,P,0,3,3975,12066.667,12150.0,HEURISTIC_TCP_BATCH,tcp,37308541651344,False
37295630048394,echo_mediaelement,heuristic_frame_aware,363,P,0,3,2224,12100.0,12183.333,HEURISTIC_TCP_BATCH,tcp,37308541659534,False
37295630048394,echo_mediaelement,heuristic_frame_aware,364,P,0,3,5510,12133.333,12216.666,HEURISTIC_TCP_BATCH,tcp,37308541667544,False
37295630048394,echo_mediaelement,heuristic_frame_aware,365,P,0,3,3379,12166.667,12250.0,HEURISTIC_TCP_BATCH,tcp,37308541675554,False
37295630048394,echo_mediaelement,heuristic_frame_aware,366,P,0,3,2571,12200.0,12283.333,HEURISTIC_TCP_BATCH,tcp,37308541683294,False
37295630048394,echo_mediaelement,heuristic_frame_aware,367,P,0,3,5496,12233.333,12316.666,HEURISTIC_TCP_BATCH,tcp,37308541691214,False
37295630048394,echo_mediaelement,heuristic_frame_aware,368,P,0,3,2347,12266.667,12350.0,HEURISTIC_TCP_BATCH,tcp,37309895335224,False
37295630048394,echo_mediaelement,heuristic_frame_aware,369,P,0,3,4707,12300.0,12383.333,HEURISTIC_TCP_BATCH,tcp,37309895354214,False
37295630048394,echo_mediaelement,heuristic_frame_aware,370,P,0,3,1651,12333.333,12416.666,HEURISTIC_TCP_BATCH,tcp,37309895369064,False
37295630048394,echo_mediaelement,heuristic_frame_aware,371,P,0,3,4608,12366.667,12450.0,HEURISTIC_TCP_BATCH,tcp,37309895377974,False
37295630048394,echo_mediaelement,heuristic_frame_aware,372,P,0,3,2342,12400.0,12483.333,HEURISTIC_TCP_BATCH,tcp,37309895387064,False
37295630048394,echo_mediaelement,heuristic_frame_aware,373,P,0,3,4551,12433.333,12516.666,HEURISTIC_TCP_BATCH,tcp,37309895395254,False
37295630048394,echo_mediaelement,heuristic_frame_aware,374,P,0,3,2639,12466.667,12550.0,HEURISTIC_TCP_BATCH,tcp,37309895403624,False
37295630048394,echo_mediaelement,heuristic_frame_aware,375,P,0,3,4134,12500.0,12583.333,HEURISTIC_TCP_BATCH,tcp,37309895411634,False
37295630048394,echo_mediaelement,heuristic_frame_aware,376,P,0,3,2610,12533.333,12616.666,HEURISTIC_TCP_BATCH,tcp,37309895419914,False
37295630048394,echo_mediaelement,heuristic_frame_aware,377,P,0,3,5069,12566.667,12650.0,HEURISTIC_TCP_BATCH,tcp,37309895428374,False
37295630048394,echo_mediaelement,heuristic_frame_aware,378,P,0,3,2309,12600.0,12683.333,HEURISTIC_TCP_BATCH,tcp,37309895436294,False
37295630048394,echo_mediaelement,heuristic_frame_aware,379,P,0,3,4759,12633.333,12716.666,HEURISTIC_TCP_BATCH,tcp,37309895444214,False
37295630048394,echo_mediaelement,heuristic_frame_aware,380,P,0,3,3776,12666.667,12750.0,HEURISTIC_TCP_BATCH,tcp,37309895455824,False
37295630048394,echo_mediaelement,heuristic_frame_aware,381,P,0,3,2539,12700.0,12783.333,HEURISTIC_TCP_BATCH,tcp,37309895464014,False
37295630048394,echo_mediaelement,heuristic_frame_aware,382,P,0,3,4033,12733.333,12816.666,HEURISTIC_TCP_BATCH,tcp,37309895472294,False
37295630048394,echo_mediaelement,heuristic_frame_aware,383,P,0,3,2758,12766.667,12850.0,HEURISTIC_TCP_BATCH,tcp,37309895480304,False
37295630048394,echo_mediaelement,heuristic_frame_aware,384,P,0,3,3537,12800.0,12883.333,HEURISTIC_TCP_BATCH,tcp,37309895488314,False
37295630048394,echo_mediaelement,heuristic_frame_aware,385,P,0,3,2096,12833.333,12916.666,HEURISTIC_TCP_BATCH,tcp,37309895496324,False
37295630048394,echo_mediaelement,heuristic_frame_aware,386,P,0,3,4271,12866.667,12950.0,HEURISTIC_TCP_BATCH,tcp,37309895504154,False
37295630048394,echo_mediaelement,heuristic_frame_aware,387,P,0,3,1770,12900.0,12983.333,HEURISTIC_TCP_BATCH,tcp,37309895511984,False
37295630048394,echo_mediaelement,heuristic_frame_aware,388,P,0,3,2830,12933.333,13016.666,HEURISTIC_TCP_BATCH,tcp,37309895519634,False
37295630048394,echo_mediaelement,heuristic_frame_aware,389,P,0,3,3862,12966.667,13050.0,HEURISTIC_TCP_BATCH,tcp,37309895527464,False
37295630048394,echo_mediaelement,heuristic_frame_aware,390,P,0,3,3472,13000.0,13083.333,HEURISTIC_TCP_BATCH,tcp,37309895537904,False
37295630048394,echo_mediaelement,heuristic_frame_aware,391,P,0,3,2697,13033.333,13116.666,HEURISTIC_TCP_BATCH,tcp,37310698261404,False
37295630048394,echo_mediaelement,heuristic_frame_aware,392,P,0,3,3314,13066.667,13150.0,HEURISTIC_TCP_BATCH,tcp,37310698285794,False
37295630048394,echo_mediaelement,heuristic_frame_aware,393,P,0,3,3144,13100.0,13183.333,HEURISTIC_TCP_BATCH,tcp,37310698296774,False
37295630048394,echo_mediaelement,heuristic_frame_aware,394,P,0,3,3310,13133.333,13216.666,HEURISTIC_TCP_BATCH,tcp,37310698305504,False
37295630048394,echo_mediaelement,heuristic_frame_aware,395,P,0,3,2397,13166.667,13250.0,HEURISTIC_TCP_BATCH,tcp,37310698313964,False
37295630048394,echo_mediaelement,heuristic_frame_aware,396,P,0,3,3307,13200.0,13283.333,HEURISTIC_TCP_BATCH,tcp,37310698323504,False
37295630048394,echo_mediaelement,heuristic_frame_aware,397,P,0,3,2409,13233.333,13316.666,HEURISTIC_TCP_BATCH,tcp,37310698331874,False
37295630048394,echo_mediaelement,heuristic_frame_aware,398,P,0,3,3963,13266.667,13350.0,HEURISTIC_TCP_BATCH,tcp,37310698340154,False
37295630048394,echo_mediaelement,heuristic_frame_aware,399,P,0,3,2485,13300.0,13383.333,HEURISTIC_TCP_BATCH,tcp,37310698348164,False
37295630048394,echo_mediaelement,heuristic_frame_aware,400,P,0,3,4441,13333.333,13416.666,HEURISTIC_TCP_BATCH,tcp,37310698356714,False
37295630048394,echo_mediaelement,heuristic_frame_aware,401,P,0,3,2057,13366.667,13450.0,HEURISTIC_TCP_BATCH,tcp,37310698369404,False
37295630048394,echo_mediaelement,heuristic_frame_aware,402,P,0,3,4257,13400.0,13483.333,HEURISTIC_TCP_BATCH,tcp,37310698377864,False
37295630048394,echo_mediaelement,heuristic_frame_aware,403,P,0,3,3227,13433.333,13516.666,HEURISTIC_TCP_BATCH,tcp,37310698385784,False
37295630048394,echo_mediaelement,heuristic_frame_aware,404,P,0,3,2567,13466.667,13550.0,HEURISTIC_TCP_BATCH,tcp,37310698393884,False
37295630048394,echo_mediaelement,heuristic_frame_aware,405,P,0,3,4109,13500.0,13583.333,HEURISTIC_TCP_BATCH,tcp,37310698401804,False
37295630048394,echo_mediaelement,heuristic_frame_aware,406,P,0,3,2045,13533.333,13616.666,HEURISTIC_TCP_BATCH,tcp,37310698409814,False
37295630048394,echo_mediaelement,heuristic_frame_aware,407,P,0,3,4122,13566.667,13650.0,HEURISTIC_TCP_BATCH,tcp,37310698417734,False
37295630048394,echo_mediaelement,heuristic_frame_aware,408,P,0,3,2423,13600.0,13683.333,HEURISTIC_TCP_BATCH,tcp,37310698425744,False
37295630048394,echo_mediaelement,heuristic_frame_aware,409,P,0,3,3079,13633.333,13716.666,HEURISTIC_TCP_BATCH,tcp,37310698433754,False
37295630048394,echo_mediaelement,heuristic_frame_aware,410,P,0,3,2583,13666.667,13750.0,HEURISTIC_TCP_BATCH,tcp,37310698442034,False
37295630048394,echo_mediaelement,heuristic_frame_aware,411,P,0,3,3348,13700.0,13783.333,HEURISTIC_TCP_BATCH,tcp,37310698452474,False
37295630048394,echo_mediaelement,heuristic_frame_aware,412,P,0,3,2275,13733.333,13816.666,HEURISTIC_TCP_BATCH,tcp,37310698460664,False
37295630048394,echo_mediaelement,heuristic_frame_aware,413,P,0,3,3662,13766.667,13850.0,HEURISTIC_TCP_BATCH,tcp,37310698468674,False
37295630048394,echo_mediaelement,heuristic_frame_aware,414,P,0,3,2177,13800.0,13883.333,HEURISTIC_TCP_BATCH,tcp,37310698476684,False
37295630048394,echo_mediaelement,heuristic_frame_aware,415,P,0,3,3580,13833.333,13916.666,HEURISTIC_TCP_BATCH,tcp,37310698484694,False
37295630048394,echo_mediaelement,heuristic_frame_aware,416,P,0,3,3650,13866.667,13950.0,HEURISTIC_TCP_BATCH,tcp,37310698492794,False
37295630048394,echo_mediaelement,heuristic_frame_aware,417,P,0,3,1950,13900.0,13983.333,HEURISTIC_TCP_BATCH,tcp,37311462297774,False
37295630048394,echo_mediaelement,heuristic_frame_aware,418,P,0,3,2188,13933.333,14016.666,HEURISTIC_TCP_BATCH,tcp,37311462324414,False
37295630048394,echo_mediaelement,heuristic_frame_aware,419,P,0,3,3259,13966.667,14050.0,HEURISTIC_TCP_BATCH,tcp,37311462374004,False
37295630048394,echo_mediaelement,heuristic_frame_aware,420,P,0,3,2320,14000.0,14083.333,HEURISTIC_TCP_BATCH,tcp,37311462389844,False
37295630048394,echo_mediaelement,heuristic_frame_aware,421,P,0,3,4062,14033.333,14116.666,HEURISTIC_TCP_BATCH,tcp,37311462404064,False
37295630048394,echo_mediaelement,heuristic_frame_aware,422,P,0,3,2694,14066.667,14150.0,HEURISTIC_TCP_BATCH,tcp,37311462425304,False
37295630048394,echo_mediaelement,heuristic_frame_aware,423,P,0,3,2731,14100.0,14183.333,HEURISTIC_TCP_BATCH,tcp,37311462437994,False
37295630048394,echo_mediaelement,heuristic_frame_aware,424,P,0,3,3506,14133.333,14216.666,HEURISTIC_TCP_BATCH,tcp,37311462450594,False
37295630048394,echo_mediaelement,heuristic_frame_aware,425,P,0,3,3597,14166.667,14250.0,HEURISTIC_TCP_BATCH,tcp,37311462462744,False
37295630048394,echo_mediaelement,heuristic_frame_aware,426,P,0,3,2394,14200.0,14283.333,HEURISTIC_TCP_BATCH,tcp,37311462475164,False
37295630048394,echo_mediaelement,heuristic_frame_aware,427,P,0,3,1937,14233.333,14316.666,HEURISTIC_TCP_BATCH,tcp,37311462487314,False
37295630048394,echo_mediaelement,heuristic_frame_aware,428,P,0,3,3051,14266.667,14350.0,HEURISTIC_TCP_BATCH,tcp,37311462499554,False
37295630048394,echo_mediaelement,heuristic_frame_aware,429,I,1,4,10888,14300.0,14383.333,HEURISTIC_TCP_BATCH,tcp,37311462513504,False
37295630048394,echo_mediaelement,heuristic_frame_aware,430,P,0,4,5323,14333.333,14416.666,HEURISTIC_TCP_BATCH,tcp,37311462526014,False
37295630048394,echo_mediaelement,heuristic_frame_aware,431,P,0,4,5659,14366.667,14450.0,HEURISTIC_TCP_BATCH,tcp,37311462542574,False
37295630048394,echo_mediaelement,heuristic_frame_aware,432,P,0,4,3623,14400.0,14483.333,HEURISTIC_TCP_BATCH,tcp,37311462554634,False
37295630048394,echo_mediaelement,heuristic_frame_aware,433,P,0,4,3203,14433.333,14516.666,HEURISTIC_TCP_BATCH,tcp,37311462566154,False
37295630048394,echo_mediaelement,heuristic_frame_aware,434,P,0,4,3072,14466.667,14550.0,HEURISTIC_TCP_BATCH,tcp,37311462577674,False
37295630048394,echo_mediaelement,heuristic_frame_aware,435,P,0,4,3642,14500.0,14583.333,HEURISTIC_TCP_BATCH,tcp,37311462589824,False
37295630048394,echo_mediaelement,heuristic_frame_aware,436,P,0,4,2503,14533.333,14616.666,HEURISTIC_TCP_BATCH,tcp,37311462602154,False
37295630048394,echo_mediaelement,heuristic_frame_aware,437,P,0,4,5080,14566.667,14650.0,HEURISTIC_TCP_BATCH,tcp,37311462614574,False
37295630048394,echo_mediaelement,heuristic_frame_aware,438,P,0,4,2784,14600.0,14683.333,HEURISTIC_TCP_BATCH,tcp,37313318144484,False
37295630048394,echo_mediaelement,heuristic_frame_aware,439,P,0,4,4175,14633.333,14716.666,HEURISTIC_TCP_BATCH,tcp,37313318171214,False
37295630048394,echo_mediaelement,heuristic_frame_aware,440,P,0,4,3411,14666.667,14750.0,HEURISTIC_TCP_BATCH,tcp,37313318188134,False
37295630048394,echo_mediaelement,heuristic_frame_aware,441,P,0,4,4161,14700.0,14783.333,HEURISTIC_TCP_BATCH,tcp,37313318200014,False
37295630048394,echo_mediaelement,heuristic_frame_aware,442,P,0,4,3043,14733.333,14816.666,HEURISTIC_TCP_BATCH,tcp,37313318208204,False
37295630048394,echo_mediaelement,heuristic_frame_aware,443,P,0,4,4094,14766.667,14850.0,HEURISTIC_TCP_BATCH,tcp,37313318216394,False
37295630048394,echo_mediaelement,heuristic_frame_aware,444,P,0,4,1496,14800.0,14883.333,HEURISTIC_TCP_BATCH,tcp,37313318224494,False
37295630048394,echo_mediaelement,heuristic_frame_aware,445,P,0,4,2226,14833.333,14916.666,HEURISTIC_TCP_BATCH,tcp,37313318234214,False
37295630048394,echo_mediaelement,heuristic_frame_aware,446,P,0,4,3454,14866.667,14950.0,HEURISTIC_TCP_BATCH,tcp,37313318247624,False
37295630048394,echo_mediaelement,heuristic_frame_aware,447,P,0,4,4784,14900.0,14983.333,HEURISTIC_TCP_BATCH,tcp,37313318257074,False
37295630048394,echo_mediaelement,heuristic_frame_aware,448,P,0,4,2821,14933.333,15016.666,HEURISTIC_TCP_BATCH,tcp,37313318265264,False
37295630048394,echo_mediaelement,heuristic_frame_aware,449,P,0,4,4333,14966.667,15050.0,HEURISTIC_TCP_BATCH,tcp,37313318276064,False
37295630048394,echo_mediaelement,heuristic_frame_aware,450,P,0,4,2431,15000.0,15083.333,HEURISTIC_TCP_BATCH,tcp,37313318284164,False
37295630048394,echo_mediaelement,heuristic_frame_aware,451,P,0,4,3564,15033.333,15116.666,HEURISTIC_TCP_BATCH,tcp,37313318291994,False
37295630048394,echo_mediaelement,heuristic_frame_aware,452,P,0,4,2148,15066.667,15150.0,HEURISTIC_TCP_BATCH,tcp,37313318299734,False
37295630048394,echo_mediaelement,heuristic_frame_aware,453,P,0,4,5087,15100.0,15183.333,HEURISTIC_TCP_BATCH,tcp,37313318307744,False
37295630048394,echo_mediaelement,heuristic_frame_aware,454,P,0,4,2645,15133.333,15216.666,HEURISTIC_TCP_BATCH,tcp,37313318315844,False
37295630048394,echo_mediaelement,heuristic_frame_aware,455,P,0,4,4456,15166.667,15250.0,HEURISTIC_TCP_BATCH,tcp,37313318323944,False
37295630048394,echo_mediaelement,heuristic_frame_aware,456,P,0,4,1819,15200.0,15283.333,HEURISTIC_TCP_BATCH,tcp,37313318331864,False
37295630048394,echo_mediaelement,heuristic_frame_aware,457,P,0,4,3908,15233.333,15316.666,HEURISTIC_TCP_BATCH,tcp,37313318340594,False
37295630048394,echo_mediaelement,heuristic_frame_aware,458,P,0,4,2547,15266.667,15350.0,HEURISTIC_TCP_BATCH,tcp,37313318348694,False
37295630048394,echo_mediaelement,heuristic_frame_aware,459,P,0,4,6075,15300.0,15383.333,HEURISTIC_TCP_BATCH,tcp,37313318358864,False
37295630048394,echo_mediaelement,heuristic_frame_aware,460,P,0,4,3073,15333.333,15416.666,HEURISTIC_TCP_BATCH,tcp,37314225732654,False
37295630048394,echo_mediaelement,heuristic_frame_aware,461,P,0,4,5643,15366.667,15450.0,HEURISTIC_TCP_BATCH,tcp,37314225770634,False
37295630048394,echo_mediaelement,heuristic_frame_aware,462,P,0,4,2434,15400.0,15483.333,HEURISTIC_TCP_BATCH,tcp,37314225790434,False
37295630048394,echo_mediaelement,heuristic_frame_aware,463,P,0,4,5186,15433.333,15516.666,HEURISTIC_TCP_BATCH,tcp,37314225807264,False
37295630048394,echo_mediaelement,heuristic_frame_aware,464,P,0,4,2544,15466.667,15550.0,HEURISTIC_TCP_BATCH,tcp,37314225825804,False
37295630048394,echo_mediaelement,heuristic_frame_aware,465,P,0,4,4301,15500.0,15583.333,HEURISTIC_TCP_BATCH,tcp,37314225842454,False
37295630048394,echo_mediaelement,heuristic_frame_aware,466,P,0,4,2877,15533.333,15616.666,HEURISTIC_TCP_BATCH,tcp,37314225857754,False
37295630048394,echo_mediaelement,heuristic_frame_aware,467,P,0,4,3766,15566.667,15650.0,HEURISTIC_TCP_BATCH,tcp,37314225880524,False
37295630048394,echo_mediaelement,heuristic_frame_aware,468,P,0,4,2514,15600.0,15683.333,HEURISTIC_TCP_BATCH,tcp,37314225895194,False
37295630048394,echo_mediaelement,heuristic_frame_aware,469,P,0,4,3887,15633.333,15716.666,HEURISTIC_TCP_BATCH,tcp,37314225909684,False
37295630048394,echo_mediaelement,heuristic_frame_aware,470,P,0,4,1788,15666.667,15750.0,HEURISTIC_TCP_BATCH,tcp,37314225924984,False
37295630048394,echo_mediaelement,heuristic_frame_aware,471,P,0,4,2803,15700.0,15783.333,HEURISTIC_TCP_BATCH,tcp,37314225939564,False
37295630048394,echo_mediaelement,heuristic_frame_aware,472,P,0,4,4062,15733.333,15816.666,HEURISTIC_TCP_BATCH,tcp,37314225955134,False
37295630048394,echo_mediaelement,heuristic_frame_aware,473,P,0,4,3631,15766.667,15850.0,HEURISTIC_TCP_BATCH,tcp,37314225970344,False
37295630048394,echo_mediaelement,heuristic_frame_aware,474,P,0,4,2812,15800.0,15883.333,HEURISTIC_TCP_BATCH,tcp,37314225985824,False
37295630048394,echo_mediaelement,heuristic_frame_aware,475,P,0,4,4685,15833.333,15916.666,HEURISTIC_TCP_BATCH,tcp,37314226000584,False
37295630048394,echo_mediaelement,heuristic_frame_aware,476,P,0,4,4124,15866.667,15950.0,HEURISTIC_TCP_BATCH,tcp,37314226016694,False
37295630048394,echo_mediaelement,heuristic_frame_aware,477,P,0,4,2239,15900.0,15983.333,HEURISTIC_TCP_BATCH,tcp,37314226034424,False
37295630048394,echo_mediaelement,heuristic_frame_aware,478,P,0,4,4486,15933.333,16016.666,HEURISTIC_TCP_BATCH,tcp,37314226048644,False
37295630048394,echo_mediaelement,heuristic_frame_aware,479,P,0,4,2393,15966.667,16050.0,HEURISTIC_TCP_BATCH,tcp,37314226063764,False
37295630048394,echo_mediaelement,heuristic_frame_aware,480,P,0,4,3181,16000.0,16083.333,HEURISTIC_TCP_BATCH,tcp,37314226079424,False
37295630048394,echo_mediaelement,heuristic_frame_aware,481,P,0,4,3096,16033.333,16116.666,HEURISTIC_TCP_BATCH,tcp,37314226094274,False
37295630048394,echo_mediaelement,heuristic_frame_aware,482,P,0,4,4312,16066.667,16150.0,HEURISTIC_TCP_BATCH,tcp,37314226109124,False
37295630048394,echo_mediaelement,heuristic_frame_aware,483,P,0,4,2551,16100.0,16183.333,HEURISTIC_TCP_BATCH,tcp,37315271021814,False
37295630048394,echo_mediaelement,heuristic_frame_aware,484,P,0,4,5022,16133.333,16216.666,HEURISTIC_TCP_BATCH,tcp,37315271039364,False
37295630048394,echo_mediaelement,heuristic_frame_aware,485,P,0,4,2908,16166.667,16250.0,HEURISTIC_TCP_BATCH,tcp,37315271049534,False
37295630048394,echo_mediaelement,heuristic_frame_aware,486,P,0,4,4980,16200.0,16283.333,HEURISTIC_TCP_BATCH,tcp,37315271063484,False
37295630048394,echo_mediaelement,heuristic_frame_aware,487,P,0,4,2446,16233.333,16316.666,HEURISTIC_TCP_BATCH,tcp,37315271072034,False
37295630048394,echo_mediaelement,heuristic_frame_aware,488,P,0,4,5587,16266.667,16350.0,HEURISTIC_TCP_BATCH,tcp,37315271080944,False
37295630048394,echo_mediaelement,heuristic_frame_aware,489,P,0,4,3086,16300.0,16383.333,HEURISTIC_TCP_BATCH,tcp,37315271089404,False
37295630048394,echo_mediaelement,heuristic_frame_aware,490,P,0,4,3414,16333.333,16416.666,HEURISTIC_TCP_BATCH,tcp,37315271097324,False
37295630048394,echo_mediaelement,heuristic_frame_aware,491,P,0,4,2230,16366.667,16450.0,HEURISTIC_TCP_BATCH,tcp,37315271105694,False
37295630048394,echo_mediaelement,heuristic_frame_aware,492,P,0,4,4457,16400.0,16483.333,HEURISTIC_TCP_BATCH,tcp,37315271113794,False
37295630048394,echo_mediaelement,heuristic_frame_aware,493,P,0,4,3406,16433.333,16516.666,HEURISTIC_TCP_BATCH,tcp,37315271121984,False
37295630048394,echo_mediaelement,heuristic_frame_aware,494,P,0,4,2120,16466.667,16550.0,HEURISTIC_TCP_BATCH,tcp,37315271130174,False
37295630048394,echo_mediaelement,heuristic_frame_aware,495,P,0,4,4480,16500.0,16583.333,HEURISTIC_TCP_BATCH,tcp,37315271138004,False
37295630048394,echo_mediaelement,heuristic_frame_aware,496,P,0,4,2102,16533.333,16616.666,HEURISTIC_TCP_BATCH,tcp,37315271148354,False
37295630048394,echo_mediaelement,heuristic_frame_aware,497,P,0,4,4081,16566.667,16650.0,HEURISTIC_TCP_BATCH,tcp,37315271156364,False
37295630048394,echo_mediaelement,heuristic_frame_aware,498,P,0,4,2692,16600.0,16683.333,HEURISTIC_TCP_BATCH,tcp,37315271164284,False
37295630048394,echo_mediaelement,heuristic_frame_aware,499,P,0,4,2803,16633.333,16716.666,HEURISTIC_TCP_BATCH,tcp,37315271172204,False
37295630048394,echo_mediaelement,heuristic_frame_aware,500,P,0,4,3204,16666.667,16750.0,HEURISTIC_TCP_BATCH,tcp,37315271180034,False
37295630048394,echo_mediaelement,heuristic_frame_aware,501,P,0,4,1942,16700.0,16783.333,HEURISTIC_TCP_BATCH,tcp,37315271187864,False
37295630048394,echo_mediaelement,heuristic_frame_aware,502,P,0,4,5576,16733.333,16816.666,HEURISTIC_TCP_BATCH,tcp,37315271196864,False
37295630048394,echo_mediaelement,heuristic_frame_aware,503,P,0,4,2722,16766.667,16850.0,HEURISTIC_TCP_BATCH,tcp,37315271206764,False
37295630048394,echo_mediaelement,heuristic_frame_aware,504,P,0,4,5040,16800.0,16883.333,HEURISTIC_TCP_BATCH,tcp,37315271215134,False
37295630048394,echo_mediaelement,heuristic_frame_aware,505,P,0,4,2998,16833.333,16916.666,HEURISTIC_TCP_BATCH,tcp,37316918839554,False
37295630048394,echo_mediaelement,heuristic_frame_aware,506,P,0,4,4030,16866.667,16950.0,HEURISTIC_TCP_BATCH,tcp,37316918870514,False
37295630048394,echo_mediaelement,heuristic_frame_aware,507,P,0,4,2743,16900.0,16983.333,HEURISTIC_TCP_BATCH,tcp,37316918889324,False
37295630048394,echo_mediaelement,heuristic_frame_aware,508,P,0,4,2843,16933.333,17016.666,HEURISTIC_TCP_BATCH,tcp,37316918903904,False
37295630048394,echo_mediaelement,heuristic_frame_aware,509,P,0,4,3498,16966.667,17050.0,HEURISTIC_TCP_BATCH,tcp,37316918917764,False
37295630048394,echo_mediaelement,heuristic_frame_aware,510,P,0,4,3170,17000.0,17083.333,HEURISTIC_TCP_BATCH,tcp,37316918930814,False
37295630048394,echo_mediaelement,heuristic_frame_aware,511,P,0,4,2254,17033.333,17116.666,HEURISTIC_TCP_BATCH,tcp,37316918943594,False
37295630048394,echo_mediaelement,heuristic_frame_aware,512,P,0,4,3274,17066.667,17150.0,HEURISTIC_TCP_BATCH,tcp,37316918957004,False
37295630048394,echo_mediaelement,heuristic_frame_aware,513,P,0,4,2518,17100.0,17183.333,HEURISTIC_TCP_BATCH,tcp,37316918969064,False
37295630048394,echo_mediaelement,heuristic_frame_aware,514,P,0,4,4816,17133.333,17216.666,HEURISTIC_TCP_BATCH,tcp,37316918982474,False
37295630048394,echo_mediaelement,heuristic_frame_aware,515,P,0,4,2672,17166.667,17250.0,HEURISTIC_TCP_BATCH,tcp,37316918998044,False
37295630048394,echo_mediaelement,heuristic_frame_aware,516,P,0,4,3585,17200.0,17283.333,HEURISTIC_TCP_BATCH,tcp,37316919013074,False
37295630048394,echo_mediaelement,heuristic_frame_aware,517,P,0,4,2743,17233.333,17316.666,HEURISTIC_TCP_BATCH,tcp,37316919027924,False
37295630048394,echo_mediaelement,heuristic_frame_aware,518,P,0,4,4347,17266.667,17350.0,HEURISTIC_TCP_BATCH,tcp,37316919042234,False
37295630048394,echo_mediaelement,heuristic_frame_aware,519,P,0,4,1980,17300.0,17383.333,HEURISTIC_TCP_BATCH,tcp,37316919056994,False
37295630048394,echo_mediaelement,heuristic_frame_aware,520,P,0,4,2716,17333.333,17416.666,HEURISTIC_TCP_BATCH,tcp,37316919074544,False
37295630048394,echo_mediaelement,heuristic_frame_aware,521,P,0,4,2567,17366.667,17450.0,HEURISTIC_TCP_BATCH,tcp,37316919088674,False
37295630048394,echo_mediaelement,heuristic_frame_aware,522,P,0,4,3628,17400.0,17483.333,HEURISTIC_TCP_BATCH,tcp,37316919101544,False
37295630048394,echo_mediaelement,heuristic_frame_aware,523,P,0,4,4144,17433.333,17516.666,HEURISTIC_TCP_BATCH,tcp,37316919115044,False
37295630048394,echo_mediaelement,heuristic_frame_aware,524,P,0,4,2399,17466.667,17550.0,HEURISTIC_TCP_BATCH,tcp,37316919128814,False
37295630048394,echo_mediaelement,heuristic_frame_aware,525,P,0,4,3249,17500.0,17583.333,HEURISTIC_TCP_BATCH,tcp,37316919142224,False
37295630048394,echo_mediaelement,heuristic_frame_aware,526,P,0,4,2577,17533.333,17616.666,HEURISTIC_TCP_BATCH,tcp,37317970274274,False
37295630048394,echo_mediaelement,heuristic_frame_aware,527,P,0,4,2658,17566.667,17650.0,HEURISTIC_TCP_BATCH,tcp,37317970304334,False
37295630048394,echo_mediaelement,heuristic_frame_aware,528,P,0,4,4411,17600.0,17683.333,HEURISTIC_TCP_BATCH,tcp,37317970324224,False
37295630048394,echo_mediaelement,heuristic_frame_aware,529,P,0,4,3414,17633.333,17716.666,HEURISTIC_TCP_BATCH,tcp,37317970342494,False
37295630048394,echo_mediaelement,heuristic_frame_aware,530,P,0,4,1552,17666.667,17750.0,HEURISTIC_TCP_BATCH,tcp,37317970361034,False
37295630048394,echo_mediaelement,heuristic_frame_aware,531,P,0,4,3273,17700.0,17783.333,HEURISTIC_TCP_BATCH,tcp,37317970377324,False
37295630048394,echo_mediaelement,heuristic_frame_aware,532,P,0,4,1382,17733.333,17816.666,HEURISTIC_TCP_BATCH,tcp,37317970393884,False
37295630048394,echo_mediaelement,heuristic_frame_aware,533,P,0,4,4025,17766.667,17850.0,HEURISTIC_TCP_BATCH,tcp,37317970410174,False
37295630048394,echo_mediaelement,heuristic_frame_aware,534,P,0,4,2045,17800.0,17883.333,HEURISTIC_TCP_BATCH,tcp,37317970427724,False
37295630048394,echo_mediaelement,heuristic_frame_aware,535,P,0,4,4100,17833.333,17916.666,HEURISTIC_TCP_BATCH,tcp,37317970443564,False
37295630048394,echo_mediaelement,heuristic_frame_aware,536,P,0,4,1238,17866.667,17950.0,HEURISTIC_TCP_BATCH,tcp,37317970459584,False
37295630048394,echo_mediaelement,heuristic_frame_aware,537,P,0,4,3747,17900.0,17983.333,HEURISTIC_TCP_BATCH,tcp,37317970480554,False
37295630048394,echo_mediaelement,heuristic_frame_aware,538,P,0,4,1124,17933.333,18016.666,HEURISTIC_TCP_BATCH,tcp,37317970496754,False
37295630048394,echo_mediaelement,heuristic_frame_aware,539,P,0,4,3409,17966.667,18050.0,HEURISTIC_TCP_BATCH,tcp,37317970512504,False
37295630048394,echo_mediaelement,heuristic_frame_aware,540,P,0,4,2398,18000.0,18083.333,HEURISTIC_TCP_BATCH,tcp,37317970527354,False
37295630048394,echo_mediaelement,heuristic_frame_aware,541,P,0,4,3897,18033.333,18116.666,HEURISTIC_TCP_BATCH,tcp,37317970542654,False
37295630048394,echo_mediaelement,heuristic_frame_aware,542,P,0,4,1191,18066.667,18150.0,HEURISTIC_TCP_BATCH,tcp,37317970559034,False
37295630048394,echo_mediaelement,heuristic_frame_aware,543,P,0,4,4493,18100.0,18183.333,HEURISTIC_TCP_BATCH,tcp,37317970574874,False
37295630048394,echo_mediaelement,heuristic_frame_aware,544,P,0,4,1627,18133.333,18216.666,HEURISTIC_TCP_BATCH,tcp,37317970590354,False
37295630048394,echo_mediaelement,heuristic_frame_aware,545,P,0,4,3601,18166.667,18250.0,HEURISTIC_TCP_BATCH,tcp,37317970605474,False
37295630048394,echo_mediaelement,heuristic_frame_aware,546,P,0,4,2077,18200.0,18283.333,HEURISTIC_TCP_BATCH,tcp,37317970621044,False
37295630048394,echo_mediaelement,heuristic_frame_aware,547,P,0,4,3559,18233.333,18316.666,HEURISTIC_TCP_BATCH,tcp,37317970636344,False
37295630048394,echo_mediaelement,heuristic_frame_aware,548,P,0,4,3119,18266.667,18350.0,HEURISTIC_TCP_BATCH,tcp,37317970652634,False
37295630048394,echo_mediaelement,heuristic_frame_aware,549,I,1,5,2125,18300.0,18383.333,HEURISTIC_TCP_BATCH,tcp,37317970671534,False
37295630048394,echo_mediaelement,heuristic_frame_aware,550,P,0,5,1992,18333.333,18416.666,HEURISTIC_TCP_BATCH,tcp,37317970684314,False
37295630048394,echo_mediaelement,heuristic_frame_aware,551,P,0,5,3183,18366.667,18450.0,HEURISTIC_TCP_BATCH,tcp,37317970692774,False
37295630048394,echo_mediaelement,heuristic_frame_aware,552,P,0,5,3360,18400.0,18483.333,HEURISTIC_TCP_BATCH,tcp,37317970700874,False
37295630048394,echo_mediaelement,heuristic_frame_aware,553,P,0,5,5103,18433.333,18516.666,HEURISTIC_TCP_BATCH,tcp,37317970709064,False
37295630048394,echo_mediaelement,heuristic_frame_aware,554,P,0,5,4086,18466.667,18550.0,HEURISTIC_TCP_BATCH,tcp,37318880128644,False
37295630048394,echo_mediaelement,heuristic_frame_aware,555,P,0,5,4221,18500.0,18583.333,HEURISTIC_TCP_BATCH,tcp,37318880144484,False
37295630048394,echo_mediaelement,heuristic_frame_aware,556,P,0,5,2335,18533.333,18616.666,HEURISTIC_TCP_BATCH,tcp,37318880154474,False
37295630048394,echo_mediaelement,heuristic_frame_aware,557,P,0,5,2270,18566.667,18650.0,HEURISTIC_TCP_BATCH,tcp,37318880163924,False
37295630048394,echo_mediaelement,heuristic_frame_aware,558,P,0,5,4293,18600.0,18683.333,HEURISTIC_TCP_BATCH,tcp,37318880172384,False
37295630048394,echo_mediaelement,heuristic_frame_aware,559,P,0,5,3823,18633.333,18716.666,HEURISTIC_TCP_BATCH,tcp,37318880184174,False
37295630048394,echo_mediaelement,heuristic_frame_aware,560,P,0,5,5766,18666.667,18750.0,HEURISTIC_TCP_BATCH,tcp,37318880192814,False
37295630048394,echo_mediaelement,heuristic_frame_aware,561,P,0,5,3344,18700.0,18783.333,HEURISTIC_TCP_BATCH,tcp,37318880200824,False
37295630048394,echo_mediaelement,heuristic_frame_aware,562,P,0,5,4264,18733.333,18816.666,HEURISTIC_TCP_BATCH,tcp,37318880208924,False
37295630048394,echo_mediaelement,heuristic_frame_aware,563,P,0,5,4492,18766.667,18850.0,HEURISTIC_TCP_BATCH,tcp,37318880216574,False
37295630048394,echo_mediaelement,heuristic_frame_aware,564,P,0,5,2474,18800.0,18883.333,HEURISTIC_TCP_BATCH,tcp,37318880224314,False
37295630048394,echo_mediaelement,heuristic_frame_aware,565,P,0,5,1635,18833.333,18916.666,HEURISTIC_TCP_BATCH,tcp,37318880232144,False
37295630048394,echo_mediaelement,heuristic_frame_aware,566,P,0,5,3087,18866.667,18950.0,HEURISTIC_TCP_BATCH,tcp,37318880239884,False
37295630048394,echo_mediaelement,heuristic_frame_aware,567,P,0,5,3216,18900.0,18983.333,HEURISTIC_TCP_BATCH,tcp,37318880247804,False
37295630048394,echo_mediaelement,heuristic_frame_aware,568,P,0,5,5751,18933.333,19016.666,HEURISTIC_TCP_BATCH,tcp,37318880258334,False
37295630048394,echo_mediaelement,heuristic_frame_aware,569,P,0,5,3629,18966.667,19050.0,HEURISTIC_TCP_BATCH,tcp,37318880266344,False
37295630048394,echo_mediaelement,heuristic_frame_aware,570,P,0,5,2284,19000.0,19083.333,HEURISTIC_TCP_BATCH,tcp,37318880274354,False
37295630048394,echo_mediaelement,heuristic_frame_aware,571,P,0,5,4280,19033.333,19116.666,HEURISTIC_TCP_BATCH,tcp,37318880282094,False
37295630048394,echo_mediaelement,heuristic_frame_aware,572,P,0,5,2654,19066.667,19150.0,HEURISTIC_TCP_BATCH,tcp,37318880290014,False
37295630048394,echo_mediaelement,heuristic_frame_aware,573,P,0,5,3765,19100.0,19183.333,HEURISTIC_TCP_BATCH,tcp,37318880297844,False
37295630048394,echo_mediaelement,heuristic_frame_aware,574,P,0,5,3639,19133.333,19216.666,HEURISTIC_TCP_BATCH,tcp,37318880305764,False
37295630048394,echo_mediaelement,heuristic_frame_aware,575,P,0,5,3136,19166.667,19250.0,HEURISTIC_TCP_BATCH,tcp,37319781819114,False
37295630048394,echo_mediaelement,heuristic_frame_aware,576,P,0,5,2853,19200.0,19283.333,HEURISTIC_TCP_BATCH,tcp,37319781844674,False
37295630048394,echo_mediaelement,heuristic_frame_aware,577,P,0,5,4785,19233.333,19316.666,HEURISTIC_TCP_BATCH,tcp,37319781868344,False
37295630048394,echo_mediaelement,heuristic_frame_aware,578,P,0,5,1479,19266.667,19350.0,HEURISTIC_TCP_BATCH,tcp,37319781884454,False
37295630048394,echo_mediaelement,heuristic_frame_aware,579,P,0,5,3576,19300.0,19383.333,HEURISTIC_TCP_BATCH,tcp,37319781899214,False
37295630048394,echo_mediaelement,heuristic_frame_aware,580,P,0,5,2717,19333.333,19416.666,HEURISTIC_TCP_BATCH,tcp,37319781930174,False
37295630048394,echo_mediaelement,heuristic_frame_aware,581,P,0,5,10391,19366.667,19450.0,HEURISTIC_TCP_BATCH,tcp,37319781951054,False
37295630048394,echo_mediaelement,heuristic_frame_aware,582,P,0,5,4959,19400.0,19483.333,HEURISTIC_TCP_BATCH,tcp,37319781968244,False
37295630048394,echo_mediaelement,heuristic_frame_aware,583,P,0,5,4398,19433.333,19516.666,HEURISTIC_TCP_BATCH,tcp,37319781984624,False
37295630048394,echo_mediaelement,heuristic_frame_aware,584,P,0,5,2581,19466.667,19550.0,HEURISTIC_TCP_BATCH,tcp,37319782003794,False
37295630048394,echo_mediaelement,heuristic_frame_aware,585,P,0,5,4118,19500.0,19583.333,HEURISTIC_TCP_BATCH,tcp,37319782019994,False
37295630048394,echo_mediaelement,heuristic_frame_aware,586,P,0,5,3050,19533.333,19616.666,HEURISTIC_TCP_BATCH,tcp,37319782035834,False
37295630048394,echo_mediaelement,heuristic_frame_aware,587,P,0,5,5259,19566.667,19650.0,HEURISTIC_TCP_BATCH,tcp,37319782051854,False
37295630048394,echo_mediaelement,heuristic_frame_aware,588,P,0,5,2836,19600.0,19683.333,HEURISTIC_TCP_BATCH,tcp,37319782067874,False
37295630048394,echo_mediaelement,heuristic_frame_aware,589,P,0,5,4131,19633.333,19716.666,HEURISTIC_TCP_BATCH,tcp,37319782083714,False
37295630048394,echo_mediaelement,heuristic_frame_aware,590,P,0,5,2354,19666.667,19750.0,HEURISTIC_TCP_BATCH,tcp,37319782099644,False
37295630048394,echo_mediaelement,heuristic_frame_aware,591,P,0,5,3876,19700.0,19783.333,HEURISTIC_TCP_BATCH,tcp,37319782115124,False
37295630048394,echo_mediaelement,heuristic_frame_aware,592,P,0,5,5402,19733.333,19816.666,HEURISTIC_TCP_BATCH,tcp,37319782130784,False
37295630048394,echo_mediaelement,heuristic_frame_aware,593,P,0,5,3573,19766.667,19850.0,HEURISTIC_TCP_BATCH,tcp,37319782151484,False
37295630048394,echo_mediaelement,heuristic_frame_aware,594,P,0,5,2621,19800.0,19883.333,HEURISTIC_TCP_BATCH,tcp,37319782167684,False
37295630048394,echo_mediaelement,heuristic_frame_aware,595,P,0,5,2870,19833.333,19916.666,HEURISTIC_TCP_BATCH,tcp,37319782183164,False
37295630048394,echo_mediaelement,heuristic_frame_aware,596,P,0,5,2360,19866.667,19950.0,HEURISTIC_TCP_BATCH,tcp,37319782198914,False
37295630048394,echo_mediaelement,heuristic_frame_aware,597,P,0,5,6670,19900.0,19983.333,HEURISTIC_TCP_BATCH,tcp,37321918999704,False
37295630048394,echo_mediaelement,heuristic_frame_aware,598,P,0,5,2919,19933.333,20016.666,HEURISTIC_TCP_BATCH,tcp,37321919016444,False
37295630048394,echo_mediaelement,heuristic_frame_aware,599,P,0,5,3765,19966.667,20050.0,HEURISTIC_TCP_BATCH,tcp,37321919027064,False
37295630048394,echo_mediaelement,heuristic_frame_aware,600,P,0,5,3740,20000.0,20083.333,HEURISTIC_TCP_BATCH,tcp,37321919035884,False
37295630048394,echo_mediaelement,heuristic_frame_aware,601,P,0,5,2135,20033.333,20116.666,HEURISTIC_TCP_BATCH,tcp,37321919044074,False
37295630048394,echo_mediaelement,heuristic_frame_aware,602,P,0,5,3869,20066.667,20150.0,HEURISTIC_TCP_BATCH,tcp,37321919263944,False
37295630048394,echo_mediaelement,heuristic_frame_aware,603,P,0,5,3708,20100.0,20183.333,HEURISTIC_TCP_BATCH,tcp,37321919285004,False
37295630048394,echo_mediaelement,heuristic_frame_aware,604,P,0,5,3194,20133.333,20216.666,HEURISTIC_TCP_BATCH,tcp,37321919294544,False
37295630048394,echo_mediaelement,heuristic_frame_aware,605,P,0,5,3796,20166.667,20250.0,HEURISTIC_TCP_BATCH,tcp,37321919303364,False
37295630048394,echo_mediaelement,heuristic_frame_aware,606,P,0,5,3127,20200.0,20283.333,HEURISTIC_TCP_BATCH,tcp,37321919311464,False
37295630048394,echo_mediaelement,heuristic_frame_aware,607,P,0,5,4196,20233.333,20316.666,HEURISTIC_TCP_BATCH,tcp,37321919319564,False
37295630048394,echo_mediaelement,heuristic_frame_aware,608,P,0,5,1448,20266.667,20350.0,HEURISTIC_TCP_BATCH,tcp,37321919327484,False
37295630048394,echo_mediaelement,heuristic_frame_aware,609,P,0,5,3352,20300.0,20383.333,HEURISTIC_TCP_BATCH,tcp,37321919335314,False
37295630048394,echo_mediaelement,heuristic_frame_aware,610,P,0,5,3402,20333.333,20416.666,HEURISTIC_TCP_BATCH,tcp,37321919343324,False
37295630048394,echo_mediaelement,heuristic_frame_aware,611,P,0,5,2777,20366.667,20450.0,HEURISTIC_TCP_BATCH,tcp,37321919351424,False
37295630048394,echo_mediaelement,heuristic_frame_aware,612,P,0,5,4087,20400.0,20483.333,HEURISTIC_TCP_BATCH,tcp,37321919359344,False
37295630048394,echo_mediaelement,heuristic_frame_aware,613,P,0,5,2467,20433.333,20516.666,HEURISTIC_TCP_BATCH,tcp,37321919369694,False
37295630048394,echo_mediaelement,heuristic_frame_aware,614,P,0,5,4156,20466.667,20550.0,HEURISTIC_TCP_BATCH,tcp,37321919377704,False
37295630048394,echo_mediaelement,heuristic_frame_aware,615,P,0,5,2647,20500.0,20583.333,HEURISTIC_TCP_BATCH,tcp,37321919385714,False
37295630048394,echo_mediaelement,heuristic_frame_aware,616,P,0,5,3950,20533.333,20616.666,HEURISTIC_TCP_BATCH,tcp,37321919394534,False
37295630048394,echo_mediaelement,heuristic_frame_aware,617,P,0,5,2503,20566.667,20650.0,HEURISTIC_TCP_BATCH,tcp,37321919402454,False
37295630048394,echo_mediaelement,heuristic_frame_aware,618,I,1,6,8114,20600.0,20683.333,HEURISTIC_TCP_BATCH,tcp,37322755318854,False
37295630048394,echo_mediaelement,heuristic_frame_aware,619,P,0,6,3413,20633.333,20716.666,HEURISTIC_TCP_BATCH,tcp,37322755338294,False
37295630048394,echo_mediaelement,heuristic_frame_aware,620,P,0,6,3738,20666.667,20750.0,HEURISTIC_TCP_BATCH,tcp,37322755349274,False
37295630048394,echo_mediaelement,heuristic_frame_aware,621,P,0,6,3448,20700.0,20783.333,HEURISTIC_TCP_BATCH,tcp,37322755362594,False
37295630048394,echo_mediaelement,heuristic_frame_aware,622,P,0,6,2287,20733.333,20816.666,HEURISTIC_TCP_BATCH,tcp,37322755372404,False
37295630048394,echo_mediaelement,heuristic_frame_aware,623,P,0,6,4672,20766.667,20850.0,HEURISTIC_TCP_BATCH,tcp,37322755380864,False
37295630048394,echo_mediaelement,heuristic_frame_aware,624,P,0,6,2922,20800.0,20883.333,HEURISTIC_TCP_BATCH,tcp,37322755389234,False
37295630048394,echo_mediaelement,heuristic_frame_aware,625,P,0,6,4302,20833.333,20916.666,HEURISTIC_TCP_BATCH,tcp,37322755397424,False
37295630048394,echo_mediaelement,heuristic_frame_aware,626,P,0,6,2132,20866.667,20950.0,HEURISTIC_TCP_BATCH,tcp,37322755405524,False
37295630048394,echo_mediaelement,heuristic_frame_aware,627,P,0,6,4112,20900.0,20983.333,HEURISTIC_TCP_BATCH,tcp,37322755413624,False
37295630048394,echo_mediaelement,heuristic_frame_aware,628,P,0,6,2115,20933.333,21016.666,HEURISTIC_TCP_BATCH,tcp,37322755425864,False
37295630048394,echo_mediaelement,heuristic_frame_aware,629,P,0,6,3972,20966.667,21050.0,HEURISTIC_TCP_BATCH,tcp,37322755438194,False
37295630048394,echo_mediaelement,heuristic_frame_aware,630,P,0,6,2456,21000.0,21083.333,HEURISTIC_TCP_BATCH,tcp,37322755450794,False
37295630048394,echo_mediaelement,heuristic_frame_aware,631,P,0,6,4720,21033.333,21116.666,HEURISTIC_TCP_BATCH,tcp,37322755469154,False
37295630048394,echo_mediaelement,heuristic_frame_aware,632,P,0,6,2532,21066.667,21150.0,HEURISTIC_TCP_BATCH,tcp,37322755480134,False
37295630048394,echo_mediaelement,heuristic_frame_aware,633,P,0,6,4300,21100.0,21183.333,HEURISTIC_TCP_BATCH,tcp,37322755488864,False
37295630048394,echo_mediaelement,heuristic_frame_aware,634,P,0,6,2078,21133.333,21216.666,HEURISTIC_TCP_BATCH,tcp,37322755496604,False
37295630048394,echo_mediaelement,heuristic_frame_aware,635,P,0,6,5108,21166.667,21250.0,HEURISTIC_TCP_BATCH,tcp,37322755504524,False
37295630048394,echo_mediaelement,heuristic_frame_aware,636,P,0,6,3794,21200.0,21283.333,HEURISTIC_TCP_BATCH,tcp,37322755526034,False
37295630048394,echo_mediaelement,heuristic_frame_aware,637,P,0,6,2411,21233.333,21316.666,HEURISTIC_TCP_BATCH,tcp,37322755541244,False
37295630048394,echo_mediaelement,heuristic_frame_aware,638,P,0,6,4287,21266.667,21350.0,HEURISTIC_TCP_BATCH,tcp,37322755552134,False
37295630048394,echo_mediaelement,heuristic_frame_aware,639,P,0,6,4125,21300.0,21383.333,HEURISTIC_TCP_BATCH,tcp,37322755561944,False
37295630048394,echo_mediaelement,heuristic_frame_aware,640,P,0,6,8033,21333.333,21416.666,HEURISTIC_TCP_BATCH,tcp,37323557849124,False
37295630048394,echo_mediaelement,heuristic_frame_aware,641,P,0,6,2898,21366.667,21450.0,HEURISTIC_TCP_BATCH,tcp,37323557865324,False
37295630048394,echo_mediaelement,heuristic_frame_aware,642,P,0,6,9663,21400.0,21483.333,HEURISTIC_TCP_BATCH,tcp,37323557875764,False
37295630048394,echo_mediaelement,heuristic_frame_aware,643,P,0,6,1423,21433.333,21516.666,HEURISTIC_TCP_BATCH,tcp,37323557886204,False
37295630048394,echo_mediaelement,heuristic_frame_aware,644,P,0,6,6063,21466.667,21550.0,HEURISTIC_TCP_BATCH,tcp,37323557895024,False
37295630048394,echo_mediaelement,heuristic_frame_aware,645,P,0,6,3817,21500.0,21583.333,HEURISTIC_TCP_BATCH,tcp,37323557903214,False
37295630048394,echo_mediaelement,heuristic_frame_aware,646,P,0,6,1787,21533.333,21616.666,HEURISTIC_TCP_BATCH,tcp,37323557915094,False
37295630048394,echo_mediaelement,heuristic_frame_aware,647,P,0,6,4615,21566.667,21650.0,HEURISTIC_TCP_BATCH,tcp,37323557923284,False
37295630048394,echo_mediaelement,heuristic_frame_aware,648,P,0,6,1698,21600.0,21683.333,HEURISTIC_TCP_BATCH,tcp,37323557931474,False
37295630048394,echo_mediaelement,heuristic_frame_aware,649,P,0,6,3418,21633.333,21716.666,HEURISTIC_TCP_BATCH,tcp,37323557939484,False
37295630048394,echo_mediaelement,heuristic_frame_aware,650,P,0,6,2554,21666.667,21750.0,HEURISTIC_TCP_BATCH,tcp,37323557947944,False
37295630048394,echo_mediaelement,heuristic_frame_aware,651,P,0,6,5295,21700.0,21783.333,HEURISTIC_TCP_BATCH,tcp,37323557956044,False
37295630048394,echo_mediaelement,heuristic_frame_aware,652,P,0,6,2292,21733.333,21816.666,HEURISTIC_TCP_BATCH,tcp,37323557964144,False
37295630048394,echo_mediaelement,heuristic_frame_aware,653,P,0,6,5044,21766.667,21850.0,HEURISTIC_TCP_BATCH,tcp,37323557972154,False
37295630048394,echo_mediaelement,heuristic_frame_aware,654,P,0,6,1888,21800.0,21883.333,HEURISTIC_TCP_BATCH,tcp,37323557980074,False
37295630048394,echo_mediaelement,heuristic_frame_aware,655,P,0,6,4945,21833.333,21916.666,HEURISTIC_TCP_BATCH,tcp,37323557987994,False
37295630048394,echo_mediaelement,heuristic_frame_aware,656,P,0,6,2278,21866.667,21950.0,HEURISTIC_TCP_BATCH,tcp,37323557998614,False
37295630048394,echo_mediaelement,heuristic_frame_aware,657,P,0,6,5303,21900.0,21983.333,HEURISTIC_TCP_BATCH,tcp,37323558006624,False
37295630048394,echo_mediaelement,heuristic_frame_aware,658,P,0,6,1541,21933.333,22016.666,HEURISTIC_TCP_BATCH,tcp,37323558014454,False
37295630048394,echo_mediaelement,heuristic_frame_aware,659,P,0,6,4283,21966.667,22050.0,HEURISTIC_TCP_BATCH,tcp,37323558022464,False
37295630048394,echo_mediaelement,heuristic_frame_aware,660,P,0,6,1717,22000.0,22083.333,HEURISTIC_TCP_BATCH,tcp,37323558030204,False
37295630048394,echo_mediaelement,heuristic_frame_aware,661,P,0,6,4932,22033.333,22116.666,HEURISTIC_TCP_BATCH,tcp,37323558038124,False
37295630048394,echo_mediaelement,heuristic_frame_aware,662,P,0,6,2591,22066.667,22150.0,HEURISTIC_TCP_BATCH,tcp,37324466142264,False
37295630048394,echo_mediaelement,heuristic_frame_aware,663,P,0,6,5734,22100.0,22183.333,HEURISTIC_TCP_BATCH,tcp,37324466160984,False
37295630048394,echo_mediaelement,heuristic_frame_aware,664,P,0,6,3113,22133.333,22216.666,HEURISTIC_TCP_BATCH,tcp,37324466171694,False
37295630048394,echo_mediaelement,heuristic_frame_aware,665,P,0,6,5381,22166.667,22250.0,HEURISTIC_TCP_BATCH,tcp,37324466186814,False
37295630048394,echo_mediaelement,heuristic_frame_aware,666,P,0,6,2247,22200.0,22283.333,HEURISTIC_TCP_BATCH,tcp,37324466195274,False
37295630048394,echo_mediaelement,heuristic_frame_aware,667,P,0,6,3673,22233.333,22316.666,HEURISTIC_TCP_BATCH,tcp,37324466203644,False
37295630048394,echo_mediaelement,heuristic_frame_aware,668,P,0,6,2159,22266.667,22350.0,HEURISTIC_TCP_BATCH,tcp,37324466211744,False
37295630048394,echo_mediaelement,heuristic_frame_aware,669,P,0,6,4487,22300.0,22383.333,HEURISTIC_TCP_BATCH,tcp,37324466219934,False
37295630048394,echo_mediaelement,heuristic_frame_aware,670,P,0,6,1613,22333.333,22416.666,HEURISTIC_TCP_BATCH,tcp,37324466228034,False
37295630048394,echo_mediaelement,heuristic_frame_aware,671,P,0,6,4108,22366.667,22450.0,HEURISTIC_TCP_BATCH,tcp,37324466235954,False
37295630048394,echo_mediaelement,heuristic_frame_aware,672,P,0,6,1585,22400.0,22483.333,HEURISTIC_TCP_BATCH,tcp,37324466244054,False
37295630048394,echo_mediaelement,heuristic_frame_aware,673,P,0,6,3931,22433.333,22516.666,HEURISTIC_TCP_BATCH,tcp,37324466252424,False
37295630048394,echo_mediaelement,heuristic_frame_aware,674,P,0,6,2153,22466.667,22550.0,HEURISTIC_TCP_BATCH,tcp,37324466260614,False
37295630048394,echo_mediaelement,heuristic_frame_aware,675,P,0,6,4339,22500.0,22583.333,HEURISTIC_TCP_BATCH,tcp,37324466268624,False
37295630048394,echo_mediaelement,heuristic_frame_aware,676,P,0,6,2185,22533.333,22616.666,HEURISTIC_TCP_BATCH,tcp,37324466278884,False
37295630048394,echo_mediaelement,heuristic_frame_aware,677,P,0,6,3441,22566.667,22650.0,HEURISTIC_TCP_BATCH,tcp,37324466286804,False
37295630048394,echo_mediaelement,heuristic_frame_aware,678,P,0,6,2449,22600.0,22683.333,HEURISTIC_TCP_BATCH,tcp,37324466294634,False
37295630048394,echo_mediaelement,heuristic_frame_aware,679,P,0,6,4897,22633.333,22716.666,HEURISTIC_TCP_BATCH,tcp,37324466302734,False
37295630048394,echo_mediaelement,heuristic_frame_aware,680,P,0,6,2259,22666.667,22750.0,HEURISTIC_TCP_BATCH,tcp,37324466310744,False
37295630048394,echo_mediaelement,heuristic_frame_aware,681,P,0,6,5373,22700.0,22783.333,HEURISTIC_TCP_BATCH,tcp,37324466318664,False
37295630048394,echo_mediaelement,heuristic_frame_aware,682,P,0,6,2378,22733.333,22816.666,HEURISTIC_TCP_BATCH,tcp,37324466326674,False
37295630048394,echo_mediaelement,heuristic_frame_aware,683,P,0,6,4510,22766.667,22850.0,HEURISTIC_TCP_BATCH,tcp,37324466334864,False
37295630048394,echo_mediaelement,heuristic_frame_aware,684,P,0,6,2308,22800.0,22883.333,HEURISTIC_TCP_BATCH,tcp,37324466342694,False
37295630048394,echo_mediaelement,heuristic_frame_aware,685,P,0,6,5238,22833.333,22916.666,HEURISTIC_TCP_BATCH,tcp,37325574034344,False
37295630048394,echo_mediaelement,heuristic_frame_aware,686,P,0,6,1789,22866.667,22950.0,HEURISTIC_TCP_BATCH,tcp,37325574054954,False
37295630048394,echo_mediaelement,heuristic_frame_aware,687,P,0,6,4088,22900.0,22983.333,HEURISTIC_TCP_BATCH,tcp,37325574070614,False
37295630048394,echo_mediaelement,heuristic_frame_aware,688,P,0,6,1591,22933.333,23016.666,HEURISTIC_TCP_BATCH,tcp,37325574085374,False
37295630048394,echo_mediaelement,heuristic_frame_aware,689,P,0,6,2814,22966.667,23050.0,HEURISTIC_TCP_BATCH,tcp,37325574097704,False
37295630048394,echo_mediaelement,heuristic_frame_aware,690,P,0,6,2150,23000.0,23083.333,HEURISTIC_TCP_BATCH,tcp,37325574106704,False
37295630048394,echo_mediaelement,heuristic_frame_aware,691,P,0,6,4066,23033.333,23116.666,HEURISTIC_TCP_BATCH,tcp,37325574115074,False
37295630048394,echo_mediaelement,heuristic_frame_aware,692,P,0,6,1934,23066.667,23150.0,HEURISTIC_TCP_BATCH,tcp,37325574123084,False
37295630048394,echo_mediaelement,heuristic_frame_aware,693,P,0,6,5060,23100.0,23183.333,HEURISTIC_TCP_BATCH,tcp,37325574131184,False
37295630048394,echo_mediaelement,heuristic_frame_aware,694,P,0,6,1861,23133.333,23216.666,HEURISTIC_TCP_BATCH,tcp,37325574139734,False
37295630048394,echo_mediaelement,heuristic_frame_aware,695,P,0,6,5813,23166.667,23250.0,HEURISTIC_TCP_BATCH,tcp,37325574148194,False
37295630048394,echo_mediaelement,heuristic_frame_aware,696,P,0,6,3186,23200.0,23283.333,HEURISTIC_TCP_BATCH,tcp,37325574159624,False
37295630048394,echo_mediaelement,heuristic_frame_aware,697,P,0,6,5234,23233.333,23316.666,HEURISTIC_TCP_BATCH,tcp,37325574167814,False
37295630048394,echo_mediaelement,heuristic_frame_aware,698,P,0,6,1820,23266.667,23350.0,HEURISTIC_TCP_BATCH,tcp,37325574175734,False
37295630048394,echo_mediaelement,heuristic_frame_aware,699,P,0,6,4500,23300.0,23383.333,HEURISTIC_TCP_BATCH,tcp,37325574183654,False
37295630048394,echo_mediaelement,heuristic_frame_aware,700,P,0,6,3166,23333.333,23416.666,HEURISTIC_TCP_BATCH,tcp,37325574191934,False
37295630048394,echo_mediaelement,heuristic_frame_aware,701,P,0,6,2238,23366.667,23450.0,HEURISTIC_TCP_BATCH,tcp,37325574199854,False
37295630048394,echo_mediaelement,heuristic_frame_aware,702,P,0,6,3394,23400.0,23483.333,HEURISTIC_TCP_BATCH,tcp,37325574208044,False
37295630048394,echo_mediaelement,heuristic_frame_aware,703,P,0,6,1868,23433.333,23516.666,HEURISTIC_TCP_BATCH,tcp,37325574216054,False
37295630048394,echo_mediaelement,heuristic_frame_aware,704,P,0,6,3153,23466.667,23550.0,HEURISTIC_TCP_BATCH,tcp,37325574224064,False
37295630048394,echo_mediaelement,heuristic_frame_aware,705,P,0,6,2229,23500.0,23583.333,HEURISTIC_TCP_BATCH,tcp,37327544355744,False
37295630048394,echo_mediaelement,heuristic_frame_aware,706,P,0,6,2885,23533.333,23616.666,HEURISTIC_TCP_BATCH,tcp,37327544373024,False
37295630048394,echo_mediaelement,heuristic_frame_aware,707,P,0,6,2802,23566.667,23650.0,HEURISTIC_TCP_BATCH,tcp,37327544411094,False
37295630048394,echo_mediaelement,heuristic_frame_aware,708,P,0,6,3311,23600.0,23683.333,HEURISTIC_TCP_BATCH,tcp,37327544440434,False
37295630048394,echo_mediaelement,heuristic_frame_aware,709,P,0,6,2462,23633.333,23716.666,HEURISTIC_TCP_BATCH,tcp,37327544455644,False
37295630048394,echo_mediaelement,heuristic_frame_aware,710,P,0,6,2755,23666.667,23750.0,HEURISTIC_TCP_BATCH,tcp,37327544465904,False
37295630048394,echo_mediaelement,heuristic_frame_aware,711,P,0,6,2977,23700.0,23783.333,HEURISTIC_TCP_BATCH,tcp,37327544474454,False
37295630048394,echo_mediaelement,heuristic_frame_aware,712,P,0,6,2224,23733.333,23816.666,HEURISTIC_TCP_BATCH,tcp,37327544483364,False
37295630048394,echo_mediaelement,heuristic_frame_aware,713,P,0,6,2854,23766.667,23850.0,HEURISTIC_TCP_BATCH,tcp,37327544491734,False
37295630048394,echo_mediaelement,heuristic_frame_aware,714,P,0,6,3406,23800.0,23883.333,HEURISTIC_TCP_BATCH,tcp,37327544500194,False
37295630048394,echo_mediaelement,heuristic_frame_aware,715,P,0,6,2348,23833.333,23916.666,HEURISTIC_TCP_BATCH,tcp,37327544508204,False
37295630048394,echo_mediaelement,heuristic_frame_aware,716,P,0,6,2915,23866.667,23950.0,HEURISTIC_TCP_BATCH,tcp,37327544516394,False
37295630048394,echo_mediaelement,heuristic_frame_aware,717,P,0,6,3026,23900.0,23983.333,HEURISTIC_TCP_BATCH,tcp,37327544622864,False
37295630048394,echo_mediaelement,heuristic_frame_aware,718,P,0,6,2042,23933.333,24016.666,HEURISTIC_TCP_BATCH,tcp,37327544643654,False
37295630048394,echo_mediaelement,heuristic_frame_aware,719,P,0,6,3673,23966.667,24050.0,HEURISTIC_TCP_BATCH,tcp,37327544655174,False
37295630048394,echo_mediaelement,heuristic_frame_aware,720,P,0,6,2119,24000.0,24083.333,HEURISTIC_TCP_BATCH,tcp,37327544664444,False
37295630048394,echo_mediaelement,heuristic_frame_aware,721,P,0,6,3116,24033.333,24116.666,HEURISTIC_TCP_BATCH,tcp,37327544673084,False
37295630048394,echo_mediaelement,heuristic_frame_aware,722,P,0,6,1890,24066.667,24150.0,HEURISTIC_TCP_BATCH,tcp,37327544681274,False
37295630048394,echo_mediaelement,heuristic_frame_aware,723,P,0,6,3487,24100.0,24183.333,HEURISTIC_TCP_BATCH,tcp,37327544689644,False
37295630048394,echo_mediaelement,heuristic_frame_aware,724,P,0,6,2704,24133.333,24216.666,HEURISTIC_TCP_BATCH,tcp,37327544697924,False
37295630048394,echo_mediaelement,heuristic_frame_aware,725,P,0,6,1589,24166.667,24250.0,HEURISTIC_TCP_BATCH,tcp,37327544705934,False
37295630048394,echo_mediaelement,heuristic_frame_aware,726,P,0,6,3291,24200.0,24283.333,HEURISTIC_TCP_BATCH,tcp,37327544713764,False
37295630048394,echo_mediaelement,heuristic_frame_aware,727,P,0,6,2639,24233.333,24316.666,HEURISTIC_TCP_BATCH,tcp,37327544721684,False
37295630048394,echo_mediaelement,heuristic_frame_aware,728,P,0,6,2184,24266.667,24350.0,HEURISTIC_TCP_BATCH,tcp,37327544729694,False
37295630048394,echo_mediaelement,heuristic_frame_aware,729,P,0,6,3611,24300.0,24383.333,HEURISTIC_TCP_BATCH,tcp,37327544740764,False
37295630048394,echo_mediaelement,heuristic_frame_aware,730,P,0,6,2120,24333.333,24416.666,HEURISTIC_TCP_BATCH,tcp,37327544748774,False
37295630048394,echo_mediaelement,heuristic_frame_aware,731,P,0,6,5394,24366.667,24450.0,HEURISTIC_TCP_BATCH,tcp,37327544757324,False
37295630048394,echo_mediaelement,heuristic_frame_aware,732,P,0,6,2908,24400.0,24483.333,HEURISTIC_TCP_BATCH,tcp,37329286554234,False
37295630048394,echo_mediaelement,heuristic_frame_aware,733,P,0,6,2244,24433.333,24516.666,HEURISTIC_TCP_BATCH,tcp,37329286571424,False
37295630048394,echo_mediaelement,heuristic_frame_aware,734,P,0,6,1211,24466.667,24550.0,HEURISTIC_TCP_BATCH,tcp,37329286582494,False
37295630048394,echo_mediaelement,heuristic_frame_aware,735,P,0,6,2740,24500.0,24583.333,HEURISTIC_TCP_BATCH,tcp,37329286591314,False
37295630048394,echo_mediaelement,heuristic_frame_aware,736,P,0,6,1055,24533.333,24616.666,HEURISTIC_TCP_BATCH,tcp,37329286601934,False
37295630048394,echo_mediaelement,heuristic_frame_aware,737,P,0,6,3536,24566.667,24650.0,HEURISTIC_TCP_BATCH,tcp,37329286610124,False
37295630048394,echo_mediaelement,heuristic_frame_aware,738,I,1,7,7009,24600.0,24683.333,HEURISTIC_TCP_BATCH,tcp,37329286619214,False
37295630048394,echo_mediaelement,heuristic_frame_aware,739,P,0,7,2757,24633.333,24716.666,HEURISTIC_TCP_BATCH,tcp,37329286627494,False
37295630048394,echo_mediaelement,heuristic_frame_aware,740,P,0,7,6233,24666.667,24750.0,HEURISTIC_TCP_BATCH,tcp,37329286640364,False
37295630048394,echo_mediaelement,heuristic_frame_aware,741,P,0,7,2909,24700.0,24783.333,HEURISTIC_TCP_BATCH,tcp,37329286648464,False
37295630048394,echo_mediaelement,heuristic_frame_aware,742,P,0,7,5817,24733.333,24816.666,HEURISTIC_TCP_BATCH,tcp,37329286656384,False
37295630048394,echo_mediaelement,heuristic_frame_aware,743,P,0,7,3641,24766.667,24850.0,HEURISTIC_TCP_BATCH,tcp,37329286664304,False
37295630048394,echo_mediaelement,heuristic_frame_aware,744,P,0,7,4525,24800.0,24883.333,HEURISTIC_TCP_BATCH,tcp,37329286672404,False
37295630048394,echo_mediaelement,heuristic_frame_aware,745,P,0,7,2888,24833.333,24916.666,HEURISTIC_TCP_BATCH,tcp,37329286680954,False
37295630048394,echo_mediaelement,heuristic_frame_aware,746,P,0,7,3742,24866.667,24950.0,HEURISTIC_TCP_BATCH,tcp,37329286688784,False
37295630048394,echo_mediaelement,heuristic_frame_aware,747,P,0,7,3242,24900.0,24983.333,HEURISTIC_TCP_BATCH,tcp,37329286696704,False
37295630048394,echo_mediaelement,heuristic_frame_aware,748,P,0,7,3407,24933.333,25016.666,HEURISTIC_TCP_BATCH,tcp,37329286706694,False
37295630048394,echo_mediaelement,heuristic_frame_aware,749,P,0,7,4235,24966.667,25050.0,HEURISTIC_TCP_BATCH,tcp,37329286714614,False
37295630048394,echo_mediaelement,heuristic_frame_aware,750,P,0,7,2688,25000.0,25083.333,HEURISTIC_TCP_BATCH,tcp,37329286722534,False
37295630048394,echo_mediaelement,heuristic_frame_aware,751,P,0,7,3152,25033.333,25116.666,HEURISTIC_TCP_BATCH,tcp,37329286730814,False
37295630048394,echo_mediaelement,heuristic_frame_aware,752,P,0,7,3863,25066.667,25150.0,HEURISTIC_TCP_BATCH,tcp,37329286738644,False
37295630048394,echo_mediaelement,heuristic_frame_aware,753,P,0,7,2100,25100.0,25183.333,HEURISTIC_TCP_BATCH,tcp,37330714840104,False
37295630048394,echo_mediaelement,heuristic_frame_aware,754,P,0,7,4308,25133.333,25216.666,HEURISTIC_TCP_BATCH,tcp,37330714858464,False
37295630048394,echo_mediaelement,heuristic_frame_aware,755,P,0,7,2892,25166.667,25250.0,HEURISTIC_TCP_BATCH,tcp,37330714868364,False
37295630048394,echo_mediaelement,heuristic_frame_aware,756,P,0,7,4548,25200.0,25283.333,HEURISTIC_TCP_BATCH,tcp,37330714877724,False
37295630048394,echo_mediaelement,heuristic_frame_aware,757,P,0,7,2753,25233.333,25316.666,HEURISTIC_TCP_BATCH,tcp,37330714892124,False
37295630048394,echo_mediaelement,heuristic_frame_aware,758,P,0,7,4961,25266.667,25350.0,HEURISTIC_TCP_BATCH,tcp,37330714900494,False
37295630048394,echo_mediaelement,heuristic_frame_aware,759,P,0,7,5263,25300.0,25383.333,HEURISTIC_TCP_BATCH,tcp,37330714910124,False
37295630048394,echo_mediaelement,heuristic_frame_aware,760,P,0,7,2631,25333.333,25416.666,HEURISTIC_TCP_BATCH,tcp,37330714919034,False
37295630048394,echo_mediaelement,heuristic_frame_aware,761,P,0,7,4391,25366.667,25450.0,HEURISTIC_TCP_BATCH,tcp,37330714929114,False
37295630048394,echo_mediaelement,heuristic_frame_aware,762,P,0,7,2170,25400.0,25483.333,HEURISTIC_TCP_BATCH,tcp,37330714937844,False
37295630048394,echo_mediaelement,heuristic_frame_aware,763,P,0,7,4961,25433.333,25516.666,HEURISTIC_TCP_BATCH,tcp,37330714945944,False
37295630048394,echo_mediaelement,heuristic_frame_aware,764,P,0,7,2827,25466.667,25550.0,HEURISTIC_TCP_BATCH,tcp,37330714954404,False
37295630048394,echo_mediaelement,heuristic_frame_aware,765,P,0,7,3725,25500.0,25583.333,HEURISTIC_TCP_BATCH,tcp,37330714962684,False
37295630048394,echo_mediaelement,heuristic_frame_aware,766,P,0,7,2894,25533.333,25616.666,HEURISTIC_TCP_BATCH,tcp,37330714973934,False
37295630048394,echo_mediaelement,heuristic_frame_aware,767,P,0,7,3432,25566.667,25650.0,HEURISTIC_TCP_BATCH,tcp,37330714981944,False
37295630048394,echo_mediaelement,heuristic_frame_aware,768,P,0,7,2547,25600.0,25683.333,HEURISTIC_TCP_BATCH,tcp,37330714989864,False
37295630048394,echo_mediaelement,heuristic_frame_aware,769,P,0,7,4828,25633.333,25716.666,HEURISTIC_TCP_BATCH,tcp,37330714997784,False
37295630048394,echo_mediaelement,heuristic_frame_aware,770,P,0,7,1898,25666.667,25750.0,HEURISTIC_TCP_BATCH,tcp,37330715005884,False
37295630048394,echo_mediaelement,heuristic_frame_aware,771,P,0,7,4278,25700.0,25783.333,HEURISTIC_TCP_BATCH,tcp,37330715013984,False
37295630048394,echo_mediaelement,heuristic_frame_aware,772,P,0,7,1669,25733.333,25816.666,HEURISTIC_TCP_BATCH,tcp,37330715021994,False
37295630048394,echo_mediaelement,heuristic_frame_aware,773,P,0,7,4614,25766.667,25850.0,HEURISTIC_TCP_BATCH,tcp,37330715030094,False
37295630048394,echo_mediaelement,heuristic_frame_aware,774,P,0,7,2116,25800.0,25883.333,HEURISTIC_TCP_BATCH,tcp,37330715038104,False
37295630048394,echo_mediaelement,heuristic_frame_aware,775,P,0,7,4112,25833.333,25916.666,HEURISTIC_TCP_BATCH,tcp,37332346476384,False
37295630048394,echo_mediaelement,heuristic_frame_aware,776,P,0,7,2678,25866.667,25950.0,HEURISTIC_TCP_BATCH,tcp,37332346507974,False
37295630048394,echo_mediaelement,heuristic_frame_aware,777,P,0,7,3685,25900.0,25983.333,HEURISTIC_TCP_BATCH,tcp,37332346525524,False
37295630048394,echo_mediaelement,heuristic_frame_aware,778,P,0,7,3104,25933.333,26016.666,HEURISTIC_TCP_BATCH,tcp,37332346541634,False
37295630048394,echo_mediaelement,heuristic_frame_aware,779,P,0,7,2587,25966.667,26050.0,HEURISTIC_TCP_BATCH,tcp,37332346557384,False
37295630048394,echo_mediaelement,heuristic_frame_aware,780,P,0,7,4362,26000.0,26083.333,HEURISTIC_TCP_BATCH,tcp,37332346572864,False
37295630048394,echo_mediaelement,heuristic_frame_aware,781,P,0,7,2609,26033.333,26116.666,HEURISTIC_TCP_BATCH,tcp,37332346588704,False
37295630048394,echo_mediaelement,heuristic_frame_aware,782,P,0,7,3527,26066.667,26150.0,HEURISTIC_TCP_BATCH,tcp,37332346604454,False
37295630048394,echo_mediaelement,heuristic_frame_aware,783,P,0,7,2983,26100.0,26183.333,HEURISTIC_TCP_BATCH,tcp,37332346619934,False
37295630048394,echo_mediaelement,heuristic_frame_aware,784,P,0,7,4004,26133.333,26216.666,HEURISTIC_TCP_BATCH,tcp,37332346635504,False
37295630048394,echo_mediaelement,heuristic_frame_aware,785,P,0,7,2897,26166.667,26250.0,HEURISTIC_TCP_BATCH,tcp,37332346650984,False
37295630048394,echo_mediaelement,heuristic_frame_aware,786,P,0,7,2965,26200.0,26283.333,HEURISTIC_TCP_BATCH,tcp,37332346668804,False
37295630048394,echo_mediaelement,heuristic_frame_aware,787,P,0,7,4650,26233.333,26316.666,HEURISTIC_TCP_BATCH,tcp,37332346712814,False
37295630048394,echo_mediaelement,heuristic_frame_aware,788,P,0,7,2805,26266.667,26350.0,HEURISTIC_TCP_BATCH,tcp,37332346733964,False
37295630048394,echo_mediaelement,heuristic_frame_aware,789,P,0,7,5126,26300.0,26383.333,HEURISTIC_TCP_BATCH,tcp,37332346750704,False
37295630048394,echo_mediaelement,heuristic_frame_aware,790,P,0,7,3197,26333.333,26416.666,HEURISTIC_TCP_BATCH,tcp,37332346766544,False
37295630048394,echo_mediaelement,heuristic_frame_aware,791,P,0,7,2798,26366.667,26450.0,HEURISTIC_TCP_BATCH,tcp,37332346782114,False
37295630048394,echo_mediaelement,heuristic_frame_aware,792,P,0,7,5848,26400.0,26483.333,HEURISTIC_TCP_BATCH,tcp,37332346797774,False
37295630048394,echo_mediaelement,heuristic_frame_aware,793,P,0,7,3727,26433.333,26516.666,HEURISTIC_TCP_BATCH,tcp,37332346813254,False
37295630048394,echo_mediaelement,heuristic_frame_aware,794,P,0,7,1967,26466.667,26550.0,HEURISTIC_TCP_BATCH,tcp,37332346830984,False
37295630048394,echo_mediaelement,heuristic_frame_aware,795,P,0,7,3712,26500.0,26583.333,HEURISTIC_TCP_BATCH,tcp,37332346846284,False
37295630048394,echo_mediaelement,heuristic_frame_aware,796,P,0,7,2040,26533.333,26616.666,HEURISTIC_TCP_BATCH,tcp,37333822779774,False
37295630048394,echo_mediaelement,heuristic_frame_aware,797,P,0,7,3957,26566.667,26650.0,HEURISTIC_TCP_BATCH,tcp,37333822797234,False
37295630048394,echo_mediaelement,heuristic_frame_aware,798,P,0,7,2745,26600.0,26683.333,HEURISTIC_TCP_BATCH,tcp,37333822808124,False
37295630048394,echo_mediaelement,heuristic_frame_aware,799,P,0,7,3934,26633.333,26716.666,HEURISTIC_TCP_BATCH,tcp,37333822817034,False
37295630048394,echo_mediaelement,heuristic_frame_aware,800,P,0,7,2099,26666.667,26750.0,HEURISTIC_TCP_BATCH,tcp,37333822827294,False
37295630048394,echo_mediaelement,heuristic_frame_aware,801,P,0,7,3772,26700.0,26783.333,HEURISTIC_TCP_BATCH,tcp,37333822835844,False
37295630048394,echo_mediaelement,heuristic_frame_aware,802,P,0,7,1834,26733.333,26816.666,HEURISTIC_TCP_BATCH,tcp,37333822844304,False
37295630048394,echo_mediaelement,heuristic_frame_aware,803,P,0,7,4866,26766.667,26850.0,HEURISTIC_TCP_BATCH,tcp,37333822852764,False
37295630048394,echo_mediaelement,heuristic_frame_aware,804,P,0,7,2925,26800.0,26883.333,HEURISTIC_TCP_BATCH,tcp,37333822861134,False
37295630048394,echo_mediaelement,heuristic_frame_aware,805,P,0,7,4618,26833.333,26916.666,HEURISTIC_TCP_BATCH,tcp,37333822874634,False
37295630048394,echo_mediaelement,heuristic_frame_aware,806,P,0,7,2627,26866.667,26950.0,HEURISTIC_TCP_BATCH,tcp,37333822882914,False
37295630048394,echo_mediaelement,heuristic_frame_aware,807,P,0,7,3700,26900.0,26983.333,HEURISTIC_TCP_BATCH,tcp,37333822890744,False
37295630048394,echo_mediaelement,heuristic_frame_aware,808,P,0,7,2176,26933.333,27016.666,HEURISTIC_TCP_BATCH,tcp,37333822898934,False
37295630048394,echo_mediaelement,heuristic_frame_aware,809,P,0,7,3096,26966.667,27050.0,HEURISTIC_TCP_BATCH,tcp,37333822906764,False
37295630048394,echo_mediaelement,heuristic_frame_aware,810,P,0,7,2456,27000.0,27083.333,HEURISTIC_TCP_BATCH,tcp,37333822914864,False
37295630048394,echo_mediaelement,heuristic_frame_aware,811,P,0,7,4420,27033.333,27116.666,HEURISTIC_TCP_BATCH,tcp,37333822923144,False
37295630048394,echo_mediaelement,heuristic_frame_aware,812,P,0,7,2068,27066.667,27150.0,HEURISTIC_TCP_BATCH,tcp,37333822931604,False
37295630048394,echo_mediaelement,heuristic_frame_aware,813,P,0,7,5729,27100.0,27183.333,HEURISTIC_TCP_BATCH,tcp,37333822939794,False
37295630048394,echo_mediaelement,heuristic_frame_aware,814,P,0,7,2922,27133.333,27216.666,HEURISTIC_TCP_BATCH,tcp,37333822948434,False
37295630048394,echo_mediaelement,heuristic_frame_aware,815,P,0,7,5735,27166.667,27250.0,HEURISTIC_TCP_BATCH,tcp,37333822958874,False
37295630048394,echo_mediaelement,heuristic_frame_aware,816,P,0,7,2233,27200.0,27283.333,HEURISTIC_TCP_BATCH,tcp,37333822967154,False
37295630048394,echo_mediaelement,heuristic_frame_aware,817,P,0,7,3977,27233.333,27316.666,HEURISTIC_TCP_BATCH,tcp,37333822975164,False
37295630048394,echo_mediaelement,heuristic_frame_aware,818,P,0,7,1522,27266.667,27350.0,HEURISTIC_TCP_BATCH,tcp,37333822983714,False
37295630048394,echo_mediaelement,heuristic_frame_aware,819,P,0,7,3476,27300.0,27383.333,HEURISTIC_TCP_BATCH,tcp,37335141769104,False
37295630048394,echo_mediaelement,heuristic_frame_aware,820,P,0,7,1290,27333.333,27416.666,HEURISTIC_TCP_BATCH,tcp,37335141785574,False
37295630048394,echo_mediaelement,heuristic_frame_aware,821,P,0,7,5109,27366.667,27450.0,HEURISTIC_TCP_BATCH,tcp,37335141795564,False
37295630048394,echo_mediaelement,heuristic_frame_aware,822,P,0,7,2181,27400.0,27483.333,HEURISTIC_TCP_BATCH,tcp,37335141806634,False
37295630048394,echo_mediaelement,heuristic_frame_aware,823,P,0,7,5795,27433.333,27516.666,HEURISTIC_TCP_BATCH,tcp,37335141815724,False
37295630048394,echo_mediaelement,heuristic_frame_aware,824,P,0,7,3593,27466.667,27550.0,HEURISTIC_TCP_BATCH,tcp,37335141828144,False
37295630048394,echo_mediaelement,heuristic_frame_aware,825,P,0,7,3730,27500.0,27583.333,HEURISTIC_TCP_BATCH,tcp,37335141836424,False
37295630048394,echo_mediaelement,heuristic_frame_aware,826,P,0,7,1655,27533.333,27616.666,HEURISTIC_TCP_BATCH,tcp,37335141844344,False
37295630048394,echo_mediaelement,heuristic_frame_aware,827,P,0,7,3119,27566.667,27650.0,HEURISTIC_TCP_BATCH,tcp,37335141852264,False
37295630048394,echo_mediaelement,heuristic_frame_aware,828,P,0,7,3247,27600.0,27683.333,HEURISTIC_TCP_BATCH,tcp,37335141860364,False
37295630048394,echo_mediaelement,heuristic_frame_aware,829,P,0,7,2839,27633.333,27716.666,HEURISTIC_TCP_BATCH,tcp,37335141868554,False
37295630048394,echo_mediaelement,heuristic_frame_aware,830,P,0,7,4131,27666.667,27750.0,HEURISTIC_TCP_BATCH,tcp,37335141876564,False
37295630048394,echo_mediaelement,heuristic_frame_aware,831,P,0,7,3148,27700.0,27783.333,HEURISTIC_TCP_BATCH,tcp,37335141884664,False
37295630048394,echo_mediaelement,heuristic_frame_aware,832,P,0,7,3323,27733.333,27816.666,HEURISTIC_TCP_BATCH,tcp,37335141892584,False
37295630048394,echo_mediaelement,heuristic_frame_aware,833,P,0,7,2634,27766.667,27850.0,HEURISTIC_TCP_BATCH,tcp,37335141900504,False
37295630048394,echo_mediaelement,heuristic_frame_aware,834,P,0,7,2323,27800.0,27883.333,HEURISTIC_TCP_BATCH,tcp,37335141908424,False
37295630048394,echo_mediaelement,heuristic_frame_aware,835,P,0,7,4323,27833.333,27916.666,HEURISTIC_TCP_BATCH,tcp,37335141918954,False
37295630048394,echo_mediaelement,heuristic_frame_aware,836,P,0,7,2008,27866.667,27950.0,HEURISTIC_TCP_BATCH,tcp,37335141926964,False
37295630048394,echo_mediaelement,heuristic_frame_aware,837,P,0,7,3774,27900.0,27983.333,HEURISTIC_TCP_BATCH,tcp,37335141935424,False
37295630048394,echo_mediaelement,heuristic_frame_aware,838,P,0,7,1551,27933.333,28016.666,HEURISTIC_TCP_BATCH,tcp,37335141943344,False
37295630048394,echo_mediaelement,heuristic_frame_aware,839,P,0,7,3601,27966.667,28050.0,HEURISTIC_TCP_BATCH,tcp,37335141951174,False
37295630048394,echo_mediaelement,heuristic_frame_aware,840,P,0,7,4082,28000.0,28083.333,HEURISTIC_TCP_BATCH,tcp,37335141959544,False
37295630048394,echo_mediaelement,heuristic_frame_aware,841,P,0,7,2647,28033.333,28116.666,HEURISTIC_TCP_BATCH,tcp,37335141967824,False
37295630048394,echo_mediaelement,heuristic_frame_aware,842,P,0,7,3934,28066.667,28150.0,HEURISTIC_TCP_BATCH,tcp,37336468118814,False
37295630048394,echo_mediaelement,heuristic_frame_aware,843,P,0,7,3221,28100.0,28183.333,HEURISTIC_TCP_BATCH,tcp,37336468149684,False
37295630048394,echo_mediaelement,heuristic_frame_aware,844,P,0,7,2925,28133.333,28216.666,HEURISTIC_TCP_BATCH,tcp,37336468165794,False
37295630048394,echo_mediaelement,heuristic_frame_aware,845,P,0,7,4445,28166.667,28250.0,HEURISTIC_TCP_BATCH,tcp,37336468186044,False
37295630048394,echo_mediaelement,heuristic_frame_aware,846,P,0,7,3403,28200.0,28283.333,HEURISTIC_TCP_BATCH,tcp,37336468201074,False
37295630048394,echo_mediaelement,heuristic_frame_aware,847,P,0,7,3457,28233.333,28316.666,HEURISTIC_TCP_BATCH,tcp,37336468215384,False
37295630048394,echo_mediaelement,heuristic_frame_aware,848,P,0,7,2058,28266.667,28350.0,HEURISTIC_TCP_BATCH,tcp,37336468229964,False
37295630048394,echo_mediaelement,heuristic_frame_aware,849,P,0,7,4478,28300.0,28383.333,HEURISTIC_TCP_BATCH,tcp,37336468244364,False
37295630048394,echo_mediaelement,heuristic_frame_aware,850,P,0,7,3511,28333.333,28416.666,HEURISTIC_TCP_BATCH,tcp,37336468258944,False
37295630048394,echo_mediaelement,heuristic_frame_aware,851,P,0,7,4882,28366.667,28450.0,HEURISTIC_TCP_BATCH,tcp,37336468273884,False
37295630048394,echo_mediaelement,heuristic_frame_aware,852,P,0,7,3348,28400.0,28483.333,HEURISTIC_TCP_BATCH,tcp,37336468289274,False
37295630048394,echo_mediaelement,heuristic_frame_aware,853,P,0,7,3438,28433.333,28516.666,HEURISTIC_TCP_BATCH,tcp,37336468304664,False
37295630048394,echo_mediaelement,heuristic_frame_aware,854,P,0,7,3312,28466.667,28550.0,HEURISTIC_TCP_BATCH,tcp,37336468323114,False
37295630048394,echo_mediaelement,heuristic_frame_aware,855,P,0,7,2904,28500.0,28583.333,HEURISTIC_TCP_BATCH,tcp,37336468338234,False
37295630048394,echo_mediaelement,heuristic_frame_aware,856,P,0,7,3326,28533.333,28616.666,HEURISTIC_TCP_BATCH,tcp,37336468353354,False
37295630048394,echo_mediaelement,heuristic_frame_aware,857,P,0,7,3582,28566.667,28650.0,HEURISTIC_TCP_BATCH,tcp,37336468368294,False
37295630048394,echo_mediaelement,heuristic_frame_aware,858,I,1,8,9288,28600.0,28683.333,HEURISTIC_TCP_BATCH,tcp,37336468384404,False
37295630048394,echo_mediaelement,heuristic_frame_aware,859,P,0,8,6375,28633.333,28716.666,HEURISTIC_TCP_BATCH,tcp,37336468400424,False
37295630048394,echo_mediaelement,heuristic_frame_aware,860,P,0,8,3193,28666.667,28750.0,HEURISTIC_TCP_BATCH,tcp,37337371811784,False
37295630048394,echo_mediaelement,heuristic_frame_aware,861,P,0,8,5971,28700.0,28783.333,HEURISTIC_TCP_BATCH,tcp,37337371834644,False
37295630048394,echo_mediaelement,heuristic_frame_aware,862,P,0,8,4137,28733.333,28816.666,HEURISTIC_TCP_BATCH,tcp,37337371845354,False
37295630048394,echo_mediaelement,heuristic_frame_aware,863,P,0,8,4195,28766.667,28850.0,HEURISTIC_TCP_BATCH,tcp,37337371856334,False
37295630048394,echo_mediaelement,heuristic_frame_aware,864,P,0,8,2000,28800.0,28883.333,HEURISTIC_TCP_BATCH,tcp,37337371865424,False
37295630048394,echo_mediaelement,heuristic_frame_aware,865,P,0,8,3151,28833.333,28916.666,HEURISTIC_TCP_BATCH,tcp,37337371873974,False
37295630048394,echo_mediaelement,heuristic_frame_aware,866,P,0,8,3206,28866.667,28950.0,HEURISTIC_TCP_BATCH,tcp,37337371882434,False
37295630048394,echo_mediaelement,heuristic_frame_aware,867,P,0,8,3022,28900.0,28983.333,HEURISTIC_TCP_BATCH,tcp,37337371890624,False
37295630048394,echo_mediaelement,heuristic_frame_aware,868,P,0,8,4194,28933.333,29016.666,HEURISTIC_TCP_BATCH,tcp,37337371898724,False
37295630048394,echo_mediaelement,heuristic_frame_aware,869,P,0,8,4445,28966.667,29050.0,HEURISTIC_TCP_BATCH,tcp,37337371906914,False
37295630048394,echo_mediaelement,heuristic_frame_aware,870,P,0,8,2361,29000.0,29083.333,HEURISTIC_TCP_BATCH,tcp,37337371918254,False
37295630048394,echo_mediaelement,heuristic_frame_aware,871,P,0,8,4471,29033.333,29116.666,HEURISTIC_TCP_BATCH,tcp,37337371926444,False
37295630048394,echo_mediaelement,heuristic_frame_aware,872,P,0,8,2722,29066.667,29150.0,HEURISTIC_TCP_BATCH,tcp,37337371934544,False
37295630048394,echo_mediaelement,heuristic_frame_aware,873,P,0,8,3379,29100.0,29183.333,HEURISTIC_TCP_BATCH,tcp,37337371942734,False
37295630048394,echo_mediaelement,heuristic_frame_aware,874,P,0,8,2988,29133.333,29216.666,HEURISTIC_TCP_BATCH,tcp,37337371950834,False
37295630048394,echo_mediaelement,heuristic_frame_aware,875,P,0,8,5391,29166.667,29250.0,HEURISTIC_TCP_BATCH,tcp,37337371958934,False
37295630048394,echo_mediaelement,heuristic_frame_aware,876,P,0,8,2489,29200.0,29283.333,HEURISTIC_TCP_BATCH,tcp,37337371995924,False
37295630048394,echo_mediaelement,heuristic_frame_aware,877,P,0,8,4447,29233.333,29316.666,HEURISTIC_TCP_BATCH,tcp,37337372024364,False
37295630048394,echo_mediaelement,heuristic_frame_aware,878,P,0,8,2538,29266.667,29350.0,HEURISTIC_TCP_BATCH,tcp,37337372034984,False
37295630048394,echo_mediaelement,heuristic_frame_aware,879,P,0,8,3883,29300.0,29383.333,HEURISTIC_TCP_BATCH,tcp,37337372046414,False
37295630048394,echo_mediaelement,heuristic_frame_aware,880,P,0,8,3069,29333.333,29416.666,HEURISTIC_TCP_BATCH,tcp,37337372055054,False
37295630048394,echo_mediaelement,heuristic_frame_aware,881,P,0,8,3898,29366.667,29450.0,HEURISTIC_TCP_BATCH,tcp,37337972996484,False
37295630048394,echo_mediaelement,heuristic_frame_aware,882,P,0,8,2432,29400.0,29483.333,HEURISTIC_TCP_BATCH,tcp,37337973022494,False
37295630048394,echo_mediaelement,heuristic_frame_aware,883,P,0,8,3511,29433.333,29516.666,HEURISTIC_TCP_BATCH,tcp,37337973039414,False
37295630048394,echo_mediaelement,heuristic_frame_aware,884,P,0,8,2687,29466.667,29550.0,HEURISTIC_TCP_BATCH,tcp,37337973055254,False
37295630048394,echo_mediaelement,heuristic_frame_aware,885,P,0,8,3543,29500.0,29583.333,HEURISTIC_TCP_BATCH,tcp,37337973070824,False
37295630048394,echo_mediaelement,heuristic_frame_aware,886,P,0,8,1981,29533.333,29616.666,HEURISTIC_TCP_BATCH,tcp,37337973085764,False
37295630048394,echo_mediaelement,heuristic_frame_aware,887,P,0,8,3769,29566.667,29650.0,HEURISTIC_TCP_BATCH,tcp,37337973099894,False
37295630048394,echo_mediaelement,heuristic_frame_aware,888,P,0,8,2817,29600.0,29683.333,HEURISTIC_TCP_BATCH,tcp,37337973116634,False
37295630048394,echo_mediaelement,heuristic_frame_aware,889,P,0,8,4610,29633.333,29716.666,HEURISTIC_TCP_BATCH,tcp,37337973131664,False
37295630048394,echo_mediaelement,heuristic_frame_aware,890,P,0,8,2497,29666.667,29750.0,HEURISTIC_TCP_BATCH,tcp,37337973149664,False
37295630048394,echo_mediaelement,heuristic_frame_aware,891,P,0,8,5270,29700.0,29783.333,HEURISTIC_TCP_BATCH,tcp,37337973164064,False
37295630048394,echo_mediaelement,heuristic_frame_aware,892,P,0,8,3008,29733.333,29816.666,HEURISTIC_TCP_BATCH,tcp,37337973178824,False
37295630048394,echo_mediaelement,heuristic_frame_aware,893,P,0,8,3613,29766.667,29850.0,HEURISTIC_TCP_BATCH,tcp,37337973193584,False
37295630048394,echo_mediaelement,heuristic_frame_aware,894,P,0,8,3214,29800.0,29883.333,HEURISTIC_TCP_BATCH,tcp,37337973208434,False
37295630048394,echo_mediaelement,heuristic_frame_aware,895,P,0,8,3163,29833.333,29916.666,HEURISTIC_TCP_BATCH,tcp,37337973222924,False
37295630048394,echo_mediaelement,heuristic_frame_aware,896,P,0,8,2554,29866.667,29950.0,HEURISTIC_TCP_BATCH,tcp,37337973238044,False
37295630048394,echo_mediaelement,heuristic_frame_aware,897,P,0,8,4173,29900.0,29983.333,HEURISTIC_TCP_BATCH,tcp,37337973252804,False
37295630048394,echo_mediaelement,heuristic_frame_aware,898,P,0,8,2160,29933.333,30016.666,HEURISTIC_TCP_BATCH,tcp,37337973267654,False
37295630048394,echo_mediaelement,heuristic_frame_aware,899,P,0,8,3986,29966.667,30050.0,HEURISTIC_TCP_BATCH,tcp,37337973284484,False
37295630048394,echo_mediaelement,heuristic_frame_aware,900,P,0,8,2442,30000.0,30083.333,HEURISTIC_TCP_BATCH,tcp,37337973298794,False
37295630048394,echo_mediaelement,heuristic_frame_aware,901,P,0,8,5239,30033.333,30116.666,HEURISTIC_TCP_BATCH,tcp,37337973313554,False
37295630048394,echo_mediaelement,heuristic_frame_aware,902,P,0,8,3321,30066.667,30150.0,HEURISTIC_TCP_BATCH,tcp,37337973327954,False
37295630048394,echo_mediaelement,heuristic_frame_aware,903,P,0,8,1591,30100.0,30183.333,HEURISTIC_TCP_BATCH,tcp,37337973360264,False
37295630048394,echo_mediaelement,heuristic_frame_aware,904,P,0,8,4121,30133.333,30216.666,HEURISTIC_TCP_BATCH,tcp,37337973380154,False
37295630048394,echo_mediaelement,heuristic_frame_aware,905,P,0,8,2618,30166.667,30250.0,HEURISTIC_TCP_BATCH,tcp,37337973396354,False
37295630048394,echo_mediaelement,heuristic_frame_aware,906,P,0,8,4499,30200.0,30283.333,HEURISTIC_TCP_BATCH,tcp,37337973411204,False
37295630048394,echo_mediaelement,heuristic_frame_aware,907,P,0,8,2522,30233.333,30316.666,HEURISTIC_TCP_BATCH,tcp,37338687549324,False
37295630048394,echo_mediaelement,heuristic_frame_aware,908,P,0,8,2752,30266.667,30350.0,HEURISTIC_TCP_BATCH,tcp,37338687566424,False
37295630048394,echo_mediaelement,heuristic_frame_aware,909,P,0,8,3937,30300.0,30383.333,HEURISTIC_TCP_BATCH,tcp,37338687580464,False
37295630048394,echo_mediaelement,heuristic_frame_aware,910,P,0,8,1439,30333.333,30416.666,HEURISTIC_TCP_BATCH,tcp,37338687589194,False
37295630048394,echo_mediaelement,heuristic_frame_aware,911,P,0,8,3650,30366.667,30450.0,HEURISTIC_TCP_BATCH,tcp,37338687597474,False
37295630048394,echo_mediaelement,heuristic_frame_aware,912,P,0,8,2295,30400.0,30483.333,HEURISTIC_TCP_BATCH,tcp,37338687605664,False
37295630048394,echo_mediaelement,heuristic_frame_aware,913,P,0,8,4925,30433.333,30516.666,HEURISTIC_TCP_BATCH,tcp,37338687613674,False
37295630048394,echo_mediaelement,heuristic_frame_aware,914,P,0,8,2367,30466.667,30550.0,HEURISTIC_TCP_BATCH,tcp,37338687621774,False
37295630048394,echo_mediaelement,heuristic_frame_aware,915,P,0,8,4230,30500.0,30583.333,HEURISTIC_TCP_BATCH,tcp,37338687631224,False
37295630048394,echo_mediaelement,heuristic_frame_aware,916,P,0,8,3372,30533.333,30616.666,HEURISTIC_TCP_BATCH,tcp,37338687639324,False
37295630048394,echo_mediaelement,heuristic_frame_aware,917,P,0,8,2512,30566.667,30650.0,HEURISTIC_TCP_BATCH,tcp,37338687647244,False
37295630048394,echo_mediaelement,heuristic_frame_aware,918,P,0,8,4164,30600.0,30683.333,HEURISTIC_TCP_BATCH,tcp,37338687655074,False
37295630048394,echo_mediaelement,heuristic_frame_aware,919,P,0,8,2401,30633.333,30716.666,HEURISTIC_TCP_BATCH,tcp,37338687665154,False
37295630048394,echo_mediaelement,heuristic_frame_aware,920,P,0,8,3367,30666.667,30750.0,HEURISTIC_TCP_BATCH,tcp,37338687673344,False
37295630048394,echo_mediaelement,heuristic_frame_aware,921,P,0,8,3919,30700.0,30783.333,HEURISTIC_TCP_BATCH,tcp,37338687681264,False
37295630048394,echo_mediaelement,heuristic_frame_aware,922,P,0,8,3008,30733.333,30816.666,HEURISTIC_TCP_BATCH,tcp,37338687689094,False
37295630048394,echo_mediaelement,heuristic_frame_aware,923,P,0,8,4627,30766.667,30850.0,HEURISTIC_TCP_BATCH,tcp,37338687697104,False
37295630048394,echo_mediaelement,heuristic_frame_aware,924,P,0,8,1297,30800.0,30883.333,HEURISTIC_TCP_BATCH,tcp,37338687704934,False
37295630048394,echo_mediaelement,heuristic_frame_aware,925,P,0,8,1111,30833.333,30916.666,HEURISTIC_TCP_BATCH,tcp,37338687712584,False
37295630048394,echo_mediaelement,heuristic_frame_aware,926,P,0,8,1378,30866.667,30950.0,HEURISTIC_TCP_BATCH,tcp,37338687720594,False
37295630048394,echo_mediaelement,heuristic_frame_aware,927,P,0,8,2611,30900.0,30983.333,HEURISTIC_TCP_BATCH,tcp,37338687728334,False
37295630048394,echo_mediaelement,heuristic_frame_aware,928,P,0,8,4850,30933.333,31016.666,HEURISTIC_TCP_BATCH,tcp,37338687736434,False
37295630048394,echo_mediaelement,heuristic_frame_aware,929,P,0,8,4382,30966.667,31050.0,HEURISTIC_TCP_BATCH,tcp,37338687744534,False
37295630048394,echo_mediaelement,heuristic_frame_aware,930,P,0,8,1110,31000.0,31083.333,HEURISTIC_TCP_BATCH,tcp,37338687754164,False
37295630048394,echo_mediaelement,heuristic_frame_aware,931,P,0,8,5109,31033.333,31116.666,HEURISTIC_TCP_BATCH,tcp,37338687766854,False
37295630048394,echo_mediaelement,heuristic_frame_aware,932,P,0,8,1411,31066.667,31150.0,HEURISTIC_TCP_BATCH,tcp,37338687780084,False
37295630048394,echo_mediaelement,heuristic_frame_aware,933,P,0,8,4302,31100.0,31183.333,HEURISTIC_TCP_BATCH,tcp,37338687793944,False
37295630048394,echo_mediaelement,heuristic_frame_aware,934,P,0,8,1633,31133.333,31216.666,HEURISTIC_TCP_BATCH,tcp,37338687803574,False
37295630048394,echo_mediaelement,heuristic_frame_aware,935,P,0,8,4534,31166.667,31250.0,HEURISTIC_TCP_BATCH,tcp,37338687811404,False
37295630048394,echo_mediaelement,heuristic_frame_aware,936,P,0,8,1893,31200.0,31283.333,HEURISTIC_TCP_BATCH,tcp,37339620289614,False
37295630048394,echo_mediaelement,heuristic_frame_aware,937,P,0,8,3420,31233.333,31316.666,HEURISTIC_TCP_BATCH,tcp,37339620307254,False
37295630048394,echo_mediaelement,heuristic_frame_aware,938,P,0,8,1671,31266.667,31350.0,HEURISTIC_TCP_BATCH,tcp,37339620317424,False
37295630048394,echo_mediaelement,heuristic_frame_aware,939,P,0,8,4817,31300.0,31383.333,HEURISTIC_TCP_BATCH,tcp,37339620328134,False
37295630048394,echo_mediaelement,heuristic_frame_aware,940,P,0,8,1410,31333.333,31416.666,HEURISTIC_TCP_BATCH,tcp,37339620336954,False
37295630048394,echo_mediaelement,heuristic_frame_aware,941,P,0,8,4717,31366.667,31450.0,HEURISTIC_TCP_BATCH,tcp,37339620349734,False
37295630048394,echo_mediaelement,heuristic_frame_aware,942,P,0,8,1891,31400.0,31483.333,HEURISTIC_TCP_BATCH,tcp,37339620358104,False
37295630048394,echo_mediaelement,heuristic_frame_aware,943,P,0,8,5577,31433.333,31516.666,HEURISTIC_TCP_BATCH,tcp,37339620366204,False
37295630048394,echo_mediaelement,heuristic_frame_aware,944,P,0,8,1474,31466.667,31550.0,HEURISTIC_TCP_BATCH,tcp,37339620374574,False
37295630048394,echo_mediaelement,heuristic_frame_aware,945,P,0,8,5368,31500.0,31583.333,HEURISTIC_TCP_BATCH,tcp,37339620382584,False
37295630048394,echo_mediaelement,heuristic_frame_aware,946,P,0,8,2192,31533.333,31616.666,HEURISTIC_TCP_BATCH,tcp,37339620390684,False
37295630048394,echo_mediaelement,heuristic_frame_aware,947,P,0,8,4728,31566.667,31650.0,HEURISTIC_TCP_BATCH,tcp,37339620398604,False
37295630048394,echo_mediaelement,heuristic_frame_aware,948,P,0,8,2302,31600.0,31683.333,HEURISTIC_TCP_BATCH,tcp,37339620406614,False
37295630048394,echo_mediaelement,heuristic_frame_aware,949,P,0,8,4994,31633.333,31716.666,HEURISTIC_TCP_BATCH,tcp,37339620414624,False
37295630048394,echo_mediaelement,heuristic_frame_aware,950,P,0,8,2803,31666.667,31750.0,HEURISTIC_TCP_BATCH,tcp,37339620424884,False
37295630048394,echo_mediaelement,heuristic_frame_aware,951,P,0,8,5097,31700.0,31783.333,HEURISTIC_TCP_BATCH,tcp,37339620432984,False
37295630048394,echo_mediaelement,heuristic_frame_aware,952,P,0,8,2421,31733.333,31816.666,HEURISTIC_TCP_BATCH,tcp,37339620440904,False
37295630048394,echo_mediaelement,heuristic_frame_aware,953,P,0,8,4092,31766.667,31850.0,HEURISTIC_TCP_BATCH,tcp,37339620448734,False
37295630048394,echo_mediaelement,heuristic_frame_aware,954,P,0,8,978,31800.0,31883.333,HEURISTIC_TCP_BATCH,tcp,37339620456744,False
37295630048394,echo_mediaelement,heuristic_frame_aware,955,P,0,8,2188,31833.333,31916.666,HEURISTIC_TCP_BATCH,tcp,37339620465294,False
37295630048394,echo_mediaelement,heuristic_frame_aware,956,P,0,8,3227,31866.667,31950.0,HEURISTIC_TCP_BATCH,tcp,37339620473124,False
37295630048394,echo_mediaelement,heuristic_frame_aware,957,P,0,8,1879,31900.0,31983.333,HEURISTIC_TCP_BATCH,tcp,37339620480774,False
37295630048394,echo_mediaelement,heuristic_frame_aware,958,P,0,8,5509,31933.333,32016.666,HEURISTIC_TCP_BATCH,tcp,37339620488964,False
37295630048394,echo_mediaelement,heuristic_frame_aware,959,P,0,8,3238,31966.667,32050.0,HEURISTIC_TCP_BATCH,tcp,37341167964624,False
37295630048394,echo_mediaelement,heuristic_frame_aware,960,P,0,8,2252,32000.0,32083.333,HEURISTIC_TCP_BATCH,tcp,37341167982624,False
37295630048394,echo_mediaelement,heuristic_frame_aware,961,P,0,8,3869,32033.333,32116.666,HEURISTIC_TCP_BATCH,tcp,37341168068304,False
37295630048394,echo_mediaelement,heuristic_frame_aware,962,P,0,8,3032,32066.667,32150.0,HEURISTIC_TCP_BATCH,tcp,37341168084954,False
37295630048394,echo_mediaelement,heuristic_frame_aware,963,P,0,8,3659,32100.0,32183.333,HEURISTIC_TCP_BATCH,tcp,37341168095394,False
37295630048394,echo_mediaelement,heuristic_frame_aware,964,P,0,8,2658,32133.333,32216.666,HEURISTIC_TCP_BATCH,tcp,37341168104304,False
37295630048394,echo_mediaelement,heuristic_frame_aware,965,P,0,8,5454,32166.667,32250.0,HEURISTIC_TCP_BATCH,tcp,37341168112674,False
37295630048394,echo_mediaelement,heuristic_frame_aware,966,P,0,8,3826,32200.0,32283.333,HEURISTIC_TCP_BATCH,tcp,37341168121134,False
37295630048394,echo_mediaelement,heuristic_frame_aware,967,P,0,8,2915,32233.333,32316.666,HEURISTIC_TCP_BATCH,tcp,37341168129054,False
37295630048394,echo_mediaelement,heuristic_frame_aware,968,P,0,8,3353,32266.667,32350.0,HEURISTIC_TCP_BATCH,tcp,37341168137424,False
37295630048394,echo_mediaelement,heuristic_frame_aware,969,P,0,8,1696,32300.0,32383.333,HEURISTIC_TCP_BATCH,tcp,37341168145254,False
37295630048394,echo_mediaelement,heuristic_frame_aware,970,P,0,8,3322,32333.333,32416.666,HEURISTIC_TCP_BATCH,tcp,37341168155424,False
37295630048394,echo_mediaelement,heuristic_frame_aware,971,P,0,8,2105,32366.667,32450.0,HEURISTIC_TCP_BATCH,tcp,37341168163254,False
37295630048394,echo_mediaelement,heuristic_frame_aware,972,P,0,8,3365,32400.0,32483.333,HEURISTIC_TCP_BATCH,tcp,37341168171264,False
37295630048394,echo_mediaelement,heuristic_frame_aware,973,P,0,8,1964,32433.333,32516.666,HEURISTIC_TCP_BATCH,tcp,37341168179364,False
37295630048394,echo_mediaelement,heuristic_frame_aware,974,P,0,8,3496,32466.667,32550.0,HEURISTIC_TCP_BATCH,tcp,37341168187374,False
37295630048394,echo_mediaelement,heuristic_frame_aware,975,P,0,8,2377,32500.0,32583.333,HEURISTIC_TCP_BATCH,tcp,37341168195204,False
37295630048394,echo_mediaelement,heuristic_frame_aware,976,P,0,8,4481,32533.333,32616.666,HEURISTIC_TCP_BATCH,tcp,37341168203214,False
37295630048394,echo_mediaelement,heuristic_frame_aware,977,P,0,8,2353,32566.667,32650.0,HEURISTIC_TCP_BATCH,tcp,37341168211044,False
37295630048394,echo_mediaelement,heuristic_frame_aware,978,I,1,9,5605,32600.0,32683.333,HEURISTIC_TCP_BATCH,tcp,37341168219414,False
37295630048394,echo_mediaelement,heuristic_frame_aware,979,P,0,9,2948,32633.333,32716.666,HEURISTIC_TCP_BATCH,tcp,37341168227334,False
37295630048394,echo_mediaelement,heuristic_frame_aware,980,P,0,9,6913,32666.667,32750.0,HEURISTIC_TCP_BATCH,tcp,37341168235524,False
37295630048394,echo_mediaelement,heuristic_frame_aware,981,P,0,9,4924,32700.0,32783.333,HEURISTIC_TCP_BATCH,tcp,37343101112604,False
37295630048394,echo_mediaelement,heuristic_frame_aware,982,P,0,9,2486,32733.333,32816.666,HEURISTIC_TCP_BATCH,tcp,37343101130694,False
37295630048394,echo_mediaelement,heuristic_frame_aware,983,P,0,9,5056,32766.667,32850.0,HEURISTIC_TCP_BATCH,tcp,37343101142394,False
37295630048394,echo_mediaelement,heuristic_frame_aware,984,P,0,9,2266,32800.0,32883.333,HEURISTIC_TCP_BATCH,tcp,37343101151844,False
37295630048394,echo_mediaelement,heuristic_frame_aware,985,P,0,9,3924,32833.333,32916.666,HEURISTIC_TCP_BATCH,tcp,37343101160484,False
37295630048394,echo_mediaelement,heuristic_frame_aware,986,P,0,9,1909,32866.667,32950.0,HEURISTIC_TCP_BATCH,tcp,37343101169034,False
37295630048394,echo_mediaelement,heuristic_frame_aware,987,P,0,9,4537,32900.0,32983.333,HEURISTIC_TCP_BATCH,tcp,37343101177314,False
37295630048394,echo_mediaelement,heuristic_frame_aware,988,P,0,9,1765,32933.333,33016.666,HEURISTIC_TCP_BATCH,tcp,37343101185504,False
37295630048394,echo_mediaelement,heuristic_frame_aware,989,P,0,9,3712,32966.667,33050.0,HEURISTIC_TCP_BATCH,tcp,37343101198104,False
37295630048394,echo_mediaelement,heuristic_frame_aware,990,P,0,9,2541,33000.0,33083.333,HEURISTIC_TCP_BATCH,tcp,37343101206384,False
37295630048394,echo_mediaelement,heuristic_frame_aware,991,P,0,9,5182,33033.333,33116.666,HEURISTIC_TCP_BATCH,tcp,37343101214394,False
37295630048394,echo_mediaelement,heuristic_frame_aware,992,P,0,9,1844,33066.667,33150.0,HEURISTIC_TCP_BATCH,tcp,37343101222944,False
37295630048394,echo_mediaelement,heuristic_frame_aware,993,P,0,9,3977,33100.0,33183.333,HEURISTIC_TCP_BATCH,tcp,37343101231224,False
37295630048394,echo_mediaelement,heuristic_frame_aware,994,P,0,9,2076,33133.333,33216.666,HEURISTIC_TCP_BATCH,tcp,37343101239234,False
37295630048394,echo_mediaelement,heuristic_frame_aware,995,P,0,9,5511,33166.667,33250.0,HEURISTIC_TCP_BATCH,tcp,37343101247514,False
37295630048394,echo_mediaelement,heuristic_frame_aware,996,P,0,9,2012,33200.0,33283.333,HEURISTIC_TCP_BATCH,tcp,37343101260294,False
37295630048394,echo_mediaelement,heuristic_frame_aware,997,P,0,9,5927,33233.333,33316.666,HEURISTIC_TCP_BATCH,tcp,37343101274334,False
37295630048394,echo_mediaelement,heuristic_frame_aware,998,P,0,9,2631,33266.667,33350.0,HEURISTIC_TCP_BATCH,tcp,37343101291254,False
37295630048394,echo_mediaelement,heuristic_frame_aware,999,P,0,9,5137,33300.0,33383.333,HEURISTIC_TCP_BATCH,tcp,37343101304934,False
37295630048394,echo_mediaelement,heuristic_frame_aware,1000,P,0,9,2999,33333.333,33416.666,HEURISTIC_TCP_BATCH,tcp,37343101319514,False
37295630048394,echo_mediaelement,heuristic_frame_aware,1001,P,0,9,5344,33366.667,33450.0,HEURISTIC_TCP_BATCH,tcp,37343101334994,False
37295630048394,echo_mediaelement,heuristic_frame_aware,1002,P,0,9,2426,33400.0,33483.333,HEURISTIC_TCP_BATCH,tcp,37344659846904,False
37295630048394,echo_mediaelement,heuristic_frame_aware,1003,P,0,9,5067,33433.333,33516.666,HEURISTIC_TCP_BATCH,tcp,37344659877414,False
37295630048394,echo_mediaelement,heuristic_frame_aware,1004,P,0,9,1250,33466.667,33550.0,HEURISTIC_TCP_BATCH,tcp,37344659900454,False
37295630048394,echo_mediaelement,heuristic_frame_aware,1005,P,0,9,3741,33500.0,33583.333,HEURISTIC_TCP_BATCH,tcp,37344659918454,False
37295630048394,echo_mediaelement,heuristic_frame_aware,1006,P,0,9,1821,33533.333,33616.666,HEURISTIC_TCP_BATCH,tcp,37344659935824,False
37295630048394,echo_mediaelement,heuristic_frame_aware,1007,P,0,9,2779,33566.667,33650.0,HEURISTIC_TCP_BATCH,tcp,37344659952924,False
37295630048394,echo_mediaelement,heuristic_frame_aware,1008,P,0,9,5156,33600.0,33683.333,HEURISTIC_TCP_BATCH,tcp,37344659982804,False
37295630048394,echo_mediaelement,heuristic_frame_aware,1009,P,0,9,2878,33633.333,33716.666,HEURISTIC_TCP_BATCH,tcp,37344660052194,False
37295630048394,echo_mediaelement,heuristic_frame_aware,1010,P,0,9,5693,33666.667,33750.0,HEURISTIC_TCP_BATCH,tcp,37344660077484,False
37295630048394,echo_mediaelement,heuristic_frame_aware,1011,P,0,9,3575,33700.0,33783.333,HEURISTIC_TCP_BATCH,tcp,37344660096924,False
37295630048394,echo_mediaelement,heuristic_frame_aware,1012,P,0,9,2088,33733.333,33816.666,HEURISTIC_TCP_BATCH,tcp,37344660113664,False
37295630048394,echo_mediaelement,heuristic_frame_aware,1013,P,0,9,5106,33766.667,33850.0,HEURISTIC_TCP_BATCH,tcp,37344660131124,False
37295630048394,echo_mediaelement,heuristic_frame_aware,1014,P,0,9,2446,33800.0,33883.333,HEURISTIC_TCP_BATCH,tcp,37344660148494,False
37295630048394,echo_mediaelement,heuristic_frame_aware,1015,P,0,9,6225,33833.333,33916.666,HEURISTIC_TCP_BATCH,tcp,37344660164604,False
37295630048394,echo_mediaelement,heuristic_frame_aware,1016,P,0,9,3105,33866.667,33950.0,HEURISTIC_TCP_BATCH,tcp,37344660184764,False
37295630048394,echo_mediaelement,heuristic_frame_aware,1017,P,0,9,4188,33900.0,33983.333,HEURISTIC_TCP_BATCH,tcp,37344660200784,False
37295630048394,echo_mediaelement,heuristic_frame_aware,1018,P,0,9,2592,33933.333,34016.666,HEURISTIC_TCP_BATCH,tcp,37344660216174,False
37295630048394,echo_mediaelement,heuristic_frame_aware,1019,P,0,9,6389,33966.667,34050.0,HEURISTIC_TCP_BATCH,tcp,37344660231654,False
37295630048394,echo_mediaelement,heuristic_frame_aware,1020,P,0,9,3043,34000.0,34083.333,HEURISTIC_TCP_BATCH,tcp,37344660247764,False
37295630048394,echo_mediaelement,heuristic_frame_aware,1021,P,0,9,4444,34033.333,34116.666,HEURISTIC_TCP_BATCH,tcp,37346118787674,False
37295630048394,echo_mediaelement,heuristic_frame_aware,1022,P,0,9,1872,34066.667,34150.0,HEURISTIC_TCP_BATCH,tcp,37346118816744,False
37295630048394,echo_mediaelement,heuristic_frame_aware,1023,P,0,9,4703,34100.0,34183.333,HEURISTIC_TCP_BATCH,tcp,37346118838434,False
37295630048394,echo_mediaelement,heuristic_frame_aware,1024,P,0,9,2438,34133.333,34216.666,HEURISTIC_TCP_BATCH,tcp,37346118856974,False
37295630048394,echo_mediaelement,heuristic_frame_aware,1025,P,0,9,4670,34166.667,34250.0,HEURISTIC_TCP_BATCH,tcp,37346118877674,False
37295630048394,echo_mediaelement,heuristic_frame_aware,1026,P,0,9,2920,34200.0,34283.333,HEURISTIC_TCP_BATCH,tcp,37346118893784,False
37295630048394,echo_mediaelement,heuristic_frame_aware,1027,P,0,9,3808,34233.333,34316.666,HEURISTIC_TCP_BATCH,tcp,37346118908004,False
37295630048394,echo_mediaelement,heuristic_frame_aware,1028,P,0,9,2695,34266.667,34350.0,HEURISTIC_TCP_BATCH,tcp,37346118923664,False
37295630048394,echo_mediaelement,heuristic_frame_aware,1029,P,0,9,4641,34300.0,34383.333,HEURISTIC_TCP_BATCH,tcp,37346118939864,False
37295630048394,echo_mediaelement,heuristic_frame_aware,1030,P,0,9,3267,34333.333,34416.666,HEURISTIC_TCP_BATCH,tcp,37346118956154,False
37295630048394,echo_mediaelement,heuristic_frame_aware,1031,P,0,9,3154,34366.667,34450.0,HEURISTIC_TCP_BATCH,tcp,37346118972084,False
37295630048394,echo_mediaelement,heuristic_frame_aware,1032,P,0,9,3040,34400.0,34483.333,HEURISTIC_TCP_BATCH,tcp,37346118987744,False
37295630048394,echo_mediaelement,heuristic_frame_aware,1033,P,0,9,3058,34433.333,34516.666,HEURISTIC_TCP_BATCH,tcp,37346119003314,False
37295630048394,echo_mediaelement,heuristic_frame_aware,1034,P,0,9,3725,34466.667,34550.0,HEURISTIC_TCP_BATCH,tcp,37346119020594,False
37295630048394,echo_mediaelement,heuristic_frame_aware,1035,P,0,9,2623,34500.0,34583.333,HEURISTIC_TCP_BATCH,tcp,37346119035174,False
37295630048394,echo_mediaelement,heuristic_frame_aware,1036,P,0,9,3456,34533.333,34616.666,HEURISTIC_TCP_BATCH,tcp,37346119049394,False
37295630048394,echo_mediaelement,heuristic_frame_aware,1037,P,0,9,3258,34566.667,34650.0,HEURISTIC_TCP_BATCH,tcp,37346119064424,False
37295630048394,echo_mediaelement,heuristic_frame_aware,1038,P,0,9,2056,34600.0,34683.333,HEURISTIC_TCP_BATCH,tcp,37346119079004,False
37295630048394,echo_mediaelement,heuristic_frame_aware,1039,P,0,9,3596,34633.333,34716.666,HEURISTIC_TCP_BATCH,tcp,37346119093404,False
37295630048394,echo_mediaelement,heuristic_frame_aware,1040,P,0,9,2234,34666.667,34750.0,HEURISTIC_TCP_BATCH,tcp,37346119107534,False
37295630048394,echo_mediaelement,heuristic_frame_aware,1041,P,0,9,3623,34700.0,34783.333,HEURISTIC_TCP_BATCH,tcp,37346119122024,False
37295630048394,echo_mediaelement,heuristic_frame_aware,1042,P,0,9,2360,34733.333,34816.666,HEURISTIC_TCP_BATCH,tcp,37346119136424,False
37295630048394,echo_mediaelement,heuristic_frame_aware,1043,P,0,9,3484,34766.667,34850.0,HEURISTIC_TCP_BATCH,tcp,37347320898414,False
37295630048394,echo_mediaelement,heuristic_frame_aware,1044,P,0,9,3387,34800.0,34883.333,HEURISTIC_TCP_BATCH,tcp,37347320915964,False
37295630048394,echo_mediaelement,heuristic_frame_aware,1045,P,0,9,2331,34833.333,34916.666,HEURISTIC_TCP_BATCH,tcp,37347320931624,False
37295630048394,echo_mediaelement,heuristic_frame_aware,1046,P,0,9,3634,34866.667,34950.0,HEURISTIC_TCP_BATCH,tcp,37347320940444,False
37295630048394,echo_mediaelement,heuristic_frame_aware,1047,P,0,9,2288,34900.0,34983.333,HEURISTIC_TCP_BATCH,tcp,37347320948634,False
37295630048394,echo_mediaelement,heuristic_frame_aware,1048,P,0,9,3038,34933.333,35016.666,HEURISTIC_TCP_BATCH,tcp,37347320957094,False
37295630048394,echo_mediaelement,heuristic_frame_aware,1049,P,0,9,3330,34966.667,35050.0,HEURISTIC_TCP_BATCH,tcp,37347320965374,False
37295630048394,echo_mediaelement,heuristic_frame_aware,1050,P,0,9,2058,35000.0,35083.333,HEURISTIC_TCP_BATCH,tcp,37347320973384,False
37295630048394,echo_mediaelement,heuristic_frame_aware,1051,P,0,9,3691,35033.333,35116.666,HEURISTIC_TCP_BATCH,tcp,37347320981124,False
37295630048394,echo_mediaelement,heuristic_frame_aware,1052,P,0,9,1821,35066.667,35150.0,HEURISTIC_TCP_BATCH,tcp,37347320989134,False
37295630048394,echo_mediaelement,heuristic_frame_aware,1053,P,0,9,3096,35100.0,35183.333,HEURISTIC_TCP_BATCH,tcp,37347320996964,False
37295630048394,echo_mediaelement,heuristic_frame_aware,1054,P,0,9,5421,35133.333,35216.666,HEURISTIC_TCP_BATCH,tcp,37347321005064,False
37295630048394,echo_mediaelement,heuristic_frame_aware,1055,P,0,9,3236,35166.667,35250.0,HEURISTIC_TCP_BATCH,tcp,37347321012894,False
37295630048394,echo_mediaelement,heuristic_frame_aware,1056,P,0,9,5084,35200.0,35283.333,HEURISTIC_TCP_BATCH,tcp,37347321023424,False
37295630048394,echo_mediaelement,heuristic_frame_aware,1057,P,0,9,2765,35233.333,35316.666,HEURISTIC_TCP_BATCH,tcp,37347321032424,False
37295630048394,echo_mediaelement,heuristic_frame_aware,1058,P,0,9,5039,35266.667,35350.0,HEURISTIC_TCP_BATCH,tcp,37347321040344,False
37295630048394,echo_mediaelement,heuristic_frame_aware,1059,P,0,9,2824,35300.0,35383.333,HEURISTIC_TCP_BATCH,tcp,37347321048264,False
37295630048394,echo_mediaelement,heuristic_frame_aware,1060,P,0,9,5889,35333.333,35416.666,HEURISTIC_TCP_BATCH,tcp,37347321056544,False
37295630048394,echo_mediaelement,heuristic_frame_aware,1061,P,0,9,3647,35366.667,35450.0,HEURISTIC_TCP_BATCH,tcp,37347321064554,False
37295630048394,echo_mediaelement,heuristic_frame_aware,1062,P,0,9,1985,35400.0,35483.333,HEURISTIC_TCP_BATCH,tcp,37347321072204,False
37295630048394,echo_mediaelement,heuristic_frame_aware,1063,P,0,9,4134,35433.333,35516.666,HEURISTIC_TCP_BATCH,tcp,37347321080034,False
37295630048394,echo_mediaelement,heuristic_frame_aware,1064,P,0,9,2499,35466.667,35550.0,HEURISTIC_TCP_BATCH,tcp,37348423913124,False
37295630048394,echo_mediaelement,heuristic_frame_aware,1065,P,0,9,3647,35500.0,35583.333,HEURISTIC_TCP_BATCH,tcp,37348423936434,False
37295630048394,echo_mediaelement,heuristic_frame_aware,1066,P,0,9,2243,35533.333,35616.666,HEURISTIC_TCP_BATCH,tcp,37348423951734,False
37295630048394,echo_mediaelement,heuristic_frame_aware,1067,P,0,9,4429,35566.667,35650.0,HEURISTIC_TCP_BATCH,tcp,37348423965504,False
37295630048394,echo_mediaelement,heuristic_frame_aware,1068,P,0,9,2008,35600.0,35683.333,HEURISTIC_TCP_BATCH,tcp,37348423979454,False
37295630048394,echo_mediaelement,heuristic_frame_aware,1069,P,0,9,3263,35633.333,35716.666,HEURISTIC_TCP_BATCH,tcp,37348424034804,False
37295630048394,echo_mediaelement,heuristic_frame_aware,1070,P,0,9,3606,35666.667,35750.0,HEURISTIC_TCP_BATCH,tcp,37348424060724,False
37295630048394,echo_mediaelement,heuristic_frame_aware,1071,P,0,9,2378,35700.0,35783.333,HEURISTIC_TCP_BATCH,tcp,37348424077464,False
37295630048394,echo_mediaelement,heuristic_frame_aware,1072,P,0,9,3518,35733.333,35816.666,HEURISTIC_TCP_BATCH,tcp,37348424091414,False
37295630048394,echo_mediaelement,heuristic_frame_aware,1073,P,0,9,2128,35766.667,35850.0,HEURISTIC_TCP_BATCH,tcp,37348424103924,False
37295630048394,echo_mediaelement,heuristic_frame_aware,1074,P,0,9,3656,35800.0,35883.333,HEURISTIC_TCP_BATCH,tcp,37348424116614,False
37295630048394,echo_mediaelement,heuristic_frame_aware,1075,P,0,9,2415,35833.333,35916.666,HEURISTIC_TCP_BATCH,tcp,37348424133444,False
37295630048394,echo_mediaelement,heuristic_frame_aware,1076,P,0,9,3836,35866.667,35950.0,HEURISTIC_TCP_BATCH,tcp,37348424145954,False
37295630048394,echo_mediaelement,heuristic_frame_aware,1077,P,0,9,1519,35900.0,35983.333,HEURISTIC_TCP_BATCH,tcp,37348424157834,False
37295630048394,echo_mediaelement,heuristic_frame_aware,1078,P,0,9,3620,35933.333,36016.666,HEURISTIC_TCP_BATCH,tcp,37348424169984,False
37295630048394,echo_mediaelement,heuristic_frame_aware,1079,P,0,9,2359,35966.667,36050.0,HEURISTIC_TCP_BATCH,tcp,37348424182854,False
37295630048394,echo_mediaelement,heuristic_frame_aware,1080,P,0,9,3155,36000.0,36083.333,HEURISTIC_TCP_BATCH,tcp,37348424195904,False
37295630048394,echo_mediaelement,heuristic_frame_aware,1081,P,0,9,2395,36033.333,36116.666,HEURISTIC_TCP_BATCH,tcp,37348424207964,False
37295630048394,echo_mediaelement,heuristic_frame_aware,1082,P,0,9,3789,36066.667,36150.0,HEURISTIC_TCP_BATCH,tcp,37348424219754,False
37295630048394,echo_mediaelement,heuristic_frame_aware,1083,P,0,9,1412,36100.0,36183.333,HEURISTIC_TCP_BATCH,tcp,37348424231994,False
37295630048394,echo_mediaelement,heuristic_frame_aware,1084,P,0,9,3297,36133.333,36216.666,HEURISTIC_TCP_BATCH,tcp,37348424244684,False
37295630048394,echo_mediaelement,heuristic_frame_aware,1085,P,0,9,2065,36166.667,36250.0,HEURISTIC_TCP_BATCH,tcp,37348424257464,False
37295630048394,echo_mediaelement,heuristic_frame_aware,1086,P,0,9,4230,36200.0,36283.333,HEURISTIC_TCP_BATCH,tcp,37348424270694,False
37295630048394,echo_mediaelement,heuristic_frame_aware,1087,P,0,9,3871,36233.333,36316.666,HEURISTIC_TCP_BATCH,tcp,37348424285634,False
37295630048394,echo_mediaelement,heuristic_frame_aware,1088,P,0,9,1515,36266.667,36350.0,HEURISTIC_TCP_BATCH,tcp,37348424297964,False
37295630048394,echo_mediaelement,heuristic_frame_aware,1089,P,0,9,3111,36300.0,36383.333,HEURISTIC_TCP_BATCH,tcp,37348424310384,False
37295630048394,echo_mediaelement,heuristic_frame_aware,1090,P,0,9,5132,36333.333,36416.666,HEURISTIC_TCP_BATCH,tcp,37349226327924,False
37295630048394,echo_mediaelement,heuristic_frame_aware,1091,P,0,9,2086,36366.667,36450.0,HEURISTIC_TCP_BATCH,tcp,37349226354834,False
37295630048394,echo_mediaelement,heuristic_frame_aware,1092,P,0,9,5924,36400.0,36483.333,HEURISTIC_TCP_BATCH,tcp,37349226372114,False
37295630048394,echo_mediaelement,heuristic_frame_aware,1093,P,0,9,3092,36433.333,36516.666,HEURISTIC_TCP_BATCH,tcp,37349226389844,False
37295630048394,echo_mediaelement,heuristic_frame_aware,1094,P,0,9,3122,36466.667,36550.0,HEURISTIC_TCP_BATCH,tcp,37349226404694,False
37295630048394,echo_mediaelement,heuristic_frame_aware,1095,P,0,9,3264,36500.0,36583.333,HEURISTIC_TCP_BATCH,tcp,37349226419004,False
37295630048394,echo_mediaelement,heuristic_frame_aware,1096,P,0,9,2272,36533.333,36616.666,HEURISTIC_TCP_BATCH,tcp,37349226437994,False
37295630048394,echo_mediaelement,heuristic_frame_aware,1097,P,0,9,1941,36566.667,36650.0,HEURISTIC_TCP_BATCH,tcp,37349226452034,False
37295630048394,echo_mediaelement,heuristic_frame_aware,1098,I,1,10,9615,36600.0,36683.333,HEURISTIC_TCP_BATCH,tcp,37349226466344,False
37295630048394,echo_mediaelement,heuristic_frame_aware,1099,P,0,10,4068,36633.333,36716.666,HEURISTIC_TCP_BATCH,tcp,37349226481644,False
37295630048394,echo_mediaelement,heuristic_frame_aware,1100,P,0,10,2333,36666.667,36750.0,HEURISTIC_TCP_BATCH,tcp,37349226496224,False
37295630048394,echo_mediaelement,heuristic_frame_aware,1101,P,0,10,5663,36700.0,36783.333,HEURISTIC_TCP_BATCH,tcp,37349226511344,False
37295630048394,echo_mediaelement,heuristic_frame_aware,1102,P,0,10,2271,36733.333,36816.666,HEURISTIC_TCP_BATCH,tcp,37349226525384,False
37295630048394,echo_mediaelement,heuristic_frame_aware,1103,P,0,10,5627,36766.667,36850.0,HEURISTIC_TCP_BATCH,tcp,37349226539424,False
37295630048394,echo_mediaelement,heuristic_frame_aware,1104,P,0,10,2263,36800.0,36883.333,HEURISTIC_TCP_BATCH,tcp,37349226555534,False
37295630048394,echo_mediaelement,heuristic_frame_aware,1105,P,0,10,4766,36833.333,36916.666,HEURISTIC_TCP_BATCH,tcp,37349226569304,False
37295630048394,echo_mediaelement,heuristic_frame_aware,1106,P,0,10,2975,36866.667,36950.0,HEURISTIC_TCP_BATCH,tcp,37349226582444,False
37295630048394,echo_mediaelement,heuristic_frame_aware,1107,P,0,10,4179,36900.0,36983.333,HEURISTIC_TCP_BATCH,tcp,37349226596844,False
37295630048394,echo_mediaelement,heuristic_frame_aware,1108,P,0,10,2442,36933.333,37016.666,HEURISTIC_TCP_BATCH,tcp,37349226610074,False
37295630048394,echo_mediaelement,heuristic_frame_aware,1109,P,0,10,5161,36966.667,37050.0,HEURISTIC_TCP_BATCH,tcp,37349226623574,False
37295630048394,echo_mediaelement,heuristic_frame_aware,1110,P,0,10,2235,37000.0,37083.333,HEURISTIC_TCP_BATCH,tcp,37349879134104,False
37295630048394,echo_mediaelement,heuristic_frame_aware,1111,P,0,10,4902,37033.333,37116.666,HEURISTIC_TCP_BATCH,tcp,37349879150214,False
37295630048394,echo_mediaelement,heuristic_frame_aware,1112,P,0,10,2306,37066.667,37150.0,HEURISTIC_TCP_BATCH,tcp,37349879160114,False
37295630048394,echo_mediaelement,heuristic_frame_aware,1113,P,0,10,3991,37100.0,37183.333,HEURISTIC_TCP_BATCH,tcp,37349879173254,False
37295630048394,echo_mediaelement,heuristic_frame_aware,1114,P,0,10,1781,37133.333,37216.666,HEURISTIC_TCP_BATCH,tcp,37349879181804,False
37295630048394,echo_mediaelement,heuristic_frame_aware,1115,P,0,10,2878,37166.667,37250.0,HEURISTIC_TCP_BATCH,tcp,37349879191074,False
37295630048394,echo_mediaelement,heuristic_frame_aware,1116,I,1,11,6369,37200.0,37283.333,HEURISTIC_TCP_BATCH,tcp,37349879199624,False
37295630048394,echo_mediaelement,heuristic_frame_aware,1117,P,0,11,5299,37233.333,37316.666,HEURISTIC_TCP_BATCH,tcp,37349879207904,False
37295630048394,echo_mediaelement,heuristic_frame_aware,1118,P,0,11,3225,37266.667,37350.0,HEURISTIC_TCP_BATCH,tcp,37349879216454,False
37295630048394,echo_mediaelement,heuristic_frame_aware,1119,P,0,11,4263,37300.0,37383.333,HEURISTIC_TCP_BATCH,tcp,37349879224734,False
37295630048394,echo_mediaelement,heuristic_frame_aware,1120,P,0,11,3760,37333.333,37416.666,HEURISTIC_TCP_BATCH,tcp,37349879232744,False
37295630048394,echo_mediaelement,heuristic_frame_aware,1121,P,0,11,3800,37366.667,37450.0,HEURISTIC_TCP_BATCH,tcp,37349879243274,False
37295630048394,echo_mediaelement,heuristic_frame_aware,1122,P,0,11,2042,37400.0,37483.333,HEURISTIC_TCP_BATCH,tcp,37349879251014,False
37295630048394,echo_mediaelement,heuristic_frame_aware,1123,P,0,11,3078,37433.333,37516.666,HEURISTIC_TCP_BATCH,tcp,37349879259294,False
37295630048394,echo_mediaelement,heuristic_frame_aware,1124,P,0,11,2777,37466.667,37550.0,HEURISTIC_TCP_BATCH,tcp,37349879267214,False
37295630048394,echo_mediaelement,heuristic_frame_aware,1125,P,0,11,2855,37500.0,37583.333,HEURISTIC_TCP_BATCH,tcp,37349879275224,False
37295630048394,echo_mediaelement,heuristic_frame_aware,1126,P,0,11,3295,37533.333,37616.666,HEURISTIC_TCP_BATCH,tcp,37349879282964,False
37295630048394,echo_mediaelement,heuristic_frame_aware,1127,P,0,11,4813,37566.667,37650.0,HEURISTIC_TCP_BATCH,tcp,37349879297544,False
37295630048394,echo_mediaelement,heuristic_frame_aware,1128,P,0,11,2331,37600.0,37683.333,HEURISTIC_TCP_BATCH,tcp,37349879306094,False
37295630048394,echo_mediaelement,heuristic_frame_aware,1129,P,0,11,5533,37633.333,37716.666,HEURISTIC_TCP_BATCH,tcp,37349879315274,False
37295630048394,echo_mediaelement,heuristic_frame_aware,1130,P,0,11,2752,37666.667,37750.0,HEURISTIC_TCP_BATCH,tcp,37349879323374,False
37295630048394,echo_mediaelement,heuristic_frame_aware,1131,P,0,11,2972,37700.0,37783.333,HEURISTIC_TCP_BATCH,tcp,37349879333454,False
37295630048394,echo_mediaelement,heuristic_frame_aware,1132,P,0,11,6101,37733.333,37816.666,HEURISTIC_TCP_BATCH,tcp,37349879341464,False
37295630048394,echo_mediaelement,heuristic_frame_aware,1133,P,0,11,2318,37766.667,37850.0,HEURISTIC_TCP_BATCH,tcp,37350739342584,False
37295630048394,echo_mediaelement,heuristic_frame_aware,1134,P,0,11,5644,37800.0,37883.333,HEURISTIC_TCP_BATCH,tcp,37350739360224,False
37295630048394,echo_mediaelement,heuristic_frame_aware,1135,P,0,11,2954,37833.333,37916.666,HEURISTIC_TCP_BATCH,tcp,37350739372194,False
37295630048394,echo_mediaelement,heuristic_frame_aware,1136,P,0,11,4068,37866.667,37950.0,HEURISTIC_TCP_BATCH,tcp,37350739381374,False
37295630048394,echo_mediaelement,heuristic_frame_aware,1137,P,0,11,3799,37900.0,37983.333,HEURISTIC_TCP_BATCH,tcp,37350739389834,False
37295630048394,echo_mediaelement,heuristic_frame_aware,1138,P,0,11,1849,37933.333,38016.666,HEURISTIC_TCP_BATCH,tcp,37350739398204,False
37295630048394,echo_mediaelement,heuristic_frame_aware,1139,P,0,11,5797,37966.667,38050.0,HEURISTIC_TCP_BATCH,tcp,37350739406394,False
37295630048394,echo_mediaelement,heuristic_frame_aware,1140,P,0,11,2962,38000.0,38083.333,HEURISTIC_TCP_BATCH,tcp,37350739418904,False
37295630048394,echo_mediaelement,heuristic_frame_aware,1141,P,0,11,3569,38033.333,38116.666,HEURISTIC_TCP_BATCH,tcp,37350739427184,False
37295630048394,echo_mediaelement,heuristic_frame_aware,1142,P,0,11,4055,38066.667,38150.0,HEURISTIC_TCP_BATCH,tcp,37350739435194,False
37295630048394,echo_mediaelement,heuristic_frame_aware,1143,P,0,11,2731,38100.0,38183.333,HEURISTIC_TCP_BATCH,tcp,37350739443114,False
37295630048394,echo_mediaelement,heuristic_frame_aware,1144,P,0,11,3038,38133.333,38216.666,HEURISTIC_TCP_BATCH,tcp,37350739451124,False
37295630048394,echo_mediaelement,heuristic_frame_aware,1145,P,0,11,3550,38166.667,38250.0,HEURISTIC_TCP_BATCH,tcp,37350739459044,False
37295630048394,echo_mediaelement,heuristic_frame_aware,1146,P,0,11,2560,38200.0,38283.333,HEURISTIC_TCP_BATCH,tcp,37350739467234,False
37295630048394,echo_mediaelement,heuristic_frame_aware,1147,P,0,11,4600,38233.333,38316.666,HEURISTIC_TCP_BATCH,tcp,37350739475334,False
37295630048394,echo_mediaelement,heuristic_frame_aware,1148,P,0,11,3328,38266.667,38350.0,HEURISTIC_TCP_BATCH,tcp,37350739483434,False
37295630048394,echo_mediaelement,heuristic_frame_aware,1149,P,0,11,3767,38300.0,38383.333,HEURISTIC_TCP_BATCH,tcp,37350739493784,False
37295630048394,echo_mediaelement,heuristic_frame_aware,1150,P,0,11,2163,38333.333,38416.666,HEURISTIC_TCP_BATCH,tcp,37350739501704,False
37295630048394,echo_mediaelement,heuristic_frame_aware,1151,P,0,11,4112,38366.667,38450.0,HEURISTIC_TCP_BATCH,tcp,37350739509624,False
37295630048394,echo_mediaelement,heuristic_frame_aware,1152,P,0,11,3080,38400.0,38483.333,HEURISTIC_TCP_BATCH,tcp,37350739517904,False
37295630048394,echo_mediaelement,heuristic_frame_aware,1153,P,0,11,2955,38433.333,38516.666,HEURISTIC_TCP_BATCH,tcp,37352083737834,False
37295630048394,echo_mediaelement,heuristic_frame_aware,1154,P,0,11,3701,38466.667,38550.0,HEURISTIC_TCP_BATCH,tcp,37352083757004,False
37295630048394,echo_mediaelement,heuristic_frame_aware,1155,P,0,11,2748,38500.0,38583.333,HEURISTIC_TCP_BATCH,tcp,37352083767804,False
37295630048394,echo_mediaelement,heuristic_frame_aware,1156,P,0,11,3984,38533.333,38616.666,HEURISTIC_TCP_BATCH,tcp,37352083776714,False
37295630048394,echo_mediaelement,heuristic_frame_aware,1157,P,0,11,2424,38566.667,38650.0,HEURISTIC_TCP_BATCH,tcp,37352083786884,False
37295630048394,echo_mediaelement,heuristic_frame_aware,1158,P,0,11,3799,38600.0,38683.333,HEURISTIC_TCP_BATCH,tcp,37352083795164,False
37295630048394,echo_mediaelement,heuristic_frame_aware,1159,P,0,11,2399,38633.333,38716.666,HEURISTIC_TCP_BATCH,tcp,37352083806774,False
37295630048394,echo_mediaelement,heuristic_frame_aware,1160,P,0,11,4363,38666.667,38750.0,HEURISTIC_TCP_BATCH,tcp,37352083815144,False
37295630048394,echo_mediaelement,heuristic_frame_aware,1161,P,0,11,2732,38700.0,38783.333,HEURISTIC_TCP_BATCH,tcp,37352083823244,False
37295630048394,echo_mediaelement,heuristic_frame_aware,1162,P,0,11,2493,38733.333,38816.666,HEURISTIC_TCP_BATCH,tcp,37352083831164,False
37295630048394,echo_mediaelement,heuristic_frame_aware,1163,I,1,12,11292,38766.667,38850.0,HEURISTIC_TCP_BATCH,tcp,37352083840344,False
37295630048394,echo_mediaelement,heuristic_frame_aware,1164,P,0,12,6871,38800.0,38883.333,HEURISTIC_TCP_BATCH,tcp,37352083848984,False
37295630048394,echo_mediaelement,heuristic_frame_aware,1165,P,0,12,7250,38833.333,38916.666,HEURISTIC_TCP_BATCH,tcp,37352083857714,False
37295630048394,echo_mediaelement,heuristic_frame_aware,1166,P,0,12,6192,38866.667,38950.0,HEURISTIC_TCP_BATCH,tcp,37352083870044,False
37295630048394,echo_mediaelement,heuristic_frame_aware,1167,P,0,12,5916,38900.0,38983.333,HEURISTIC_TCP_BATCH,tcp,37352083878504,False
37295630048394,echo_mediaelement,heuristic_frame_aware,1168,P,0,12,4217,38933.333,39016.666,HEURISTIC_TCP_BATCH,tcp,37352083886604,False
37295630048394,echo_mediaelement,heuristic_frame_aware,1169,P,0,12,4536,38966.667,39050.0,HEURISTIC_TCP_BATCH,tcp,37352083894614,False
37295630048394,echo_mediaelement,heuristic_frame_aware,1170,P,0,12,4341,39000.0,39083.333,HEURISTIC_TCP_BATCH,tcp,37353026012184,False
37295630048394,echo_mediaelement,heuristic_frame_aware,1171,P,0,12,4421,39033.333,39116.666,HEURISTIC_TCP_BATCH,tcp,37353026029464,False
37295630048394,echo_mediaelement,heuristic_frame_aware,1172,P,0,12,7049,39066.667,39150.0,HEURISTIC_TCP_BATCH,tcp,37353026043954,False
37295630048394,echo_mediaelement,heuristic_frame_aware,1173,P,0,12,6013,39100.0,39183.333,HEURISTIC_TCP_BATCH,tcp,37353026054574,False
37295630048394,echo_mediaelement,heuristic_frame_aware,1174,P,0,12,3436,39133.333,39216.666,HEURISTIC_TCP_BATCH,tcp,37353026063394,False
37295630048394,echo_mediaelement,heuristic_frame_aware,1175,P,0,12,4769,39166.667,39250.0,HEURISTIC_TCP_BATCH,tcp,37353026071764,False
37295630048394,echo_mediaelement,heuristic_frame_aware,1176,P,0,12,3291,39200.0,39283.333,HEURISTIC_TCP_BATCH,tcp,37353026080224,False
37295630048394,echo_mediaelement,heuristic_frame_aware,1177,P,0,12,3436,39233.333,39316.666,HEURISTIC_TCP_BATCH,tcp,37353026088414,False
37295630048394,echo_mediaelement,heuristic_frame_aware,1178,P,0,12,4625,39266.667,39350.0,HEURISTIC_TCP_BATCH,tcp,37353026096604,False
37295630048394,echo_mediaelement,heuristic_frame_aware,1179,P,0,12,4428,39300.0,39383.333,HEURISTIC_TCP_BATCH,tcp,37353026107224,False
37295630048394,echo_mediaelement,heuristic_frame_aware,1180,P,0,12,4568,39333.333,39416.666,HEURISTIC_TCP_BATCH,tcp,37353026117304,False
37295630048394,echo_mediaelement,heuristic_frame_aware,1181,P,0,12,3222,39366.667,39450.0,HEURISTIC_TCP_BATCH,tcp,37353026131794,False
37295630048394,echo_mediaelement,heuristic_frame_aware,1182,P,0,12,3312,39400.0,39483.333,HEURISTIC_TCP_BATCH,tcp,37353026144934,False
37295630048394,echo_mediaelement,heuristic_frame_aware,1183,P,0,12,3207,39433.333,39516.666,HEURISTIC_TCP_BATCH,tcp,37353026157624,False
37295630048394,echo_mediaelement,heuristic_frame_aware,1184,P,0,12,4119,39466.667,39550.0,HEURISTIC_TCP_BATCH,tcp,37353026174004,False
37295630048394,echo_mediaelement,heuristic_frame_aware,1185,P,0,12,3554,39500.0,39583.333,HEURISTIC_TCP_BATCH,tcp,37353026190114,False
37295630048394,echo_mediaelement,heuristic_frame_aware,1186,P,0,12,3404,39533.333,39616.666,HEURISTIC_TCP_BATCH,tcp,37353026206044,False
37295630048394,echo_mediaelement,heuristic_frame_aware,1187,P,0,12,4656,39566.667,39650.0,HEURISTIC_TCP_BATCH,tcp,37353026221794,False
37295630048394,echo_mediaelement,heuristic_frame_aware,1188,P,0,12,3658,39600.0,39683.333,HEURISTIC_TCP_BATCH,tcp,37353026240424,False
37295630048394,echo_mediaelement,heuristic_frame_aware,1189,P,0,12,4128,39633.333,39716.666,HEURISTIC_TCP_BATCH,tcp,37353727153404,False
37295630048394,echo_mediaelement,heuristic_frame_aware,1190,P,0,12,2619,39666.667,39750.0,HEURISTIC_TCP_BATCH,tcp,37353727173924,False
37295630048394,echo_mediaelement,heuristic_frame_aware,1191,P,0,12,2864,39700.0,39783.333,HEURISTIC_TCP_BATCH,tcp,37353727184544,False
37295630048394,echo_mediaelement,heuristic_frame_aware,1192,P,0,12,3200,39733.333,39816.666,HEURISTIC_TCP_BATCH,tcp,37353727194534,False
37295630048394,echo_mediaelement,heuristic_frame_aware,1193,P,0,12,2663,39766.667,39850.0,HEURISTIC_TCP_BATCH,tcp,37353727205694,False
37295630048394,echo_mediaelement,heuristic_frame_aware,1194,P,0,12,4435,39800.0,39883.333,HEURISTIC_TCP_BATCH,tcp,37353727214694,False
37295630048394,echo_mediaelement,heuristic_frame_aware,1195,P,0,12,3394,39833.333,39916.666,HEURISTIC_TCP_BATCH,tcp,37353727222884,False
37295630048394,echo_mediaelement,heuristic_frame_aware,1196,P,0,12,3721,39866.667,39950.0,HEURISTIC_TCP_BATCH,tcp,37353727231254,False
37295630048394,echo_mediaelement,heuristic_frame_aware,1197,P,0,12,3620,39900.0,39983.333,HEURISTIC_TCP_BATCH,tcp,37353727243584,False
37295630048394,echo_mediaelement,heuristic_frame_aware,1198,P,0,12,2417,39933.333,40016.666,HEURISTIC_TCP_BATCH,tcp,37353727251774,False
37295630048394,echo_mediaelement,heuristic_frame_aware,1199,P,0,12,3704,39966.667,40050.0,HEURISTIC_TCP_BATCH,tcp,37353727259964,False
37295630048394,echo_mediaelement,heuristic_frame_aware,1200,P,0,12,1805,40000.0,40083.333,HEURISTIC_TCP_BATCH,tcp,37353727267884,False
37295630048394,echo_mediaelement,heuristic_frame_aware,1201,P,0,12,2769,40033.333,40116.666,HEURISTIC_TCP_BATCH,tcp,37353727275804,False
37295630048394,echo_mediaelement,heuristic_frame_aware,1202,P,0,12,2747,40066.667,40150.0,HEURISTIC_TCP_BATCH,tcp,37353727283724,False
37295630048394,echo_mediaelement,heuristic_frame_aware,1203,P,0,12,3691,40100.0,40183.333,HEURISTIC_TCP_BATCH,tcp,37353727291644,False
37295630048394,echo_mediaelement,heuristic_frame_aware,1204,P,0,12,3548,40133.333,40216.666,HEURISTIC_TCP_BATCH,tcp,37353727299564,False
37295630048394,echo_mediaelement,heuristic_frame_aware,1205,P,0,12,4407,40166.667,40250.0,HEURISTIC_TCP_BATCH,tcp,37353727307664,False
37295630048394,echo_mediaelement,heuristic_frame_aware,1206,P,0,12,3072,40200.0,40283.333,HEURISTIC_TCP_BATCH,tcp,37353727316034,False
37295630048394,echo_mediaelement,heuristic_frame_aware,1207,P,0,12,3562,40233.333,40316.666,HEURISTIC_TCP_BATCH,tcp,37353727325934,False
37295630048394,echo_mediaelement,heuristic_frame_aware,1208,P,0,12,2487,40266.667,40350.0,HEURISTIC_TCP_BATCH,tcp,37353727334034,False
37295630048394,echo_mediaelement,heuristic_frame_aware,1209,P,0,12,3646,40300.0,40383.333,HEURISTIC_TCP_BATCH,tcp,37353727342044,False
37295630048394,echo_mediaelement,heuristic_frame_aware,1210,P,0,12,2608,40333.333,40416.666,HEURISTIC_TCP_BATCH,tcp,37353727349964,False
37295630048394,echo_mediaelement,heuristic_frame_aware,1211,P,0,12,2201,40366.667,40450.0,HEURISTIC_TCP_BATCH,tcp,37353727357704,False
37295630048394,echo_mediaelement,heuristic_frame_aware,1212,P,0,12,2961,40400.0,40483.333,HEURISTIC_TCP_BATCH,tcp,37353727365624,False
37295630048394,echo_mediaelement,heuristic_frame_aware,1213,P,0,12,2915,40433.333,40516.666,HEURISTIC_TCP_BATCH,tcp,37355266645344,False
37295630048394,echo_mediaelement,heuristic_frame_aware,1214,P,0,12,4323,40466.667,40550.0,HEURISTIC_TCP_BATCH,tcp,37355266662804,False
37295630048394,echo_mediaelement,heuristic_frame_aware,1215,P,0,12,3458,40500.0,40583.333,HEURISTIC_TCP_BATCH,tcp,37355266673874,False
37295630048394,echo_mediaelement,heuristic_frame_aware,1216,P,0,12,3274,40533.333,40616.666,HEURISTIC_TCP_BATCH,tcp,37355266683684,False
37295630048394,echo_mediaelement,heuristic_frame_aware,1217,P,0,12,2994,40566.667,40650.0,HEURISTIC_TCP_BATCH,tcp,37355266697904,False
37295630048394,echo_mediaelement,heuristic_frame_aware,1218,P,0,12,3219,40600.0,40683.333,HEURISTIC_TCP_BATCH,tcp,37355266706634,False
37295630048394,echo_mediaelement,heuristic_frame_aware,1219,P,0,12,2578,40633.333,40716.666,HEURISTIC_TCP_BATCH,tcp,37355266714824,False
37295630048394,echo_mediaelement,heuristic_frame_aware,1220,P,0,12,4001,40666.667,40750.0,HEURISTIC_TCP_BATCH,tcp,37355266722834,False
37295630048394,echo_mediaelement,heuristic_frame_aware,1221,P,0,12,2657,40700.0,40783.333,HEURISTIC_TCP_BATCH,tcp,37355266731204,False
37295630048394,echo_mediaelement,heuristic_frame_aware,1222,P,0,12,3299,40733.333,40816.666,HEURISTIC_TCP_BATCH,tcp,37355266739484,False
37295630048394,echo_mediaelement,heuristic_frame_aware,1223,P,0,12,2590,40766.667,40850.0,HEURISTIC_TCP_BATCH,tcp,37355266747314,False
37295630048394,echo_mediaelement,heuristic_frame_aware,1224,P,0,12,2994,40800.0,40883.333,HEURISTIC_TCP_BATCH,tcp,37355266755684,False
37295630048394,echo_mediaelement,heuristic_frame_aware,1225,P,0,12,2513,40833.333,40916.666,HEURISTIC_TCP_BATCH,tcp,37355266763694,False
37295630048394,echo_mediaelement,heuristic_frame_aware,1226,P,0,12,2622,40866.667,40950.0,HEURISTIC_TCP_BATCH,tcp,37355266771614,False
37295630048394,echo_mediaelement,heuristic_frame_aware,1227,P,0,12,2688,40900.0,40983.333,HEURISTIC_TCP_BATCH,tcp,37355266779894,False
37295630048394,echo_mediaelement,heuristic_frame_aware,1228,P,0,12,2727,40933.333,41016.666,HEURISTIC_TCP_BATCH,tcp,37355266788084,False
37295630048394,echo_mediaelement,heuristic_frame_aware,1229,P,0,12,2450,40966.667,41050.0,HEURISTIC_TCP_BATCH,tcp,37355266799154,False
37295630048394,echo_mediaelement,heuristic_frame_aware,1230,P,0,12,2705,41000.0,41083.333,HEURISTIC_TCP_BATCH,tcp,37355266807254,False
37295630048394,echo_mediaelement,heuristic_frame_aware,1231,P,0,12,2043,41033.333,41116.666,HEURISTIC_TCP_BATCH,tcp,37355266815354,False
37295630048394,echo_mediaelement,heuristic_frame_aware,1232,P,0,12,3086,41066.667,41150.0,HEURISTIC_TCP_BATCH,tcp,37355266823364,False
37295630048394,echo_mediaelement,heuristic_frame_aware,1233,P,0,12,2279,41100.0,41183.333,HEURISTIC_TCP_BATCH,tcp,37355266831104,False
37295630048394,echo_mediaelement,heuristic_frame_aware,1234,P,0,12,2822,41133.333,41216.666,HEURISTIC_TCP_BATCH,tcp,37355266839024,False
37295630048394,echo_mediaelement,heuristic_frame_aware,1235,P,0,12,2614,41166.667,41250.0,HEURISTIC_TCP_BATCH,tcp,37355266846944,False
37295630048394,echo_mediaelement,heuristic_frame_aware,1236,P,0,12,2529,41200.0,41283.333,HEURISTIC_TCP_BATCH,tcp,37355266855044,False
37295630048394,echo_mediaelement,heuristic_frame_aware,1237,P,0,12,3637,41233.333,41316.666,HEURISTIC_TCP_BATCH,tcp,37355266863324,False
37295630048394,echo_mediaelement,heuristic_frame_aware,1238,P,0,12,2254,41266.667,41350.0,HEURISTIC_TCP_BATCH,tcp,37355266871244,False
37295630048394,echo_mediaelement,heuristic_frame_aware,1239,P,0,12,2410,41300.0,41383.333,HEURISTIC_TCP_BATCH,tcp,37355266879074,False
37295630048394,echo_mediaelement,heuristic_frame_aware,1240,P,0,12,2508,41333.333,41416.666,HEURISTIC_TCP_BATCH,tcp,37356272041104,False
37295630048394,echo_mediaelement,heuristic_frame_aware,1241,P,0,12,3036,41366.667,41450.0,HEURISTIC_TCP_BATCH,tcp,37356272071164,False
37295630048394,echo_mediaelement,heuristic_frame_aware,1242,P,0,12,1982,41400.0,41483.333,HEURISTIC_TCP_BATCH,tcp,37356272082504,False
37295630048394,echo_mediaelement,heuristic_frame_aware,1243,P,0,12,2773,41433.333,41516.666,HEURISTIC_TCP_BATCH,tcp,37356272092044,False
37295630048394,echo_mediaelement,heuristic_frame_aware,1244,P,0,12,3091,41466.667,41550.0,HEURISTIC_TCP_BATCH,tcp,37356272100864,False
37295630048394,echo_mediaelement,heuristic_frame_aware,1245,P,0,12,2243,41500.0,41583.333,HEURISTIC_TCP_BATCH,tcp,37356272111124,False
37295630048394,echo_mediaelement,heuristic_frame_aware,1246,P,0,12,3030,41533.333,41616.666,HEURISTIC_TCP_BATCH,tcp,37356272119494,False
37295630048394,echo_mediaelement,heuristic_frame_aware,1247,P,0,12,2396,41566.667,41650.0,HEURISTIC_TCP_BATCH,tcp,37356272127684,False
37295630048394,echo_mediaelement,heuristic_frame_aware,1248,P,0,12,2979,41600.0,41683.333,HEURISTIC_TCP_BATCH,tcp,37356272136864,False
37295630048394,echo_mediaelement,heuristic_frame_aware,1249,P,0,12,2094,41633.333,41716.666,HEURISTIC_TCP_BATCH,tcp,37356272145504,False
37295630048394,echo_mediaelement,heuristic_frame_aware,1250,P,0,12,3436,41666.667,41750.0,HEURISTIC_TCP_BATCH,tcp,37356272153694,False
37295630048394,echo_mediaelement,heuristic_frame_aware,1251,P,0,12,3049,41700.0,41783.333,HEURISTIC_TCP_BATCH,tcp,37356272161884,False
37295630048394,echo_mediaelement,heuristic_frame_aware,1252,P,0,12,2858,41733.333,41816.666,HEURISTIC_TCP_BATCH,tcp,37356272169894,False
37295630048394,echo_mediaelement,heuristic_frame_aware,1253,P,0,12,2997,41766.667,41850.0,HEURISTIC_TCP_BATCH,tcp,37356272180334,False
37295630048394,echo_mediaelement,heuristic_frame_aware,1254,P,0,12,2200,41800.0,41883.333,HEURISTIC_TCP_BATCH,tcp,37356272188434,False
37295630048394,echo_mediaelement,heuristic_frame_aware,1255,P,0,12,2612,41833.333,41916.666,HEURISTIC_TCP_BATCH,tcp,37356272204544,False
37295630048394,echo_mediaelement,heuristic_frame_aware,1256,P,0,12,2940,41866.667,41950.0,HEURISTIC_TCP_BATCH,tcp,37356272213094,False
37295630048394,echo_mediaelement,heuristic_frame_aware,1257,P,0,12,2411,41900.0,41983.333,HEURISTIC_TCP_BATCH,tcp,37356272221284,False
37295630048394,echo_mediaelement,heuristic_frame_aware,1258,P,0,12,2301,41933.333,42016.666,HEURISTIC_TCP_BATCH,tcp,37356272229384,False
37295630048394,echo_mediaelement,heuristic_frame_aware,1259,P,0,12,3835,41966.667,42050.0,HEURISTIC_TCP_BATCH,tcp,37356272237664,False
37295630048394,echo_mediaelement,heuristic_frame_aware,1260,P,0,12,2322,42000.0,42083.333,HEURISTIC_TCP_BATCH,tcp,37356272245584,False
37295630048394,echo_mediaelement,heuristic_frame_aware,1261,P,0,12,2952,42033.333,42116.666,HEURISTIC_TCP_BATCH,tcp,37356272253864,False
37295630048394,echo_mediaelement,heuristic_frame_aware,1262,P,0,12,2040,42066.667,42150.0,HEURISTIC_TCP_BATCH,tcp,37356272261874,False
37295630048394,echo_mediaelement,heuristic_frame_aware,1263,P,0,12,3035,42100.0,42183.333,HEURISTIC_TCP_BATCH,tcp,37356272269794,False
37295630048394,echo_mediaelement,heuristic_frame_aware,1264,P,0,12,1665,42133.333,42216.666,HEURISTIC_TCP_BATCH,tcp,37356272277984,False
37295630048394,echo_mediaelement,heuristic_frame_aware,1265,P,0,12,3090,42166.667,42250.0,HEURISTIC_TCP_BATCH,tcp,37356272300124,False
37295630048394,echo_mediaelement,heuristic_frame_aware,1266,P,0,12,2565,42200.0,42283.333,HEURISTIC_TCP_BATCH,tcp,37356272315334,False
37295630048394,echo_mediaelement,heuristic_frame_aware,1267,P,0,12,2347,42233.333,42316.666,HEURISTIC_TCP_BATCH,tcp,37356272352954,False
37295630048394,echo_mediaelement,heuristic_frame_aware,1268,P,0,12,3788,42266.667,42350.0,HEURISTIC_TCP_BATCH,tcp,37356272365374,False
37295630048394,echo_mediaelement,heuristic_frame_aware,1269,P,0,12,2210,42300.0,42383.333,HEURISTIC_TCP_BATCH,tcp,37357326652914,False
37295630048394,echo_mediaelement,heuristic_frame_aware,1270,P,0,12,2538,42333.333,42416.666,HEURISTIC_TCP_BATCH,tcp,37357326669114,False
37295630048394,echo_mediaelement,heuristic_frame_aware,1271,P,0,12,3083,42366.667,42450.0,HEURISTIC_TCP_BATCH,tcp,37357326679914,False
37295630048394,echo_mediaelement,heuristic_frame_aware,1272,P,0,12,2454,42400.0,42483.333,HEURISTIC_TCP_BATCH,tcp,37357326689184,False
37295630048394,echo_mediaelement,heuristic_frame_aware,1273,P,0,12,2243,42433.333,42516.666,HEURISTIC_TCP_BATCH,tcp,37357326697554,False
37295630048394,echo_mediaelement,heuristic_frame_aware,1274,P,0,12,2919,42466.667,42550.0,HEURISTIC_TCP_BATCH,tcp,37357326706734,False
37295630048394,echo_mediaelement,heuristic_frame_aware,1275,P,0,12,1760,42500.0,42583.333,HEURISTIC_TCP_BATCH,tcp,37357326714924,False
37295630048394,echo_mediaelement,heuristic_frame_aware,1276,P,0,12,2397,42533.333,42616.666,HEURISTIC_TCP_BATCH,tcp,37357326722934,False
37295630048394,echo_mediaelement,heuristic_frame_aware,1277,P,0,12,2593,42566.667,42650.0,HEURISTIC_TCP_BATCH,tcp,37357326731124,False
37295630048394,echo_mediaelement,heuristic_frame_aware,1278,P,0,12,1621,42600.0,42683.333,HEURISTIC_TCP_BATCH,tcp,37357326742734,False
37295630048394,echo_mediaelement,heuristic_frame_aware,1279,P,0,12,4292,42633.333,42716.666,HEURISTIC_TCP_BATCH,tcp,37357326750744,False
37295630048394,echo_mediaelement,heuristic_frame_aware,1280,P,0,12,2507,42666.667,42750.0,HEURISTIC_TCP_BATCH,tcp,37357326758844,False
37295630048394,echo_mediaelement,heuristic_frame_aware,1281,P,0,12,1446,42700.0,42783.333,HEURISTIC_TCP_BATCH,tcp,37357326766584,False
37295630048394,echo_mediaelement,heuristic_frame_aware,1282,P,0,12,3931,42733.333,42816.666,HEURISTIC_TCP_BATCH,tcp,37357326774504,False
37295630048394,echo_mediaelement,heuristic_frame_aware,1283,I,1,13,9148,42766.667,42850.0,HEURISTIC_TCP_BATCH,tcp,37357326783054,False
37295630048394,echo_mediaelement,heuristic_frame_aware,1284,P,0,13,5167,42800.0,42883.333,HEURISTIC_TCP_BATCH,tcp,37357326791154,False
37295630048394,echo_mediaelement,heuristic_frame_aware,1285,P,0,13,3822,42833.333,42916.666,HEURISTIC_TCP_BATCH,tcp,37357326799164,False
37295630048394,echo_mediaelement,heuristic_frame_aware,1286,P,0,13,3728,42866.667,42950.0,HEURISTIC_TCP_BATCH,tcp,37357326809514,False
37295630048394,echo_mediaelement,heuristic_frame_aware,1287,P,0,13,3133,42900.0,42983.333,HEURISTIC_TCP_BATCH,tcp,37357326817524,False
37295630048394,echo_mediaelement,heuristic_frame_aware,1288,P,0,13,2135,42933.333,43016.666,HEURISTIC_TCP_BATCH,tcp,37357326825444,False
37295630048394,echo_mediaelement,heuristic_frame_aware,1289,P,0,13,4807,42966.667,43050.0,HEURISTIC_TCP_BATCH,tcp,37357326833364,False
37295630048394,echo_mediaelement,heuristic_frame_aware,1290,P,0,13,2616,43000.0,43083.333,HEURISTIC_TCP_BATCH,tcp,37357326841104,False
37295630048394,echo_mediaelement,heuristic_frame_aware,1291,P,0,13,3520,43033.333,43116.666,HEURISTIC_TCP_BATCH,tcp,37357326849024,False
37295630048394,echo_mediaelement,heuristic_frame_aware,1292,P,0,13,3125,43066.667,43150.0,HEURISTIC_TCP_BATCH,tcp,37357326856944,False
37295630048394,echo_mediaelement,heuristic_frame_aware,1293,P,0,13,2862,43100.0,43183.333,HEURISTIC_TCP_BATCH,tcp,37358289862884,False
37295630048394,echo_mediaelement,heuristic_frame_aware,1294,P,0,13,5046,43133.333,43216.666,HEURISTIC_TCP_BATCH,tcp,37358289883044,False
37295630048394,echo_mediaelement,heuristic_frame_aware,1295,P,0,13,2694,43166.667,43250.0,HEURISTIC_TCP_BATCH,tcp,37358289893754,False
37295630048394,echo_mediaelement,heuristic_frame_aware,1296,P,0,13,5050,43200.0,43283.333,HEURISTIC_TCP_BATCH,tcp,37358289908244,False
37295630048394,echo_mediaelement,heuristic_frame_aware,1297,P,0,13,3369,43233.333,43316.666,HEURISTIC_TCP_BATCH,tcp,37358289917154,False
37295630048394,echo_mediaelement,heuristic_frame_aware,1298,P,0,13,3703,43266.667,43350.0,HEURISTIC_TCP_BATCH,tcp,37358290002294,False
37295630048394,echo_mediaelement,heuristic_frame_aware,1299,P,0,13,3002,43300.0,43383.333,HEURISTIC_TCP_BATCH,tcp,37358290021104,False
37295630048394,echo_mediaelement,heuristic_frame_aware,1300,P,0,13,4340,43333.333,43416.666,HEURISTIC_TCP_BATCH,tcp,37358290034784,False
37295630048394,echo_mediaelement,heuristic_frame_aware,1301,P,0,13,3675,43366.667,43450.0,HEURISTIC_TCP_BATCH,tcp,37358290047294,False
37295630048394,echo_mediaelement,heuristic_frame_aware,1302,P,0,13,3492,43400.0,43483.333,HEURISTIC_TCP_BATCH,tcp,37358290056024,False
37295630048394,echo_mediaelement,heuristic_frame_aware,1303,P,0,13,3162,43433.333,43516.666,HEURISTIC_TCP_BATCH,tcp,37358290063944,False
37295630048394,echo_mediaelement,heuristic_frame_aware,1304,P,0,13,4375,43466.667,43550.0,HEURISTIC_TCP_BATCH,tcp,37358290073394,False
37295630048394,echo_mediaelement,heuristic_frame_aware,1305,P,0,13,2261,43500.0,43583.333,HEURISTIC_TCP_BATCH,tcp,37358290083654,False
37295630048394,echo_mediaelement,heuristic_frame_aware,1306,P,0,13,3750,43533.333,43616.666,HEURISTIC_TCP_BATCH,tcp,37358290091574,False
37295630048394,echo_mediaelement,heuristic_frame_aware,1307,P,0,13,1575,43566.667,43650.0,HEURISTIC_TCP_BATCH,tcp,37358290099314,False
37295630048394,echo_mediaelement,heuristic_frame_aware,1308,P,0,13,3207,43600.0,43683.333,HEURISTIC_TCP_BATCH,tcp,37358290107414,False
37295630048394,echo_mediaelement,heuristic_frame_aware,1309,P,0,13,2584,43633.333,43716.666,HEURISTIC_TCP_BATCH,tcp,37358290115064,False
37295630048394,echo_mediaelement,heuristic_frame_aware,1310,P,0,13,4465,43666.667,43750.0,HEURISTIC_TCP_BATCH,tcp,37358290123344,False
37295630048394,echo_mediaelement,heuristic_frame_aware,1311,P,0,13,2825,43700.0,43783.333,HEURISTIC_TCP_BATCH,tcp,37358290132344,False
37295630048394,echo_mediaelement,heuristic_frame_aware,1312,P,0,13,3720,43733.333,43816.666,HEURISTIC_TCP_BATCH,tcp,37358290146654,False
37295630048394,echo_mediaelement,heuristic_frame_aware,1313,P,0,13,3526,43766.667,43850.0,HEURISTIC_TCP_BATCH,tcp,37358290159974,False
37295630048394,echo_mediaelement,heuristic_frame_aware,1314,P,0,13,2124,43800.0,43883.333,HEURISTIC_TCP_BATCH,tcp,37358290169424,False
37295630048394,echo_mediaelement,heuristic_frame_aware,1315,P,0,13,6124,43833.333,43916.666,HEURISTIC_TCP_BATCH,tcp,37359421214544,False
37295630048394,echo_mediaelement,heuristic_frame_aware,1316,P,0,13,4024,43866.667,43950.0,HEURISTIC_TCP_BATCH,tcp,37359421247304,False
37295630048394,echo_mediaelement,heuristic_frame_aware,1317,P,0,13,3038,43900.0,43983.333,HEURISTIC_TCP_BATCH,tcp,37359421270164,False
37295630048394,echo_mediaelement,heuristic_frame_aware,1318,P,0,13,4462,43933.333,44016.666,HEURISTIC_TCP_BATCH,tcp,37359421293384,False
37295630048394,echo_mediaelement,heuristic_frame_aware,1319,P,0,13,1907,43966.667,44050.0,HEURISTIC_TCP_BATCH,tcp,37359421313814,False
37295630048394,echo_mediaelement,heuristic_frame_aware,1320,P,0,13,4317,44000.0,44083.333,HEURISTIC_TCP_BATCH,tcp,37359421333794,False
37295630048394,echo_mediaelement,heuristic_frame_aware,1321,P,0,13,2101,44033.333,44116.666,HEURISTIC_TCP_BATCH,tcp,37359421353684,False
37295630048394,echo_mediaelement,heuristic_frame_aware,1322,P,0,13,3807,44066.667,44150.0,HEURISTIC_TCP_BATCH,tcp,37359421372404,False
37295630048394,echo_mediaelement,heuristic_frame_aware,1323,P,0,13,2221,44100.0,44183.333,HEURISTIC_TCP_BATCH,tcp,37359421391034,False
37295630048394,echo_mediaelement,heuristic_frame_aware,1324,P,0,13,3090,44133.333,44216.666,HEURISTIC_TCP_BATCH,tcp,37359421409034,False
37295630048394,echo_mediaelement,heuristic_frame_aware,1325,P,0,13,4071,44166.667,44250.0,HEURISTIC_TCP_BATCH,tcp,37359421430904,False
37295630048394,echo_mediaelement,heuristic_frame_aware,1326,P,0,13,3071,44200.0,44283.333,HEURISTIC_TCP_BATCH,tcp,37359421449444,False
37295630048394,echo_mediaelement,heuristic_frame_aware,1327,P,0,13,4055,44233.333,44316.666,HEURISTIC_TCP_BATCH,tcp,37359421467264,False
37295630048394,echo_mediaelement,heuristic_frame_aware,1328,P,0,13,2833,44266.667,44350.0,HEURISTIC_TCP_BATCH,tcp,37359421485174,False
37295630048394,echo_mediaelement,heuristic_frame_aware,1329,P,0,13,3318,44300.0,44383.333,HEURISTIC_TCP_BATCH,tcp,37359421502094,False
37295630048394,echo_mediaelement,heuristic_frame_aware,1330,P,0,13,2486,44333.333,44416.666,HEURISTIC_TCP_BATCH,tcp,37359421520454,False
37295630048394,echo_mediaelement,heuristic_frame_aware,1331,P,0,13,4849,44366.667,44450.0,HEURISTIC_TCP_BATCH,tcp,37359421538724,False
37295630048394,echo_mediaelement,heuristic_frame_aware,1332,P,0,13,3226,44400.0,44483.333,HEURISTIC_TCP_BATCH,tcp,37359421556454,False
37295630048394,echo_mediaelement,heuristic_frame_aware,1333,P,0,13,2456,44433.333,44516.666,HEURISTIC_TCP_BATCH,tcp,37359421573644,False
37295630048394,echo_mediaelement,heuristic_frame_aware,1334,P,0,13,4926,44466.667,44550.0,HEURISTIC_TCP_BATCH,tcp,37359421594254,False
37295630048394,echo_mediaelement,heuristic_frame_aware,1335,P,0,13,3263,44500.0,44583.333,HEURISTIC_TCP_BATCH,tcp,37359421610814,False
37295630048394,echo_mediaelement,heuristic_frame_aware,1336,P,0,13,2728,44533.333,44616.666,HEURISTIC_TCP_BATCH,tcp,37359421629084,False
37295630048394,echo_mediaelement,heuristic_frame_aware,1337,P,0,13,5122,44566.667,44650.0,HEURISTIC_TCP_BATCH,tcp,37360679212404,False
